player_name,team_name,status,match_score,top_candidates,tm_matched_team,tm_profile_url_or_id
Alejandro Jiménez,AC Milan,ambiguous,0.28125,Matías Jiménez (Atlético Colina) score=0.28 | Álex Jiménez (AFC Bournemouth) score=0.24 | Álex Jiménez (Atlético Onubense) score=0.20,Atlético Colina,
Luka Modrić,AC Milan,ambiguous,0.276923076923077,Luka Modric (NK Nedeljanec) score=0.28 | Tai Luka Modric (NK Aluminij Kidricevo U19) score=0.11 | Luka Modrić (Without Club) score=0.08,NK Nedeljanec,
Andy,AD Ceuta FC,ambiguous,0.257142857142857,Andy Carroll (Dagenham & Redbridge FC) score=0.26 | Andy Cole (Retired) score=0.16 | Andy Delort (AC Ajaccio) score=0.16,Dagenham & Redbridge FC,
Cristian Rodríguez,AD Ceuta FC,ambiguous,0.3,Cristian Rodríguez (CSD Vendaval) score=0.30 | Cristian Rodríguez (UE Santa Coloma B) score=0.21 | Cristian Rodríguez (Resistencia SC U23) score=0.20,CSD Vendaval,
Diego González,AD Ceuta FC,ambiguous,0.3,Diego González (Ferro Carril FC) score=0.30 | Diego Gonzalez (Portland Hearts of Pine) score=0.27 | Diego González (Deportivo Miranda FC) score=0.23,Ferro Carril FC,
José López,AD Ceuta FC,ambiguous,0.163636363636364,Juan José López (Retired) score=0.16 | José Luis López (Retired) score=0.16 | José Lopez (Retired) score=0.16,Retired,
Juanto,AD Ceuta FC,ambiguous,0.257142857142857,Juanto Ortuño (Real Murcia CF) score=0.26 | Fernando Juanto (Retired) score=0.16,Real Murcia CF,
Marc Domenech,AD Ceuta FC,ambiguous,0.163636363636364,Marc Domènech (Retired) score=0.16 | Marc Domènech (RCD Mallorca) score=0.15 | Marc Domenech (Club Gimnàstic Manresa) score=0.12,Retired,
Marcos Fernández,AD Ceuta FC,ambiguous,0.245454545454545,Marcos Isla (SD Almazán) score=0.25 | Marcos Fernández (AMSD Atlético de Rafaela) score=0.22 | Marcos Fernández (RCD Espanyol Barcelona) score=0.20,SD Almazán,
Samuel Obeng,AD Ceuta FC,ambiguous,0.2,Samuel Obeng (Albacete Balompié) score=0.20 | Samuel Obeng (Without Club) score=0.15,Albacete Balompié,
Sergio González,AD Ceuta FC,ambiguous,0.3,Sergi González (Racing Madrid City FC) score=0.30 | Sergio González (Al-Riyadh SC) score=0.30 | Sergio González (CD Monte Santander) score=0.25,Racing Madrid City FC,
Hamed Traorè,AFC Bournemouth,ambiguous,0.24,Mohamed Traoré (AS Panazol B) score=0.24 | Mohamed Traoré (AS Savigneux-Montbrison) score=0.23 | Mohamed Traore (TJ Vilemovice) score=0.18,AS Panazol B,
Caio Henrique,AS Monaco,ambiguous,0.234782608695652,Caio Henrique (Grêmio Osasco Audax (SP)) score=0.23 | Caio Silva (Volta Redonda FC U20) score=0.23 | Caio Henrique (EC Estrela de Março U20) score=0.20,Grêmio Osasco Audax (SP),
Kassoum Ouattara,AS Monaco,ambiguous,0.15,Kassoum Ouattara (Without Club) score=0.15 | Kassoum Ouattara (Besiktas JK) score=0.08,Without Club,
Alessandro Romano,AS Roma,ambiguous,0.225,Alessandro Romano (FC Nola 1925) score=0.23 | Alessandro Romano (Cagliari Calcio) score=0.18 | Alessandro Romano (Retired) score=0.00,FC Nola 1925,
Antonio Arena,AS Roma,ambiguous,0.333333333333333,Antonio Arena (Roma U20) score=0.33 | Antonio Arenas (Retired) score=0.00 | Antonio Arena (---) score=0.00,Roma U20,
Evan Ferguson,AS Roma,ambiguous,0.135,Evan Ferguson (Brighton & Hove Albion) score=0.14 | Evan Ferguson (Ayr United FC U18) score=0.11,Brighton & Hove Albion,
Leon Bailey,AS Roma,ambiguous,0.327272727272727,Leon Bailey (Aston Villa) score=0.33 | Leon Bailey Pentzien (FSV Kühlungsborn U19) score=0.13,Aston Villa,
Lorenzo Pellegrini,AS Roma,ambiguous,0.160714285714286,Lorenzo Pellegrini (Forza e Coraggio Alessandria) score=0.16 | Lorenzo Pellegrini (Seravezza Pozzi Giovanili) score=0.14 | Lorenzo Pellegrini (Unknown) score=0.13,Forza e Coraggio Alessandria,
Zeki Celik,AS Roma,ambiguous,0.133333333333333,Zeki Çelik (Mazidagi Fosfat Spor Jugend) score=0.13 | Zeki Çelik (Without Club) score=0.08,Mazidagi Fosfat Spor Jugend,
Bruno Lourenço,AVS,ambiguous,0.05625,Bruno Paz (SC Otelul Galati) score=0.06 | Bruno Lourenço (NK Olimpija Ljubljana) score=0.04 | Bruno Lourenço (Retired) score=0.00,SC Otelul Galati,
João Gonçalves,AVS,ambiguous,0.09,Vasconcelos (SC Braga B) score=0.09 | João Palhinha (Bayern Munich) score=0.07 | João Gonçalves (SL Benfica U23) score=0.06,SC Braga B,
Paulo Vitor,AVS,ambiguous,0.225,Paulo Vitor (Avaí FC) score=0.23 | Paulo Vitor (GE Glória (RS)) score=0.14 | Paulo Vitor (AA Flamengo) score=0.08,Avaí FC,
Pedro Lima,AVS,ambiguous,0.18,Pedro Lima (CA Juventus U20) score=0.18 | Pedro Lima (Porto SC) score=0.11 | Pedro Lima (Wolverhampton Wanderers) score=0.08,CA Juventus U20,
Rafael Barbosa,AVS,ambiguous,0.0857142857142857,Rafael Barbosa (FC Corinthian-Casuals) score=0.09 | Rafael Barbosa (Leixões SC) score=0.08 | Rafinha (Maringá FC) score=0.08,FC Corinthian-Casuals,
Roni,AVS,ambiguous,0.2,Rony (Santos FC) score=0.20 | Luan Peres (Santos FC) score=0.20 | Gerónimo Rulli (Olympique Marseille) score=0.09,Santos FC,
Dennis Geiger,Aberdeen,ambiguous,0.225,Dennis Geiger (Retired) score=0.23 | Dennis Geiger (TSG 1899 Hoffenheim) score=0.09 | Lucas Geiger (SV Waldhof Mannheim U17) score=0.08,Retired,
Jesper Karlsson,Aberdeen,ambiguous,0.225,Jesper Karlsson (Retired) score=0.23 | Jesper Karlsson (Näsvikens IK) score=0.14 | Jesper Karlsson (Bologna FC 1909) score=0.06,Retired,
Liam Morrison,Aberdeen,ambiguous,0.225,William Morrison (Retired) score=0.23 | George Morrison (Fleetwood Town) score=0.19 | Liam Morrison (Queens Park Rangers) score=0.14,Retired,
Thomas Mcintyre,Aberdeen,ambiguous,0.225,Tommy McIntyre (Retired) score=0.23 | Tom McIntyre (Without Club) score=0.00,Retired,
James McConnell,Ajax,ambiguous,0,James McConnell (Liverpool FC U21) score=0.00 | James McConnell (---) score=0.00,Liverpool FC U21,
Kenneth Taylor,Ajax,ambiguous,0.1125,Kenneth Taylor (SS Lazio) score=0.11 | Ian Taylor (Retired) score=0.00 | Ken Foggo (Retired) score=0.00,SS Lazio,
Alejandro Roldán,Albacete,ambiguous,0.163636363636364,Santiago Roldán (Club Villa Dálmine II) score=0.16 | Javier Roldan (Atletico Avila F.C) score=0.15 | Iván Roldán (Without Club) score=0.08,Club Villa Dálmine II,
Antonio Pacheco,Albacete,ambiguous,0.4,Antonio Pacheco (Albacete Balompié) score=0.40 | Antonio Pacheco (AD Isidro Metapán Reserve) score=0.14 | Antonio Pacheco (Retired) score=0.11,Albacete Balompié,
Capi,Albacete,ambiguous,0.189473684210526,Juninho Capixaba (Red Bull Bragantino) score=0.19 | Piero Hincapié (Arsenal FC) score=0.18 | Capita (Sporting Kansas City) score=0.18,Red Bull Bragantino,
Carlos Neva,Albacete,ambiguous,0.4,Carlos Neva (Albacete Balompié) score=0.40 | Carlos Nevarez (UIC Flames (University of Illinois at Chicago)) score=0.08,Albacete Balompié,
Jon García,Albacete,ambiguous,0.225,Jon García (Cultural Leonesa) score=0.23 | Jon García (CF Intercity) score=0.15 | Jon García (Retired) score=0.11,Cultural Leonesa,
Martín Fernández,Albacete,ambiguous,0.3375,Martín Fernández (Club Portugalete) score=0.34 | Martín Fernández (Gil Vicente FC) score=0.32 | Dani Martín (CD Tenerife) score=0.16,Club Portugalete,
Pepe Sánchez,Albacete,ambiguous,0.4,Pepe Sánchez (Albacete Balompié) score=0.40 | José María Sánchez Lage (---) score=0.00,Albacete Balompié,
Samuel Obeng,Albacete,ambiguous,0.4,Samuel Obeng (Albacete Balompié) score=0.40 | Samuel Obeng (Without Club) score=0.08,Albacete Balompié,
San Bartolomé,Albacete,ambiguous,0.4,Víctor San Bartolomé (Albacete Balompié) score=0.40 | San Bartolomé (---) score=0.00,Albacete Balompié,
Vallejo,Albacete,ambiguous,0.4,Jesús Vallejo (Albacete Balompié) score=0.40 | Nicolás Vallejo (CF Pachuca) score=0.18 | Hugo Vallejo (Piast Gliwice) score=0.14,Albacete Balompié,
Elías Torres,Aldosivi,ambiguous,0.0818181818181818,Elías Torres (Racing Club) score=0.08 | Elias (Retired) score=0.00,Racing Club,
Franco Rami,Aldosivi,ambiguous,0,Franco Rami (CD Ñublense) score=0.00 | Franco Raminelli (Retired) score=0.00,CD Ñublense,
Gabriel Paredes,Aldosivi,ambiguous,0.121621621621622,Enzo Paredes (Club Atlético Sporting de Punta Alta) score=0.12 | Alan Paredes (Club 12 de Octubre de Itauguá) score=0.12 | Carlos Paredes (Without Club) score=0.08,Club Atlético Sporting de Punta Alta,
Carlos Gómez,Alianza Lima,ambiguous,0.36,Carlos Gómez (CD Santa Amalia) score=0.36 | Andrés Gómez (Clube de Regatas Vasco da Gama) score=0.18 | Carlos Gómez (FC Cajamarca) score=0.15,CD Santa Amalia,
Carlos Zambrano,Alianza Lima,ambiguous,0.18,Carlos Zambrano (La Concordia SC) score=0.18 | Carlos Zambrano (New England Revolution II) score=0.18 | Carlos Zambrano (CA Peñarol B) score=0.14,La Concordia SC,
Gonzalo Aguirre,Alianza Lima,ambiguous,0.211764705882353,Julio Aguirre (Atlético Juniors) score=0.21 | Gonzalo Aguirre (Club Cienciano) score=0.13,Atlético Juniors,
Guillermo Enrique,Alianza Lima,ambiguous,0.211764705882353,Guillermo Gómez (CD Real Cartagena) score=0.21 | Guillermo Orellana (Provincial Ovalle) score=0.16 | Guillermo Enrique (CA Aldosivi) score=0.15,CD Real Cartagena,
Juan Delgado,Alianza Lima,ambiguous,0.225,Juan Delgado (Olancho FC) score=0.23 | Juan Delgado (Villafranco CF) score=0.19 | Juan Delgado (Deportes Santa Cruz) score=0.19,Olancho FC,
NA,Alianza Valledupar,ambiguous,0.25,Sang-ho Na (Fagiano Okayama) score=0.25 | Ramdinpuia NA (Reliance Foundation Young Champs U17) score=0.20 | Seong-jin Na (Gimhae Jaemics) score=0.20,Fagiano Okayama,
Arnau Martínez,Almería,ambiguous,0.1,Arnau Martínez (Girona FC) score=0.10 | Arnau Martinez (Unknown) score=0.00,Girona FC,
Gui,Almería,ambiguous,0.321428571428571,Sergio Reguilón (Inter Miami CF) score=0.32 | Harry Maguire (Manchester United) score=0.26 | Bruno Guimarães (Newcastle United) score=0.17,Inter Miami CF,
Lázaro,Almería,ambiguous,0.25,Jesús Vallejo (Albacete Balompié) score=0.25 | Lázaro (Al-Najma SC) score=0.25 | Manu Fuster (UD Las Palmas) score=0.14,Albacete Balompié,
M. Perović,Almería,ambiguous,0.163636363636364,Nenad Perovic (FK Dunav Stari Banovci) score=0.16 | Mihailo Perovic (Persebaya Surabaya) score=0.15 | Marko Perovic (Retired) score=0.11,FK Dunav Stari Banovci,
André Gomes,Alverca,ambiguous,0.3,André Gomes (SL Benfica B) score=0.30 | André Gomes (Columbus Crew) score=0.14 | André Almeida (Retired) score=0.13,SL Benfica B,
Fabrício Garcia,Alverca,ambiguous,0.16875,Fabrício Garcia (GD Estoril Praia) score=0.17 | Serafín García (Retired) score=0.13 | Fabricio García (Without Club) score=0.08,GD Estoril Praia,
Gonçalo Esteves,Alverca,ambiguous,0.158823529411765,Goncalo Esteves (FC Haute-Gruyère) score=0.16 | Gonçalo Esteves (US Catanzaro) score=0.08,FC Haute-Gruyère,
Lincoln,Alverca,ambiguous,0.18,Lincoln McFayden (Macclesfield FC) score=0.18 | Lincoln (FK Spartak Subotica) score=0.14 | Micah Richards (Retired) score=0.13,Macclesfield FC,
Sandro Lima,Alverca,ambiguous,0.163636363636364,Wesley Ceifador (CEFAT Tirol) score=0.16 | Sandro Lima (FC Ararat-Armenia) score=0.16 | Cacá (Retired) score=0.13,CEFAT Tirol,
Tiago Leite,Alverca,ambiguous,0.15,Tiago Leite (FC Felgueiras 1932) score=0.15 | Tiago Leite (Retired) score=0.13 | Tiago Amaral (Retired) score=0.13,FC Felgueiras 1932,
Tomás Mendes,Alverca,ambiguous,0.144,Tomás Cruz (Esperança Atlético Clube) score=0.14 | David Rebelo (Leça FC) score=0.13 | Tomás Mendes (Deportivo Alavés) score=0.11,Esperança Atlético Clube,
Diego Valdés,América,ambiguous,0.236842105263158,Diego Valdés (CA Vélez Sarsfield) score=0.24 | Diego Valdés (Retired) score=0.11 | Diego Valdés (Without Club) score=0.08,CA Vélez Sarsfield,
Lima,América,ambiguous,0.1125,Ronaldo (Retired) score=0.11 | Pepe (Retired) score=0.11 | Ganso (Fluminense Football Club) score=0.11,Retired,
Richard Sánchez,América,ambiguous,0.225,Richard Sánchez (Club Olimpia) score=0.23 | Richard Sánchez (LDU de Portoviejo) score=0.21 | Richard Sánchez (San Antonio FC) score=0.19,Club Olimpia,
Rodrigo Aguirre,América,ambiguous,0.173076923076923,Rodrigo Aguirre (Comunicaciones FC Especial) score=0.17 | Rodrigo Aguirre (Tigres UANL) score=0.16,Comunicaciones FC Especial,
Jorge Soto,América de Cali,ambiguous,0.225,Andy Soto (CD Malacateco) score=0.23 | Jorge Soto (Retired) score=0.17 | Mario Soto (Retired) score=0.17,CD Malacateco,
NA,América de Cali,ambiguous,0.175,Ramdinpuia NA (Reliance Foundation Young Champs U17) score=0.17 | Tae-min Na (Retired) score=0.17 | Young-hoon Na (Without Club) score=0.17,Reliance Foundation Young Champs U17,
Bahadır Öztürk,Antalyaspor,ambiguous,0.163636363636364,Mustafa Bahadır Öztürk (Galata SK) score=0.16 | Bahadır Öztürk (Without Club) score=0.08,Galata SK,
Cristian Hernández,Antigua GFC ,ambiguous,0.245454545454545,Cristian Hernández (Valle FC) score=0.25 | Cristian Hernández (Retired) score=0.16 | Cristhian Hernández (Retired) score=0.16,Valle FC,
José Marroquín,Antigua GFC ,ambiguous,0.163636363636364,Orlando Marroquín (Retired) score=0.16 | José Marroquín (Unknown) score=0.08,Retired,
José Ruiz,Antigua GFC ,ambiguous,0.225,José Ruiz (Without Club) score=0.23 | Armando Ruiz (Without Club) score=0.23 | Juanjo Ruiz Igartua (Retired) score=0.16,Without Club,
Kevin Gonzalez,Antigua GFC ,ambiguous,0.276923076923077,Kevin González (Real Pilar FC) score=0.28 | Kevin González (Trujillanos FC) score=0.26 | Kevin González (Yaracuyanos FC) score=0.26,Real Pilar FC,
Luis Varela,Antigua GFC ,ambiguous,0.211764705882353,José Varela (Racing Villalbés) score=0.21 | Luís Varela (Redondense FC) score=0.21 | Luis Varela (Retired) score=0.16,Racing Villalbés,
Ángel Díaz,Antigua GFC ,ambiguous,0.327272727272727,Ángel Díaz (Tauro FC) score=0.33 | Jefferson Angel (Nacional FC U20) score=0.24 | Luis Díaz (Guayama FC U20) score=0.19,Tauro FC,
David Jesus,Antwerp,ambiguous,0.2,David Fradinho (FC Montreux-Sports) score=0.20 | David Jesus Pinheiro (Haute-Sarine FC) score=0.18 | David Jesus (Without Club) score=0.08,FC Montreux-Sports,
Mahamadou Diawara,Antwerp,ambiguous,0.128571428571429,Mahamadou Diawara (Retired) score=0.13 | Mahamadou Diawara (SU 1º Dezembro) score=0.13 | Mahamadou Diawara (Olympique Lyon) score=0.06,Retired,
Mahamadou Doumbia,Antwerp,ambiguous,0.128571428571429,Mahamadou Doumbia (Retired) score=0.13 | Mahamadou Doumbia (Al-Ittihad Club) score=0.12 | Mahamadou Doumbia (Without Club) score=0.08,Retired,
José María Herrera,Argentinos Juniors,ambiguous,0.2,José María Herrera Revuelta (Retired) score=0.20 | José Herrera (Red Bull Bragantino) score=0.09,Retired,
Nicolás Cordero,Argentinos Juniors,ambiguous,0.2,Nicolás Cordero (Retired) score=0.20 | Nicolás Cordero (CA Aldosivi) score=0.15 | Federico Cordero (Aurora FC U20) score=0.15,Retired,
Gabriel,Arsenal,ambiguous,1,Gabriel Martinelli (Arsenal FC) score=1.00 | Gabriel Jesus (Arsenal FC) score=1.00 | Gabriel (Arsenal FC) score=1.00,Arsenal FC,
Douglas Luiz,Aston Villa,ambiguous,0.158823529411765,Douglão (Bandeirante EC (SP)) score=0.16 | Douglas Luiz (Juventus FC) score=0.08,Bandeirante EC (SP),
Edwin Mosquera,Atlanta United,ambiguous,0.163636363636364,Edwin Mosquera (Independiente Santa Fe) score=0.16 | Edwin Mosquera (CDS Vida) score=0.13,Independiente Santa Fe,
Leonardo Afonso,Atlanta United,ambiguous,0.128571428571429,Leonardo Afonso (Without Club) score=0.13 | Leonardo Afonso Camara Camacho (SV Lyss II) score=0.13 | Leo Afonso (Rhode Island FC) score=0.06,Without Club,
Luis Abram,Atlanta United,ambiguous,0.257142857142857,Luis Abramovich (Retired) score=0.26 | Luis Abram (Club Sporting Cristal) score=0.17,Retired,
Mateusz Klich,Atlanta United,ambiguous,0.128571428571429,Mateusz Klich (Cracovia) score=0.13 | Mateusz Klichowicz (Rekord Bielsko-Biala) score=0.05,Cracovia,
César Ramos,Atlas,ambiguous,0.163636363636364,Gerson Lopes (FC Madalena) score=0.16 | César Ramos (Without Club) score=0.15 | Paulo Ramos Vogt (Retired) score=0.13,FC Madalena,
Dória,Atlas,ambiguous,0.211764705882353,Matheus Dória (Batman Petrolspor) score=0.21 | Dorian Dessoleil (Francs Borains) score=0.19 | Dorian Bylykbashi (Retired) score=0.13,Batman Petrolspor,
Eduardo Aguirre,Atlas,ambiguous,0.276923076923077,Eduardo Aguirre (Santos Laguna) score=0.28 | Eduardo Aguirrebeña (Without Club) score=0.15 | Eduardo Aguirre (Without Club) score=0.15,Santos Laguna,
Jesus Zambrano,Atlas,ambiguous,0.225,Josmar Zambrano (Real Frontera SC) score=0.23 | Albert Zambrano (Without Club) score=0.15 | Jesús Zambrano (Without Club) score=0.15,Real Frontera SC,
L.Pérez,Atlas,ambiguous,0.15,Rubén Pérez (Without Club) score=0.15 | Lucas Pérez (Without Club) score=0.15 | Ayoze Pérez (Villarreal CF) score=0.14,Without Club,
Rober,Atlas,ambiguous,0.27,Roberto Firmino (Al-Sadd SC) score=0.27 | Andrew Robertson (Tottenham Hotspur) score=0.16 | Robert Lewandowski (Without Club) score=0.15,Al-Sadd SC,
Andrés Ibargüen,Atlético Bucaramanga,ambiguous,0.128571428571429,Andrés Ibargüen (Without Club) score=0.13 | Duvan Ibargüen (Mineros SC) score=0.13 | Yair Ibargüen (Unknown) score=0.09,Without Club,
Andrés Ponce,Atlético Bucaramanga,ambiguous,0.214285714285714,Jaime Ponce (UDA Gramenet) score=0.21 | Andrés Ponce (Unión Bellavista) score=0.21 | Andrés Ponce (Academia Puerto Cabello) score=0.20,UDA Gramenet,
Carlos Henao,Atlético Bucaramanga,ambiguous,0.171428571428571,Juan Carlos Henao (Retired) score=0.17 | Carlos Henao (Jaguares de Córdoba) score=0.13,Retired,
Cristián Zapata,Atlético Bucaramanga,ambiguous,0.171428571428571,Cristian Zapata (Retired) score=0.17 | Cristian Zapata (Without Club) score=0.13,Retired,
Jhon Vásquez,Atlético Bucaramanga,ambiguous,0.128571428571429,Jhon Vásquez (Llaneros FC) score=0.13 | Jhon Vázquez (Without Club) score=0.13,Llaneros FC,
Luis Vásquez,Atlético Bucaramanga,ambiguous,0.171428571428571,Luis Vásquez (Retired) score=0.17 | Luis Vásquez (Retired) score=0.17 | José Luis Vásquez (Retired) score=0.17,Retired,
NA,Atlético Bucaramanga,ambiguous,0.257142857142857,Sang-ho Na (Fagiano Okayama) score=0.26 | Dong-wook Na (Seoul Jungnang) score=0.26 | Ramdinpuia NA (Reliance Foundation Young Champs U17) score=0.20,Fagiano Okayama,
Santiago Jiménez,Atlético Bucaramanga,ambiguous,0.2,Santiago Jiménez (Asociación Deportivo Pasto) score=0.20 | Santiago Jiménez (Retired) score=0.17 | Santiago Jiménez (Real Santander) score=0.17,Asociación Deportivo Pasto,
Nicolás González,Atlético Madrid,ambiguous,0.28125,Mariano González (Retired) score=0.28 | Esteban González (Retired) score=0.28 | Nicolás González (Cedar Stars Academy) score=0.24,Retired,
Bernard,Atlético Mineiro,ambiguous,0.211764705882353,Bernardo Silva (Real Madrid) score=0.21 | Theo Hernández (Al-Hilal SFC) score=0.21 | Ricardo Quaresma (Retired) score=0.21,Real Madrid,
Cadu,Atlético Mineiro,ambiguous,0.211764705882353,Cadu (Retired) score=0.21 | Cadú (Retired) score=0.21 | Laurent Cadu (Retired) score=0.21,Retired,
Gabriel Teixeira,Atlético Mineiro,ambiguous,0.248275862068966,Gabriel Maia (Garden City Community College) score=0.25 | Gabriel Machado (Retired) score=0.21 | Gabriel Silva (Retired) score=0.21,Garden City Community College,
Hulk,Atlético Mineiro,ambiguous,0.211764705882353,Igor Khudobyak (Retired) score=0.21 | Taras Shulkovsky (Bnei Yehud) score=0.21 | Ilir Shulku (Retired) score=0.21,Retired,
Isaac,Atlético Mineiro,ambiguous,0.36,Isaac (Club Athletico Paranaense) score=0.36 | Jeffrén (Retired) score=0.21 | Isaac Price (West Bromwich Albion) score=0.18,Club Athletico Paranaense,
Iseppe,Atlético Mineiro,ambiguous,0.214285714285714,Giuseppe Porcello (Juventus Obernkirchen) score=0.21 | Giuseppe Reina (Retired) score=0.21 | Giuseppe Celico (Retired) score=0.21,Juventus Obernkirchen,
João Freitas,Atlético Mineiro,ambiguous,0.253125,João Freitas (Clube Náutico Marcílio Dias (SC)) score=0.25 | João Diogo (Retired) score=0.21 | João Freitas (Al-Rams SC) score=0.21,Clube Náutico Marcílio Dias (SC),
Junior Santos,Atlético Mineiro,ambiguous,0.217241379310345,Júnior Santos (Botafogo de Futebol e Regatas) score=0.22 | Júnior Santos (Retired) score=0.21 | Martins (Retired) score=0.21,Botafogo de Futebol e Regatas,
Rubens,Atlético Mineiro,ambiguous,0.211764705882353,Wilmar Cabrera (Retired) score=0.21 | Rubens Júnior (Retired) score=0.21 | Rubens Cardoso (Retired) score=0.21,Retired,
Rômulo,Atlético Mineiro,ambiguous,0.3,Rômulo (Grêmio Novorizontino) score=0.30 | Rômulo (Retired) score=0.21 | Rómulo Otero (Criciúma EC) score=0.21,Grêmio Novorizontino,
David Ospina,Atlético Nacional,ambiguous,0.15,David Ospina (Without Club) score=0.15 | Andres Ospina (Barranquilla FC U20) score=0.09,Without Club,
Juan Duque,Atlético Nacional,ambiguous,0.1,Juan Duque (Unknown) score=0.10 | Juan Duque (Vointa Limpezis) score=0.10,Unknown,
NA,Atlético Nacional,ambiguous,0.2,Ramdinpuia NA (Reliance Foundation Young Champs U17) score=0.20 | Sang-ho Na (Fagiano Okayama) score=0.15 | Jun-yeong Na (Siheung City FC) score=0.15,Reliance Foundation Young Champs U17,
J.Lourenço,Atlético San Luis,ambiguous,0.25,Éderson (Atalanta BC) score=0.25 | Osvaldo (Esporte Clube Vitória) score=0.20 | Clinton Mata (Olympique Lyon) score=0.20,Atalanta BC,
José González,Atlético San Luis,ambiguous,0.2,Lorenzo Gonzalez (Without Club) score=0.20 | Míchel (Retired) score=0.15 | Carmelo (Retired) score=0.15,Without Club,
Bruno Pereira,Atlético Tembetary ,ambiguous,0.2625,Bruno Mendes (Club Deportivo Maldonado) score=0.26 | Bruno Pirri (Retired) score=0.19 | Miguel Bruno (Retired) score=0.19,Club Deportivo Maldonado,
Darío Lezcano,Atlético Tembetary ,ambiguous,0.189473684210526,Rubén Lezcano (Club Olimpia) score=0.19 | Darío Lezcano (Retired) score=0.19,Club Olimpia,
Jose Toledo,Atlético Tembetary ,ambiguous,0.189473684210526,David Toledo (Retired) score=0.19 | José Toledo (Retired) score=0.19 | José Toledo (Retired) score=0.19,Retired,
Marcelo Benítez,Atlético Tembetary ,ambiguous,0.279310344827586,Marcelo Benítez (CA Juventud Unida de Libertad) score=0.28 | Marcelo Benítez (CA Güemes) score=0.24 | Marcelo Benítez (Deportivo Capiatá) score=0.24,CA Juventud Unida de Libertad,
Román Gamarra,Atlético Tembetary ,ambiguous,0.189473684210526,Román Gamarra (CA San Telmo) score=0.19 | Angel Roman (Tacuary Football Club U20) score=0.14,CA San Telmo,
Luis Miguel Rodríguez,Atlético Tucumán,ambiguous,0.342857142857143,Luis Miguel Rodríguez (Club Atletico Nunorco) score=0.34 | Luis Rodríguez (Jarabacoa FC II) score=0.20 | Luis Miguel Rodríguez (Unknown) score=0.10,Club Atletico Nunorco,
Angelo Mina,Aucas,ambiguous,0.1,Angelo Minardi (SV Tunsel) score=0.10 | Angelo Mina (CS Emelec) score=0.00,SV Tunsel,
Bruno Miranda,Aucas,ambiguous,0.15,Bruno Miranda (Without Club) score=0.15 | Bruno Miranda (Without Club) score=0.15 | Alex Bruno (CR Vasco da Gama U20) score=0.14,Without Club,
Carlos Rolón,Aucas,ambiguous,0.128571428571429,Juan Carlos Rolón (CD UAI Urquiza) score=0.13 | Carlos Rolón (Independiente FBC) score=0.00,CD UAI Urquiza,
Luis Cano,Aucas,ambiguous,0.2,Luis Cano (ADA Jaén) score=0.20 | Luis Cano (Barcelona SC Guayaquil) score=0.16 | Luis Cano (Without Club) score=0.15,ADA Jaén,
Eduardo Vargas,Audax Italiano,ambiguous,0.158823529411765,Josue Vargas (Carlos A. Mannucci) score=0.16 | Eduardo Vargas (Club Universidad de Chile) score=0.14 | Vargas (Retired) score=0.13,Carlos A. Mannucci,
Leonardo Valencia,Audax Italiano,ambiguous,0.1125,Wagner Valencia (Bonita Banana SC) score=0.11 | Leonardo Valencia (Deportes Concepción) score=0.09,Bonita Banana SC,
Diego Rubio,Austin FC,ambiguous,0.1,Diego Rubio (Deportes La Serena) score=0.10 | Diego Rubio (Without Club) score=0.08,Deportes La Serena,
Robert Taylor,Austin FC,ambiguous,0.4,Robert (Santos FC) score=0.40 | Ollie Taylor (Mansfield Town U21) score=0.25 | Bob Taylor (Retired) score=0.20,Santos FC,
Gideon Mensah,Auxerre,ambiguous,0.138461538461538,Gideon Mensah (Ljungskile SK) score=0.14 | Gideon Mensah (Without Club) score=0.08 | Gideon Mensah (Without Club) score=0.08,Ljungskile SK,
Ibrahim Osman,Auxerre,ambiguous,0.045,Ibrahim Osman (Brighton & Hove Albion) score=0.05 | Ibrahim Osman (Dreams FC) score=0.00,Brighton & Hove Albion,
David Duarte,Bahia,ambiguous,0.333333333333333,David Duarte (Esporte Clube Bahia) score=0.33 | Jesús Duarte (Deportivo Táchira) score=0.20 | Alexis Duarte (Santos FC) score=0.10,Esporte Clube Bahia,
Erick,Bahia,ambiguous,0.333333333333333,Erick Pulga (Esporte Clube Bahia) score=0.33 | Joane Gadou (Borussia Dortmund) score=0.16 | Roderick Miller (Turan-Tovuz IK) score=0.13,Esporte Clube Bahia,
Erick Pulga,Bahia,ambiguous,0.333333333333333,Erick Pulga (Esporte Clube Bahia) score=0.33 | Erick Pulgar (CR Flamengo) score=0.08,Esporte Clube Bahia,
Gabriel,Bahia,ambiguous,0.163636363636364,Gabriel Sara (Galatasaray) score=0.16 | Gabriel Milito (Retired) score=0.13 | Gabriel Paulista (Sport Club Corinthians Paulista) score=0.12,Galatasaray,
Gilberto,Bahia,ambiguous,0.225,Gilberto Mora (Club Tijuana) score=0.23 | Gilberto (Club Athletico Paranaense) score=0.18 | Gilberto Silva (Retired) score=0.13,Club Tijuana,
Iago,Bahia,ambiguous,0.225,Santiago Gimenez (AC Milan) score=0.23 | Iago Aspas (Celta de Vigo) score=0.14 | Thiago Alcántara (Retired) score=0.13,AC Milan,
Jean Lucas,Bahia,ambiguous,0.333333333333333,Jean Lucas (Esporte Clube Bahia) score=0.33 | Jean Lucas (Avaí FC) score=0.23 | Jean Lucas Lauback (US Sandweiler) score=0.14,Esporte Clube Bahia,
Kanu,Bahia,ambiguous,0.333333333333333,Kanu (Esporte Clube Bahia) score=0.33 | Maksim Kanunnikov (Medialiga (RU)) score=0.23 | Nwankwo Kanu (Retired) score=0.13,Esporte Clube Bahia,
Kauê da Silva,Bahia,ambiguous,0.15,Kauê (APAFUT) score=0.15 | Kauê Silva (PNG Hekari FC) score=0.14 | Kauê (Retired) score=0.13,APAFUT,
Kayky,Bahia,ambiguous,0.225,Kayky (Barra FC U20) score=0.23 | Kayky (Sport Club Internacional) score=0.15 | Kayky (Retired) score=0.13,Barra FC U20,
Luciano,Bahia,ambiguous,0.333333333333333,Luciano Juba (Esporte Clube Bahia) score=0.33 | Giovanni Trapattoni (Retired) score=0.13 | Luciano Bodini (Retired) score=0.13,Esporte Clube Bahia,
Marcos Felipe,Bahia,ambiguous,0.142105263157895,Marcão (Aster Brasil FC U20) score=0.14 | Marquinhos (FC Santa Cruz) score=0.14 | Marcos Felipe (Retired) score=0.13,Aster Brasil FC U20,
Michel Araújo,Bahia,ambiguous,0.333333333333333,Michel Araújo (Esporte Clube Bahia) score=0.33 | Michel (Retired) score=0.13 | Michel (Retired) score=0.13,Esporte Clube Bahia,
Nicolás Acevedo,Bahia,ambiguous,0.333333333333333,Nicolás Acevedo (Esporte Clube Bahia) score=0.33 | Nicolás Acevedo (Club Garcia Agreda) score=0.20 | Thiago Acevedo (Club Deportivo Riestra U20) score=0.10,Esporte Clube Bahia,
Rezende,Bahia,ambiguous,0.163636363636364,Adilson Júnior (EC Taubaté) score=0.16 | Léo Melo (Flamurtari FC) score=0.14 | Nelinho (Retired) score=0.13,EC Taubaté,
Ronaldo,Bahia,ambiguous,0.18,Ronaldinho (Ravenna FC) score=0.18 | Ronaldo Martínez (CA Talleres) score=0.16 | Ronaldo (Sport Club Internacional) score=0.15,Ravenna FC,
Santiago Arias,Bahia,ambiguous,0.192857142857143,Santiago Arias (Club Cienciano) score=0.19 | Santiago Arias (CA Independiente) score=0.11 | Santiago Arias (Quilmes Atlético Club U20) score=0.07,Club Cienciano,
Willian José,Bahia,ambiguous,0.333333333333333,Willian José (Esporte Clube Bahia) score=0.33 | Amaral (Retired) score=0.13 | David Modesto (Retired) score=0.13,Esporte Clube Bahia,
Zé Guilherme,Bahia,ambiguous,0.333333333333333,Zé Guilherme (Esporte Clube Bahia) score=0.33 | Zé Guilherme (Capital FC (TO) U20) score=0.16,Esporte Clube Bahia,
Éverton Ribeiro,Bahia,ambiguous,0.333333333333333,Everton Ribeiro (Esporte Clube Bahia) score=0.33 | Weverton (Retired) score=0.13,Esporte Clube Bahia,
Alexis Maldonado,Banfield,ambiguous,0.225,Alexis Maldonado (Retired) score=0.23 | Alexis Maldonado (Club Atlético Belgrano) score=0.20,Retired,
Joaquín Pombo,Banfield,ambiguous,0.0818181818181818,Joaquín Pombo (CA Aldosivi) score=0.08 | Joaquín Pombo (Deutscher FK) score=0.08,CA Aldosivi,
Martín Rio,Banfield,ambiguous,0.225,Martín Ríos (Retired) score=0.23 | Martín Ríos (Retired) score=0.23 | Alan Ríos (Retired) score=0.23,Retired,
Carlos Montaño,Barcelona,ambiguous,0.192857142857143,Juan Carlos Montaño (UC La Estrella) score=0.19 | Carlos Montaño (Retired) score=0.10 | Carlos Montaño (Without Club) score=0.00,UC La Estrella,
Jesús Trindade,Barcelona,ambiguous,0.245454545454545,Jesús Trindade (CA Peñarol) score=0.25 | Manoelzinho (Retired) score=0.10,CA Peñarol,
Leonai,Barcelona,ambiguous,0.144,Leonai (Clube Náutico Capibaribe) score=0.14 | Timote Fakasiieiki (Veitongo FC) score=0.08,Clube Náutico Capibaribe,
Miguel Parrales,Barcelona,ambiguous,0.15,Andrés Parrales (CD Unión Manabita) score=0.15 | Miguel Parrales (Orense SC) score=0.00,CD Unión Manabita,
Pedro Preciado,Barcelona,ambiguous,0.333333333333333,Pedro Preciado (Barcelona SC Guayaquil U20) score=0.33 | Pedro Preciado (Unknown) score=0.10,Barcelona SC Guayaquil U20,
Robert Lewandowski,Barcelona,ambiguous,0.1,Robert Lewandowski (Retired) score=0.10 | Robert Lewandowski (Without Club) score=0.00,Retired,
Y.Tenorio,Barcelona,ambiguous,0.2,Pervis Estupiñán (AC Milan) score=0.20 | Juan Govea (Aviced FC) score=0.20 | Willian Pacho (Paris Saint-Germain) score=0.19,AC Milan,
Daouda Traoré,Bari,ambiguous,0.18,Daouda Traoré (NK Slatina) score=0.18 | Daouda Traoré (Académie Football Barô Diallo) score=0.12 | Daouda Traoré (Southampton FC U21) score=0.05,NK Slatina,
Dimitrios Nikolaou,Bari,ambiguous,0.18,Dimitrios Nikolaou (Palermo FC) score=0.18 | Dimitrios Nikolaou (Unknown) score=0.00,Palermo FC,
Tomás Esteves,Bari,ambiguous,0.15,Tomás Esteves (Pisa Sporting Club) score=0.15 | Tomás Esteves (FC Carvoeiro United) score=0.14 | Tomás Gomes (Retired) score=0.13,Pisa Sporting Club,
Ignacio Tapia,Barracas Central,ambiguous,0.189473684210526,Ignacio Tapia (Club Atlético Grau) score=0.19 | Bastián Tapia (Deportes Antofagasta) score=0.18 | José Tapia (Deportes La Serena) score=0.15,Club Atlético Grau,
Javier Ruiz,Barracas Central,ambiguous,0.16875,Javier Ruiz (Club Necaxa) score=0.17 | Javier Ruiz (Retired) score=0.17 | Javi Hierro (Retired) score=0.17,Club Necaxa,
Dominik Schmid,Basel,ambiguous,0.192857142857143,Dominik Schmider (SG Rheinhausen) score=0.19 | Dominik Schmidt (VfB Trebbin) score=0.16 | Dominik Schmid (Red Bull Salzburg) score=0.16,SG Rheinhausen,
Arthur,Bayer Leverkusen,ambiguous,0.225,Arthur Avom (FC Lorient) score=0.23 | Zico (Retired) score=0.23 | Arthur Cabral (Botafogo de Futebol e Regatas) score=0.19,FC Lorient,
Raphaël Guerreiro,Bayern Munich,ambiguous,0.0692307692307692,Raphaël Guerreiro (Retired) score=0.07 | Raphaël Guerreiro (Without Club) score=0.00,Retired,
W.Mike,Bayern Munich,ambiguous,0.276923076923077,Mike Tresor (Burnley FC) score=0.28 | Mikel Merino (Arsenal FC) score=0.21 | Mike Maignan (AC Milan) score=0.21,Burnley FC,
Alexis Maldonado,Belgrano,ambiguous,0.333333333333333,Alexis Maldonado (Club Atlético Belgrano) score=0.33 | Alexis Maldonado (Retired) score=0.23,Club Atlético Belgrano,
Lautaro Gutierrez,Belgrano,ambiguous,0.333333333333333,Lautaro Gutiérrez (Club Atlético Belgrano) score=0.33 | Jerónimo Gutiérrez (Gimnasia y Esgrima de Mendoza II) score=0.17,Club Atlético Belgrano,
Leonardo Morales,Belgrano,ambiguous,0.333333333333333,Leonardo Morales (Club Atlético Belgrano) score=0.33 | Leonardo Morales (Retired) score=0.23 | Leonardo Morales (Retired) score=0.23,Club Atlético Belgrano,
Nicolás Fernández,Belgrano,ambiguous,0.333333333333333,Nicolás Fernández (Club Atlético Belgrano) score=0.33 | Nicolás Fernández (CA Progreso) score=0.25 | Gastón Fernández (Retired) score=0.23,Club Atlético Belgrano,
Florentino Luís,Benfica,ambiguous,0.18,Florentino (Burnley FC) score=0.18 | Florentino Silva (Zürich City SC) score=0.12,Burnley FC,
Ivan Lima,Benfica,ambiguous,0.138461538461538,Ivan Lima (Piast Gliwice) score=0.14 | Josivan (Retired) score=0.13 | Erivan (Murici Futebol Clube (AL)) score=0.12,Piast Gliwice,
Manu,Benfica,ambiguous,0.346153846153846,Manuel Neuer (Bayern Munich) score=0.35 | Manuel Akanji (Inter Milan) score=0.25 | Emmanuel Petit (Retired) score=0.13,Bayern Munich,
Gabriel Paulista,Beşiktaş,ambiguous,0.225,Gabriel Paulista (Retired) score=0.23 | Gabriel Paulista (Sport Club Corinthians Paulista) score=0.15,Retired,
Jota,Beşiktaş,ambiguous,0.225,Jota Peleteiro (Retired) score=0.23 | Dominique Bijotat (Retired) score=0.23 | Jota (Retired) score=0.23,Retired,
Rafa Silva,Beşiktaş,ambiguous,0.192857142857143,Rafa Gomes (AD Sanjoanense) score=0.19 | Rafa Silva (CD Celoricense) score=0.19 | Rafa Silva (SL Benfica) score=0.18,AD Sanjoanense,
Ibrahim Osman,Birmingham City,ambiguous,0.27,Ibrahim Osman (Brighton & Hove Albion) score=0.27 | Ibrahim Osman (Dreams FC) score=0.18,Brighton & Hove Albion,
James Beadle,Birmingham City,ambiguous,0.27,James Beadle (Brighton & Hove Albion) score=0.27 | Peter Beadle (Retired) score=0.06,Brighton & Hove Albion,
Thomas Doyle,Birmingham City,ambiguous,0.156521739130435,Tommy Doyle (Wolverhampton Wanderers) score=0.16 | Thomas Doyle (Retired) score=0.06,Wolverhampton Wanderers,
Makhtar Gueye,Blackburn Rovers,ambiguous,0.0857142857142857,Pape Gueye (Squinzano Calcio 1913) score=0.09 | Makhtar Gueye (Shanghai Shenhua) score=0.06,Squinzano Calcio 1913,
Lucas Blondel,Boca Juniors,ambiguous,0.225,Lucas Blondel (CA Huracán) score=0.23 | Lucas Blondel (US Chauvigny) score=0.15,CA Huracán,
Callum Marshall,Bochum,ambiguous,0.12,Callum Marshall (West Ham United) score=0.12 | Callum Marshall (Unknown) score=0.00,West Ham United,
Ibrahima Sissoko,Bochum,ambiguous,0.105882352941176,Ibrahima Sissoko (FC Ajoie-Monterri) score=0.11 | Ibrahima Sissoko (FC Nantes) score=0.00,FC Ajoie-Monterri,
Kevin Vogt,Bochum,ambiguous,0,Kevin Vogt (Retired) score=0.00 | Kevin Vogt (Unknown) score=0.00 | Kevin Vogt (Retired) score=0.00,Retired,
Brede Moe,Bodø / Glimt,ambiguous,0.09,Brede Moen (Tynset IF) score=0.09 | Brede Moe (Retired) score=0.00,Tynset IF,
Mathias Jörgensen,Bodø / Glimt,ambiguous,0.15,Zanka (Without Club) score=0.15 | Mathias Jørgensen (Without Club) score=0.15 | Mathias Jørgensen (Without Club) score=0.15,Without Club,
Ibrahim Sulemana,Bologna,ambiguous,0.163636363636364,Ibrahim Sulemana (Atalanta BC) score=0.16 | Ibrahim Sulemana (Unknown) score=0.13,Atalanta BC,
João Mário,Bologna,ambiguous,0.163636363636364,João Mário (Besiktas JK) score=0.16 | Beto Maravilha (Clube Ferroviário da Beira) score=0.13 | João Mário (Ferroviário AC U20) score=0.09,Besiktas JK,
Fábio Gomes,Bolívar,ambiguous,0.15,Fábio Gomes (Mazatlán FC) score=0.15 | Fábio Esquivas (Without Club) score=0.15 | Fábio Gomes (Without Club) score=0.15,Mazatlán FC,
Rubén Ramírez,Bolívar,ambiguous,0.216,Rubén Ramírez (Huracán Futbol Club (Vera)) score=0.22 | Rubén Arroyo (Nespereira FC) score=0.14 | Rubén Ramírez (Retired) score=0.11,Huracán Futbol Club (Vera),
Julian Brandt,Borussia Dortmund,ambiguous,0.158823529411765,Julian Brandt (Career break) score=0.16 | Julian Brandt (TSV Nördlingen) score=0.16 | Julian Brandt (FC Brotdorf) score=0.16,Career break,
Pascal Groß,Borussia Dortmund,ambiguous,0.211764705882353,Pascal Groß (Retired) score=0.21 | Pascal Groß (ESV Zschorlau) score=0.21 | Dominique-Pascal Groß (Viktoria Kelsterbach) score=0.18,Retired,
Haris Tabaković,Borussia Mönchengladbach,ambiguous,0.144,Haris Tabakovic (TSG 1899 Hoffenheim) score=0.14 | Haris Tabakovic (Kremser SC) score=0.14,TSG 1899 Hoffenheim,
J.Urbich,Borussia Mönchengladbach,ambiguous,0.144,Anatoliy Gurbich (Retired) score=0.14 | Jan Urbich (Eintracht Braunschweig) score=0.07,Retired,
Marvin Friedrich,Borussia Mönchengladbach,ambiguous,0.216,Marvin Friedrichs (SuS Waldenau) score=0.22 | Marvin Friedrich (1.FC Union Berlin) score=0.14 | Marvin Friedrich (TSV Seckmauern) score=0.14,SuS Waldenau,
Alex Silva,Boston River,ambiguous,0.264705882352941,Alex Jr (Estoril Praia U19) score=0.26 | Alex Silva (Retired) score=0.23 | Alex (Retired) score=0.23,Estoril Praia U19,
Alexander González,Boston River,ambiguous,0.225,Enllelbert González (Retired) score=0.23 | Edwin González (Retired) score=0.23 | Williams Gónzalez (Retired) score=0.23,Retired,
Ernesto Hernández,Boston River,ambiguous,0.225,Julio Hernández (Retired) score=0.23 | Ernesto Hernández Guisado (Retired) score=0.23 | Ernesto Hernández (CA Fénix) score=0.08,Retired,
G.Matturo,Boston River,ambiguous,0.15,Guillermo López (Club Deportivo Maldonado) score=0.15 | João Alfredo (Tanabi EC (SP) U20) score=0.06,Club Deportivo Maldonado,
Gastón Pérez,Boston River,ambiguous,0.276923076923077,Lucio Pérez (CA San Miguel) score=0.28 | Gastón Pérez (Deportes Copiapó) score=0.21 | Gastón Pérez (Atlético Florida) score=0.16,CA San Miguel,
Gustavo Viera,Boston River,ambiguous,0.2625,Gustavo Viera (Club Sportivo Trinidense) score=0.26 | Gustavo Viera (Cerro Largo FC) score=0.13,Club Sportivo Trinidense,
Juan Gutiérrez,Boston River,ambiguous,0.225,Juanito (Retired) score=0.23 | José Juan (Retired) score=0.23 | Juan Diego Gutiérrez (Retired) score=0.23,Retired,
Lucas Lemos,Boston River,ambiguous,0.192857142857143,Lucas Lemos (Mushuc Runa SC) score=0.19 | Pedro Lucas (Gavião Kyikatêjê Futebol Clube) score=0.11 | Lucas Lemos (Unknown) score=0.08,Mushuc Runa SC,
Marcos Gómez,Boston River,ambiguous,0.225,Marcos Gómez (Retired) score=0.23 | Marcos Gómez (Retired) score=0.23 | Marcos Gómez (Club Sportivo 2 de Mayo) score=0.20,Retired,
Allan,Botafogo,ambiguous,0.25,Allan (Botafogo de Futebol e Regatas) score=0.25 | Allan Saint-Maximin (Without Club) score=0.15 | Allan (Sport Club Corinthians Paulista) score=0.12,Botafogo de Futebol e Regatas,
Artur,Botafogo,ambiguous,0.207692307692308,Arturo Vidal (CSD Colo-Colo) score=0.21 | Artur (São Paulo Futebol Clube) score=0.15 | Artur Jędrzejczyk (Without Club) score=0.15,CSD Colo-Colo,
Cuiabano,Botafogo,ambiguous,0.189473684210526,Breno (AD Senador Guiomard) score=0.19 | Cuiabano (Clube de Regatas Vasco da Gama) score=0.15 | Werlison (Without Club) score=0.15,AD Senador Guiomard,
Danilo,Botafogo,ambiguous,0.25,Danilo (Botafogo de Futebol e Regatas) score=0.25 | Danilo (CR Flamengo) score=0.25 | Tchê Tchê (Clube de Regatas Vasco da Gama) score=0.15,Botafogo de Futebol e Regatas,
Danilo Barbosa,Botafogo,ambiguous,0.1125,Danilo (Retired) score=0.11 | Danilo Barbosa (Al-Ula FC) score=0.00,Retired,
Gabriel Bahia,Botafogo,ambiguous,0.15,Gabriel Bahia (AE Jataiense) score=0.15 | Gabriel Bahia (Grêmio Novorizontino) score=0.13,AE Jataiense,
Gregore,Botafogo,ambiguous,0.15,Aljosa Gregorec (Without Club) score=0.15 | Karol Gregorek (Retired) score=0.11 | Gregore (Al-Rayyan SC) score=0.08,Without Club,
Igor Jesus,Botafogo,ambiguous,0.264705882352941,Igor Jesus (Nottingham Forest) score=0.26 | Igor Jesus (Los Angeles FC) score=0.13 | Igor Jesus (Referência FC U20) score=0.10,Nottingham Forest,
Jair,Botafogo,ambiguous,0.264705882352941,Jair Cunha (Nottingham Forest) score=0.26 | Rodin Quiñones (Without Club) score=0.15 | Yairo Moreno (CD Marathón) score=0.15,Nottingham Forest,
Joaquín Correa,Botafogo,ambiguous,0.25,Joaquín Correa (Botafogo de Futebol e Regatas) score=0.25 | Joaquín Correa (Instituto AC Córdoba U19) score=0.14 | Tobías Correa (Uruguay Montevideo FC) score=0.13,Botafogo de Futebol e Regatas,
John,Botafogo,ambiguous,0.128571428571429,Brennan Johnson (Crystal Palace) score=0.13 | John Terry (Retired) score=0.11 | John Obi Mikel (Retired) score=0.11,Crystal Palace,
Matheus Martins,Botafogo,ambiguous,0.25,Matheus Martins (Botafogo de Futebol e Regatas) score=0.25 | Pedro Favela (Santa Cruz FC (PE)) score=0.17 | Matheus Silva (Without Club) score=0.15,Botafogo de Futebol e Regatas,
Neto,Botafogo,ambiguous,0.245454545454545,Luiz Araújo (CR Flamengo) score=0.25 | Neto (Without Club) score=0.15 | André (Wolverhampton Wanderers) score=0.12,CR Flamengo,
Newton,Botafogo,ambiguous,0.25,Newton (Botafogo de Futebol e Regatas) score=0.25 | Newton Williams (Deportivo Saprissa) score=0.15 | Rakim Newton (Without Club) score=0.15,Botafogo de Futebol e Regatas,
Raul,Botafogo,ambiguous,0.192857142857143,Raúl de Tomás (Rayo Vallecano) score=0.19 | Raúl Albiol (Without Club) score=0.15 | Raúl Jiménez (Wolverhampton Wanderers) score=0.12,Rayo Vallecano,
Santiago Rodríguez,Botafogo,ambiguous,0.25,Santiago Rodríguez (Botafogo de Futebol e Regatas) score=0.25 | Facundo Rodríguez (CSKA Sofia) score=0.18 | Nicolás Rodríguez (Atlético Nacional) score=0.15,Botafogo de Futebol e Regatas,
Victor Hugo,Botafogo,ambiguous,0.276923076923077,Vitinho (Betim Futebol) score=0.28 | Victor Hugo (Clube Atlético Mineiro) score=0.16 | Víctor Palomba (Retired) score=0.11,Betim Futebol,
Vitinho,Botafogo,ambiguous,0.276923076923077,Vitinho (Betim Futebol) score=0.28 | Vitinho (Botafogo de Futebol e Regatas) score=0.25 | Vitinho (Paranoá EC) score=0.16,Betim Futebol,
Diego Ruíz,Boyacá Chicó,ambiguous,0.2,Diego Ruiz (Club Libertad Asunción U19) score=0.20 | Diego Ruiz Díaz (Club Plaza Colonia) score=0.20 | Diego Ruiz (Apache Athletics (Tyler Junior College)) score=0.17,Club Libertad Asunción U19,
Juan Díaz,Boyacá Chicó,ambiguous,0.257142857142857,Juan Díaz (Cádiz CF) score=0.26 | Juan Díaz (Without Club) score=0.13 | Juan Díaz (Defensor Sporting U19) score=0.13,Cádiz CF,
NA,Boyacá Chicó,ambiguous,0.2,Ramdinpuia NA (Reliance Foundation Young Champs U17) score=0.20 | Seong-jin Na (Gimhae Jaemics) score=0.19 | Jun-yeong Na (Siheung City FC) score=0.18,Reliance Foundation Young Champs U17,
Mads Hansen,Brann,ambiguous,0.211764705882353,Mads Hansen (IF Brommapojkarna) score=0.21 | Mads Hansen (Boldklubben Union) score=0.16 | Mads Hansen (B77 Rödovre) score=0.15,IF Brommapojkarna,
Nana Boakye,Brann,ambiguous,0.105882352941176,Ansah Nana Boakye (San Marino Calcio) score=0.11 | Nana Boakye-Yiadom (Retired) score=0.00,San Marino Calcio,
James Milner,Brighton & Hove Albion,ambiguous,0.135,James Milner (Retired) score=0.14 | James Milner (Retired) score=0.14,Retired,
Radek Vítek,Bristol City,ambiguous,0.214285714285714,Radek Vítek (Manchester United U21) score=0.21 | Radek Vitek (TJ Ludgerovice) score=0.06,Manchester United U21,
Saúl,Burgos,ambiguous,0.2,Saúl Coco (Torino FC) score=0.20 | Saúl Salcedo (CA Newell's Old Boys) score=0.09 | Saúl Ñíguez (CR Flamengo) score=0.08,Torino FC,
Nicolás Leguizamón,CA Juventud,ambiguous,0.276923076923077,Valentín Leguizamón (CA Lanús U20) score=0.28 | Matías Leguizamon (Círculo Deportivo) score=0.20 | Nicolás Leguizamón (Deportivo Cuenca) score=0.11,CA Lanús U20,
Marcos Portillo,CA Platense,ambiguous,0.257142857142857,Marcos Portillo (CD Talleres JR) score=0.26 | Marcos Portillo (Retired) score=0.08 | Marcos Portillo (FBC Melgar) score=0.00,CD Talleres JR,
Rodrigo Ezequiel Herrera,CA Platense,ambiguous,0.204545454545455,Rodrigo Herrera (Club Deportivo Rincón) score=0.20 | Rodrigo Herrera (CA Newell's Old Boys) score=0.18,Club Deportivo Rincón,
Tomás Silva,CA Platense,ambiguous,0.430434782608696,Tomás Silva (Club Atlético Platense) score=0.43 | Tomás Silva (CA Lanús II) score=0.38 | Tomás Silva (CD Fátima) score=0.33,Club Atlético Platense,
Santiago Morales,CA Sarmiento,ambiguous,0.15,Santiago Morales (Retired) score=0.15 | Santiago Morales (SD Aucas) score=0.15 | Santi Morales (Inter Miami CF) score=0.13,Retired,
Barri,CD Castellón,ambiguous,0.192857142857143,Mauro Arambarri (CA River Plate) score=0.19 | Aritz Elustondo (PAOK Thessaloniki) score=0.16 | Pablo Barrios (Atlético de Madrid) score=0.14,CA River Plate,
Ronaldo,CD Castellón,ambiguous,0.276923076923077,Cristiano Ronaldo (Al-Nassr FC) score=0.28 | Ronaldo (FC Rostov) score=0.28 | Ronaldo Martínez (CA Talleres) score=0.28,Al-Nassr FC,
Álvaro García,CD Castellón,ambiguous,0.346153846153846,Álvaro Merencio (CD Teruel) score=0.35 | Álvaro García Pascual (Cádiz CF) score=0.28 | Álvaro García (CD Alhaurino) score=0.28,CD Teruel,
Óscar Gil,CD Castellón,ambiguous,0.317647058823529,Óscar Gil (UD Las Palmas U19) score=0.32 | Óscar Gil (Oud-Heverlee Leuven) score=0.24 | Óscar Gil (CD Leones Negros de la UdeG) score=0.23,UD Las Palmas U19,
George Campbell,CF Montreal,ambiguous,0.18,George Campbell (West Bromwich Albion) score=0.18 | George Campbell (Mount Mercy Mustangs) score=0.18 | George Campbell (Christchurch United U23) score=0.12,West Bromwich Albion,
Iván Jaime,CF Montreal,ambiguous,0.245454545454545,Iván Jaime (FC Porto) score=0.25 | Ivan Saiquita (Atlético America de Villazón) score=0.15,FC Porto,
Joel Waterman,CF Montreal,ambiguous,0.24,Joel Waterman (Chicago Fire FC) score=0.24 | Brandon Waterman (CA Independiente) score=0.23,Chicago Fire FC,
Kwadwo Opoku,CF Montreal,ambiguous,0.245454545454545,Kwadwo Opoku Ackah (OFK Beograd) score=0.25 | Manny Duku (Without Club) score=0.15 | Kwadwo Opoku-Gyamfi (Swedru All Blacks United FC) score=0.10,OFK Beograd,
José González,CS Herediano,ambiguous,0.225,Míchel (Retired) score=0.23 | Carmelo (Retired) score=0.23 | Alfredo González Tahuilán (Retired) score=0.23,Retired,
Juan Pérez,CS Herediano,ambiguous,0.257142857142857,Juan Pérez (CD Talleres JR) score=0.26 | Kichi (Retired) score=0.23 | Juan Pérez Contreras (Retired) score=0.23,CD Talleres JR,
Sergio Rodríguez,CS Herediano,ambiguous,0.225,Rodolfo Rodríguez (Retired) score=0.23 | Rodri (Retired) score=0.23 | Sergio Rodríguez (Retired) score=0.23,Retired,
Andrea Belotti,Cagliari,ambiguous,0.1125,Andrea Belotti (Retired) score=0.11 | Andrea Belotti (Without Club) score=0.00,Retired,
Ibrahim Sulemana,Cagliari,ambiguous,0.163636363636364,Ibrahim Sulemana (Atalanta BC) score=0.16 | Ibrahim Sulemana (Unknown) score=0.00,Atalanta BC,
Francesco Belli,Calcio Padova,ambiguous,0.138461538461538,Francesco Bellini (Retired) score=0.14 | Francesco Belli (Without Club) score=0.07 | Francesco Bellitta (Without Club) score=0.07,Retired,
Jonas Harder,Calcio Padova,ambiguous,0.257142857142857,Jonas Harder (ACF Fiorentina) score=0.26 | Finn Jonas Harders (TSC Wellingsbüttel) score=0.14,ACF Fiorentina,
Lorenzo Villa,Calcio Padova,ambiguous,0.138461538461538,Lorenzo Villa (Retired) score=0.14 | Lorenzo Villagra (Retired) score=0.14 | Lorenzo Villar (Retired) score=0.14,Retired,
M.Fortin,Calcio Padova,ambiguous,0.257142857142857,Niccolò Fortini (ACF Fiorentina) score=0.26 | Yoann Fortin (FC Val-de-Reuil) score=0.18 | Fortini Matumona (Grazer SC Straßenbahn) score=0.16,ACF Fiorentina,
P.Fusi,Calcio Padova,ambiguous,0.207692307692308,Raïmi Mofusi (AS Pikine) score=0.21 | Fusi Matlabe (Mpheni Home Defenders FC) score=0.15 | Luca Fusi (Retired) score=0.14,AS Pikine,
Gustavo González,Carabobo,ambiguous,0.234782608695652,Gustavo González (Academia Puerto Cabello) score=0.23 | Selvin González (Sanarate FC U22) score=0.18 | Diego González (AC San Martín (Mendoza)) score=0.16,Academia Puerto Cabello,
Juan Pérez,Carabobo,ambiguous,0.192857142857143,Juan Pérez (CD Talleres JR) score=0.19 | Juan Pérez (Real Santander) score=0.13 | Juan Perez (Real Santander U20) score=0.10,CD Talleres JR,
Miguel Pernía,Carabobo,ambiguous,0.1875,Miguel Pernía (Internacional de Bogotá) score=0.19 | Miguel Pernía (A.C Club Deportivo Atletico Barinas) score=0.13,Internacional de Bogotá,
Alessandro Arena,Carrarese,ambiguous,0.2,Alessandro Arena (SS Arezzo) score=0.20 | Alessandro Arena (Without Club) score=0.00,SS Arezzo,
Nikola Sekulov,Carrarese,ambiguous,0.2,Nikola Sekulov (Retired) score=0.20 | Nikola Sekulov (UC Sampdoria) score=0.15 | Nikola Sekulovic (Unknown) score=0.00,Retired,
Vincenzo Fiorillo,Carrarese,ambiguous,0.385714285714286,Vincenzo Fiorillo (Carrarese Calcio 1908) score=0.39 | Vincenzo Fiorillo (Retired) score=0.20 | Vincenzo Fiorillo (Retired) score=0.20,Carrarese Calcio 1908,
José Fonte,Casa Pia AC,ambiguous,0.0818181818181818,José Fonte (Retired) score=0.08 | Juan Jose Fontemachi (Without Club) score=0.00,Retired,
João,Casa Pia AC,ambiguous,0.327272727272727,João Pedro (Chelsea FC) score=0.33 | João Moutinho (SC Braga) score=0.33 | João Cancelo (Al-Hilal SFC) score=0.30,Chelsea FC,
João Marques,Casa Pia AC,ambiguous,0.327272727272727,João Marques (SC Braga) score=0.33 | João Marques (EC Vitória U20) score=0.30 | João Marques (Vieira SC) score=0.25,SC Braga,
R.Nhaga,Casa Pia AC,ambiguous,0.375,M'Buli Nhaga (Aparecida FC) score=0.38 | Renato Nhaga (Galatasaray) score=0.33 | Serif Nhaga (Leixões SC) score=0.25,Aparecida FC,
Tiago Morais,Casa Pia AC,ambiguous,0.245454545454545,Tiago Morais (LOSC Lille) score=0.25 | Tiago Mansilha (Retired) score=0.08,LOSC Lille,
J.Rigters,Cavalier,ambiguous,0.1875,Pharrell Rigters (Politie Voetbal Vrienden) score=0.19 | Djamairo Rigters (SV ARC Alphen aan den Rijn) score=0.17 | Maceo Rigters (Retired) score=0.11,Politie Voetbal Vrienden,
C.Trafford,Cavalry FC,ambiguous,0.375,Bailey Aisthorpe (Chasetown FC) score=0.38 | James Trafford (Manchester City) score=0.12 | Charlie Trafford (Retired) score=0.09,Chasetown FC,
Diego Gutiérrez,Cavalry FC,ambiguous,0.18,Diego Gutiérrez (Fratria) score=0.18 | Juan Diego Gutiérrez (Retired) score=0.09 | Diego Gutiérrez Trejo (Retired) score=0.09,Fratria,
Tom Field,Cavalry FC,ambiguous,0.3,Tom Field (Vancouver FC) score=0.30 | Tom Field (Retired) score=0.09 | Tom Fielding (Without Club) score=0.08,Vancouver FC,
Aylon,Ceará,ambiguous,0.27,Mhaylon (Guarani EC) score=0.27 | Christopher Freeman (FC Soualiga) score=0.25 | Kaylon Dimech (FC Marsaxlokk U19) score=0.21,Guarani EC,
Bruno,Ceará,ambiguous,0.257142857142857,Bruno Alves (Retired) score=0.26 | Bruno Rodrigo (Retired) score=0.26 | Bruno N'Gotty (Retired) score=0.26,Retired,
Fabiano Silva,Ceará,ambiguous,0.257142857142857,Fabiano Heves (Retired) score=0.26 | Fabiano Silva (Retired) score=0.26 | Fabiano Cabral (Retired) score=0.26,Retired,
Fernando Miguel,Ceará,ambiguous,0.257142857142857,Fernando (Retired) score=0.26 | Fernando Miguel (Retired) score=0.26 | Fernando Carralero (Retired) score=0.26,Retired,
Fernando Sobral,Ceará,ambiguous,0.156521739130435,Fernando Sobral (Coritiba Foot Ball Club) score=0.16 | Fernando Sobral (FC Gumefens/Sorens) score=0.15,Coritiba Foot Ball Club,
João Victor,Ceará,ambiguous,0.257142857142857,João Victor (Retired) score=0.26 | João Souza (CR Flamengo U20) score=0.18 | João Cruz (Club Athletico Paranaense) score=0.18,Retired,
Lelê,Ceará,ambiguous,0.333333333333333,Lelêu (Cametá SC) score=0.33 | Claude Makélélé (Retired) score=0.26 | Manuel Fernandes (Retired) score=0.26,Cametá SC,
Lourenço,Ceará,ambiguous,0.257142857142857,Léo (Retired) score=0.26 | Rogério Lourenço (Retired) score=0.26 | Lourenço (Retired) score=0.26,Retired,
Lucas Lima,Ceará,ambiguous,0.257142857142857,Gabriel (Retired) score=0.26 | Lucas Lima (Retired) score=0.26 | Lucas Lima (Retired) score=0.26,Retired,
Marllon,Ceará,ambiguous,0.28125,Marllon (Clube do Remo (PA)) score=0.28 | Jonathan (Retired) score=0.26 | Mike (CA Metropolitano) score=0.23,Clube do Remo (PA),
Matheus Bahia,Ceará,ambiguous,0.3375,Matheus Bahia (Crato EC) score=0.34 | Matheus Bahia (Sport Club Internacional) score=0.15 | Matheus Bahia (Porto SC) score=0.11,Crato EC,
Pedro Henrique,Ceará,ambiguous,0.276923076923077,Pedrão (Maccabi Haifa) score=0.28 | Pedro Bicalho (Qarabağ FK) score=0.18 | Pedro Henrique (Shakhtar Donetsk) score=0.17,Maccabi Haifa,
Pedro Raul,Ceará,ambiguous,0.257142857142857,Pedro Raúl Gómez Vila (Retired) score=0.26 | Raúl Obando (Retired) score=0.26 | Pedro Cabanillas (Juventud Bellavista) score=0.14,Retired,
Rodriguinho,Ceará,ambiguous,0.327272727272727,Rodriguinho (Nacional AC) score=0.33 | Rodriguinho (Retired) score=0.26 | Rodriguinho (Retired) score=0.26,Nacional AC,
Romulo,Ceará,ambiguous,0.257142857142857,Rômulo (Retired) score=0.26 | Rômulo (Retired) score=0.26 | Rômulo Antoneli (Retired) score=0.26,Retired,
Éder,Ceará,ambiguous,0.327272727272727,Federico Valverde (Real Madrid) score=0.33 | Éder Militão (Real Madrid) score=0.33 | Ederson (Fenerbahce) score=0.27,Real Madrid,
Fer López,Celta Vigo,ambiguous,0.117391304347826,Fer López (Wolverhampton Wanderers) score=0.12 | Cristofer López (Unknown) score=0.00,Wolverhampton Wanderers,
Franco Cervi,Celta Vigo,ambiguous,0.075,Franco Cervi (Without Club) score=0.08 | Franco Cerviño (Without Club) score=0.08,Without Club,
Joseph Aidoo,Celta Vigo,ambiguous,0.18,Joseph Aidoo (MSK Zilina Africa FC) score=0.18 | Joseph Aidoo (Without Club) score=0.08 | Joseph Aidoo (Without Club) score=0.08,MSK Zilina Africa FC,
Ángel Arcos,Celta Vigo,ambiguous,0.3375,Ángel Arcos (RC Celta Fortuna) score=0.34 | Ángel Arcos (Retired) score=0.18,RC Celta Fortuna,
Benjamin Arthur,Celtic,ambiguous,0.257142857142857,Ben Hunter (Retired) score=0.26 | Benjamin Arthur (Brentford FC) score=0.23 | Benjamin Arthur (Without Club) score=0.15,Retired,
Stephen Welsh,Celtic,ambiguous,0.163636363636364,Stéphan Welsh (GSI Pontivy) score=0.16 | Stephen Welsh (Swansea City) score=0.15,GSI Pontivy,
Fernando Martínez,Central Córdoba SdE,ambiguous,0.233333333333333,Fernando (Esporte Clube São Bento (SP)) score=0.23 | Román Martínez (Retired) score=0.18 | Fernando Martínez (UD Almería) score=0.18,Esporte Clube São Bento (SP),
Iván Gómez,Central Córdoba SdE,ambiguous,0.234782608695652,Iván Gómez (Club Atlético Platense) score=0.23 | Rodrigo Gómez (Retired) score=0.18 | Iván Gómez (Retired) score=0.18,Club Atlético Platense,
José Florentín,Central Córdoba SdE,ambiguous,0.18,José Acosta (Club Ciudad Nueva) score=0.18 | José Florentín (Retired) score=0.18 | José Inostroza (Retired) score=0.18,Club Ciudad Nueva,
Oumar Diakité,Cercle Brugge,ambiguous,0.207692307692308,Oumar Diakité (Stade Reims) score=0.21 | Oumar Diakité (Retired) score=0.21 | Cheik Oumar Diakite (Retired) score=0.21,Stade Reims,
Enrique Almeida,Cerro,ambiguous,0.257142857142857,Gabriel Santana (Retired) score=0.26 | Dick (Retired) score=0.26 | Charles (Retired) score=0.26,Retired,
Federico Acosta,Cerro,ambiguous,0.257142857142857,Alberto Acosta (Retired) score=0.26 | Federico Acosta (Miramar Misiones) score=0.17 | Federico Acosta (Celano FC Marsica) score=0.16,Retired,
Ignacio Neira,Cerro,ambiguous,0.0818181818181818,Ignacio Neira (Maringá FC) score=0.08 | Nacho Neira (Without Club) score=0.08,Maringá FC,
Mathías Suárez,Cerro,ambiguous,0.135,Mathías Suárez (Deportes Antofagasta) score=0.14 | Mathías Suárez (Club Sol de América) score=0.14 | Mathías Suárez (CA Atenas de San Carlos U19) score=0.13,Deportes Antofagasta,
Sebastián Caceres,Cerro,ambiguous,0.245454545454545,Sebastián Cáceres (CF América) score=0.25 | Sebastián Cáceres (Montevideo City Torque) score=0.08,CF América,
Cristian González,Cerro Largo,ambiguous,0.163636363636364,Cristián Borja (CF América) score=0.16 | Cristian González (Retired) score=0.16 | Chete (RSD Alcalá) score=0.16,CF América,
Enrique Almeida,Cerro Largo,ambiguous,0.42,Pablinho (Ferroviário AC) score=0.42 | Pedro Almeida (EC Estrela de Março U20) score=0.27 | Kayky Almeida (Clube do Remo (PA)) score=0.23,Ferroviário AC,
Federico Medina,Cerro Largo,ambiguous,0.3,Gastón Medina (Centro Atlético Lito) score=0.30 | Federico Medina (CA Banfield) score=0.08,Centro Atlético Lito,
Julián Contrera,Cerro Largo,ambiguous,0.245454545454545,Matías Contrera (Club Deportivo Colonia) score=0.25 | Julián Contrera (CA Sarmiento (Junin)) score=0.20,Club Deportivo Colonia,
L.Núñez,Cerro Largo,ambiguous,0.346153846153846,Unai Núñez (Celta de Vigo) score=0.35 | Álvaro Núñez (Celta de Vigo) score=0.35 | Iván Martín (Girona FC) score=0.25,Celta de Vigo,
Bruno Valdez,Cerro Porteño,ambiguous,0.266666666666667,Bruno Valdez (Club Sportivo 2 de Mayo U23) score=0.27 | Bruno Valdez (Club Sportivo Trinidense) score=0.26 | Bruno Váldez (CA Barracas Central II) score=0.25,Club Sportivo 2 de Mayo U23,
Diego Blanco,Cerro Porteño,ambiguous,0.192857142857143,Diego Blanco Rodriguez (Retired) score=0.19 | Diego Blanco (Retired) score=0.19 | Diego Blanco (Retired) score=0.19,Retired,
Gabriel Díaz,Cerro Porteño,ambiguous,0.261290322580645,Gabriel Díaz (Asociación Deportiva Ramonense) score=0.26 | Gabriel Díaz (CA Patronato) score=0.26 | Froilán Díaz (Deportivo Quito) score=0.24,Asociación Deportiva Ramonense,
Mauricio González,Cerro Porteño,ambiguous,0.236842105263158,Mauricio González (Minnesota United FC) score=0.24 | Mauricio González (Retired) score=0.19 | Joshua González (AD San Carlos II) score=0.17,Minnesota United FC,
Tommaso Berti,Cesena,ambiguous,0.225,Tommaso Berti (US Cremonese) score=0.23 | Tommaso Bertipagani (US Massese 1919) score=0.18 | Tommaso Bertini (Atalanta U23) score=0.15,US Cremonese,
David Bingham,Charlotte,ambiguous,0.1,David Bingham (Retired) score=0.10 | David Bingham (Without Club) score=0.08,Retired,
Nikola Petkovic,Charlotte,ambiguous,0.189473684210526,Nikola Petković (Seattle Sounders FC) score=0.19 | Nikola Petkovic (Vinogradar Zleginje) score=0.19 | Nikola Petkovic (OFK Borac Arnajevo) score=0.15,Seattle Sounders FC,
Patrick Agyemang,Charlotte,ambiguous,0.15,Patrick Agyemang (Derby County) score=0.15 | Patrick Agyemang (Retired) score=0.10,Derby County,
Harrison Clarke,Charlton Athletic,ambiguous,0.105882352941176,Harry Clarke (Ipswich Town) score=0.11 | Harri Clarke (Llanidloes Town) score=0.11,Ipswich Town,
Joshua Edwards,Charlton Athletic,ambiguous,0.211764705882353,Josh Edwards (Hawarden Rangers) score=0.21 | Josh Edwards (Unknown) score=0.05,Hawarden Rangers,
Luke Chambers,Charlton Athletic,ambiguous,0.158823529411765,Luke Chambers (Retired) score=0.16 | Luke Chambers (Liverpool FC U21) score=0.11 | Luke Chambers (Without Club) score=0.11,Retired,
Onel Hernández,Charlton Athletic,ambiguous,0.2,Edgar Hernández (CD Internacional San Miguel) score=0.20 | Leonel Hernández (Retired) score=0.16 | Ulises Hernández (Independiente FC San Vicente) score=0.13,CD Internacional San Miguel,
Brian Gutierrez,Chicago Fire,ambiguous,0.158823529411765,Brian Gutiérrez (CA River Plate II) score=0.16 | Julio Gutiérrez (Retired) score=0.15 | Brian Gutiérrez (Deportivo Guadalajara) score=0.13,CA River Plate II,
Samuel Williams,Chicago Fire,ambiguous,0.3,Sam Williams (Carno FC) score=0.30 | Jack Williams (Caernarfon Town Youth) score=0.17 | Sam Williams (Retired) score=0.15,Carno FC,
Tom Barlow,Chicago Fire,ambiguous,0.138461538461538,Tom Barlow (FC Cincinnati) score=0.14 | Tom Barlow (---) score=0.00,FC Cincinnati,
Camilo Mancilla,Cibao ,ambiguous,0.122727272727273,Farid Mancilla (Ocean City Nor'easters) score=0.12 | Camilo Mancilla (Veraguas United FC) score=0.05,Ocean City Nor'easters,
Jesús Rosa,Cibao ,ambiguous,0.225,Jesús Rosa (Jarabacoa FC) score=0.23 | Sergio Rosales (AD Carmelita II) score=0.18 | Miguel Rosa (ARDC Gondim-Maia) score=0.17,Jarabacoa FC,
Juan David Díaz,Cibao ,ambiguous,0.15,Juan Díaz (Without Club) score=0.15 | Juan David Díaz (Without Club) score=0.15 | Juan David Díaz (Retired) score=0.13,Without Club,
Brenner,Cincinnati,ambiguous,0.192857142857143,Brenner (CD Santa Clara) score=0.19 | Brenner (Xewkija Tigers FC) score=0.16 | Brenner (Clube de Regatas Vasco da Gama) score=0.09,CD Santa Clara,
Luca Orellano,Cincinnati,ambiguous,0.16875,Luca Orellano (Gimnasia y Esgrima de Mendoza II) score=0.17 | Luca Orellano (CF Monterrey) score=0.15,Gimnasia y Esgrima de Mendoza II,
Lukas Engel,Cincinnati,ambiguous,0.225,Lucas Engelke (Concordia Hildesheim) score=0.23 | Lukas Engelhardt (Unknown) score=0.18 | Lukas Engelmann (1.FC Lichtenfels) score=0.17,Concordia Hildesheim,
Noah Adnan,Cincinnati,ambiguous,0.158823529411765,Noah Adnan (Loudoun United FC) score=0.16 | Noah Adnane (Paris Saint-Germain U19) score=0.16,Loudoun United FC,
Sergio Santos,Cincinnati,ambiguous,0.192857142857143,Sergio Santos (UD Santa Marta) score=0.19 | Sergio Santos (Atlanta United FC) score=0.16 | Sergio Santos (Gimnàstic de Tarragona) score=0.16,UD Santa Marta,
Alex Franco,Club 2 de Mayo,ambiguous,0.385714285714286,Alex Franco (Club Olimpia) score=0.39 | Álex Franco (CD Atlético de Marbella) score=0.30 | Alex Franco (Guaraní de Fram) score=0.28,Club Olimpia,
Esteban Maidana,Club 2 de Mayo,ambiguous,0.156521739130435,Esteban Maidana (Paraguari Atlético Club) score=0.16 | Esteban Maidana (Retired) score=0.06,Paraguari Atlético Club,
F.Díaz,Club 2 de Mayo,ambiguous,0.18,Beñat Prados (Athletic Bilbao) score=0.18 | Brahim Díaz (Real Madrid) score=0.13 | Mariano Díaz (Deportivo Alavés) score=0.11,Athletic Bilbao,
Marcos Caballero,Club 2 de Mayo,ambiguous,0.0642857142857143,Marcos Caballero (Without Club) score=0.06 | Marcos Caballero (Without Club) score=0.06,Without Club,
Miguel Barreto,Club 2 de Mayo,ambiguous,0.385714285714286,José Barreto (Club Atletico Campana) score=0.39 | Hugo Marques (CA Petróleos Luanda) score=0.23 | Miguel Barreto (AA Internacional de Limeira U20) score=0.20,Club Atletico Campana,
Aleksandar Stankovic,Club Brugge,ambiguous,0.163636363636364,Aleksandar Stankovic (OFK Vrsac) score=0.16 | Aleksandar Stankovic (1.SC 1911 Heiligenstadt) score=0.16 | Aleksandar Stankovic (Pusta Reka Bojnik) score=0.11,OFK Vrsac,
Alcides Benítez,Club Guaraní,ambiguous,0.273913043478261,Alcides Benítez (Club Atlético Belgrano) score=0.27 | Alcides Benítez (Paraguari Atlético Club) score=0.20,Club Atlético Belgrano,
Jhon Sánchez,Club Guaraní,ambiguous,0.138461538461538,Jhon Sánchez (CS Emelec) score=0.14 | Jhon Sánchez (Without Club) score=0.07,CS Emelec,
Nicolás Romero,Club Guaraní,ambiguous,0.145161290322581,Sebastián Romero (Eléctrico Refinería de Calama) score=0.15 | Nicolás Romero (Minnesota United FC) score=0.14 | Nicolas Romero (Unknown) score=0.14,Eléctrico Refinería de Calama,
Alejandro Maciel,Club Nacional,ambiguous,0.327272727272727,Jonathan Maciel (Club Ciudad de Bolivar) score=0.33 | Alejandro Maciel (CA Central Córdoba (SdE)) score=0.23,Club Ciudad de Bolivar,
Alexis Cañete,Club Nacional,ambiguous,0.28421052631579,Alexis Cañete (Club Cerro Porteño) score=0.28 | Alexis Cañete (Resistencia SC U23) score=0.10,Club Cerro Porteño,
Alfredo Roman,Club Nacional,ambiguous,0.12,Alfredo Romano (ASD Quarto 2012) score=0.12 | Alfredo Toxqui (Retired) score=0.07,ASD Quarto 2012,
Cristian Colmán,Club Nacional,ambiguous,0.324,Cristian Colmán (Club Sportivo San Lorenzo) score=0.32 | Cristhian Colman (Retired) score=0.07,Club Sportivo San Lorenzo,
Jorge González,Club Nacional,ambiguous,0.3375,Jorge González (Club Rubio Ñú (Asunción)) score=0.34 | Jorge González (Club Sol de América) score=0.27 | Jorge González (CD Lugo) score=0.21,Club Rubio Ñú (Asunción),
Juan Alfaro,Club Nacional,ambiguous,0.276923076923077,Juan Luis Alfaro (CA Banfield) score=0.28 | Juan Pablo Alfaro (Retired) score=0.07 | Juan Alfaro (Retired) score=0.07,CA Banfield,
Lucas Rodríguez,Club Nacional,ambiguous,0.346153846153846,Lucas Rodríguez (CA Germinal) score=0.35 | Lucas Rodríguez (CA Aldosivi) score=0.21 | Lucas Rodríguez (Unknown) score=0.21,CA Germinal,
Aldo Parra,Club Sportivo Luqueño,ambiguous,0.327272727272727,Aldo Parra (Club 12 de Junio) score=0.33 | Anderson Parraga (Without Club) score=0.16 | Reynaldo Párraga (Retired) score=0.12,Club 12 de Junio,
Julián Marchio,Club Sportivo Luqueño,ambiguous,0.286363636363636,Julián Marchioni (Club Almagro) score=0.29 | Julián Marchio (CA San Martín (San Juan)) score=0.16,Club Almagro,
Lucas Monzón,Club Sportivo Luqueño,ambiguous,0.163636363636364,Lucas Monzón (Recoleta FC) score=0.16 | Lucas Monzón (Racing Club de Montevideo) score=0.14 | Lucas Monzón (Unknown) score=0.12,Recoleta FC,
Mathías Suárez,Club Sportivo Luqueño,ambiguous,0.327272727272727,Mathías Suárez (Club Sol de América) score=0.33 | Mathías Suárez (CA Atenas de San Carlos U19) score=0.13 | Mathías Suárez (Deportes Antofagasta) score=0.08,Club Sol de América,
Alejandro Márquez,Cobresal,ambiguous,0.225,Alejandro Márquez (Rangers de Talca) score=0.23 | Alejandro Márquez (Retired) score=0.11 | Javier Marquez (Estudiantes de Mérida) score=0.08,Rangers de Talca,
Cristian Toro,Cobresal,ambiguous,0.0692307692307692,Cristián Toro (Huachipato FC) score=0.07 | Cristian Perdomo (Unknown) score=0.00,Huachipato FC,
Diego Coelho,Cobresal,ambiguous,0.128571428571429,Diego Coelho (Audax Italiano) score=0.13 | Diego Coelho (Bela Vista Futebol Cachoeirense) score=0.12,Audax Italiano,
Jorge Henríquez,Cobresal,ambiguous,0.135,Jorge Henríquez (Deportes Concepción) score=0.14 | Jorge Henríquez (Retired) score=0.11 | Jorge Henríquez (---) score=0.00,Deportes Concepción,
Vicente Fernández,Cobresal,ambiguous,0.18,Vicente Fernández (CD Everton) score=0.18 | Bixente Biurrun (Retired) score=0.11 | Vicente (Retired) score=0.11,CD Everton,
Benjamín Flores,Colo Colo,ambiguous,0.2,Leonel Flores (CA Boca Juniors II) score=0.20 | Santiago Flores (Instituto ACC II) score=0.17,CA Boca Juniors II,
Bruno Gutiérrez,Colo Colo,ambiguous,0.15,Bruno Gutiérrez (Deportes La Serena) score=0.15 | Bruno Gutiérrez (Retired) score=0.00,Deportes La Serena,
Nicolás Suárez,Colo Colo,ambiguous,0.3,Damián Suárez (CA Cerro) score=0.30 | Mariano Suarez (Without Club) score=0.23 | Nicolás Suárez (CA Atenas de San Carlos) score=0.20,CA Cerro,
Sebastián Vegas,Colo Colo,ambiguous,0.207692307692308,Sebastián Vegas (Club León FC) score=0.21 | Sebastian Vegas (Deportivo La Guaira U20) score=0.12,Club León FC,
Alexander Harris,Colorado Rapids,ambiguous,0.18,Alex Harris (Newport City) score=0.18 | Alex Clay (Unknown) score=0.06 | Alec Byrne (---) score=0.00,Newport City,
Anderson Rosa,Colorado Rapids,ambiguous,0.264705882352941,Anderson Rosa (Sarasota Paradise) score=0.26 | Ânderson Santos (Retired) score=0.18 | Anderson Rosa (Retired) score=0.18,Sarasota Paradise,
Calvin Harris,Colorado Rapids,ambiguous,0.18,Calvin Harris (Sporting Kansas City) score=0.18 | Calvin Harrison (Unknown) score=0.06,Sporting Kansas City,
Djordje Mihailovic,Colorado Rapids,ambiguous,0.24,Djordje Mihailovic (Toronto FC) score=0.24 | Djordje Mihailovic (Banja 1957) score=0.12,Toronto FC,
Kévin Cabral,Colorado Rapids,ambiguous,0.27,Vinícius Kevin (FC ViOn Zlate Moravce-Vrable B) score=0.27 | Kévin Cabral (Red Star FC) score=0.18,FC ViOn Zlate Moravce-Vrable B,
Rafael Santos,Colorado Rapids,ambiguous,0.211764705882353,Rafael Santos (Chicago FC United) score=0.21 | Rafael Borré (CA River Plate) score=0.18 | Rafael Santos (Retired) score=0.18,Chicago FC United,
Diego Rossi,Columbus Crew,ambiguous,0.276923076923077,Diego Rossi (CF Monterrey) score=0.28 | Diego Rossi (Retired) score=0.14 | Diego Rossi (Forlì FC) score=0.14,CF Monterrey,
Ibrahim Aliyu,Columbus Crew,ambiguous,0.105882352941176,Ibrahim Aliyu (Houston Dynamo FC) score=0.11 | Abubakar Ibrahim Aliyu (Wikki Tourists) score=0.00,Houston Dynamo FC,
Alberto Moreno,Como,ambiguous,0.135,César Moreno (CD Honduras Progreso) score=0.14 | Mario Moreno (Unknown) score=0.13 | Pulpillo (CD Son Cladera) score=0.13,CD Honduras Progreso,
Diego Carlos,Como,ambiguous,0.12,Diego Filho (ACD Potiguar (RN)) score=0.12 | Diego (Without Club) score=0.08 | Diego Aguilera (Without Club) score=0.08,ACD Potiguar (RN),
Jason Flores,Coquimbo Unido,ambiguous,0.24,Jason Flores (CD Puerto Montt) score=0.24 | Clay Flores (Wagiya SC) score=0.13 | Jason Flores (Tlaxcala FC) score=0.06,CD Puerto Montt,
Manuel Fernández,Coquimbo Unido,ambiguous,0.257142857142857,Manu Fernández (Celta de Vigo) score=0.26 | José Manuel Fernández (CD Betis Florida) score=0.23 | Nicolás Fernández (Club Atlético Belgrano) score=0.16,Celta de Vigo,
Alex Santana,Corinthians,ambiguous,0.333333333333333,Alex Santana (Sport Club Corinthians Paulista) score=0.33 | Alex Santana (Retired) score=0.25 | Alex (Retired) score=0.25,Sport Club Corinthians Paulista,
André Carrillo,Corinthians,ambiguous,0.333333333333333,André Carrillo (Sport Club Corinthians Paulista) score=0.33 | Alfredo Carrillo (Without Club) score=0.08,Sport Club Corinthians Paulista,
André Ramalho,Corinthians,ambiguous,0.333333333333333,André Ramalho (Sport Club Corinthians Paulista) score=0.33 | André Oliveira (Retired) score=0.25 | André Ramalho (SC Vianense) score=0.16,Sport Club Corinthians Paulista,
Bahia,Corinthians,ambiguous,0.2625,Matheus Bahia (Sport Club Internacional) score=0.26 | André Bahia (Retired) score=0.25 | Alan Bahia (Retired) score=0.25,Sport Club Internacional,
Breno,Corinthians,ambiguous,0.333333333333333,Breno Bidon (Sport Club Corinthians Paulista) score=0.33 | Breno (Retired) score=0.25 | Breno Herculano (FC Anyang) score=0.25,Sport Club Corinthians Paulista,
Cacá,Corinthians,ambiguous,0.245454545454545,Paco Alcácer (Retired) score=0.25 | Cacau (Retired) score=0.25 | Cláudio Caçapa (Retired) score=0.25,Retired,
Charles,Corinthians,ambiguous,0.245454545454545,Sir Geoff Hurst (Retired) score=0.25 | Steve McManaman (Retired) score=0.25 | Joe Hart (Retired) score=0.25,Retired,
Dieguinho,Corinthians,ambiguous,0.333333333333333,Dieguinho (Sport Club Corinthians Paulista) score=0.33 | Dieguinho (Retired) score=0.25 | Dieguinho (Retired) score=0.25,Sport Club Corinthians Paulista,
Felipe Longo,Corinthians,ambiguous,0.333333333333333,Felipe Longo (Sport Club Corinthians Paulista) score=0.33 | Felipe Longo (Retired) score=0.25,Sport Club Corinthians Paulista,
Félix Torres,Corinthians,ambiguous,0.2625,Félix Torres (Sport Club Internacional) score=0.26 | Félix Torres (Retired) score=0.25 | Félix Torres (Retired) score=0.25,Sport Club Internacional,
Gustavo Henrique,Corinthians,ambiguous,0.333333333333333,Gustavo Henrique (Sport Club Corinthians Paulista) score=0.33 | Gustavo Assunção (Apollon Limassol) score=0.28 | Gustavo Marins (FCV Farul Constanta) score=0.19,Sport Club Corinthians Paulista,
Hugo,Corinthians,ambiguous,0.245454545454545,Hugo Ibarra (Retired) score=0.25 | Hugo Broos (Retired) score=0.25 | Hugo de León (Retired) score=0.25,Retired,
Hugo Souza,Corinthians,ambiguous,0.333333333333333,Hugo Souza (Sport Club Corinthians Paulista) score=0.33 | Hugo Souza (Retired) score=0.25 | Hugo Souza (Retired) score=0.25,Sport Club Corinthians Paulista,
Héctor Hernández,Corinthians,ambiguous,0.245454545454545,Héctor Hernández (Retired) score=0.25 | Héctor Hernández (Retired) score=0.25 | Héctor Hernández (Retired) score=0.25,Retired,
José Martínez,Corinthians,ambiguous,0.245454545454545,Pirri (Retired) score=0.25 | Israel Martínez (Retired) score=0.25 | José Martínez Gullota (Retired) score=0.25,Retired,
Kayke,Corinthians,ambiguous,0.333333333333333,Kayke (Sport Club Corinthians Paulista) score=0.33 | Kayke David (North District) score=0.26 | Kayke (Uberlândia EC) score=0.19,Sport Club Corinthians Paulista,
Matheuzinho,Corinthians,ambiguous,0.333333333333333,Matheuzinho (Sport Club Corinthians Paulista) score=0.33 | Matheuzinho (Capital CF) score=0.25 | Matheuzinho (Retired) score=0.25,Sport Club Corinthians Paulista,
Maycon,Corinthians,ambiguous,0.245454545454545,Maycon Calijuri (Retired) score=0.25 | Maycon Silveira (Retired) score=0.25 | Maycon (Retired) score=0.25,Retired,
Ryan Gustavo,Corinthians,ambiguous,0.245454545454545,Ryan (Retired) score=0.25 | Bryan Martins (Ibrachina FC U20) score=0.17 | Ryan (Fortaleza Esporte Clube) score=0.16,Retired,
Vitinho,Corinthians,ambiguous,0.333333333333333,Vitinho (Sport Club Corinthians Paulista) score=0.33 | Vitinho (Sport Club Internacional) score=0.26 | Vitinho (Retired) score=0.25,Sport Club Corinthians Paulista,
Yuri Alberto,Corinthians,ambiguous,0.333333333333333,Yuri Alberto (Sport Club Corinthians Paulista) score=0.33 | Yuri Altabas (Retired) score=0.25,Sport Club Corinthians Paulista,
Ángel Romero,Corinthians,ambiguous,0.245454545454545,Esdras Rangel (Retired) score=0.25 | Miguel Ángel Romero (Retired) score=0.25 | Miguel Ángel Romero (Retired) score=0.25,Retired,
Ben Sheaf,Coventry City,ambiguous,0.138461538461538,Ben Sheaf (Wrexham AFC) score=0.14 | Ben Sheaf (Aldershot Town B) score=0.11,Wrexham AFC,
Jamie Allen,Coventry City,ambiguous,0.138461538461538,Jamie Allen (Without Club) score=0.14 | Jamie Allen (Bamber Bridge FC) score=0.11 | Jamie Allen (Unknown) score=0.07,Without Club,
Franco Vázquez,Cremonese,ambiguous,0.171428571428571,Franco Vázquez (Club Deportivo Morón) score=0.17 | Franco Vázquez (Club Atlético Belgrano) score=0.16 | Franco Vázquez (Without Club) score=0.08,Club Deportivo Morón,
Marco Silvestri,Cremonese,ambiguous,0.3,Marco Silvestrin (Retired) score=0.30 | Marco Silvestri (Retired) score=0.30 | Marco Silvestri (Retired) score=0.30,Retired,
Alexis Gutiérrez,Cruz Azul,ambiguous,0.245454545454545,Benjamín Gutiérrez (CA Claypole) score=0.25 | Cristian Gutiérrez (Without Club) score=0.23 | Alexis Gutiérrez (CF América) score=0.16,CA Claypole,
Ignacio Rivero,Cruz Azul,ambiguous,0.3,Ignacio Rivero (Club Tijuana) score=0.30 | Roberto Riveros (Deportes Recoleta) score=0.16,Club Tijuana,
Jorge Sánchez,Cruz Azul,ambiguous,0.225,Jorge Sánchez (Without Club) score=0.23 | Jorge Sánchez (Without Club) score=0.23 | Jorge Sánchez (Without Club) score=0.23,Without Club,
Mateusz Bogusz,Cruz Azul,ambiguous,0.225,Mateusz Bogusz (Without Club) score=0.23 | Mateusz Bogusz (Houston Dynamo FC) score=0.16,Without Club,
Ángel Sepúlveda,Cruz Azul,ambiguous,0.171428571428571,Ángel Sepúlveda (Deportivo Guadalajara) score=0.17 | Ángel Sepúlveda (Tapatíos Soccer FC) score=0.05 | José Sepúlveda (---) score=0.00,Deportivo Guadalajara,
Carlos Eduardo,Cruzeiro,ambiguous,0.225,Carlos Eduardo (Retired) score=0.23 | Cadu (Retired) score=0.23 | Kahê (Retired) score=0.23,Retired,
Christian,Cruzeiro,ambiguous,0.225,Christian Karembeu (Retired) score=0.23 | Cristian Chivu (Retired) score=0.23 | Nwankwo Kanu (Retired) score=0.23,Retired,
Cássio,Cruzeiro,ambiguous,0.333333333333333,Cássio (Cruzeiro Esporte Clube) score=0.33 | Guilherme Alves (Retired) score=0.23 | Lincoln (Retired) score=0.23,Cruzeiro Esporte Clube,
Dudu,Cruzeiro,ambiguous,0.234782608695652,Dudu (Clube Atlético Mineiro) score=0.23 | Dudu Cearense (Retired) score=0.23 | Dudu Aouate (Retired) score=0.23,Clube Atlético Mineiro,
Fágner,Cruzeiro,ambiguous,0.333333333333333,Fagner (Cruzeiro Esporte Clube) score=0.33 | Fagner Ramos (Retired) score=0.23 | Faísca (Retired) score=0.23,Cruzeiro Esporte Clube,
Gabriel Barbosa,Cruzeiro,ambiguous,0.225,Victor Barbosa (Retired) score=0.23 | Gabriel Lessa (CRB U20) score=0.23 | Gabriel Barbosa (Górnik Zabrze) score=0.19,Retired,
Japa,Cruzeiro,ambiguous,0.333333333333333,Japa (Cruzeiro Esporte Clube) score=0.33 | Nika Japaridze (FC Rustavi) score=0.27 | Sergiu Japalau (Retired) score=0.23,Cruzeiro Esporte Clube,
Jonathan,Cruzeiro,ambiguous,0.245454545454545,Jonathan dos Santos (CF América) score=0.25 | Jonny Evans (Retired) score=0.23 | Jonatan Maidana (Retired) score=0.23,CF América,
José,Cruzeiro,ambiguous,0.225,Edmílson (Retired) score=0.23 | Bosingwa (Retired) score=0.23 | Bebeto (Retired) score=0.23,Retired,
João Marcelo,Cruzeiro,ambiguous,0.333333333333333,João Marcelo (Cruzeiro Esporte Clube) score=0.33 | João Marcelo (Retired) score=0.23 | João Marcelo (Retired) score=0.23,Cruzeiro Esporte Clube,
Kaiki,Cruzeiro,ambiguous,0.211764705882353,Kaiki Nishimura (Chukyo University) score=0.21 | Kaiki Piva (Inter Under 18) score=0.19 | Kaiki (CE Aimoré) score=0.18,Chukyo University,
Kenji,Cruzeiro,ambiguous,0.333333333333333,Kaique Kenji (Cruzeiro Esporte Clube) score=0.33 | Kenji Haneda (Retired) score=0.23 | Kenji Fukuda (Retired) score=0.23,Cruzeiro Esporte Clube,
Leonardo,Cruzeiro,ambiguous,0.327272727272727,Léo Pereira (CR Flamengo) score=0.33 | Léo Ortiz (CR Flamengo) score=0.33 | Leonardo Fernández (CA Peñarol) score=0.33,CR Flamengo,
Lucas Romero,Cruzeiro,ambiguous,0.333333333333333,Lucas Romero (Cruzeiro Esporte Clube) score=0.33 | Jero (Retired) score=0.23 | Lucas Romero (FC Juárez) score=0.18,Cruzeiro Esporte Clube,
Lucas Silva,Cruzeiro,ambiguous,0.4,Lucas Silva (FC Luzern) score=0.40 | Lucas Silva (Cruzeiro Esporte Clube) score=0.33 | Lucas Silva (Retired) score=0.23,FC Luzern,
Lucas Villalba,Cruzeiro,ambiguous,0.333333333333333,Lucas Villalba (Cruzeiro Esporte Clube) score=0.33 | Lucas Villalba (CA Jorge Newbery (Comodoro Rivadavia)) score=0.13 | Lucas Villalba (Botafogo de Futebol e Regatas) score=0.09,Cruzeiro Esporte Clube,
Luis Sinisterra,Cruzeiro,ambiguous,0.333333333333333,Luis Sinisterra (Cruzeiro Esporte Clube) score=0.33 | José Sinisterra (Without Club) score=0.08 | Lewis Sinisterra (Without Club) score=0.08,Cruzeiro Esporte Clube,
Marlon,Cruzeiro,ambiguous,0.225,Marlon Harewood (Retired) score=0.23 | Marlon King (Retired) score=0.23 | Marlon Freitas (Sociedade Esportiva Palmeiras) score=0.16,Retired,
Marquinhos,Cruzeiro,ambiguous,0.333333333333333,Marquinhos (Cruzeiro Esporte Clube) score=0.33 | Marquinhos (Retired) score=0.23 | Marquinhos (Retired) score=0.23,Cruzeiro Esporte Clube,
Matheus Henrique,Cruzeiro,ambiguous,0.333333333333333,Matheus Henrique (Cruzeiro Esporte Clube) score=0.33 | Matheus Cassini (Retired) score=0.23 | Matheus Lopes (Retired) score=0.23,Cruzeiro Esporte Clube,
Matheus Pereira,Cruzeiro,ambiguous,0.333333333333333,Matheus Pereira (Cruzeiro Esporte Clube) score=0.33 | Thayson (Retired) score=0.23 | Matheus (Retired) score=0.23,Cruzeiro Esporte Clube,
Rodriguinho,Cruzeiro,ambiguous,0.225,Rodriguinho (Retired) score=0.23 | Rodriguinho (Retired) score=0.23 | Rodriguinho (Retired) score=0.23,Retired,
Ryan,Cruzeiro,ambiguous,0.225,Ryan Giggs (Retired) score=0.23 | Ryan Bertrand (Retired) score=0.23 | Konstantin Zyryanov (Retired) score=0.23,Retired,
Walace,Cruzeiro,ambiguous,0.225,Walace (Retired) score=0.23 | Walace (Esporte Clube Vitória) score=0.20 | Brasileiro (UA Carmolandense) score=0.17,Retired,
Wanderson,Cruzeiro,ambiguous,0.333333333333333,Wanderson (Cruzeiro Esporte Clube) score=0.33 | Wanderson (Retired) score=0.23 | Baiano (Retired) score=0.23,Cruzeiro Esporte Clube,
William,Cruzeiro,ambiguous,0.225,William Gallas (Retired) score=0.23 | Nico Williams (Athletic Bilbao) score=0.18 | Iñaki Williams (Athletic Bilbao) score=0.18,Retired,
Bicho,CyD Leonesa,ambiguous,0.128571428571429,Ivan Bichovski (CSKA Sofia U17) score=0.13 | Antonin Bobichon (Pau FC) score=0.08 | Christian Bichon (Retired) score=0.08,CSKA Sofia U17,
Daniel Paraschiv,CyD Leonesa,ambiguous,0.163636363636364,Daniel Paraschiv (Real Oviedo) score=0.16 | Daniel Paraschiv (FC Voluntari II) score=0.12 | Daniel Paraschiv (Retired) score=0.08,Real Oviedo,
Lucas Ribeiro,CyD Leonesa,ambiguous,0.189473684210526,Hiago Lucas (Guarany de Bagé FC) score=0.19 | Lucas Marezi (Athletico Paranaense U20) score=0.19 | Lucas Ribeiro (Goiás EC) score=0.16,Guarany de Bagé FC,
Luis Chacón,CyD Leonesa,ambiguous,0.142105263157895,Luis Chacón (Deportivo A Coruña) score=0.14 | José Chacón (Retired) score=0.08 | Luis Chacón (Without Club) score=0.00,Deportivo A Coruña,
Tomás Ribeiro,CyD Leonesa,ambiguous,0.245454545454545,Tomás Ribeiro (SC Mêda) score=0.25 | Tomás Ribeiro (CD Gouveia Youth 19) score=0.19 | Tomas Ribeiro Rodrigues (FC Rouen U19) score=0.15,SC Mêda,
Víctor Moreno,CyD Leonesa,ambiguous,0.245454545454545,Víctor Moreno (Independiente Santa Fe) score=0.25 | Victor Moreno (CD Ojanco Tierra Amarilla) score=0.18 | Víctor Moreno (SD Almazán) score=0.16,Independiente Santa Fe,
Antonio Cordero,Cádiz,ambiguous,0.16875,Antoñito Cordero (Newcastle United) score=0.17 | Renato Cordero (Unión Española) score=0.11 | Rodrigo Cordero (Retired) score=0.00,Newcastle United,
Jorge Moreno,Cádiz,ambiguous,0.158823529411765,Jorge Moreno (Sevilla Atlético) score=0.16 | Paulo Horta (Sporting Clube Praia) score=0.14 | Jorge Moreno (Naples United FC) score=0.11,Sevilla Atlético,
Raúl Pereira,Cádiz,ambiguous,0.225,Raúl Pereira (FC Azzurri LS 90) score=0.23 | Raúl Pereira (Real Zaragoza) score=0.21 | Raul Pereira (Without Club) score=0.08,FC Azzurri LS 90,
Roger Martí,Cádiz,ambiguous,0.171428571428571,Roger Martínez (FC Barcelona Atlètic) score=0.17 | Roger Martínez (UD San Mauro) score=0.15 | Roger Martí (Without Club) score=0.08,FC Barcelona Atlètic,
Álex,Cádiz,ambiguous,0.327272727272727,Trent Alexander-Arnold (Real Madrid) score=0.33 | Alex Sandro (CR Flamengo) score=0.25 | Alex Oxlade-Chamberlain (Celtic FC) score=0.20,Real Madrid,
Carlos Muñoz,Córdoba CF,ambiguous,0.211764705882353,Sthefano Muñoz (Deportivo Coopsol) score=0.21 | Carlos Muñoz (San Marcos FC) score=0.21 | Roberto Muñoz (San Antonio FC) score=0.19,Deportivo Coopsol,
Dali,Córdoba CF,ambiguous,0.245454545454545,Shahrudin Mahammadaliyev (Qarabağ FK) score=0.25 | Tarik Tissoudali (Khor Fakkan SSC) score=0.24 | Facundo Nadalín (CA San Martín (San Juan)) score=0.20,Qarabağ FK,
Jan Salas,Córdoba CF,ambiguous,0.15,Jan Salas (RCD Mallorca) score=0.15 | Albert Salas (Club Destroyers) score=0.12,RCD Mallorca,
Pedro Ortiz,Córdoba CF,ambiguous,0.236842105263158,Pedro Ortiz (CD Santiago de Cuba) score=0.24 | Pedro Ortiz (CS Emelec) score=0.16 | Pedro Ortiz (Without Club) score=0.15,CD Santiago de Cuba,
Reque,Córdoba CF,ambiguous,0.327272727272727,César Tárrega (Valencia CF) score=0.33 | Dani Requena (Villarreal CF) score=0.28 | Gonzalo Requena (Krylya Sovetov Samara) score=0.17,Valencia CF,
Trilli,Córdoba CF,ambiguous,0.3,Trilli (Real Valladolid CF) score=0.30 | Anthony Petrilli (FC Chambly Oise) score=0.24 | Massimiliano Trillini (Fabriano Cerreto) score=0.17,Real Valladolid CF,
Álex Sala,Córdoba CF,ambiguous,0.214285714285714,Alex Salazar (Cultural CA Chocorosi) score=0.21 | Álex Sala (US Lecce) score=0.08 | Alex Salazar (Retired) score=0.08,Cultural CA Chocorosi,
NA,Cúcuta Deportivo,ambiguous,0.27,Young-u Na (Chung-Ang University) score=0.27 | Ramdinpuia NA (Reliance Foundation Young Champs U17) score=0.12 | Jun-yeong Na (Siheung City FC) score=0.11,Chung-Ang University,
Luis Barraza,DC United,ambiguous,0.3,Luis Barraza (Retired) score=0.30 | Luis Barraza (Inter Miami CF) score=0.13,Retired,
Brandão,Danubio,ambiguous,0.2,João Figueiredo (Johor Darul Ta'zim) score=0.20 | Kayky Almeida (Clube do Remo (PA)) score=0.11 | Junior Brandão (Without Club) score=0.08,Johor Darul Ta'zim,
E.Figueroa,Danubio,ambiguous,0.128571428571429,Hugo Camberos (Deportivo Guadalajara) score=0.13 | Carlos Cuesta (Clube de Regatas Vasco da Gama) score=0.09 | Alexéi Domínguez (CF Pachuca) score=0.09,Deportivo Guadalajara,
Facundo González,Danubio,ambiguous,0.207692307692308,Facundo González (Club Nacional) score=0.21 | Facundo González (CA Ituzaingó (Maldonado)) score=0.16 | Andrée Gonzalez (CA Atenas de San Carlos U19) score=0.13,Club Nacional,
Santiago Romero,Danubio,ambiguous,0.144,Santiago Romero (CA River Plate Montevideo) score=0.14 | Santiago Romero (Without Club) score=0.08 | Santiago Romero (Without Club) score=0.08,CA River Plate Montevideo,
Sergio Núñez,Danubio,ambiguous,0.204545454545455,Sergio Núñez (Juventud Santo Domingo) score=0.20 | Sergio Núñez (Barcelona SC Guayaquil) score=0.16 | Sergio Núñez (Pitbulls FC) score=0.08,Juventud Santo Domingo,
Valentin Sanchez,Danubio,ambiguous,0.16875,Valentín Sánchez (SD Textil Escudo) score=0.17 | Thiago Sanchez (CA Tigre II) score=0.16 | Valentín Sánchez (Unión San Felipe) score=0.16,SD Textil Escudo,
Marco Richter,Darmstadt 98,ambiguous,0.15,Marco Richter (Retired) score=0.15 | Marco Richter (1.FSV Mainz 05) score=0.13 | Marco Richter (TSV Rettigheim) score=0.13,Retired,
Niklas Schmidt,Darmstadt 98,ambiguous,0.16875,Tim Schmidt (SV Todesfelde II) score=0.17 | Niklas Schmidt (FC Wendelstein 2017) score=0.14 | Niklas Schmidt (SVE Comet Kiel) score=0.13,SV Todesfelde II,
Paul Will,Darmstadt 98,ambiguous,0.15,Paul Bracewell (Retired) score=0.15 | Paul Robinson (Retired) score=0.15 | Paul Gerrard (Retired) score=0.15,Retired,
Francisco González,Defensa y Justicia,ambiguous,0.15,Francisco González (CD O'Higgins) score=0.15 | Paco Mije (Retired) score=0.15 | Lemes (Retired) score=0.15,CD O'Higgins,
Gastón González,Defensa y Justicia,ambiguous,0.1,Tonti González (GE Glória (RS)) score=0.10 | Gastón González (CA Sarmiento (Junin)) score=0.05 | Gastón González (Club Deportivo Morón) score=0.04,GE Glória (RS),
Matías Miranda,Defensa y Justicia,ambiguous,0.15,Matías Miranda (CD Macará) score=0.15 | Matías Miranda (Cultural Maipú) score=0.15 | Matías Miranda (Without Club) score=0.10,CD Macará,
Matías Ramírez,Defensa y Justicia,ambiguous,0.242307692307692,Uriel Ramírez Kloster (CA Independiente (Chivilcoy)) score=0.24 | Matías Ramírez (CA Central Cordoba (Rosario)) score=0.21 | Leonardo Ramírez (Deportivo Guadalajara U19) score=0.18,CA Independiente (Chivilcoy),
José Álvarez,Defensor Sporting,ambiguous,0.105882352941176,Arturo Álvarez (Retired) score=0.11 | Álvarez (Retired) score=0.11 | Luciano Álvarez (Retired) score=0.11,Retired,
Kevin Prieto,Defensor Sporting,ambiguous,0.158823529411765,Kevin Prieto (Casa Pia AC) score=0.16 | Kevin Prieto (Retired) score=0.11,Casa Pia AC,
Lucas de los Santos,Defensor Sporting,ambiguous,0.158823529411765,Lucas de los Santos (Unknown) score=0.16 | Lucas De Los Santos (CA Villa Teresa) score=0.11,Unknown,
Maxi Gómez,Defensor Sporting,ambiguous,0.158823529411765,Maximiliano Gómez (Unknown) score=0.16 | Maxi Gómez (Club Nacional) score=0.05,Unknown,
Carlos Cuero,Delfin,ambiguous,0.1125,Carlos Cuero (SD Aucas) score=0.11 | Jhan Cuero (Rocha FC) score=0.00,SD Aucas,
Jesús Polo,Delfin,ambiguous,0.133333333333333,Jesús Polo (Independiente del Valle U20) score=0.13 | Jesús Polo (Retired) score=0.13,Independiente del Valle U20,
José Briceño,Delfin,ambiguous,0.128571428571429,Engelberth Briceño (Retired) score=0.13 | José Saúl Ramírez (Real Apodaca FC) score=0.12 | José Briceño (San Antonio Bulo Bulo) score=0.04,Retired,
Luis Castro,Delfin,ambiguous,0.16875,Luis Castro (AD San Carlos II) score=0.17 | Luis Castro (Unknown) score=0.13 | Miguel Castro (Retired) score=0.13,AD San Carlos II,
Maikel Caicedo,Delfin,ambiguous,0.2,Maikel Caicedo (LDU Quito) score=0.20 | Maikel Caicedo (Shabab Al-Ordon Club) score=0.09,LDU Quito,
Ricardo Phillips,Delfin,ambiguous,0.128571428571429,Ricardo Phillips (Retired) score=0.13 | Ricardo Phillips (Unknown) score=0.13 | Ricardo Phillips (CD Plaza Amador) score=0.12,Retired,
Bryan Goncalves,Dender,ambiguous,0.2,Bryan Goncalves (US Feulen) score=0.20 | Bryan Esteves (Fortaleza EC U20) score=0.11 | Bryan Goncalves (Without Club) score=0.00,US Feulen,
Bryan Soto,Deportes Iquique,ambiguous,0.16875,Bryan Sánchez (Without Club) score=0.17 | Bryan Soto (Audax Italiano) score=0.11 | Brayan Soto (Unknown) score=0.00,Without Club,
Diego Fernández,Deportes Iquique,ambiguous,0.171428571428571,Diego Güemes (CDE Atlético Mineros) score=0.17 | Diego Fernandez (FC Vernier II) score=0.17 | Diego Fernández (Without Club) score=0.17,CDE Atlético Mineros,
Juan Pablo Gómez,Deportes Iquique,ambiguous,0.225,Juan Pablo Gómez (Piratas FC) score=0.23 | Juan Pablo Gómez (Curicó Unido) score=0.17 | Juan Pablo Gomez (Club Always Ready) score=0.00,Piratas FC,
Luis Casanova,Deportes Iquique,ambiguous,0.16875,Luis Casanova (Without Club) score=0.17 | Luis Casanova (Retired) score=0.17 | Luis Casanova (---) score=0.00,Without Club,
Salvador Sánchez,Deportes Iquique,ambiguous,0.225,Salvador Sánchez (Huracanes Izcalli FC) score=0.23 | Salvador Sánchez (Retired) score=0.17 | Salvador Nuño (Retired) score=0.17,Huracanes Izcalli FC,
Francisco Romero,Deportes Limache,ambiguous,0.242307692307692,Francisco Romero (AA Estudiantes (Río Cuarto)) score=0.24 | Francisco Ferreira (Retired) score=0.17 | Francisco Romero (Retired) score=0.17,AA Estudiantes (Río Cuarto),
Guillermo Pacheco,Deportes Limache,ambiguous,0.225,Guillermo Pacheco (CD Cobresal) score=0.23 | Manuel Pacheco (---) score=0.00,CD Cobresal,
Luis Guerra,Deportes Limache,ambiguous,0.317647058823529,Luís Guerra (AD Ponte da Barca) score=0.32 | Luís Guerra (FC Bayern Alzenau II) score=0.18 | Luis Guerra (Retired) score=0.17,AD Ponte da Barca,
Luis Hernandez,Deportes Limache,ambiguous,0.225,Luis Hernández (Mineros de Zacatecas) score=0.23 | Luis Hernández (Correcaminos de la UAT II) score=0.18 | Luis Hernández (CD Victoria La Ceiba) score=0.18,Mineros de Zacatecas,
Nelson da Silva,Deportes Limache,ambiguous,0.225,Nelson Da Silva (CD Palestino) score=0.23 | Ariel Nicolas (Academia Pérolas Negras) score=0.19 | Nélson Morgado (Retired) score=0.17,CD Palestino,
NA,Deportes Tolima,ambiguous,0.18,Tae-min Na (Retired) score=0.18 | Young-hoon Na (Without Club) score=0.18 | Yoo-seong Na (Retired) score=0.18,Retired,
Calebe,Deportivo Alavés,ambiguous,0.225,Calebe Costa (Cuiabá Esporte Clube (MT)) score=0.23 | Calebe (Retired) score=0.21 | Calebe (Retired) score=0.21,Cuiabá Esporte Clube (MT),
Carlos Vicente,Deportivo Alavés,ambiguous,0.252,Jean Carlos (Clube Náutico Capibaribe) score=0.25 | Carlos Tenorio (Retired) score=0.21 | Everton Usina (Retired) score=0.21,Clube Náutico Capibaribe,
Andrés Correa,Deportivo Cali,ambiguous,0.192857142857143,Andrés Correa (Retired) score=0.19 | Andrés Correa (Once Caldas) score=0.19 | Andrés Correa (UNAM Pumas U19) score=0.00,Retired,
Juan Arango,Deportivo Cali,ambiguous,0.192857142857143,Juan Arango (Retired) score=0.19 | Juan Arango (Retired) score=0.19 | Juan Arango (Girona FC B) score=0.13,Retired,
Julián Quiñónes,Deportivo Cali,ambiguous,0.192857142857143,Julián Quiñónes (Without Club) score=0.19 | Julián Quiñones (Al-Qadsiah FC) score=0.06,Without Club,
Matías López,Deportivo Cali,ambiguous,0.471428571428571,Matias Lopez (CS Deportivo Graneros) score=0.47 | Matías López (Deportivo Pereira U20) score=0.47 | Matías López (CD Platense Zacatecoluca Reserve) score=0.20,CS Deportivo Graneros,
NA,Deportivo Cali,ambiguous,0.2,Ramdinpuia NA (Reliance Foundation Young Champs U17) score=0.20 | Tae-min Na (Retired) score=0.19 | Young-hoon Na (Without Club) score=0.19,Reliance Foundation Young Champs U17,
Luis Arroyo,Deportivo Cuenca,ambiguous,0.225,Luis Arroyo (Retired) score=0.23 | Luis Arroyo (Retired) score=0.23 | Fabián Arroyo (Indian Hills Community College) score=0.18,Retired,
Luis Estupiñán,Deportivo Cuenca,ambiguous,0.163636363636364,Luis Estupiñán (Técnico Universitario) score=0.16 | Luis Estupiñán (---) score=0.00,Técnico Universitario,
Richard Calderón,Deportivo Cuenca,ambiguous,0.225,Wálter Calderón (Retired) score=0.23 | Richard Calderón (CD Aampetra) score=0.11,Retired,
NA,Deportivo Pasto,ambiguous,0.2,Ramdinpuia NA (Reliance Foundation Young Champs U17) score=0.20 | Tae-min Na (Retired) score=0.18 | Yoo-seong Na (Retired) score=0.18,Reliance Foundation Young Champs U17,
Gustavo Torres,Deportivo Pereira,ambiguous,0.264705882352941,Gustavo Torres (Retired) score=0.26 | Gustavo Alejandro Torres (Retired) score=0.26 | Gustavo Torres (Retired) score=0.26,Retired,
NA,Deportivo Pereira,ambiguous,0.264705882352941,Tae-min Na (Retired) score=0.26 | Yoo-seong Na (Retired) score=0.26 | Young-u Na (Chung-Ang University) score=0.18,Retired,
Edgar Gonzalez,Deportivo Recoleta,ambiguous,0.25,Edgar González (Retired) score=0.25 | Edgar González (Retired) score=0.25 | Édgar González (Retired) score=0.25,Retired,
Fernando Silva,Deportivo Recoleta,ambiguous,0.25,Fernando Bob (Retired) score=0.25 | Serginho (Retired) score=0.25 | Zé Nando (Retired) score=0.25,Retired,
Hernán Pérez,Deportivo Recoleta,ambiguous,0.25,Luis Pérez (Retired) score=0.25 | Hernán Pérez (Retired) score=0.25 | Hernán Pérez (Retired) score=0.25,Retired,
Iván Torres,Deportivo Recoleta,ambiguous,0.36,Iván Torres (Club Sportivo San Lorenzo) score=0.36 | Iván Torres (Retired) score=0.25 | Bruno Iván (Juventud Torremolinos B) score=0.23,Club Sportivo San Lorenzo,
José Núñez,Deportivo Recoleta,ambiguous,0.25,José Núñez (Retired) score=0.25 | José Núñez (Club 12 de Octubre de Itauguá) score=0.21 | Wilmar Núñez (Without Club) score=0.20,Retired,
Luis Espinola,Deportivo Recoleta,ambiguous,0.25,Luis Espínola (Retired) score=0.25 | Luis Espínola (Retired) score=0.25 | Luis Espínola (CSD Ovalle) score=0.15,Retired,
Nelson González,Deportivo Recoleta,ambiguous,0.25,Nelson González (Retired) score=0.25 | Nelson González (Unknown) score=0.05 | Nelson González (Unknown) score=0.05,Retired,
Santiago Vera,Deportivo Riestra,ambiguous,0.317647058823529,Santiago Vera (Sporting Company) score=0.32 | Santiago Vera (Municipal Tiquipaya) score=0.14 | Santiago Vera (Club Almirante Brown) score=0.09,Sporting Company,
Jesús Alejandro Quintero,Deportivo Táchira,ambiguous,0.25,Jesús Alejandro Quintero (Without Club) score=0.25 | Jesús Quintero (Caracas FC) score=0.15,Without Club,
Roberto Rosales,Deportivo Táchira,ambiguous,0.195652173913043,Roberto Rosales (Academia Puerto Cabello) score=0.20 | Paulo Rosales (Retired) score=0.15 | Carlos Rosales (Retired) score=0.15,Academia Puerto Cabello,
Esteban Valencia,Deportivo Ñublense SADP,ambiguous,0.195652173913043,Esteban Valencia (Retired) score=0.20 | Esteban Valencia (CD Cobresal) score=0.20 | Leonel Valencia (Without Club) score=0.16,Retired,
G.Segura,Deportivo Ñublense SADP,ambiguous,0.234782608695652,Eddie Segura (Los Angeles FC) score=0.23 | Pável Pardo (Retired) score=0.20 | Toni Moral (Retired) score=0.20,Los Angeles FC,
Martín Rodríguez,Deportivo Ñublense SADP,ambiguous,0.195652173913043,Pablo Rodríguez (Retired) score=0.20 | Raúl Martín (Retired) score=0.20 | Martín Rodríguez (Retired) score=0.20,Retired,
Patricio Rubio,Deportivo Ñublense SADP,ambiguous,0.195652173913043,Patricio Rubio (Unión Española) score=0.20 | Patri (Retired) score=0.20,Unión Española,
Pedro Sánchez,Deportivo Ñublense SADP,ambiguous,0.352173913043478,Pedro Sánchez (Deportes Recoleta) score=0.35 | Juanpe Sánchez (Atlético Santa Cruz) score=0.23 | Perico (Retired) score=0.20,Deportes Recoleta,
Rodrigo González,Deportivo Ñublense SADP,ambiguous,0.430434782608696,Walter González (Sportivo Luqueño) score=0.43 | Rodrigo González (Deportes Temuco) score=0.31 | Martin Gonzalez (KÍ Klaksvík) score=0.20,Sportivo Luqueño,
Sebastián Valencia,Deportivo Ñublense SADP,ambiguous,0.5,Sebastián Valencia (CD Ñublense) score=0.50 | Sebastián Valenciano (Deportivo Saprissa II) score=0.47 | Sebastián Valencia (Millonarios FC) score=0.16,CD Ñublense,
Gonzalo Villar,Dinamo Zagreb,ambiguous,0.207692307692308,Gender Villarreal (Without Club) score=0.21 | Gonzalo Villarreal (Club Atlético Gimnasia y Esgrima (Jujuy)) score=0.14 | Gonzalo Villar (Elche CF) score=0.07,Without Club,
Clark Robertson,Dundee,ambiguous,0.192857142857143,Clark Robertson (Brunei DPMM FC) score=0.19 | Archie Robertson (---) score=0.00,Brunei DPMM FC,
Francisco Valenzuela,Dundee,ambiguous,0.16875,Francisco Valenzuela (CF Monterrey U21) score=0.17 | Francisco Valenzuela (CD Vicente Pérez Rosales) score=0.14 | Luis Valenzuela (Unknown) score=0.13,CF Monterrey U21,
Luke Graham,Dundee,ambiguous,0.128571428571429,Luke Graham (Retired) score=0.13 | Kyle Graham (Unknown) score=0.13 | Luke Graham (Stoke City) score=0.09,Retired,
Scott Wright,Dundee,ambiguous,0.163636363636364,Scott Wright (Whitburn FC) score=0.16 | Scott Wright (Unknown) score=0.13 | Scott Wright (Without Club) score=0.08,Whitburn FC,
Dave Richards,Dundee United,ambiguous,0.276923076923077,Dave Richardson (Retired) score=0.28 | Dave Richards (Without Club) score=0.00,Retired,
Johnny Russell,Dundee United,ambiguous,0,Johnny Russell (Without Club) score=0.00 | Johnny Russell (---) score=0.00,Without Club,
Ryan Strain,Dundee United,ambiguous,0.0692307692307692,Ryan Waide (Glenavon FC) score=0.07 | Ryan Strain (Without Club) score=0.00,Glenavon FC,
Robert Wagner,Dynamo Dresden,ambiguous,0.741176470588235,Robert Wagner (SG Dynamo Dresden) score=0.74 | Robert Wagner (Dynamo Dresden U19) score=0.70 | Robert Wagner (Düneberger SV III) score=0.20,SG Dynamo Dresden,
Thomas Keller,Dynamo Dresden,ambiguous,0.192857142857143,Thomas Keller (Career break) score=0.19 | Thomas Kellert (Retired) score=0.19 | Thomas Kellermann (Retired) score=0.19,Career break,
Bilu,EC Juventude,ambiguous,0.207692307692308,Ramy Fabilus (Real Hope Football Academy) score=0.21 | Oz Bilu (Maccabi Netanya) score=0.18 | Ivan Bilus (Retired) score=0.15,Real Hope Football Academy,
Caique,EC Juventude,ambiguous,0.1875,Caíque França (Guarani Futebol Clube (SP)) score=0.19 | Caique (Grêmio Osasco Audax (SP) U20) score=0.17 | Caique Chagas (FK Otrant-Olympic Ulcinj) score=0.15,Guarani Futebol Clube (SP),
Cipriano,EC Juventude,ambiguous,0.225,Marquinhos Cipriano (FC Sion) score=0.23 | Armando Zamorano (CD Suchitepéquez) score=0.21 | Cipriano (Brusque Futebol Clube (SC)) score=0.19,FC Sion,
Daniel Giraldo,EC Juventude,ambiguous,0.158823529411765,Dani Giraldo (CD Valdelacalzada) score=0.16 | Daniel Giraldo (Deportivo Cali) score=0.13 | Daniel Giraldo (Barranquilla FC U20) score=0.09,CD Valdelacalzada,
Ewerthon,EC Juventude,ambiguous,0.333333333333333,Ewerthon (Crato EC) score=0.33 | Ewerthon (SC Humaitá) score=0.30 | Ewerthon (Atlético Clube Goianiense) score=0.24,Crato EC,
Felipinho,EC Juventude,ambiguous,0.18,Felipinho (Club Athletico Paranaense) score=0.18 | Felipinho (Zumbi Esporte Clube (AL) U20) score=0.17 | Felipinho (Retired) score=0.15,Club Athletico Paranaense,
Gabriel Veron,EC Juventude,ambiguous,0.225,Gabriel Veron (FC Porto) score=0.23 | Cristian Verón (Retired) score=0.15 | Lucas Verón (Club Atlético Mar del Plata) score=0.13,FC Porto,
Garcez,EC Juventude,ambiguous,0.158823529411765,Maurício Garcez (Associação Chapecoense de Futebol) score=0.16 | Mathieu Gomes (Retired) score=0.15 | André Garcez (Retired) score=0.15,Associação Chapecoense de Futebol,
Gilberto,EC Juventude,ambiguous,0.18,Gilberto (Club Athletico Paranaense) score=0.18 | Gilberto Silva (Retired) score=0.15 | Gilberto García (Retired) score=0.15,Club Athletico Paranaense,
Giovanny,EC Juventude,ambiguous,0.3,Giovanny Lamiaux (FC Dieppe) score=0.30 | Giovanny Ávalos (CD Ñublense) score=0.30 | Giovanny Milesi (RC Épernay Champagne) score=0.18,FC Dieppe,
Hudson,EC Juventude,ambiguous,0.15,Alan Hudson (Retired) score=0.15 | Húdson (Retired) score=0.15 | Mark Hudson (Retired) score=0.15,Retired,
Igor Marques,EC Juventude,ambiguous,0.18,Igor Formiga (Mirassol Futebol Clube (SP)) score=0.18 | Igor Marques (Retired) score=0.15 | Igor Marques (Without Club) score=0.08,Mirassol Futebol Clube (SP),
João Paulo,EC Juventude,ambiguous,0.25,Lourenço (Goiás EC) score=0.25 | Paulinho (Deportivo Toluca) score=0.23 | Paulinho Santos (Retired) score=0.15,Goiás EC,
Jádson,EC Juventude,ambiguous,0.18,Jádson (Club Athletico Paranaense) score=0.18 | Jádson (Retired) score=0.15 | Jádson Viera (Retired) score=0.15,Club Athletico Paranaense,
Luan,EC Juventude,ambiguous,0.225,Luan (Deportivo Toluca) score=0.23 | Luan Cândido (Esporte Clube Vitória) score=0.20 | Luan (São Paulo Futebol Clube) score=0.19,Deportivo Toluca,
Lucas Fernandes,EC Juventude,ambiguous,0.16875,Lucas Fernandes (São Bernardo FC) score=0.17 | Lucas Fernandes (Rio Preto EC (SP) U20) score=0.17 | Lukas Fernandes (Retired) score=0.15,São Bernardo FC,
Marcão,EC Juventude,ambiguous,0.15,Marcão (Retired) score=0.15 | Marcão (Retired) score=0.15 | Marcão (Retired) score=0.15,Retired,
Marlon,EC Juventude,ambiguous,0.236842105263158,Felipe Chávez (FC Bayern Munich II) score=0.24 | Marlone (Brasiliense FC (DF)) score=0.16 | Marlon Harewood (Retired) score=0.15,FC Bayern Munich II,
Nata,EC Juventude,ambiguous,0.3,Óscar Estupiñán (FC Juárez) score=0.30 | Jhon Jhon (Zenit St. Petersburg) score=0.19 | Jonatan Maidana (Retired) score=0.15,FC Juárez,
Nenê,EC Juventude,ambiguous,0.16875,Levy Nene (FC Nordsjaelland) score=0.17 | Nené (Retired) score=0.15 | Nenê (Avs Futebol) score=0.15,FC Nordsjaelland,
Peixoto,EC Juventude,ambiguous,0.18,Renan Peixoto (Club Athletico Paranaense) score=0.18 | César Peixoto (Retired) score=0.15 | Henrique (Retired) score=0.15,Club Athletico Paranaense,
Petterson,EC Juventude,ambiguous,0.1875,Petterson (Brusque Futebol Clube (SC)) score=0.19 | Andy Petterson (Retired) score=0.15 | Steen Petterson (Retired) score=0.15,Brusque Futebol Clube (SC),
Carlinhos,EC Vitória,ambiguous,0.225,Carlinhos (Clube do Remo (PA)) score=0.23 | Carlinhos (Retired) score=0.16 | Carlinhos Bala (Retired) score=0.16,Clube do Remo (PA),
Carlos Eduardo,EC Vitória,ambiguous,0.257142857142857,Eduardo (EC Passo Fundo) score=0.26 | Cadu (Ferencvárosi TC) score=0.23 | Carlos Eduardo (Retired) score=0.16,EC Passo Fundo,
Dudu,EC Vitória,ambiguous,0.195652173913043,Dudu (Clube Atlético Mineiro) score=0.20 | Dudu (Club Athletico Paranaense) score=0.18 | Dudu (Club Athletico Paranaense) score=0.18,Clube Atlético Mineiro,
Edu,EC Vitória,ambiguous,0.327272727272727,Pepê (FC Porto) score=0.33 | Eduardo Camavinga (Real Madrid) score=0.16 | Eduardo Salvio (CA Lanús) score=0.16,FC Porto,
Erick,EC Vitória,ambiguous,0.236842105263158,Erick Pulga (Esporte Clube Bahia) score=0.24 | Joane Gadou (Borussia Dortmund) score=0.21 | Pierre-Emerick Aubameyang (Olympique Marseille) score=0.19,Esporte Clube Bahia,
Fabrício,EC Vitória,ambiguous,0.207692307692308,Fabrício (CR Aquidauana) score=0.21 | Fabricio Bustos (CA River Plate) score=0.19 | Fabrício (Esporte Clube São Bento (SP)) score=0.17,CR Aquidauana,
Felipe Cardoso,EC Vitória,ambiguous,0.216,Felipe Cardoso (Clube Náutico Capibaribe) score=0.22 | Felipe (GE Juventus (SC)) score=0.19 | Luizinho (Canaã EC U20) score=0.17,Clube Náutico Capibaribe,
Gabriel,EC Vitória,ambiguous,0.327272727272727,Gabriel Veron (FC Porto) score=0.33 | Gabriel Paulista (Sport Club Corinthians Paulista) score=0.20 | Gabriel Milito (Retired) score=0.16,FC Porto,
Janderson,EC Vitória,ambiguous,0.163636363636364,Janderson (Göztepe) score=0.16 | Janderson (Retired) score=0.16 | Janderson (Retired) score=0.16,Göztepe,
Lucas Halter,EC Vitória,ambiguous,0.105882352941176,Lucas Halter (Houston Dynamo FC) score=0.11 | Lucas Halter (Zeller FV) score=0.08,Houston Dynamo FC,
Léo,EC Vitória,ambiguous,0.189473684210526,Leonardo Balerdi (Olympique Marseille) score=0.19 | Hugo de León (Retired) score=0.16 | Leonardo Ponzio (Retired) score=0.16,Olympique Marseille,
Maykon,EC Vitória,ambiguous,0.257142857142857,Maykon Jesus (Grêmio Novorizontino) score=0.26 | Maykon (Boston City Futebol Clube Brasil) score=0.20 | Maykon (Paulista FC (SP)) score=0.19,Grêmio Novorizontino,
Osvaldo,EC Vitória,ambiguous,0.163636363636364,Nico Gaitán (Retired) score=0.16 | Juninho Paulista (Retired) score=0.16 | Osvaldo Ardiles (Retired) score=0.16,Retired,
Paulo Almeida,EC Vitória,ambiguous,0.245454545454545,Tika (GD Campia) score=0.25 | Paulinho (CF Os Marialvas) score=0.24 | Paulo Sérgio (Retired) score=0.16,GD Campia,
Pepê,EC Vitória,ambiguous,0.327272727272727,Pepê (FC Porto) score=0.33 | Pepe Mena (Recreativo Huelva) score=0.26 | Pepe Reina (Retired) score=0.16,FC Porto,
Ramon,EC Vitória,ambiguous,0.163636363636364,Jacobo Ramón (Como 1907) score=0.16 | José Ramón Alexanko (Retired) score=0.16 | Lucas Barrios (Retired) score=0.16,Como 1907,
Romarinho,EC Vitória,ambiguous,0.2,Romarinho (Criciúma EC) score=0.20 | Romarinho (Criciúma EC U20) score=0.17 | Romarinho (Retired) score=0.16,Criciúma EC,
Ronald,EC Vitória,ambiguous,0.225,Ronald Araujo (FC Barcelona) score=0.23 | Ronaldo (Retired) score=0.16 | Ronaldão (Retired) score=0.16,FC Barcelona,
Ruben Rodrigues,EC Vitória,ambiguous,0.225,Ruben Rodrigues (FC Alisontia Steinsel II) score=0.23 | Rúben Rodrigues (SC Lourinhanense) score=0.17 | Rúben Rodrigues (Retired) score=0.16,FC Alisontia Steinsel II,
Rúben Ramos,EC Vitória,ambiguous,0.45,Rúben Ismael (Esporte Clube Vitória) score=0.45 | Ruby (CD Inter Ibiza) score=0.32 | Rúben Ramos (GD Águias Moradal) score=0.32,Esporte Clube Vitória,
Thiago Couto,EC Vitória,ambiguous,0.28125,Thiago Couto (FC Ska Brasil (SP)) score=0.28 | Thiago Couto (Sport Club do Recife) score=0.23 | Thiago Couto (Retired) score=0.16,FC Ska Brasil (SP),
Willian,EC Vitória,ambiguous,0.28421052631579,Willian Pacho (Paris Saint-Germain) score=0.28 | Willian José (Esporte Clube Bahia) score=0.24 | Willian (Grêmio Foot-Ball Porto Alegrense) score=0.19,Paris Saint-Germain,
Hugo García,Eibar,ambiguous,0.257142857142857,Hugo García (Retired) score=0.26 | Hugo García (Atlético Arteixo) score=0.21 | Hugo da Silva (FC Orania Vianden) score=0.11,Retired,
Marco Moreno,Eibar,ambiguous,0.257142857142857,Marco Moreno (Retired) score=0.26 | Marco Moreno (Esporte Clube Bahia) score=0.14,Retired,
Levente Szabó,Eintracht Braunschweig,ambiguous,0.204545454545455,Levente Szabó (Andornaktálya SE) score=0.20 | Levente Szabó (Úrkút SK) score=0.16 | Levente Szabó (Magyar TE SE) score=0.16,Andornaktálya SE,
Sven Köhler,Eintracht Braunschweig,ambiguous,0.163636363636364,Sven Köhler (Retired) score=0.16 | Sven Köhler (Retired) score=0.16 | Sven Köhler (Grasshopper Club Zurich) score=0.08,Retired,
Alexander Staff,Eintracht Frankfurt,ambiguous,0.142105263157895,Alexander Staffe (Aalborg Freja IK) score=0.14 | Alexander Staff (1.FC Saarbrücken) score=0.05,Aalborg Freja IK,
Nathaniel Brown,Eintracht Frankfurt,ambiguous,0.142105263157895,Nathaniel Brown (Bayern Munich) score=0.14 | Nathaniel Brown (---) score=0.00,Bayern Munich,
Rasmus Kristensen,Eintracht Frankfurt,ambiguous,0.236842105263158,Rasmus Kristensen (Without Club) score=0.24 | Rasmus Kristensen (Without Club) score=0.24 | Rasmus Kristensen (Without Club) score=0.24,Without Club,
Andrés Mena,El Nacional,ambiguous,0.257142857142857,Javier Mena (Deportivo Cali) score=0.26 | Andrés Mena (SD Aucas) score=0.25 | Camilo Mena (Lechia Gdansk) score=0.21,Deportivo Cali,
Bryan Hernández,El Nacional,ambiguous,0.216,Bryan Hernández (FA El Vigía Fútbol Club) score=0.22 | Brayan Hernández (Deportivo Guastatoya) score=0.18 | Bryan Hernández (Delfín SC) score=0.16,FA El Vigía Fútbol Club,
Bryan Rivera,El Nacional,ambiguous,0.163636363636364,Bryan Rivera (Unknown) score=0.16 | Bryan Rivera (G.A.M. Sica Sica) score=0.12 | Bryan Rivera (Estudiantes de Mérida) score=0.08,Unknown,
Bryan de Jesús,El Nacional,ambiguous,0.245454545454545,Bryan de Jesús (CD La Union) score=0.25 | Bryan De Jesus Teran (Slovan Modra) score=0.23 | Bryan Sandoval (Acámbaro FC) score=0.15,CD La Union,
David Cabezas,El Nacional,ambiguous,0.142105263157895,David Cabezas (Pobla de Mafumet CF) score=0.14 | Juan David Cabezas (Without Club) score=0.00 | David Cabezas (Libertad FC) score=0.00,Pobla de Mafumet CF,
Edison Caicedo,El Nacional,ambiguous,0.105882352941176,Edison Caicedo (LDU de Portoviejo) score=0.11 | Eber Caicedo (Without Club) score=0.00,LDU de Portoviejo,
Fernando Mora,El Nacional,ambiguous,0.225,David Morales (CD Victoria La Ceiba) score=0.23 | Fernando Morales (Unknown) score=0.16 | Luiz Fernando (Fortaleza Esporte Clube) score=0.16,CD Victoria La Ceiba,
José Flor,El Nacional,ambiguous,0.225,José Flores (Club Tijuana U21) score=0.23 | José Flores (Deportiva Venados) score=0.21 | Alonso Flores (Club Atlético Morelia) score=0.20,Club Tijuana U21,
Leodan Chalá,El Nacional,ambiguous,0,Wálter Chalá (Without Club) score=0.00 | Leodan Chalá (Without Club) score=0.00,Without Club,
Marco Montaño,El Nacional,ambiguous,0.0818181818181818,Marco Montaño (CD Olmedo) score=0.08 | Marco Montaño (Without Club) score=0.00,CD Olmedo,
André Silva,Elche,ambiguous,0.257142857142857,André Silva (Retired) score=0.26 | Amaral (Retired) score=0.26 | Mauro Almeida (Retired) score=0.26,Retired,
Morad,Elche,ambiguous,0.257142857142857,Moradei (Retired) score=0.26 | Obed Enamorado (Retired) score=0.26 | Morad Gloub (Retired) score=0.26,Retired,
Rafa Mir,Elche,ambiguous,0.18,Rafa Mir (Sevilla FC) score=0.18 | Rafa Miranda (Vieira SC) score=0.10,Sevilla FC,
Rodrigo Mendoza,Elche,ambiguous,0.257142857142857,Rodrigo Mendoza (Retired) score=0.26 | Rodrigo Mendoza (Retired) score=0.26 | Rodrigo Mendoza (Atlético de Madrid) score=0.14,Retired,
Álvaro Núñez,Elche,ambiguous,0.257142857142857,Álvaro Núñez (Retired) score=0.26 | Álvaro Nuñez (Retired) score=0.26 | Álvaro Núñez (Retired) score=0.26,Retired,
Alexander González,Emelec,ambiguous,0.257142857142857,Enllelbert González (Retired) score=0.26 | Edwin González (Retired) score=0.26 | Williams Gónzalez (Retired) score=0.26,Retired,
Christian Cueva,Emelec,ambiguous,0.05,Christian Cuevas (Club Garcia Agreda) score=0.05 | Christian Cueva (Sport Boys Association) score=0.04,Club Garcia Agreda,
J.Rodríguez,Emelec,ambiguous,0.257142857142857,Vicente (Retired) score=0.26 | Clemente Rodríguez (Retired) score=0.26 | Maxi Rodríguez (Retired) score=0.26,Retired,
Joao Quiñónez,Emelec,ambiguous,0.09,Joao Quiñónez (Real Oruro) score=0.09 | Joao Quiñónez (Without Club) score=0.08,Real Oruro,
Josué Palma,Emelec,ambiguous,0.135,Josué Palma (LD Alajuelense Youth) score=0.14 | Josue Palma (Génesis / Policía Nacional FC) score=0.12 | Josué Palma (Without Club) score=0.08,LD Alajuelense Youth,
José Angulo,Emelec,ambiguous,0.257142857142857,José Angulo (Retired) score=0.26 | Kévin Angulo (CA Independiente) score=0.17 | Jalisthon Angulo (Independiente del Valle U20) score=0.13,Retired,
Luis Castillo,Emelec,ambiguous,0.257142857142857,Luis Castillo (Retired) score=0.26 | Luis Castillo (Retired) score=0.26 | Luis Castillo (E.M. Huanuni) score=0.16,Retired,
Marcelo Meli,Emelec,ambiguous,0.257142857142857,Marcelo Melián (Retired) score=0.26 | Marcelo Meli (CS Deportivo Madryn) score=0.09,Retired,
Antonio Candela,Empoli,ambiguous,0.207692307692308,Antonio Candela (Spezia Calcio) score=0.21 | Paco Candela (Without Club) score=0.15 | Moisés Candelario (Retired) score=0.13,Spezia Calcio,
Marco Nasti,Empoli,ambiguous,0.15,Marco Nasti (US Cremonese) score=0.15 | Marco Nasti (Retired) score=0.13,US Cremonese,
Nicolas Haas,Empoli,ambiguous,0.15,Nicolas Haas (Without Club) score=0.15 | Nicolas Haas (FSV Waldbrunn) score=0.07,Without Club,
Pietro Pellegri,Empoli,ambiguous,0.128571428571429,Pietro Pellegrini (Retired) score=0.13 | Pietro Pellegri (Torino FC) score=0.10,Retired,
Rareş Ilie,Empoli,ambiguous,0.2,Rareș Iliescu (CS Blejoi) score=0.20 | Rareș Ilie (OGC Nice) score=0.11,CS Blejoi,
José Salinas,Espanyol,ambiguous,0.333333333333333,José Salinas (RCD Espanyol Barcelona) score=0.33 | Héctor Salinas (UD Los Garres) score=0.14 | José Salinas (---) score=0.00,RCD Espanyol Barcelona,
Kike,Espanyol,ambiguous,0.333333333333333,Kike García (RCD Espanyol Barcelona) score=0.33 | Cristian Olivera (Esporte Clube Bahia) score=0.19 | Kike Salas (Sevilla FC) score=0.09,RCD Espanyol Barcelona,
Leandro Cabrera,Espanyol,ambiguous,0.333333333333333,Leandro Cabrera (RCD Espanyol Barcelona) score=0.33 | Leandro Cabrera (Without Club) score=0.08 | Leandro Cabrera (Retired) score=0.00,RCD Espanyol Barcelona,
Marko Dmitrović,Espanyol,ambiguous,0.333333333333333,Marko Dmitrovic (RCD Espanyol Barcelona) score=0.33 | Marko Dmitrovic (FK Bratstvo 2019 Prigrevica) score=0.07,RCD Espanyol Barcelona,
Miguel Ángel Rubio,Espanyol,ambiguous,0.333333333333333,Miguel Rubio (RCD Espanyol Barcelona) score=0.33 | Miguel Rubio (Retired) score=0.00,RCD Espanyol Barcelona,
Roberto Fernández,Espanyol,ambiguous,0.333333333333333,Roberto Fernández (RCD Espanyol Barcelona) score=0.33 | Nicolás Fernández (CA Peñarol) score=0.33 | Roberto Fernández (Akron Tolyatti) score=0.19,RCD Espanyol Barcelona,
Rubén Duarte,Espanyol,ambiguous,0,Rubén Duarte (UNAM Pumas) score=0.00 | Rúben Rendeiro (CD Trofense) score=0.00,UNAM Pumas,
Alejandro Marqués,Estoril,ambiguous,0.28421052631579,Álex Marqués (RC Deportivo Fabril) score=0.28 | Alejandro Marqués (Without Club) score=0.23,RC Deportivo Fabril,
Fabrício Garcia,Estoril,ambiguous,0.39375,Fabrício Garcia (GD Estoril Praia) score=0.39 | Serafín García (Retired) score=0.26 | Fabricio García (Without Club) score=0.23,GD Estoril Praia,
Ferro,Estoril,ambiguous,0.39375,Ferro (GD Estoril Praia) score=0.39 | Óscar Ferro (Retired) score=0.26 | Damiano Ferronetti (Retired) score=0.26,GD Estoril Praia,
Jandro Orellana,Estoril,ambiguous,0.39375,Jandro Orellana (GD Estoril Praia) score=0.39 | Henry Orellana (Without Club) score=0.23 | Kevin Orellana (Naval de Talcahuano) score=0.09,GD Estoril Praia,
Joel Robles,Estoril,ambiguous,0.39375,Joel Robles (GD Estoril Praia) score=0.39 | Ronald Robles (Without Club) score=0.23 | Jordan Robles (Alianza FC II) score=0.07,GD Estoril Praia,
João Carvalho,Estoril,ambiguous,0.39375,João Carvalho (GD Estoril Praia) score=0.39 | David Joao Carvalho Gomes Gaspar Carimo (Alisontia Steinsel U17) score=0.16 | João Carvalho (SC Gonçalense) score=0.14,GD Estoril Praia,
Pedro Amaral,Estoril,ambiguous,0.225,Pedro Amaral (Without Club) score=0.23 | Rui Santos (CCDR Vila Cortez) score=0.11 | Pedro Barata (CD Pinhalnovense) score=0.06,Without Club,
Peixinho,Estoril,ambiguous,0.39375,Peixinho (GD Estoril Praia) score=0.39 | Peixinho (Retired) score=0.26 | Peixinho (Retired) score=0.26,GD Estoril Praia,
Pizzi,Estoril,ambiguous,0.257142857142857,Pizzi (Retired) score=0.26 | Fausto Pizzi (Retired) score=0.26 | Juan Antonio Pizzi (Retired) score=0.26,Retired,
Tiago Brito,Estoril,ambiguous,0.39375,Tiago Brito (GD Estoril Praia) score=0.39 | João Tiago (Retired) score=0.26 | Tiago Brito (Retired) score=0.26,GD Estoril Praia,
Xeka,Estoril,ambiguous,0.39375,Xeka (GD Estoril Praia) score=0.39 | Orges Xeka (Retired) score=0.26 | Gojardo Xeka (Retired) score=0.26,GD Estoril Praia,
Kikas,Estrela Amadora,ambiguous,0.18,Kikas (Retired) score=0.18 | Kikas (Retired) score=0.18 | Tauno Kikas (Retired) score=0.18,Retired,
Renan Ribeiro,Estrela Amadora,ambiguous,0.190909090909091,Luiz Renan (Coimbra Esporte Clube Ltda U20 (MG)) score=0.19 | Wagner (Retired) score=0.18 | Renan Ribeiro (Without Club) score=0.12,Coimbra Esporte Clube Ltda U20 (MG),
Ryan,Estrela Amadora,ambiguous,0.24,Henrikh Mkhitaryan (Inter Milan) score=0.24 | Ryan Giggs (Retired) score=0.18 | Bryan Gil (Girona FC) score=0.18,Inter Milan,
Alexis Castro,Estudiantes,ambiguous,0.353571428571429,Alexis Castro (Club Estudiantes de La Plata) score=0.35 | Iban Castro (Without Club) score=0.08 | Alexis Castro (Blagnac FC B) score=0.00,Club Estudiantes de La Plata,
F.Escudero,Estudiantes,ambiguous,0.353571428571429,Fabricio Pérez (Club Estudiantes de La Plata) score=0.35 | Sergio Ariel Escudero (Edo All United) score=0.26 | José Mari Bakero (Retired) score=0.25,Club Estudiantes de La Plata,
Facundo Farías,Estudiantes,ambiguous,0.353571428571429,Facundo Farías (Club Estudiantes de La Plata) score=0.35 | Fabio Farías (Without Club) score=0.08 | Facundo Farías (Without Club) score=0.08,Club Estudiantes de La Plata,
Gabriel Neves,Estudiantes,ambiguous,0.353571428571429,Gabriel Neves (Club Estudiantes de La Plata) score=0.35 | Gabriel Neves (CS Sinop) score=0.25 | Gabriel Neves (Retired) score=0.25,Club Estudiantes de La Plata,
José Sosa,Estudiantes,ambiguous,0.353571428571429,José Sosa (Club Estudiantes de La Plata) score=0.35 | José Sosa (Retired) score=0.25 | José Sosa (Unknown) score=0.16,Club Estudiantes de La Plata,
Román Gómez,Estudiantes,ambiguous,0.189473684210526,Román Gómez (Esporte Clube Bahia) score=0.19 | Román Gómez (CAS Defensores de Belgrano (Villa Ramallo)) score=0.11 | Román Avakian Gómez (1.FSV Mainz 05 U17) score=0.10,Esporte Clube Bahia,
Santiago Núñez,Estudiantes,ambiguous,0.353571428571429,Santiago Núñez (Club Estudiantes de La Plata) score=0.35 | Chas (Retired) score=0.25 | Felipe Núñez (Unknown) score=0.16,Club Estudiantes de La Plata,
Tiago Palacios,Estudiantes,ambiguous,0.353571428571429,Tomás Palacios (Club Estudiantes de La Plata) score=0.35 | Tiago Palacios (Club Estudiantes de La Plata) score=0.35 | Hayen Palacios (Club Athletico Paranaense) score=0.22,Club Estudiantes de La Plata,
Diego Hernández,Everton,ambiguous,0.207692307692308,Diego Barri (CD Castellón) score=0.21 | Diego Hernandez (Tatra Sokolany) score=0.19 | Diego Hernández (Cimarrones de Sonora) score=0.18,CD Castellón,
Idrissa Gueye,Everton,ambiguous,0.128571428571429,Idrissa Gueye (Udinese Calcio) score=0.13 | Idrissa Gueye (Without Club) score=0.08,Udinese Calcio,
Ignacio González,Everton,ambiguous,0.128571428571429,Ignacio González (Retired) score=0.13 | Sebastián González (Retired) score=0.13 | Ignacio González (Retired) score=0.13,Retired,
Ignacio Ramírez,Everton,ambiguous,0.207692307692308,Christian Ramírez (San Benito FC) score=0.21 | Ignacio Ramírez (CA Newell's Old Boys) score=0.14 | José Ramírez (Retired) score=0.13,San Benito FC,
Juan Delgado,Everton,ambiguous,0.189473684210526,Juan Delgado (Deportes Santa Cruz) score=0.19 | Carlos Sanjuán (CE Alberic Promeses) score=0.19 | Juan Delgado (Retired) score=0.13,Deportes Santa Cruz,
Emil Hansson,Excelsior,ambiguous,0,Emil Hansson (Without Club) score=0.00 | Emil Hansson (Without Club) score=0.00,Without Club,
Stefan Mitrović,Excelsior,ambiguous,0.171428571428571,Stefan Mitrovic (FK Zeleznicar Pancevo) score=0.17 | Stefan Mitrovic (FK Prva Iskra Baric) score=0.09 | Stefan Mitrovic (FK Partizan Belgrade) score=0.09,FK Zeleznicar Pancevo,
Mame Thiam,Eyüpspor,ambiguous,0.142105263157895,Mame Thiam Bara (RC Pays de Grasse B) score=0.14 | Mame Thiam (Corum FK) score=0.10,RC Pays de Grasse B,
Nihad Mujakić,Eyüpspor,ambiguous,0.09,Nihad Mujakic (FK Partizan Belgrade) score=0.09 | Nihad Mujakic (Retired) score=0.00,FK Partizan Belgrade,
Samuel Sáiz,Eyüpspor,ambiguous,0.075,Samu Saiz (Without Club) score=0.08 | Samuel Saiz (Retired) score=0.00,Without Club,
Edgar González,FC Andorra,ambiguous,0.327272727272727,Edgar González (UD Almería) score=0.33 | Edgar Gonzalez (TSV Vatanspor Bad Homburg) score=0.22 | Edgar González (Unknown) score=0.18,UD Almería,
Álvaro Martín,FC Andorra,ambiguous,0.3,Álvaro Martínez (CF Lorca Deportiva) score=0.30 | Alvinho (Sport Club Rio Grande (RS)) score=0.23 | Álvaro Barreal (Santos FC) score=0.18,CF Lorca Deportiva,
Alex Pinto,FC Arouca,ambiguous,0.36,Alex Pinto (SC Farense) score=0.36 | Alex Pinto (FC Puplinge) score=0.25 | Samu Pinto (Penya Deportiva Santa Eulalia) score=0.12,SC Farense,
David Simão,FC Arouca,ambiguous,0.15,David Simão (Without Club) score=0.15 | David Simão (Retired) score=0.10,Without Club,
Jesús Santiago,FC Arouca,ambiguous,0.27,Jesus Santiago (RCO Agde B) score=0.27 | Yellu Santiago (Hellas Verona) score=0.21 | Jesus Santiago (Retired) score=0.10,RCO Agde B,
José Augusto Silva,FC Arouca,ambiguous,0.163636363636364,Zé Augusto (CEFAT Tirol) score=0.16 | José Atalaia (Without Club) score=0.15 | José Silva (Sporting CP B) score=0.07,CEFAT Tirol,
Anthony Ramirez,FC Dallas,ambiguous,0.1125,Anthony Ramírez (Club Tijuana U21) score=0.11 | Anthony Ramírez (Without Club) score=0.08 | Anthony Ramírez (High Point Panthers (High Point University)) score=0.07,Club Tijuana U21,
Leonardo Chú,FC Dallas,ambiguous,0.211764705882353,Leonardo Zikora (SV Sandhausen U19) score=0.21 | Léo Chú (Athletic Club) score=0.07,SV Sandhausen U19,
Luciano Acosta,FC Dallas,ambiguous,0.1875,Luciano Acosta (Fluminense Football Club) score=0.19 | Luciano Acosta (CA Agropecuario) score=0.12,Fluminense Football Club,
Pedrinho,FC Dallas,ambiguous,0.190909090909091,Pedro Gabriel (Grêmio Foot-Ball Porto Alegrense) score=0.19 | Pedrinho (Shakhtar Donetsk) score=0.17 | Pedrinho (São Bernardo FC) score=0.11,Grêmio Foot-Ball Porto Alegrense,
Show,FC Dallas,ambiguous,0.207692307692308,Show (Maccabi Haifa) score=0.21 | Gustashow (Cuiabá EC U20) score=0.13 | Renaldo Cephas (Qarabağ FK) score=0.09,Maccabi Haifa,
Mamadou Thiam,FC FCSB,ambiguous,0.15,Mamadou Thiam (Without Club) score=0.15 | Mamadou Thiam (Without Club) score=0.15 | Mamadou Thiam (Without Club) score=0.15,Without Club,
Rui Mendes,FC Groningen,ambiguous,0.3,Dani Mendes (SC Régua) score=0.30 | Rui Mendes (Retired) score=0.23 | Rui Mendes (Without Club) score=0.00,SC Régua,
H.Behrens,FC Heidenheim,ambiguous,0.378947368421053,Hennes Behrens (TSG 1899 Hoffenheim) score=0.38 | Sascha Behrens (TSV Heiligenstedten) score=0.33 | Kevin Behrens (FC Lugano) score=0.28,TSG 1899 Hoffenheim,
Felipe Chávez,FC Köln,ambiguous,0.236842105263158,Felipe Chávez (FC Bayern Munich II) score=0.24 | Felipe Chaves (Municipal Grecia) score=0.11,FC Bayern Munich II,
Kristoffer Lund,FC Köln,ambiguous,0.09,Kristoffer Lund (Palermo FC) score=0.09 | Kristoffer Nygaard (Retired) score=0.00,Palermo FC,
Robert,FC København,ambiguous,0.105882352941176,Andrew Robertson (Tottenham Hotspur) score=0.11 | Robert Lewandowski (Without Club) score=0.08 | Roberto Firmino (Al-Sadd SC) score=0.08,Tottenham Hotspur,
Paulinho,FC Midtjylland,ambiguous,0.128571428571429,Paulinho (Retired) score=0.13 | Paulinho Santos (Retired) score=0.13 | Paulinho (Retired) score=0.13,Retired,
Victor Jensen,FC Midtjylland,ambiguous,0.257142857142857,Victor Jensen (FC Utrecht) score=0.26 | Victor Jensen (Retired) score=0.13,FC Utrecht,
Thiago Silva,FC Porto,ambiguous,0.173076923076923,Thiago Rodrigues (Joinville Esporte Clube (SC)) score=0.17 | Murilo (Tanabi EC (SP) U20) score=0.17 | Thiago Silva (Fluminense Football Club) score=0.15,Joinville Esporte Clube (SC),
Zé Pedro,FC Porto,ambiguous,0.27,Zé Pedro (FC Paços de Ferreira) score=0.27 | Zé Pedro (UD Leiria) score=0.20 | Zé Pedro (SC Castêlo da Maia) score=0.19,FC Paços de Ferreira,
Jesper Karlsson,FC Utrecht,ambiguous,0.27,Jesper Karlsson (FC Haka) score=0.27 | Jesper Karlsson (Retired) score=0.18 | Jesper Karlsson (Näsvikens IK) score=0.07,FC Haka,
Bruno Duarte,FK Crvena Zvezda,ambiguous,0.28125,Batata (FC Arouca U19) score=0.28 | Bruno Negueba (Santa Catarina Clube (SC)) score=0.23 | Bruno Duarte (Retired) score=0.23,FC Arouca U19,
D.Owusu,FK Crvena Zvezda,ambiguous,0.28125,Quincy Owusu-Abeyie (FC Amsterdam) score=0.28 | Leonard Owusu (Fredrikstad FK) score=0.25 | Derek Boateng (Retired) score=0.23,FC Amsterdam,
Matheus,FK Crvena Zvezda,ambiguous,0.1875,Martinelli (Fluminense Football Club) score=0.19 | Matheus Nascimento (Botafogo de Futebol e Regatas) score=0.19 | Matheuzinho (Sport Club Corinthians Paulista) score=0.17,Fluminense Football Club,
Milos Veljkovic,FK Crvena Zvezda,ambiguous,0.225,Miloš Veljković (OFK Kikinda U19) score=0.23 | Milos Veljkovic (Red Star Belgrade) score=0.11,OFK Kikinda U19,
Milson,FK Crvena Zvezda,ambiguous,0.225,Edmílson (Retired) score=0.23 | Cribari (Retired) score=0.23 | Edmílson (Retired) score=0.23,Retired,
Nemanja Radonjić,FK Crvena Zvezda,ambiguous,0.225,Nemanja Radonjic (Retired) score=0.23 | Nemanja Radonjic (Without Club) score=0.06,Retired,
Nikola Stanković,FK Crvena Zvezda,ambiguous,0.3375,Nikola Stankovic (GFK Sloven Ruma) score=0.34 | Nikola Stankovic (FK Morava Cuprija) score=0.32 | Nikola Stankovic (FK Tisa Adorjan) score=0.28,GFK Sloven Ruma,
Rodrigão,FK Crvena Zvezda,ambiguous,0.225,Rodrigão (Retired) score=0.23 | Rodrigão (Retired) score=0.23 | Rodrigão (Retired) score=0.23,Retired,
Stefan Posch,FSV Mainz 05,ambiguous,0.15,Stefan Posch (Como 1907) score=0.15 | Stefan Poschauko (Retired) score=0.08,Como 1907,
Brian Graham,Falkirk,ambiguous,0,Brian Graham (Ross County FC) score=0.00 | Brian Graham (Christos FC) score=0.00,Ross County FC,
Dylan Tait,Falkirk,ambiguous,0.1125,Dylan Tait (Dunbar United FC) score=0.11 | Dylan Tait (Dundee United FC) score=0.06,Dunbar United FC,
Ethan Williams,Falkirk,ambiguous,0.122727272727273,Ethan Williams (Haddington Athletic FC) score=0.12 | Ethan Williams (Manchester United U21) score=0.09,Haddington Athletic FC,
Gary Oliver,Falkirk,ambiguous,0.128571428571429,Gary Kelly (Retired) score=0.13 | Gary Oliver (Without Club) score=0.00,Retired,
Ryan Edwards,Falkirk,ambiguous,0.128571428571429,Brian Edwards (Retired) score=0.13 | Neil Edwards (Retired) score=0.13 | Ryan Edwards (Retired) score=0.13,Retired,
Sam Hart,Falkirk,ambiguous,0.09,Sam Hart (Colwyn Bay) score=0.09 | Sam Hart (Without Club) score=0.00,Colwyn Bay,
Rafa,Famalicão,ambiguous,0.27,Rafael Leão (AC Milan) score=0.27 | Rafael Borré (CA River Plate) score=0.19 | Rafa Mir (Sevilla FC) score=0.18,AC Milan,
Andre Gray,Fatih Karagümrük,ambiguous,0.2,Andre Gray (Without Club) score=0.20 | Deandre Gray (AFC Academy B (Academy Eagles)) score=0.19,Without Club,
Daniel Johnson,Fatih Karagümrük,ambiguous,0.2,Daniel Johnson (Without Club) score=0.20 | Danny Johnson (Without Club) score=0.20 | Daniel Johnson (Without Club) score=0.20,Without Club,
Nikoloz Ugrekhelidze,Fatih Karagümrük,ambiguous,0.15,Nikoloz Ugrekhelidze (Retired) score=0.15 | Nikoloz Ugrekhelidze (Dinamo Tbilisi) score=0.10,Retired,
Serginho,Fatih Karagümrük,ambiguous,0.2,Serginho (Al-Wasl SC) score=0.20 | Serginho (Without Club) score=0.20 | Serginho (Coimbra Esporte Clube Ltda (MG)) score=0.16,Al-Wasl SC,
Ömer Faruk Gümüş,Fatih Karagümrük,ambiguous,0.2,Ömer Faruk Gümüş (Without Club) score=0.20 | Ömer Gümüş (Corlu Spor 1947) score=0.10,Without Club,
Sebastian Szymański,Fenerbahçe,ambiguous,0.18,Sebastian Szymanski (Retired) score=0.18 | Sebastian Szymanski (Stade Rennais FC) score=0.17,Retired,
Aleksandar Pešić,Ferencvaros,ambiguous,0.15,Aleksandar Pesic (Fatih Karagümrük) score=0.15 | Aleksandar Pesic (Unknown) score=0.08,Fatih Karagümrük,
Alex Tóth,Ferencvaros,ambiguous,0.375,Alex Tóth (Szerencs VSE) score=0.38 | Alex Tóth (AFC Bournemouth) score=0.12,Szerencs VSE,
Ibrahim Cissé,Ferencvaros,ambiguous,0.245454545454545,Ibrahim Cissé (Retired) score=0.25 | Sidi Cissé (AS Nancy-Lorraine) score=0.16 | Ibrahim Cissé (FC Džiugas Telšiai) score=0.15,Retired,
Raheem Sterling,Feyenoord,ambiguous,0.18,Raheem Sterling-Parker (FC Croydon) score=0.18 | Raheem Sterling (Without Club) score=0.00,FC Croydon,
Christian Kouamé,Fiorentina,ambiguous,0.158823529411765,Christian Kouamé (Aris Thessaloniki) score=0.16 | Christian Kouamé Koffi (Without Club) score=0.15,Aris Thessaloniki,
Jack Harrison,Fiorentina,ambiguous,0.15,Jack Harrison (Without Club) score=0.15 | Jack Harrison (Cumbernauld United FC) score=0.13 | Jack Harrison (Leeds United) score=0.08,Without Club,
Pablo Marí,Fiorentina,ambiguous,0.27,Pablo Granoche (Retired) score=0.27 | Pablo Marín (Retired) score=0.27 | Pablo Marín (CF Épila) score=0.27,Retired,
Allan,Flamengo,ambiguous,0.0931034482758621,Allan (Botafogo de Futebol e Regatas) score=0.09 | Allan (Sociedade Esportiva Palmeiras) score=0.09 | Erling Haaland (Manchester City) score=0.06,Botafogo de Futebol e Regatas,
Cleiton,Flamengo,ambiguous,0.189473684210526,Cleiton (Red Bull Bragantino) score=0.19 | Cleiton (VfL Wolfsburg) score=0.14 | Cleiton (Hibernians FC) score=0.07,Red Bull Bragantino,
Gerson,Flamengo,ambiguous,0.16875,Gerson (Nova Venécia FC) score=0.17 | Yerson Mosquera (Wolverhampton Wanderers) score=0.16 | Gerson Rodrigues (Vardar Skopje) score=0.14,Nova Venécia FC,
Iago,Flamengo,ambiguous,0.346153846153846,Iago Aspas (Celta de Vigo) score=0.35 | Thiago Silva (Fluminense Football Club) score=0.23 | Santiago Castro (Bologna FC 1909) score=0.12,Celta de Vigo,
Joshua,Flamengo,ambiguous,0.3,Josh King (Fulham FC) score=0.30 | Joshua King (Al-Khaleej FC) score=0.21 | Josh Brownhill (Al-Shabab FC) score=0.15,Fulham FC,
Juninho,Flamengo,ambiguous,0.189473684210526,Juninho Capixaba (Red Bull Bragantino) score=0.19 | Juninho (UNAM Pumas) score=0.18 | Juninho Bacuna (Gaziantep FK) score=0.15,Red Bull Bragantino,
Lucio,Flamengo,ambiguous,0.207692307692308,Luiz Júnior (Villarreal CF) score=0.21 | Samukele Kabini (Molde FK) score=0.11 | Lúcio (Retired) score=0.00,Villarreal CF,
Matheus Gonçalves,Flamengo,ambiguous,0.2,Matheus Gonçalves (FC Tucson) score=0.20 | Matheus Rodrigues (SC Farense U23) score=0.19 | Matheus Goncalves (FC Etzella Ettelbruck) score=0.17,FC Tucson,
Matías Viña,Flamengo,ambiguous,0.163636363636364,Diego Viña (IA Potencia) score=0.16 | Matías Viña (CA River Plate) score=0.06,IA Potencia,
Michael,Flamengo,ambiguous,0.225,Michaël Cuisance (RC Lens) score=0.23 | Michael Olise (Bayern Munich) score=0.14 | Michael Keane (Everton FC) score=0.09,RC Lens,
Wanderson Junior,Flamengo,ambiguous,0.171428571428571,Wanderson Jr (Atlético Mineiro U20) score=0.17 | Sinho (Retired) score=0.00,Atlético Mineiro U20,
Wesley,Flamengo,ambiguous,0.225,Wesley (Al-Rayyan SC) score=0.23 | Wesley (Al-Nassr FC) score=0.16 | Wesley Moraes (Shenzhen Peng City) score=0.15,Al-Rayyan SC,
Everaldo,Fluminense,ambiguous,0.18,Everaldo Barbosa (Retired) score=0.18 | Caboré (Retired) score=0.18 | Everaldo (Retired) score=0.18,Retired,
Fábio,Fluminense,ambiguous,0.18,Fabio Cannavaro (Retired) score=0.18 | Fabio Grosso (Retired) score=0.18 | Fábio Coentrão (Retired) score=0.18,Retired,
Gabriel Fuentes,Fluminense,ambiguous,0.2,Gabriel Fuentes (D.C. United Academy) score=0.20 | Gabriel Fuentes (Fortaleza Esporte Clube) score=0.16 | Gabriel Fuentes (CD Lota Schwager) score=0.11,D.C. United Academy,
Ignácio,Fluminense,ambiguous,0.18,Ignacio Camacho (Retired) score=0.18 | Ignacio Scocco (Retired) score=0.18 | Nacho Monreal (Retired) score=0.18,Retired,
Isaque,Fluminense,ambiguous,0.3375,Isaque (Aquidauanense FC) score=0.34 | Isaque Gavioli (F91 Dudelange) score=0.28 | Isaque (SE Itapirense U20) score=0.26,Aquidauanense FC,
Keno,Fluminense,ambiguous,0.211764705882353,Nikolaos Kenourgios (FC Pyunik Yerevan) score=0.21 | Christian Bouckenooghe (Retired) score=0.18 | Anuar Tokenov (Retired) score=0.18,FC Pyunik Yerevan,
Manoel,Fluminense,ambiguous,0.207692307692308,Manoël Verhaeghe (RWDM Brussels) score=0.21 | Nelinho (Retired) score=0.18 | Manoel (Retired) score=0.18,RWDM Brussels,
Renato Augusto,Fluminense,ambiguous,0.18,Renato Augusto (Retired) score=0.18 | Renato Augusto (Retired) score=0.18 | Renatinho (Retired) score=0.18,Retired,
Renê,Fluminense,ambiguous,0.18,René Schneider (Retired) score=0.18 | Óscar Cardozo (Retired) score=0.18 | René Adler (Retired) score=0.18,Retired,
Santiago Moreno,Fluminense,ambiguous,0.18,Santiago Moreno (FC Dallas) score=0.18 | Santi Moreno (Retired) score=0.18,FC Dallas,
Thiago Santos,Fluminense,ambiguous,0.18,Thiago Santos (Retired) score=0.18 | Thiago Santos (Retired) score=0.18 | Thiago Capixaba (Retired) score=0.18,Retired,
Amadou Kone,Forge FC,ambiguous,0.3,Mamadou Koné (FC Lorient B) score=0.30 | Amadou Koné (NEOM SC) score=0.23 | Mamadou Kone (FC Sellier & Bellot Vlasim) score=0.15,FC Lorient B,
Christoffer Jensen,Forge FC,ambiguous,0.18,Victor Jensen (FC Utrecht) score=0.18 | Christoffer Jensen (Unknown) score=0.00 | Morten Jensen (Retired) score=0.00,FC Utrecht,
Allanzinho,Fortaleza,ambiguous,0.2,Allanzinho (Retired) score=0.20 | Allanzinho (Esporte Clube Juventude) score=0.20 | Allanzinho (Without Club) score=0.15,Retired,
Brenno,Fortaleza,ambiguous,0.352173913043478,Brenno (Fortaleza Esporte Clube) score=0.35 | Brenno (Retired) score=0.20 | Brenno (Retired) score=0.20,Fortaleza Esporte Clube,
Breno,Fortaleza,ambiguous,0.2,Breno (Retired) score=0.20 | Aleksandar Obrenovic (Retired) score=0.20 | Breno Lopes (Coritiba Foot Ball Club) score=0.20,Retired,
Bruninho,Fortaleza,ambiguous,0.211764705882353,Bruninho (FC Differdange 03) score=0.21 | Bruninho (Retired) score=0.20 | Bruninho (Retired) score=0.20,FC Differdange 03,
Bruno Pacheco,Fortaleza,ambiguous,0.2,Bruno Pacheco (Retired) score=0.20 | Bruno Pacheco (AS Timau Basel II) score=0.16 | Bruno Pacheco (Without Club) score=0.15,Retired,
Calebe,Fortaleza,ambiguous,0.352173913043478,Calebe (Fortaleza Esporte Clube) score=0.35 | Calebe (Retired) score=0.20 | Calebe (Retired) score=0.20,Fortaleza Esporte Clube,
David Luiz,Fortaleza,ambiguous,0.0818181818181818,David (Manauara EC) score=0.08 | David Luiz (Pafos FC) score=0.00,Manauara EC,
Deyverson,Fortaleza,ambiguous,0.0818181818181818,Deyverson (Guaporé FC) score=0.08 | Deyverson (LDU Quito) score=0.00,Guaporé FC,
Diogo Barbosa,Fortaleza,ambiguous,0.27,Diogo (Fast Clube) score=0.27 | Diogo Barbosa (GDR Canaviais) score=0.21 | Diogo Melo (Retired) score=0.20,Fast Clube,
Emmanuel Martínez,Fortaleza,ambiguous,0.257142857142857,David Martínez (Los Angeles FC) score=0.26 | Emmanuel Martínez (Esporte Clube Vitória) score=0.25 | Diego Martínez (Dorados de Sinaloa) score=0.20,Los Angeles FC,
Guillermo Fernández,Fortaleza,ambiguous,0.214285714285714,Guille Fernández (FC Barcelona Atlètic) score=0.21 | Pol Fernández (CA Rosario Central) score=0.20 | Guillermo Fernández (ASD Atletico Acquaviva) score=0.16,FC Barcelona Atlètic,
José María Herrera,Fortaleza,ambiguous,0.2,José María Herrera Revuelta (Retired) score=0.20 | José Herrera (Red Bull Bragantino) score=0.09,Retired,
João Ricardo,Fortaleza,ambiguous,0.27,João Afonso (CD Tondela) score=0.27 | João Ricardo Oliveira (Pembroke Athleta FC) score=0.24 | Joao Machado (US Mondorf-Les-Bains) score=0.23,CD Tondela,
Lucas Crispim,Fortaleza,ambiguous,0.352173913043478,Lucas Crispim (Fortaleza Esporte Clube) score=0.35 | Lucas (Retired) score=0.20 | Lucas Crispim (Araranguá EC) score=0.14,Fortaleza Esporte Clube,
Magrão,Fortaleza,ambiguous,0.352173913043478,Magrão (Fortaleza Esporte Clube) score=0.35 | Magrão (Retired) score=0.20 | Gerson Magrão (Retired) score=0.20,Fortaleza Esporte Clube,
Marinho,Fortaleza,ambiguous,0.245454545454545,Marinho (Esporte Clube Vitória) score=0.25 | Marinho (Retired) score=0.20 | Rodriguinho (Retired) score=0.20,Esporte Clube Vitória,
Matheus Pereira,Fortaleza,ambiguous,0.2,Thayson (Retired) score=0.20 | Matheus (Retired) score=0.20 | Matheus (Retired) score=0.20,Retired,
Moises,Fortaleza,ambiguous,0.2,Gabriel Silva (Retired) score=0.20 | Moisés Hurtado (Retired) score=0.20 | Moisés (Retired) score=0.20,Retired,
Pablo Roberto,Fortaleza,ambiguous,0.2,Pablo Munhoz (Retired) score=0.20 | Pablo Herrera (Retired) score=0.20 | Pablo Farías (Retired) score=0.20,Retired,
Pedro Augusto,Fortaleza,ambiguous,0.3,Pedro Cacho (Mosta FC) score=0.30 | João Costa (CD Santa Clara) score=0.26 | Franco Baldassarra (FK Kauno Zalgiris) score=0.21,Mosta FC,
Pierre,Fortaleza,ambiguous,0.3,Ismaëlo Ganiou (RC Lens) score=0.30 | Franck Ribéry (Retired) score=0.20 | Stéphane Guivarc'h (Retired) score=0.20,RC Lens,
Rodrigo,Fortaleza,ambiguous,0.245454545454545,Rodrigo Zalazar (Sporting CP) score=0.25 | Alex (Retired) score=0.20 | Rodrigo Muniz (Fulham FC) score=0.20,Sporting CP,
Tinga,Fortaleza,ambiguous,0.2,Tinga (Retired) score=0.20 | John Heitinga (Retired) score=0.20 | Dumitru Stângaciu (Retired) score=0.20,Retired,
Titi,Fortaleza,ambiguous,0.2,Samuel Umtiti (Retired) score=0.20 | Titi Camara (Retired) score=0.20 | Titi Buengo (Retired) score=0.20,Retired,
Vinicius Silvestre,Fortaleza,ambiguous,0.352173913043478,Vinícius (Fortaleza Esporte Clube) score=0.35 | MV (Volta Redonda Futebol Clube (RJ)) score=0.15,Fortaleza Esporte Clube,
Weverson,Fortaleza,ambiguous,0.2,Weverson (Retired) score=0.20 | Mineiro (Retired) score=0.20 | Weverson Nem (Retired) score=0.20,Retired,
Andrés Arroyo,Fortaleza CEIF,ambiguous,0.192857142857143,Kevin Arroyo (Guaranda FC) score=0.19 | Samir Arroyo (FK Apolonia) score=0.19 | Juan Arroyo (CD Unión Malacitano) score=0.09,Guaranda FC,
NA,Fortaleza CEIF,ambiguous,0.192857142857143,Tae-min Na (Retired) score=0.19 | Young-hoon Na (Without Club) score=0.19 | Yoo-seong Na (Retired) score=0.19,Retired,
Christian Rasmussen,Fortuna Düsseldorf,ambiguous,0.189473684210526,Christian Rasmussen (Kolding IF U19) score=0.19 | Christian Rasmussen (Without Club) score=0.14 | Anders Christian Bjørge (Donn FK) score=0.14,Kolding IF U19,
E.Egouli,Fortuna Düsseldorf,ambiguous,1,Elias Egouli (Fortuna Düsseldorf) score=1.00 | Noah Egouli (Fortuna Düsseldorf) score=1.00 | Sofiane Feghouli (Without Club) score=0.14,Fortuna Düsseldorf,
Marin Ljubičić,Fortuna Düsseldorf,ambiguous,0.142105263157895,Marin Ljubicic (1.FC Union Berlin) score=0.14 | Marin Ljubicic (NK Neretvanac Opuzen) score=0.09,1.FC Union Berlin,
Satoshi Tanaka,Fortuna Düsseldorf,ambiguous,0.142105263157895,Satoshi Tanaka (FC Schalke 04) score=0.14 | Masatoshi Tanaka (Retired) score=0.14,FC Schalke 04,
Alen Halilović,Fortuna Sittard,ambiguous,0.18,Alen Halilovic (Retired) score=0.18 | Alen Halilovic (Without Club) score=0.06 | Alen Halilovic (Without Club) score=0.06,Retired,
Luka Tunjic,Fortuna Sittard,ambiguous,0.163636363636364,Luka Tunjic (NK Dinamo Donja Mahala) score=0.16 | Luka Tunjic (Without Club) score=0.06,NK Dinamo Donja Mahala,
Antonio Fiori,Frosinone,ambiguous,0.2,Antonio Fiorillo (Unknown) score=0.20 | Antonio Fiorillo (Retired) score=0.20 | Antonio Fiorito (Retired) score=0.20,Unknown,
Harry Wilson,Fulham,ambiguous,0.225,Cameron Wilson (Guiseley AFC) score=0.23 | Harry Wilson (Cliftonville FC) score=0.12 | Harry Wilson (Without Club) score=0.08,Guiseley AFC,
Raúl Jiménez,Fulham,ambiguous,0.158823529411765,Raúl Jiménez (Valencia Mestalla) score=0.16 | Raúl Jiménez (Wolverhampton Wanderers) score=0.16 | Raul Jimenez Perez (Germania Großkrotzenburg II) score=0.03,Valencia Mestalla,
Noa Lang,Galatasaray,ambiguous,0.1,Noa Lango (Stade Brest 29 U19) score=0.10 | Noa Lang (SSC Napoli) score=0.08,Stade Brest 29 U19,
Alexandru Maxim,Gazişehir Gaziantep,ambiguous,0.333333333333333,Alexandru Maxim (Gaziantep FK) score=0.33 | Alexandru Maximov (Retired) score=0.19 | Alexandru Man (Retired) score=0.19,Gaziantep FK,
Drissa Camara,Gazişehir Gaziantep,ambiguous,0.333333333333333,Drissa Camara (Gaziantep FK) score=0.33 | Idrissa Camara (Retired) score=0.19 | Idrissa Camara (SC Kreuzau 05) score=0.19,Gaziantep FK,
Emmanuel Boateng,Gazişehir Gaziantep,ambiguous,0.189473684210526,Emmanuel Boateng (Hapoel Tel Aviv) score=0.19 | Emmanuel Boateng (San Diego FC) score=0.14 | Emmanuel Boateng Agyenim (Bibiani Gold Stars FC) score=0.13,Hapoel Tel Aviv,
Kévin Rodrigues,Gazişehir Gaziantep,ambiguous,0.189473684210526,Kevin Rodrigues-Pires (Retired) score=0.19 | Kevin Rodrigues (Retired) score=0.19 | Kevin Rodrigues (DSC Hanseat II) score=0.14,Retired,
Luis Pérez,Gazişehir Gaziantep,ambiguous,0.333333333333333,Luis Pérez (Gaziantep FK) score=0.33 | Luis Pérez (Retired) score=0.19 | Luis Pérez (Retired) score=0.19,Gaziantep FK,
Mohamed Bayo,Gazişehir Gaziantep,ambiguous,0.189473684210526,Mohamed Bayo (LOSC Lille) score=0.19 | Mohamed Bayoud (Retired) score=0.19 | Mohamed Bayoumi (Harras El Hodoud) score=0.09,LOSC Lille,
Nihad Mujakić,Gazişehir Gaziantep,ambiguous,0.189473684210526,Nihad Mujakic (Retired) score=0.19 | Nihad Mujakic (FK Partizan Belgrade) score=0.09,Retired,
Semih Güler,Gazişehir Gaziantep,ambiguous,0.236842105263158,Semih Güler (Kayserispor) score=0.24 | Serhat-Semih Güler (Sportfreunde Siegen) score=0.05,Kayserispor,
Gabriel Jara,General Caballero JLM,ambiguous,0.128571428571429,Juan Gabriel Jaraíz (Retired) score=0.13 | Alex Jara (Unknown) score=0.09 | Gabriel Jara (Club Sol de Mayo) score=0.09,Retired,
Jorge González,General Caballero JLM,ambiguous,0.225,Koke Iglesias (Real Valladolid Promesas) score=0.23 | Jorge González (Club Sol de América) score=0.17 | Yordi (Retired) score=0.13,Real Valladolid Promesas,
Julián Pérez,General Caballero JLM,ambiguous,0.128571428571429,Ignacio Pérez (FADEP (Mendoza)) score=0.13 | Gonzalo Julián Pérez (Without Club) score=0.13 | Francisco Pérez (Without Club) score=0.13,FADEP (Mendoza),
Osvaldo Martínez,General Caballero JLM,ambiguous,0.128571428571429,Osvaldo Martínez (Retired) score=0.13 | Osvaldo Martínez (Retired) score=0.13,Retired,
Victor Villalba,General Caballero JLM,ambiguous,0.234782608695652,Victor Villalba (Paraguari Atlético Club) score=0.23 | Víctor Villalba (Without Club) score=0.13,Paraguari Atlético Club,
Nicolae Stanciu,Genoa,ambiguous,0.128571428571429,Nicolae Stanciu (Retired) score=0.13 | Nicolae Stanciu (Retired) score=0.13 | Andrei Stanciu (LSS Vointa Sibiu) score=0.11,Retired,
Hélio Varela,Gent,ambiguous,0.05625,Hélio Varela (Maccabi Tel Aviv) score=0.06 | Hélio Varela (CF Carregal do Sal) score=0.05,Maccabi Tel Aviv,
Ibrahima Cissé,Gent,ambiguous,0.333333333333333,Ibrahima Cissé (Jong KAA Gent) score=0.33 | Ibrahima Cissé (Retired) score=0.13 | Ibrahima Cissé Ngom (Le Mans FC U17) score=0.13,Jong KAA Gent,
Gökhan Akkan,Gençlerbirligi,ambiguous,0.128571428571429,Gökhan Akkan (Boluspor) score=0.13 | Gökhan Akkan (Without Club) score=0.06,Boluspor,
Michał Nalepa,Gençlerbirligi,ambiguous,0.257142857142857,Michał Nalepa (Zaglebie Lubin) score=0.26 | Michal Nalepa (Serik Spor) score=0.13,Zaglebie Lubin,
Domingos Duarte,Getafe,ambiguous,0.075,Domingos Duarte (Without Club) score=0.08 | Carlos Duarte (---) score=0.00,Without Club,
Jorge Montes,Getafe,ambiguous,0.5,Jorge Montes (Getafe CF B) score=0.50 | Jorge Montes (Retired) score=0.39,Getafe CF B,
Luis Milla,Getafe,ambiguous,0.385714285714286,Luis Milla (Retired) score=0.39 | Luis Millan (Bogotá FC U20) score=0.26 | Luis Milán (Tigres de Álica FC) score=0.20,Retired,
Luis Vázquez,Getafe,ambiguous,0.385714285714286,Luis Vásquez (Retired) score=0.39 | José Luis (Retired) score=0.39 | Luis Vázquez (Retired) score=0.39,Retired,
Álex Sola,Getafe,ambiguous,0.075,Álex Sola (Without Club) score=0.08 | Alex Sola (Ironi Kiryat Shmona) score=0.05,Without Club,
Andrew,Gil Vicente,ambiguous,0.171428571428571,Andy Carroll (Dagenham & Redbridge FC) score=0.17 | Jack Wilshere (Retired) score=0.16 | Ronnie Whelan (Retired) score=0.16,Dagenham & Redbridge FC,
Carlos Eduardo,Gil Vicente,ambiguous,0.18,Eduardo (Mirassol Futebol Clube (SP)) score=0.18 | Carlos Eduardo (Mirassol Futebol Clube (SP)) score=0.18 | Carlos Eduardo (Retired) score=0.16,Mirassol Futebol Clube (SP),
Daniel Leite,Gil Vicente,ambiguous,0.245454545454545,Daniel Leite (CD de Ponte) score=0.25 | Daniel Leites (Retired) score=0.16 | Daniel Leite da Silva (Retired) score=0.16,CD de Ponte,
Gustavo Varela,Gil Vicente,ambiguous,0.163636363636364,Gustavo Varela (Retired) score=0.16 | Gustavo Varela (SL Benfica B) score=0.15,Retired,
Luís Esteves,Gil Vicente,ambiguous,0.163636363636364,Ricardo Pereira (Retired) score=0.16 | Luisinho (Retired) score=0.16 | Luis Esteves (UOM Rams (University of Mobile)) score=0.16,Retired,
Pablo,Gil Vicente,ambiguous,0.24,Pablo (West Ham United) score=0.24 | Pablo Barrios (Atlético de Madrid) score=0.24 | Pablo Fornals (Real Betis Balompié) score=0.18,West Ham United,
Juan Manuel Villalba,Gimnasia La Plata,ambiguous,0.09,Juan Villalba (Club Atlético Tigre) score=0.09 | Juan Manuel Villalba (Retired) score=0.05,Club Atlético Tigre,
Leonardo Morales,Gimnasia La Plata,ambiguous,0.2,Leonardo Morales (CA Bartolomé Mitre (Posadas)) score=0.20 | Leonardo Morales (Club Atlético Belgrano) score=0.16 | Leonardo Morales (Retired) score=0.05,CA Bartolomé Mitre (Posadas),
Rodrigo Castillo,Gimnasia La Plata,ambiguous,0.1875,Rodrigo Castillo (Fluminense Football Club) score=0.19 | Júnior Castillo (Rio Aguarico FC) score=0.16 | José Castillo (Unknown) score=0.05,Fluminense Football Club,
Ladislav Krejčí,Girona,ambiguous,0.156521739130435,Ladislav Krejčí (Wolverhampton Wanderers) score=0.16 | Ladislav Krejci (FK Teplice) score=0.00,Wolverhampton Wanderers,
Thomas Lemar,Girona,ambiguous,0.142105263157895,Thomas Lemar (Atlético de Madrid) score=0.14 | Thomas Lemarié (US Changéenne) score=0.13,Atlético de Madrid,
Vitor Reis,Girona,ambiguous,0.128571428571429,Vitinha (Retired) score=0.13 | João Reis (Retired) score=0.13 | Vitor Reis (Manchester City) score=0.06,Retired,
Milan Smit,Go Ahead Eagles,ambiguous,0.225,Milan Smits (De Graafschap Doetinchem) score=0.23 | Milan Smit (Stoke City) score=0.12,De Graafschap Doetinchem,
Oscar Pettersson,Go Ahead Eagles,ambiguous,0.18,Oscar Pettersson (GAIS) score=0.18 | Oscar Pettersson (Kosta IF) score=0.18,GAIS,
Baba,Granada,ambiguous,0.18,Mohamed Diomandé (Rangers FC) score=0.18 | Abdul Rahman Baba (PAOK Thessaloniki) score=0.11 | Volkan Babacan (Basaksehir FK) score=0.07,Rangers FC,
Bambo Diaby,Granada,ambiguous,0.06,Bambo Diaby (Avoine Olympique Chinon Cinais) score=0.06 | Bambo Diaby (Elche CF) score=0.00,Avoine Olympique Chinon Cinais,
I.Chico,Granada,ambiguous,0.225,Chissumba (SC Braga) score=0.23 | Francisco Trincão (Sporting CP) score=0.16 | Chico Lamba (AS Saint-Étienne) score=0.11,SC Braga,
Juan Flores,Granada,ambiguous,0.128571428571429,Juan Manuel Flores (Unknown) score=0.13 | Juan Flores (CD Enrique Happ) score=0.12 | Juan Flores (Retired) score=0.00,Unknown,
Luka Gagnidze,Granada,ambiguous,0.135,Luka Gagnidze (FC Abuli Akhalkalaki) score=0.14 | Luka Gagnidze (Dynamo Moscow) score=0.07,FC Abuli Akhalkalaki,
Pablo Ínsua,Granada,ambiguous,0.245454545454545,Pablo Insúa (Chiclana CF) score=0.25 | Juan Pablo Insúa (CA Barracas Central) score=0.19 | Pablo Insua (Without Club) score=0.00,Chiclana CF,
Sergio Ruiz,Granada,ambiguous,0.207692307692308,Sergio Ruiz (UD Las Palmas) score=0.21 | Sergio Ruiz (Las Palmas Atlético) score=0.14 | Sergio Ruíz (CA Independiente de La Chorrera II) score=0.08,UD Las Palmas,
Souleymane Faye,Granada,ambiguous,0.225,Souleymane Faye (Be Sport Academy) score=0.23 | Souleymane Faye (Sporting CP) score=0.16 | Souleymane Faye (Without Club) score=0.00,Be Sport Academy,
Álex Sola,Granada,ambiguous,0.189473684210526,Alex Sola (Ironi Kiryat Shmona) score=0.19 | Álex Sola (Without Club) score=0.00,Ironi Kiryat Shmona,
Juan Cabrera,Greuther Fürth,ambiguous,0.24,Juan Cabrera (Retired) score=0.24 | Juan Cabrera (Retired) score=0.24 | Juan Cabrera (FC Vaduz) score=0.06,Retired,
Marco John,Greuther Fürth,ambiguous,0.24,Fabian Johnson (Retired) score=0.24 | Marco John (Retired) score=0.24 | Marco John (Grün-Weiß Brieselang II) score=0.22,Retired,
Paul Will,Greuther Fürth,ambiguous,0.24,Paul Bracewell (Retired) score=0.24 | Paul Robinson (Retired) score=0.24 | Paul Gerrard (Retired) score=0.24,Retired,
Alex Santana,Grêmio,ambiguous,0.128571428571429,Alex Santana (Retired) score=0.13 | Alex (Retired) score=0.13 | Alex Santana (Sport Club Corinthians Paulista) score=0.09,Retired,
Andre,Grêmio,ambiguous,0.225,André Silva (FC Porto) score=0.23 | Alassane Pléa (PSV Eindhoven) score=0.21 | Andrej Kramaric (TSG 1899 Hoffenheim) score=0.19,FC Porto,
Arthur,Grêmio,ambiguous,0.27,Arthur Vermeeren (RB Leipzig) score=0.27 | Arthur Atta (Udinese Calcio) score=0.19 | Arthur Avom (FC Lorient) score=0.18,RB Leipzig,
Camilo,Grêmio,ambiguous,0.18,Cucho Hernández (Real Betis Balompié) score=0.18 | Juan Portilla (Club Athletico Paranaense) score=0.14 | Camilo Zúñiga (Retired) score=0.13,Real Betis Balompié,
Carlos Vinícius,Grêmio,ambiguous,0.333333333333333,Carlos Vinícius (Grêmio Foot-Ball Porto Alegrense) score=0.33 | Vinicius (São Francisco FC) score=0.16 | Carlos Vinicius (Retired) score=0.13,Grêmio Foot-Ball Porto Alegrense,
Cristian Olivera,Grêmio,ambiguous,0.189473684210526,Cristian Olivera (Esporte Clube Bahia) score=0.19 | Cristian Olivera (Retired) score=0.13,Esporte Clube Bahia,
Dodi,Grêmio,ambiguous,0.333333333333333,Dodi (Grêmio Foot-Ball Porto Alegrense) score=0.33 | Dodi Lukébakio (SL Benfica) score=0.27 | Petar Dodig (NK Neretva Metkovic) score=0.19,Grêmio Foot-Ball Porto Alegrense,
Edenilson,Grêmio,ambiguous,0.276923076923077,Edenilson Saravia (AD Tenancingo) score=0.28 | Santos Edenilson (AD Tenancingo) score=0.28 | Edenilson (Retired) score=0.13,AD Tenancingo,
Fabián Balbuena,Grêmio,ambiguous,0.333333333333333,Fabián Balbuena (Grêmio Foot-Ball Porto Alegrense) score=0.33 | Valentino Balbuena (Sport Huancayo II) score=0.16,Grêmio Foot-Ball Porto Alegrense,
Gustavo Martins,Grêmio,ambiguous,0.333333333333333,Gustavo Martins (Grêmio Foot-Ball Porto Alegrense) score=0.33 | Guga (JD Lajense) score=0.18 | Gustavo Furtado (FC Krasnodar) score=0.15,Grêmio Foot-Ball Porto Alegrense,
Igor,Grêmio,ambiguous,0.225,Igor Julio (Brighton & Hove Albion) score=0.23 | Igor Akinfeev (CSKA Moscow) score=0.16 | Igor Matanovic (SC Freiburg) score=0.16,Brighton & Hove Albion,
Jemerson,Grêmio,ambiguous,0.16875,Jemerson (São Bernardo FC) score=0.17 | Chocolate (Pombal EC) score=0.00,São Bernardo FC,
João Pedro,Grêmio,ambiguous,0.236842105263158,João Neves (Paris Saint-Germain) score=0.24 | João Pedro (Atlético de San Luis) score=0.17 | João Batxi (FC Krasnodar) score=0.15,Paris Saint-Germain,
Marcos Rocha,Grêmio,ambiguous,0.333333333333333,Marcos Rocha (Grêmio Foot-Ball Porto Alegrense) score=0.33 | Marcos Rocha (AA Flamengo U20) score=0.18 | Marcos (Retired) score=0.13,Grêmio Foot-Ball Porto Alegrense,
Marlon,Grêmio,ambiguous,0.333333333333333,Marlon (Grêmio Foot-Ball Porto Alegrense) score=0.33 | Felipe Chávez (FC Bayern Munich II) score=0.19 | Marlon (Shakhtar Donetsk) score=0.17,Grêmio Foot-Ball Porto Alegrense,
Nathan,Grêmio,ambiguous,0.245454545454545,Jonathan dos Santos (CF América) score=0.25 | Jonathan Tah (Bayern Munich) score=0.21 | Jonathan Bamba (Chicago Fire FC) score=0.18,CF América,
Ronald,Grêmio,ambiguous,0.15,Ronald Araujo (FC Barcelona) score=0.15 | Ronaldo (Retired) score=0.13 | Ronaldão (Retired) score=0.13,FC Barcelona,
Viery,Grêmio,ambiguous,0.192857142857143,Viery (ACF Fiorentina) score=0.19 | Cristian López (Olancho FC) score=0.09,ACF Fiorentina,
Wagner Leonardo,Grêmio,ambiguous,0.333333333333333,Wagner Leonardo (Grêmio Foot-Ball Porto Alegrense) score=0.33 | Wagner Valencia (Bonita Banana SC) score=0.06,Grêmio Foot-Ball Porto Alegrense,
Willian,Grêmio,ambiguous,0.333333333333333,Willian (Grêmio Foot-Ball Porto Alegrense) score=0.33 | Willian Pacho (Paris Saint-Germain) score=0.24 | Willian José (Esporte Clube Bahia) score=0.19,Grêmio Foot-Ball Porto Alegrense,
Erick Gutiérrez,Guadalajara,ambiguous,0.05625,Érick Gutiérrez (Deportivo Toluca) score=0.06 | Erick Gutierrez (Without Club) score=0.00 | Erick Gutiérrez (Retired) score=0.00,Deportivo Toluca,
Fernando Beltrán,Guadalajara,ambiguous,0.0692307692307692,Fernando Beltrán (Club León FC) score=0.07 | Fernando Beltrán (Without Club) score=0.00 | René Beltrán (Without Club) score=0.00,Club León FC,
Isaac Brizuela,Guadalajara,ambiguous,0.156521739130435,Elías Brizuela (CSD San Martín (Burzaco)) score=0.16 | Isaác Brizuela (Without Club) score=0.00,CSD San Martín (Burzaco),
Saúl Zamora,Guadalajara,ambiguous,0.163636363636364,Saúl Zamora (CD Tapatío) score=0.16 | Víctor Zamora (Retired) score=0.00,CD Tapatío,
Emersonn,Göztepe,ambiguous,0.245454545454545,Emersonn (FC Toulouse) score=0.25 | Emersonn Bastos (Democrata FC) score=0.15,FC Toulouse,
Héliton,Göztepe,ambiguous,0.15,Héliton (Without Club) score=0.15 | Heliton (Retired) score=0.11 | Negueba (Retired) score=0.11,Without Club,
Juan,Göztepe,ambiguous,0.15,Juan Cuadrado (Without Club) score=0.15 | Juan Musso (Atlético de Madrid) score=0.14 | Juanfran Torres (Retired) score=0.11,Without Club,
Mateusz Lis,Göztepe,ambiguous,0.2,Mateusz Lisowski (Lechia Zielona Góra) score=0.20 | Mateusz Lis (Lech Poznan) score=0.16 | Mateusz Liszynski (Without Club) score=0.15,Lechia Zielona Góra,
Ruan,Göztepe,ambiguous,0.24,Jeffinho (Liaoning Tieren) score=0.24 | Ruan Pablo (Esporte Clube Bahia) score=0.19 | Ruan (Without Club) score=0.15,Liaoning Tieren,
Fabio Vieira,Hamburger SV,ambiguous,0.225,Fábio William (Real SC) score=0.23 | Fábio Vieira (Arsenal FC) score=0.15 | Balú (Retired) score=0.15,Real SC,
Guilherme Ramos,Hamburger SV,ambiguous,0.18,Guilherme Ramos (EC Taubaté U20) score=0.18 | Guilherme Ramos (Retired) score=0.15 | Gui Ramos (Beijing Guoan) score=0.07,EC Taubaté U20,
Havard Nielsen,Hannover 96,ambiguous,0.163636363636364,Håvard Nielsen (Unknown) score=0.16 | Håvard Nielsen (Without Club) score=0.08,Unknown,
Craig Gordon,Hearts,ambiguous,0.204545454545455,Craig Gordon (Heart of Midlothian FC) score=0.20 | Craig Gordon (Benfica FC) score=0.18 | Ian Gordon (Llechryd AFC) score=0.15,Heart of Midlothian FC,
Harry Milne,Hearts,ambiguous,0.204545454545455,Harry Milne (Heart of Midlothian FC) score=0.20 | Harry Milne (Bala Town FC U21) score=0.11,Heart of Midlothian FC,
James Wilson,Hearts,ambiguous,0.257142857142857,Kelvin Wilson (Retired) score=0.26 | Jimmy Wilson (Retired) score=0.26 | James Wilson (Heart of Midlothian FC) score=0.20,Retired,
Jamie Mccart,Hearts,ambiguous,0.204545454545455,Jamie McCart (Heart of Midlothian FC) score=0.20 | Jamie McCarthy (FC College 1975) score=0.06,Heart of Midlothian FC,
F.Cham,Hellas Verona,ambiguous,0.207692307692308,Alex Oxlade-Chamberlain (Celtic FC) score=0.21 | Lassina Traoré (Shakhtar Donetsk) score=0.17 | David Beckham (Retired) score=0.14,Celtic FC,
Giovane,Hellas Verona,ambiguous,0.138461538461538,Giovane Élber (Retired) score=0.14 | Giovane (SSC Napoli) score=0.14 | Samuel Giovane (Atalanta U23) score=0.14,Retired,
Isaac,Hellas Verona,ambiguous,0.276923076923077,Moisés Caicedo (Chelsea FC) score=0.28 | Isaac (Club Athletico Paranaense) score=0.22 | Isaac Romero (Sevilla FC) score=0.21,Chelsea FC,
Erik Ahlstrand,Heracles Almelo,ambiguous,0.18,Erik Ahlstrand (FC St. Pauli) score=0.18 | Fabian Ahlstrand (Banyule City SC) score=0.12,FC St. Pauli,
Dawid Kownacki,Hertha Berlin,ambiguous,0.28125,Dawid Kownacki (SV Werder Bremen) score=0.28 | Jakub Dawid Kownacki (SV Waldhof Mannheim U21) score=0.12,SV Werder Bremen,
John Brooks,Hertha Berlin,ambiguous,0.1125,John Brooks (VSG Altglienicke) score=0.11 | John Brooks (---) score=0.00 | John Brooks (---) score=0.00,VSG Altglienicke,
Tim Hoffmann,Hertha Berlin,ambiguous,0.276923076923077,Tim Hoffmann (SC Verl) score=0.28 | Tim Hoffmann (Eintracht Ortrand) score=0.21 | Tim Hoffmann (Retired) score=0.21,SC Verl,
Carl Johansson,Holstein Kiel,ambiguous,0.0692307692307692,Carl Johansson (Without Club) score=0.07 | Carl Johansson (IFK Värnamo) score=0.00,Without Club,
Magnus Knudsen,Holstein Kiel,ambiguous,0.207692307692308,Magnus Knudsen (Retired) score=0.21 | Magnus Knudsen (Bramming Boldklub) score=0.16 | Magnus Knudsen (Aarhus GF) score=0.07,Retired,
Robert Wagner,Holstein Kiel,ambiguous,0.207692307692308,Robert Wagner (Retired) score=0.21 | Robert Wagner (Retired) score=0.21 | Robert Oberhauser-Wagner (Retired) score=0.21,Retired,
Artur,Houston Dynamo,ambiguous,0.192857142857143,Carlos Bacca (Junior FC) score=0.19 | Artur (São Paulo Futebol Clube) score=0.15 | Arturo Vidal (CSD Colo-Colo) score=0.13,Junior FC,
Franco Escobar,Houston Dynamo,ambiguous,0.121621621621622,Richard Franco (Agremiação Sportiva Arapiraquense (AL)) score=0.12 | Franco Escobar (CA Newell's Old Boys) score=0.09,Agremiação Sportiva Arapiraquense (AL),
Pablo Ortiz,Houston Dynamo,ambiguous,0.192857142857143,Pablo Ortiz (Club Tijuana) score=0.19 | Pablo Ortiz (Martos CD) score=0.19 | Pablo Ortiz (Barcelona Biocobre) score=0.15,Club Tijuana,
Sergio Santos,Houston Dynamo,ambiguous,0.234782608695652,Sergio Santos (Gimnàstic de Tarragona) score=0.23 | Sérgio Batata (Retired) score=0.13 | Sérgio Santos (Retired) score=0.13,Gimnàstic de Tarragona,
Jimmy Martínez,Huachipato,ambiguous,0.1875,Jimmy Martínez (CD Universidad Católica) score=0.19 | Jimmy Martínez (Independiente Santa Fe U20) score=0.10,CD Universidad Católica,
Joaquín Gutiérrez,Huachipato,ambiguous,0.138461538461538,Juaquín Gutiérrez (Malleco Unido) score=0.14 | Joaquín Gutiérrez (Deportes La Serena) score=0.05 | Joaquin Gutierrez (Without Club) score=0.00,Malleco Unido,
Leandro Díaz,Huachipato,ambiguous,0.18,Leandro Díaz (Estudiantil CNI) score=0.18 | Leandro Díaz (Club Atlético Tucumán) score=0.16 | Leandro Díaz (CD O'Higgins) score=0.15,Estudiantil CNI,
Óscar Ortega,Huachipato,ambiguous,0.105882352941176,Óscar Ortega (Deportivo Godeken) score=0.11 | Óscar Ortega (Retired) score=0.09 | Óscar Ortega (Retired) score=0.09,Deportivo Godeken,
Cantero,Huesca,ambiguous,0.3,Ander Cantero (Burgos CF) score=0.30 | Álex Cantero (Without Club) score=0.23 | Hugo Martínez (Deportes Limache) score=0.17,Burgos CF,
Dani Ojeda,Huesca,ambiguous,0.225,Dani Ojeda (Without Club) score=0.23 | Dani Ojeda (UP Langreo) score=0.09,Without Club,
Francisco Portillo,Huesca,ambiguous,0.225,Francisco Portillo (Without Club) score=0.23 | Francisco Portillo (CD Inca Aruba) score=0.14 | Francisco Portillo (Retired) score=0.00,Without Club,
Hugo Pérez,Huesca,ambiguous,0.225,Gaba (Club Esportiu Carroi) score=0.23 | Hugo Pérez (Club Defensores de Cambaceres) score=0.16 | Hugo Pérez (SC União Torreense) score=0.09,Club Esportiu Carroi,
Jesús Álvarez,Huesca,ambiguous,0.225,Jesús Álvarez (Without Club) score=0.23 | Jesús Álvarez (CD Tenerife) score=0.08 | Minor Álvarez (CSD Xelajú MC) score=0.06,Without Club,
Joaquín Fernández,Huesca,ambiguous,0.24,Joaquín Fernández (IA Sud América) score=0.24 | Joaquín Fernández (Without Club) score=0.23 | Joaquin Fernandez (FC City Escaldes) score=0.23,IA Sud América,
Jordi,Huesca,ambiguous,0.327272727272727,Jordy Caicedo (CA Huracán) score=0.33 | Jordi Mboula (Without Club) score=0.23 | Jordi Cortizo (Club León FC) score=0.14,CA Huracán,
Jorge Pulido,Huesca,ambiguous,0.163636363636364,Jorge Pulido (UD Almería) score=0.16 | Jorge Pulido (Retired) score=0.00 | Jorge Pulido (Retired) score=0.00,UD Almería,
Julio Alonso,Huesca,ambiguous,0.0818181818181818,Julio Alonso (Kalamata FC) score=0.08 | Julito (---) score=0.00 | Julio Alonso Ferrer (Retired) score=0.00,Kalamata FC,
Piña,Huesca,ambiguous,0.225,David Ospina (Without Club) score=0.23 | Raphinha (FC Barcelona) score=0.15 | Pervis Estupiñán (AC Milan) score=0.11,Without Club,
Sergio Arribas,Huesca,ambiguous,0.163636363636364,Sergio Arribas (UD Almería) score=0.16 | Sergio Arribas (CD Marchamalo) score=0.14 | Sergio Arribas (Cádiz CF) score=0.10,UD Almería,
Ángel Pérez,Huesca,ambiguous,0.225,Ángel De la Torre (Without Club) score=0.23 | Ángel Pérez (Without Club) score=0.23 | Ángel Pérez (Deportivo Alavés) score=0.05,Without Club,
Brandon Williams,Hull City,ambiguous,0.225,Brandon Williams (Without Club) score=0.23 | Brandon Williamson (Northern Virginia FC) score=0.14 | Brandon Williams (Glynneath Town) score=0.06,Without Club,
Matías Tissera,Huracán,ambiguous,0.138461538461538,Matías Tissera (Instituto ACC) score=0.14 | Diego Tissera (Retired) score=0.00,Instituto ACC,
Rodrigo Cabral,Huracán,ambiguous,0.321428571428571,Rodrigo Cabral (Audax Italiano) score=0.32 | Rodrigo Cabral (Without Club) score=0.23 | China (Retired) score=0.00,Audax Italiano,
Federico Vera,Independiente,ambiguous,0.192857142857143,Federico Vera (Encarnacena FC) score=0.19 | Federico Vera (CA Huracán) score=0.07,Encarnacena FC,
José Ortiz,Independiente Medellín,ambiguous,0.234782608695652,Charlis Ortiz Jr (Deportivo Lara) score=0.23 | Jose Ortiz (Deportivo Lara U20) score=0.20 | Juan Ortiz (Club Universitario de Sucre) score=0.17,Deportivo Lara,
NA,Independiente Medellín,ambiguous,0.225,Ramdinpuia NA (Reliance Foundation Young Champs U17) score=0.23 | Jun-yeong Na (Siheung City FC) score=0.16 | Tae-min Na (Retired) score=0.16,Reliance Foundation Young Champs U17,
Matías Valenti,Independiente Rivadavia,ambiguous,0.346153846153846,Matías Valenti (AA Estudiantes (Río Cuarto)) score=0.35 | Matías Palacios (Boxing Club) score=0.12 | Matías Salerno (CA San Telmo) score=0.12,AA Estudiantes (Río Cuarto),
Pedro Souto,Independiente Rivadavia,ambiguous,0.117391304347826,Pedro Souto (CA Temperley) score=0.12 | Luís Gonçalves (CCR Alqueidão da Serra) score=0.08,CA Temperley,
Bryan García,Independiente del Valle,ambiguous,0.234782608695652,Bryan García (Deportivo Cuenca) score=0.23 | Bryan Garcia (Betim Futebol) score=0.16 | Bryan García (Club Deportivo Ocotal) score=0.16,Deportivo Cuenca,
Moisés Ramírez,Independiente del Valle,ambiguous,0.156521739130435,Ayoze Ramírez (Without Club) score=0.16 | Moisés Ramírez (AE Kifisia) score=0.12,Without Club,
Elías Pereyra,Instituto,ambiguous,0.2,Elías Pereyra (Defensa y Justicia) score=0.20 | Santiago Pereyra (CA San Martín (San Juan) II) score=0.14,Defensa y Justicia,
Nicolás Cordero,Instituto,ambiguous,0.2,Nicolás Cordero (Retired) score=0.20 | Nicolás Cordero (Without Club) score=0.15 | Federico Cordero (Aurora FC U20) score=0.07,Retired,
D.Longa,Inter Bogotá,ambiguous,0.138461538461538,Antonio Longás (Retired) score=0.14 | Vlatko Djolonga (Retired) score=0.14 | Dominique Malonga (Retired) score=0.14,Retired,
NA,Inter Bogotá,ambiguous,0.18,Jun-yeong Na (Siheung City FC) score=0.18 | Ramdinpuia NA (Reliance Foundation Young Champs U17) score=0.17 | Tae-min Na (Retired) score=0.14,Siheung City FC,
Héctor Martínez,Inter Miami,ambiguous,0.16875,Héctor Martínez (AD Unión Adarve) score=0.17 | Héctor Martínez (Retired) score=0.16 | Chopo (Retired) score=0.16,AD Unión Adarve,
Jordi Alba,Inter Miami,ambiguous,0.163636363636364,Jordi Alba (Retired) score=0.16 | Jordi Albacete (Retired) score=0.16,Retired,
Leonardo Afonso,Inter Miami,ambiguous,0.12,Leo Afonso (Rhode Island FC) score=0.12 | Leonardo Afonso Camara Camacho (SV Lyss II) score=0.08 | Leonardo Afonso (Without Club) score=0.08,Rhode Island FC,
Robert Taylor,Inter Miami,ambiguous,0.163636363636364,Bob Taylor (Retired) score=0.16 | Robert Taylor (Retired) score=0.16 | Betão (Retired) score=0.16,Retired,
Diego Rosa,Internacional,ambiguous,0.225,Diego Rosales (Municipal Mejillones) score=0.23 | Diego Rosa (APOEL Nicosia) score=0.21 | Diego Rosado (EF Taurinos de Cayey U20) score=0.15,Municipal Mejillones,
Gabriel Carvalho,Internacional,ambiguous,0.279310344827586,Gabriel Araújo (Génesis / Policía Nacional FC) score=0.28 | Gabriel Alleoni (KVV Berg en Dal) score=0.24 | Gabriel Carvalho (Eastern SC) score=0.21,Génesis / Policía Nacional FC,
Ivan,Internacional,ambiguous,0.142105263157895,Luka Ivanušec (Feyenoord Rotterdam) score=0.14 | Ivan Rakitic (Retired) score=0.14 | Branislav Ivanovic (Retired) score=0.14,Feyenoord Rotterdam,
Lucca,Internacional,ambiguous,0.207692307692308,Lorenzo Lucca (SSC Napoli) score=0.21 | Patrick de Lucca (Clube de Regatas Brasil (AL)) score=0.21 | Lucca (Ceará Sporting Club) score=0.18,SSC Napoli,
Luis Otávio,Internacional,ambiguous,0.28125,Echaporã (São Bernardo FC) score=0.28 | Luis Otávio (Unknown) score=0.21 | Nenê Bonilha (EC Água Santa (SP)) score=0.17,São Bernardo FC,
Nathan,Internacional,ambiguous,0.236842105263158,Jonathan Burkardt (Eintracht Frankfurt) score=0.24 | Nathan Aké (Fenerbahce) score=0.21 | Jonathan Tah (Bayern Munich) score=0.21,Eintracht Frankfurt,
Pablo,Internacional,ambiguous,0.207692307692308,Gavi (FC Barcelona) score=0.21 | Pablo Sarabia (Al-Arabi SC) score=0.21 | Pablo Aimar (Retired) score=0.14,FC Barcelona,
Ramon,Internacional,ambiguous,0.138461538461538,José Ramón Alexanko (Retired) score=0.14 | Lucas Barrios (Retired) score=0.14 | Jonatan Maidana (Retired) score=0.14,Retired,
Richard,Internacional,ambiguous,0.207692307692308,Richard Ríos (SL Benfica) score=0.21 | Richard Witschge (Retired) score=0.14 | Micah Richards (Retired) score=0.14,SL Benfica,
Vitão,Internacional,ambiguous,0.203225806451613,Vitão (Esporte Clube Laranja Mecânica) score=0.20 | Vitão (AA Aparecidense) score=0.18 | Vitão (EC Água Santa (SP)) score=0.17,Esporte Clube Laranja Mecânica,
Wesley,Internacional,ambiguous,0.207692307692308,Wesley (AS Roma) score=0.21 | Wesley Moraes (Shenzhen Peng City) score=0.15 | Wesley Sneijder (Retired) score=0.14,AS Roma,
Óscar Romero,Internacional,ambiguous,0.207692307692308,Óscar Romero (CA Huracán) score=0.21 | Óscar Romero (D'Feeters Kicks Soccer Club) score=0.20 | Òscar Romero (Folgore Delfino Curi Pescara) score=0.16,CA Huracán,
Ashley Young,Ipswich Town,ambiguous,0.075,Ashley Young (Retired) score=0.08 | Ashley Young (Without Club) score=0.08,Retired,
Daniel Neil,Ipswich Town,ambiguous,0.075,Dan Neil (Rangers FC) score=0.08 | Daniel Neill (Career break) score=0.00,Rangers FC,
Berat Özdemir,Istanbul Basaksehir,ambiguous,0.333333333333333,Berat Özdemir (Basaksehir FK) score=0.33 | Berat Özdemir (23 Elazig FK) score=0.09,Basaksehir FK,
Ivan Brnić,Istanbul Basaksehir,ambiguous,0.333333333333333,Ivan Brnic (Basaksehir FK) score=0.33 | Ivan Brnic (SV Leingarten) score=0.19,Basaksehir FK,
Léo Duarte,Istanbul Basaksehir,ambiguous,0.156521739130435,Léo Duarte (Clube Atlético Mineiro) score=0.16 | Léo Duarte (Retired) score=0.09 | Léo Duarte (Barra FC) score=0.09,Clube Atlético Mineiro,
Nuno Da Costa,Istanbul Basaksehir,ambiguous,0.333333333333333,Nuno da Costa (Basaksehir FK) score=0.33 | João Cabral (Without Club) score=0.14 | Tomás Cardoso (CD Mafra U19) score=0.09,Basaksehir FK,
Onur Bulut,Istanbul Basaksehir,ambiguous,0.333333333333333,Onur Bulut (Basaksehir FK) score=0.33 | Onur Bulut (Racing Club Roubaix) score=0.14,Basaksehir FK,
Ousseynou Ba,Istanbul Basaksehir,ambiguous,0.333333333333333,Ousseynou Ba (Basaksehir FK) score=0.33 | Ousseynou Ball (US Ouakam) score=0.19 | El Housseynou Ba (ASC Gendrim) score=0.14,Basaksehir FK,
Yusuf Sari,Istanbul Basaksehir,ambiguous,0.333333333333333,Yusuf Sarı (Basaksehir FK) score=0.33 | Yusuf Sarica (Retired) score=0.09 | Yusuf Sarica (Retired) score=0.09,Basaksehir FK,
Diego Martínez,Jaguares de Córdoba,ambiguous,0.36,Diego Martínez (Dorados de Sinaloa) score=0.36 | Beto (Real Madrid C) score=0.25 | Dieguito (Puerto Real CF) score=0.23,Dorados de Sinaloa,
Fabian Mosquera,Jaguares de Córdoba,ambiguous,0.27,Yéiler Mosquera (AD Nueve de Octubre) score=0.27 | Fabián Mosquera (Without Club) score=0.14,AD Nueve de Octubre,
NA,Jaguares de Córdoba,ambiguous,0.225,Sang-ho Na (Fagiano Okayama) score=0.23 | Tae-min Na (Retired) score=0.18 | Yoo-seong Na (Retired) score=0.18,Fagiano Okayama,
Lucas Monzón,Junior,ambiguous,0.257142857142857,Lucas Monzón (Unknown) score=0.26 | Lucas Monzón (Racing Club de Montevideo) score=0.11 | Lucas Monzón (Recoleta FC) score=0.00,Unknown,
NA,Junior,ambiguous,0.192857142857143,Dong-wook Na (Seoul Jungnang) score=0.19 | Jun-yeong Na (Siheung City FC) score=0.18 | Young-u Na (Chung-Ang University) score=0.18,Seoul Jungnang,
Federico Zuccon,Juve Stabia,ambiguous,0.15,Federico Zuccon (Atalanta U23) score=0.15 | Federico Zucconi (Without Club) score=0.08,Atalanta U23,
Salim Diakite,Juve Stabia,ambiguous,0.163636363636364,Salim Diakité (SM Caen) score=0.16 | Salim Diakité (Palermo FC) score=0.08,SM Caen,
Emil Holm,Juventus,ambiguous,0.133333333333333,Jon Emil Holm Olsen (Bjørkelangen/Høland Fotball) score=0.13 | Emil Holmberg (IK Sleipner) score=0.08 | Emil Holmberg (Örebro SK U19) score=0.07,Bjørkelangen/Høland Fotball,
Filip Kostić,Juventus,ambiguous,0.15,Filip Kostić (Without Club) score=0.15 | Filip Kostic (Without Club) score=0.15 | Filip Kostic (FK Vojvodina Novi Sad U16) score=0.11,Without Club,
Diego Ochoa,Juárez,ambiguous,0.257142857142857,Diego Ochoa (Retired) score=0.26 | Diego Ochoa (Club Necaxa) score=0.16 | Diego Ochoa (Without Club) score=0.15,Retired,
Guilherme,Juárez,ambiguous,0.257142857142857,Baldocchi (Retired) score=0.26 | Luan (Retired) score=0.26 | Guilherme (Retired) score=0.26,Retired,
Jonathan González,Juárez,ambiguous,0.257142857142857,Jonathan González (Retired) score=0.26 | Jonathan González (San Jose Earthquakes) score=0.23 | Alexis González (CA Sarmiento (Junin)) score=0.20,Retired,
Leonardo Silva,Juárez,ambiguous,0.257142857142857,Leonardo Silva (Retired) score=0.26 | Léo Silva (Retired) score=0.26 | Leo Oliveira (Retired) score=0.26,Retired,
Egor Sorokin,Kairat,ambiguous,0.075,Egor Sorokin (Without Club) score=0.08 | Egor Sorokin (Chengdu Rongcheng) score=0.05,Without Club,
Ricardinho,Kairat,ambiguous,0.257142857142857,Ricardinho (Retired) score=0.26 | Ricardinho (Retired) score=0.26 | Ricardinho (Retired) score=0.26,Retired,
Atanas Chernev,Kaiserslautern,ambiguous,0.25,Atanas Chernev (CF Estrela Amadora) score=0.25 | Atanas Chernev (Retired) score=0.13,CF Estrela Amadora,
E.Müller,Kaiserslautern,ambiguous,0.204545454545455,Thomas Müller (Vancouver Whitecaps FC) score=0.20 | Florian Müller (SC Freiburg) score=0.19 | Hansi Müller (Retired) score=0.13,Vancouver Whitecaps FC,
Simon Simoni,Kaiserslautern,ambiguous,0.15,Simon Simoni (FC St. Gallen 1879 Jugend) score=0.15 | Simon Simoni (Eintracht Frankfurt) score=0.14,FC St. Gallen 1879 Jugend,
Attila Szalai,Kasımpaşa,ambiguous,0.1,Attila Szalai (Retired) score=0.10 | Attila Szalai (TSG 1899 Hoffenheim) score=0.00,Retired,
Cafú,Kasımpaşa,ambiguous,0.276923076923077,Show (Maccabi Haifa) score=0.28 | Daniel Rocafull (CF Badalona) score=0.16 | Cafú Phete (Vestri Ísafjördur) score=0.15,Maccabi Haifa,
Cem Üstündag,Kasımpaşa,ambiguous,0.2,Cem Üstündag (Amed SK) score=0.20 | Cem Üstündag (Without Club) score=0.00,Amed SK,
Emre Taşdemir,Kasımpaşa,ambiguous,0.16875,Emre Taşdemir (Mardin 1969 Spor) score=0.17 | Emre Taşdemir (Kirkgöz Dösemealti Belediye GSK) score=0.14,Mardin 1969 Spor,
Nicholas Opoku,Kasımpaşa,ambiguous,0.12,Nicholas Opoku Nti (Legon Cities FC) score=0.12 | Nicholas Opoku (Without Club) score=0.00,Legon Cities FC,
Ali Karimi,Kayserispor,ambiguous,0.163636363636364,Ali Karimi (Retired) score=0.16 | Ali Karimi (Retired) score=0.16 | Ali Karimi (Retired) score=0.16,Retired,
Arif Kocaman,Kayserispor,ambiguous,0.163636363636364,Kocaman Arif (Retired) score=0.16 | Arif Kocaman (Without Club) score=0.00,Retired,
Denis Makarov,Kayserispor,ambiguous,0.257142857142857,Denis Makarov (Krylya Sovetov Samara) score=0.26 | Denis Makarov (Baltika-2 Kaliningrad) score=0.17 | Denis Makarov (Retired) score=0.16,Krylya Sovetov Samara,
László Bénes,Kayserispor,ambiguous,0.163636363636364,László Bénes (KAA Gent) score=0.16 | László Benes (Retired) score=0.16,KAA Gent,
David Watson,Kilmarnock,ambiguous,0.15,Davie Watson (Without Club) score=0.15 | Luke Watson (Without Club) score=0.15 | David Watson (Bolton Wanderers) score=0.11,Without Club,
James Brown,Kilmarnock,ambiguous,0.15,James Brown (Without Club) score=0.15 | Alan Browne (Sunderland AFC) score=0.13 | James Brown (St. Patrick's Athletic) score=0.13,Without Club,
Botond Balogh,Kocaelispor,ambiguous,0.163636363636364,Botond Balogh (Retired) score=0.16 | Botond Balogh (Parma Calcio 1913) score=0.16 | Botond Balogh (Without Club) score=0.00,Retired,
Can Keles,Kocaelispor,ambiguous,0.276923076923077,Zekican Kelesoglu (Amasyaspor FK) score=0.28 | Özcan Keles (Retired) score=0.16 | Can Keleş (Besiktas JK) score=0.08,Amasyaspor FK,
Furkan Gedik,Kocaelispor,ambiguous,0.214285714285714,Furkan Gedikli (Caycuma Spor Kulübü) score=0.21 | Furkan Gedik (Without Club) score=0.00,Caycuma Spor Kulübü,
Ryan Mendes,Kocaelispor,ambiguous,0.18,Jonathan Bryan (Americano FC (RJ)) score=0.18 | Matheus Mendes (Retired) score=0.16 | Luhpaty Mendes (FC Schaffhausen II) score=0.15,Americano FC (RJ),
Show,Kocaelispor,ambiguous,0.163636363636364,Denilson (Retired) score=0.16 | Enoch Showunmi (Retired) score=0.16 | Brian Showdery (Retired) score=0.16,Retired,
Danijel Aleksić,Konyaspor,ambiguous,0.1,Danijel Aleksic (Corum FK) score=0.10 | Danijel Aleksic (Retired) score=0.00,Corum FK,
Guilherme,Konyaspor,ambiguous,0.142105263157895,Igor Paixão (Olympique Marseille) score=0.14 | Guilherme Arana (Fluminense Football Club) score=0.11 | Pedro (CR Flamengo) score=0.08,Olympique Marseille,
Marius Ștefănescu,Konyaspor,ambiguous,0.0857142857142857,Marius Ștefănescu (FC Universitatea Cluj) score=0.09 | Marius Stefanescu (---) score=0.00,FC Universitatea Cluj,
Pedrinho,Konyaspor,ambiguous,0.264705882352941,Pedrinho (Batman Petrolspor) score=0.26 | Pedro (Zenit St. Petersburg) score=0.19 | Pedrinho (São Bernardo FC) score=0.17,Batman Petrolspor,
Christian Ramírez,LA Galaxy,ambiguous,0.138461538461538,Christian Ramírez (San Benito FC) score=0.14 | Christian Ramirez (Austin FC) score=0.00 | Christian Ramirez Cortes (Retired) score=0.00,San Benito FC,
John McCarthy,LA Galaxy,ambiguous,0.158823529411765,John McCarthy (Red Bull New York) score=0.16 | Jack McCarthy (---) score=0.00 | John McCarthy (Retired) score=0.00,Red Bull New York,
Matheus Nascimento,LA Galaxy,ambiguous,0.24,Lincoln (Nacional AC U20) score=0.24 | Matheus Nascimento (Botafogo de Futebol e Regatas) score=0.12 | Matheus (Retired) score=0.00,Nacional AC U20,
Nick Sullivan,LA Galaxy,ambiguous,0.192857142857143,Nick Sullivan (Fraser Park FC) score=0.19 | Nick Sullivan (Huntsville City FC) score=0.10,Fraser Park FC,
Zanka,LA Galaxy,ambiguous,0.1,Varian Carty (Lymers FC) score=0.10 | Shardul Zankar (Kenkre FC U18) score=0.07 | Zanka (Without Club) score=0.00,Lymers FC,
David Ochoa,LAFC,ambiguous,0.225,David Ochoa (La Castellana FC) score=0.23 | David Ruíz (Inter Miami CF) score=0.13 | David Ochoa (Without Club) score=0.08,La Castellana FC,
Jaílson,LAFC,ambiguous,0.24,Jaílson (Al-Nasiriyah FC) score=0.24 | Jailson (Bandeirante EC (SP)) score=0.11 | Jailson (Without Club) score=0.08,Al-Nasiriyah FC,
Marlon,LAFC,ambiguous,0.158823529411765,Marlone (Brasiliense FC (DF)) score=0.16 | Marlon Pack (Portsmouth FC) score=0.14 | Felipe Chávez (FC Bayern Munich II) score=0.09,Brasiliense FC (DF),
Ryan Porteous,LAFC,ambiguous,0.257142857142857,Ryan Porteous (Los Angeles FC) score=0.26 | Ryan Porteous (Bonnyrigg Rose FC) score=0.11,Los Angeles FC,
Yaw Yeboah,LAFC,ambiguous,0.0642857142857143,Yaw Yeboah (Qingdao Hainiu) score=0.06 | James Papa Yaw Yeboah (Unknown) score=0.00,Qingdao Hainiu,
Alberto Toril,LD Alajuelense,ambiguous,0.192857142857143,Alberto Toril (Hércules CF) score=0.19 | Alberto Toril (Retired) score=0.06,Hércules CF,
Canhoto,LD Alajuelense,ambiguous,0.18,Fabinho Canhoto (SG Johannesberg) score=0.18 | Anderson Canhoto (Pouso Alegre FC) score=0.12 | Anderson Canhoto (Retired) score=0.06,SG Johannesberg,
Carlos Martínez,LD Alajuelense,ambiguous,0.321428571428571,Carlos Julio Martínez (CD Tudelano) score=0.32 | Carlos Martínez (CD Fuerte San Francisco) score=0.20 | Carlos Martínez (Retired) score=0.06,CD Tudelano,
Diego Campos,LD Alajuelense,ambiguous,0.1875,Diego Campos (AD Villaviciosa de Odón) score=0.19 | Diego Campos (RB Bragantino U20) score=0.16 | Diego Campos (Without Club) score=0.06,AD Villaviciosa de Odón,
Joel Campbell,LD Alajuelense,ambiguous,0.142105263157895,Joel Campbell (Inter de San Carlos) score=0.14 | Joel Campbell (Without Club) score=0.06,Inter de San Carlos,
Alejandro Cabeza,LDU Quito,ambiguous,0.207692307692308,Alejandro Cabeza (CSD Municipal) score=0.21 | Edilson Cabeza (Delfín SC) score=0.09 | Alejandro Cabeza (Without Club) score=0.08,CSD Municipal,
Carlos Gruezo,LDU Quito,ambiguous,0.0818181818181818,Carlos Gruezo (Libertad FC) score=0.08 | Carlos Gruezo (Santos Laguna) score=0.07 | Carlos Gruezo (Retired) score=0.00,Libertad FC,
Kevin Minda,LDU Quito,ambiguous,0.207692307692308,Kevin Minda (Club El Globo) score=0.21 | Kevin Minda (FBC Melgar) score=0.09,Club El Globo,
P.López,LDU Quito,ambiguous,0.158823529411765,Héctor Herrera (Houston Dynamo FC) score=0.16 | Pau López (Real Betis Balompié) score=0.14 | Flaco López (Sociedade Esportiva Palmeiras) score=0.09,Houston Dynamo FC,
R.Martinez,LDU Quito,ambiguous,0.18,Gonzalo Martínez (Club Atlético Tigre) score=0.18 | Lucas Martínez Quarta (CA River Plate) score=0.13 | Lautaro Martínez (Inter Milan) score=0.08,Club Atlético Tigre,
Bryan Mendoza,La Serena,ambiguous,0.25,Bryan Mendoza (Correcaminos de la UAT) score=0.25 | Bryan Mendoza (CA Boca Unidos) score=0.19 | Brayan Mendoza (Unknown) score=0.10,Correcaminos de la UAT,
Cristián Gutiérrez,La Serena,ambiguous,0.28125,Cristián Gutiérrez (Unión La Calera) score=0.28 | Cristian Gutiérrez (UD Las Palmas) score=0.21 | Cristian Gutiérrez (Retired) score=0.20,Unión La Calera,
Emanuel Herrera,La Serena,ambiguous,0.173076923076923,Agustín Herrera (CA Independiente (Chivilcoy)) score=0.17 | Emanuel Herrera (Unknown) score=0.10,CA Independiente (Chivilcoy),
Gonzalo Jara,La Serena,ambiguous,0.2,Gonzalo Jara (Retired) score=0.20 | Gonzalo Jara (Unión San Felipe) score=0.16,Retired,
Jorge Ortiz,La Serena,ambiguous,0.225,Jorge Ortiz (Nueva Santa Rosa CDF) score=0.23 | Jorge Ortiz (Retired) score=0.20 | Jorge Ortíz (Retired) score=0.20,Nueva Santa Rosa CDF,
Juan Fuentes,La Serena,ambiguous,0.327272727272727,Juan Fuentes (CD Cobresal) score=0.33 | Juan Rafael Fuentes (Retired) score=0.20 | Juanda Fuentes (FC Andorra) score=0.18,CD Cobresal,
Martin Ramirez,La Serena,ambiguous,0.2,Jorge Martín (Retired) score=0.20 | Martín Ramírez (Retired) score=0.20 | Horacio Ramírez (CASD Camioneros) score=0.18,Retired,
Bruno Cabrera,Lanús,ambiguous,0.18,Bruno Cabrera (CA Newell's Old Boys) score=0.18 | Bruno Cabrera (Without Club) score=0.15 | Bruno Cabrera (Club Atlético San Martín (Tucumán)) score=0.13,CA Newell's Old Boys,
Ezequiel Muñoz,Lanús,ambiguous,0.15,Lucas Muñoz (Without Club) score=0.15 | Pedro Muñoz (Club Calor Torreón) score=0.14 | Ezequiel Muñoz (Gimnasia y Esgrima de Mendoza) score=0.09,Without Club,
Juan José Cáceres,Lanús,ambiguous,0.207692307692308,Juan José Cáceres (Dynamo Moscow) score=0.21 | Juan Cáceres (Retired) score=0.00,Dynamo Moscow,
Leonel Cardozo,Lanús,ambiguous,0.192857142857143,Anderson Cardozo (Anzoátegui FC) score=0.19 | Leonel Cardozo (Club Deportivo Morón) score=0.09,Anzoátegui FC,
Rodrigo Castillo,Lanús,ambiguous,0.15,Rodrigo Castillo (Fluminense Football Club) score=0.15 | José Castillo (Unknown) score=0.13 | Júnior Castillo (Rio Aguarico FC) score=0.12,Fluminense Football Club,
Jonathan Viera,Las Palmas,ambiguous,0.075,Pitu Viera (CD Mensajero) score=0.08 | Jonathan Viera (Without Club) score=0.00,CD Mensajero,
Miloš Luković,Las Palmas,ambiguous,0.225,Milos Lukovic (RC Strasbourg Alsace) score=0.23 | Milos Lukovic (Unknown) score=0.00,RC Strasbourg Alsace,
Pejiño,Las Palmas,ambiguous,0.18,Pejiño (SD Eibar) score=0.18 | Lukas Svendsen (Career break) score=0.15,SD Eibar,
Patric,Lazio,ambiguous,0.225,Patrick Zabi (Paris FC) score=0.23 | Alan Patrick (Sport Club Internacional) score=0.15 | Patrick Vieira (Retired) score=0.13,Paris FC,
Pedro,Lazio,ambiguous,0.245454545454545,Pedro (CR Flamengo) score=0.25 | João Pedro (Chelsea FC) score=0.18 | Pedro Neto (Chelsea FC) score=0.18,CR Flamengo,
Diego,Leganés,ambiguous,0.225,Diego Milito (Retired) score=0.23 | Diego Costa (Retired) score=0.23 | Diego Godín (Retired) score=0.23,Retired,
Duk,Leganés,ambiguous,0.225,Mark Viduka (Retired) score=0.23 | Marvin Ducksch (Birmingham City) score=0.18 | Viktor Djukanovic (Hammarby IF) score=0.16,Retired,
Gueye,Leganés,ambiguous,0.225,Lamine Koné (Retired) score=0.23 | Papa Gueye (Retired) score=0.23 | Makhtar Gueye (Shanghai Shenhua) score=0.23,Retired,
Lalo,Leganés,ambiguous,0.225,Alan Torres (Mazatlán FC) score=0.23 | Lalo (Retired) score=0.23 | Behram Zülaloğlu (Retired) score=0.23,Mazatlán FC,
M.Calvo,Leganés,ambiguous,0.245454545454545,Dani Calvo (Real Oviedo) score=0.25 | José Calvo (Retired) score=0.23 | Alberto Bueno (Retired) score=0.23,Real Oviedo,
Seydouba Cisse,Leganés,ambiguous,0.18,Seydouba Cissé (Club Industriel de Kamsar) score=0.18 | Seydouba Cissé (Al-Kholood Club) score=0.12,Club Industriel de Kamsar,
Jordan James,Leicester City,ambiguous,0.192857142857143,Jordan Spence (Retired) score=0.19 | Jordan Prescott (Retired) score=0.19 | Jordan James (Retired) score=0.19,Retired,
Ricardo Pereira,Leicester City,ambiguous,0.192857142857143,Ricardo Pereira (Without Club) score=0.19 | Ricardo (Retired) score=0.19 | João Queirós (Without Club) score=0.19,Without Club,
Fodé Sylla,Lens,ambiguous,0.128571428571429,Fodé Sylla (FC Sion) score=0.13 | Fode Sylla (Retired) score=0.13 | Fodé Sylla (Foligno Calcio 1928) score=0.09,FC Sion,
José Luis Morales,Levante UD,ambiguous,0.27,José Luis Morales (Retired) score=0.27 | José Morales (Retired) score=0.27 | José Luis Morales (Without Club) score=0.15,Retired,
Manu Sánchez,Levante UD,ambiguous,0.276923076923077,Manu Sánchez (Celta de Vigo) score=0.28 | Manu Sánchez (Retired) score=0.27 | Manu Sánchez (AD Ceuta FC) score=0.16,Celta de Vigo,
Pablo Martínez,Levante UD,ambiguous,0.321428571428571,Pablo Martínez (AD Berazategui) score=0.32 | Pablo Martínez (Retired) score=0.27 | Pablo Martínez (Retired) score=0.27,AD Berazategui,
Sergio Lozano,Levante UD,ambiguous,0.16875,Sergio Lozano (Rayo Vallecano B) score=0.17 | Sergio Lozano (Jagiellonia Bialystok) score=0.13 | Sergio Lozano (SFC Friedrichshain IV) score=0.09,Rayo Vallecano B,
Carlos Cisneros,León,ambiguous,0.133333333333333,Carlos Cisneros (CD Leones Negros de la UdeG) score=0.13 | Carlos Cisneros (Retired) score=0.13 | Juan Carlos Cisneros (Retired) score=0.13,CD Leones Negros de la UdeG,
Fernando Moreno,León,ambiguous,0.257142857142857,Fernando Moreno (Unknown) score=0.26 | Fernando Moreno (Unknown) score=0.26 | Omar Moreno (Puebla FC) score=0.20,Unknown,
Óscar Jiménez,León,ambiguous,0.18,Óscar Jiménez (CF Atlante) score=0.18 | Óscar Jiménez (Deportivo Miranda FC) score=0.14 | Óscar Jiménez (Retired) score=0.13,CF Atlante,
Óscar Villa,León,ambiguous,0.2,Óscar Villa (Puebla FC) score=0.20 | Óscar Villarreal (Club Tijuana U21) score=0.17 | Damián Villalba (CA Nacional Potosí) score=0.14,Puebla FC,
Carlos Arboleda,Libertad,ambiguous,0.15,Carlos Arboleda (Without Club) score=0.15 | Carlos Arboleda (Deportivo Cuenca) score=0.11,Without Club,
Carlos Montaño,Libertad,ambiguous,0.225,Carlos Montaño (Retired) score=0.23 | Juan Carlos Montaño (UC La Estrella) score=0.19 | Carlos Montaño (Without Club) score=0.15,Retired,
Diego Viera,Libertad,ambiguous,0.225,Diego Viera (Retired) score=0.23 | Diego Viera (Retired) score=0.23 | Diego Viera (Retired) score=0.23,Retired,
Eber Caicedo,Libertad,ambiguous,0.15,Eber Caicedo (Without Club) score=0.15 | Kleber Caicedo (Without Club) score=0.15,Without Club,
Hugo Martínez,Libertad,ambiguous,0.225,Víctor Martínez (Retired) score=0.23 | Hugo Martinez (FA Illkirch Graffenstaden) score=0.22 | Hugo Martínez (Deportes Limache) score=0.17,Retired,
Iván Franco,Libertad,ambiguous,0.333333333333333,Iván Franco (Club Libertad Asunción) score=0.33 | Iván Franco (Retired) score=0.23 | Iván Franco (CD Padura) score=0.00,Club Libertad Asunción,
Iván Ramírez,Libertad,ambiguous,0.236842105263158,Iván Ramírez (Club Cerro Porteño) score=0.24 | Dennis Ramírez (Retired) score=0.23 | Aldo Ramírez (Retired) score=0.23,Club Cerro Porteño,
Iván Zambrano,Libertad,ambiguous,0.1,Iván Zambrano (LDU Quito) score=0.10 | Iván Zambrano (Unknown) score=0.00,LDU Quito,
Joaquín Bogarín,Libertad,ambiguous,0.333333333333333,Joaquín Bogarín (Club Libertad Asunción) score=0.33 | Joaquín Bogarín (CD San Jorge (Almagro)) score=0.09,Club Libertad Asunción,
Jorge Recalde,Libertad,ambiguous,0.18,Jorge Recalde (Club Porvenir Alteño FBC) score=0.18 | Jorge Recalde (Without Club) score=0.15,Club Porvenir Alteño FBC,
Kevin Becerra,Libertad,ambiguous,0.257142857142857,Kevin Becerra (Club Cienciano) score=0.26 | Kevin Ramirez (Silves FC) score=0.20,Club Cienciano,
Lucas Sanabria,Libertad,ambiguous,0.333333333333333,Lucas Sanabria (Club Libertad Asunción) score=0.33 | Lucas Sanabria (Los Angeles Galaxy) score=0.15 | Lucas Sanabria (Unknown) score=0.00,Club Libertad Asunción,
Martín Cáceres,Libertad,ambiguous,0.245454545454545,Martín Cáceres (CA Juventud) score=0.25 | Santiago Cáceres (CA All Boys) score=0.00,CA Juventud,
Martín Silva,Libertad,ambiguous,0.225,Santiago Silva (Retired) score=0.23 | Pablo Silva (Retired) score=0.23 | Martin Silva (Retired) score=0.23,Retired,
Richard Borja,Libertad,ambiguous,0.225,Richard Borja (Retired) score=0.23 | Richard Borja (SG Bad Schwartau) score=0.23 | Richard Borja (Barcelona SC Guayaquil) score=0.08,Retired,
Thiago Fernández,Libertad,ambiguous,0.333333333333333,Thiago Fernández (Club Libertad Asunción) score=0.33 | Thiago Fernández (Villarreal CF) score=0.21 | Thiago Fernández (Racing Club de Montevideo B) score=0.17,Club Libertad Asunción,
Ángel Quiñónez,Libertad,ambiguous,0.15,Pedro Quiñónez (Without Club) score=0.15 | Ángel Quiñónez (Without Club) score=0.15 | Ángel Quiñónez (Real Oruro) score=0.09,Without Club,
Óscar Cardozo,Libertad,ambiguous,0.225,Óscar Cardozo (Retired) score=0.23 | Óscar Cardozo (Retired) score=0.23 | Oscar Cardozo (Club Olimpia U19) score=0.17,Retired,
André Gomes,Lille,ambiguous,0.171428571428571,João André (Lusitano Vildemoinhos) score=0.17 | André Gomes (SL Benfica B) score=0.15 | Ruca (Without Club) score=0.15,Lusitano Vildemoinhos,
Andrew Robertson,Liverpool,ambiguous,0.15,Andrew Robertson (Without Club) score=0.15 | Andrew Robertson (Tottenham Hotspur) score=0.11,Without Club,
Diego Rodríguez,Liverpool,ambiguous,0.234782608695652,Diego Rodríguez (Club Cerro Porteño U20) score=0.23 | Diego Rodríguez (Without Club) score=0.15 | Diego Rodriguez (Club Deportivo Guabirá II) score=0.14,Club Cerro Porteño U20,
Emiliano Fernández,Liverpool,ambiguous,0.233333333333333,Emiliano Fernández (CA River Plate Montevideo B) score=0.23 | Emiliano Fernandez (Club Atletico Platense (Montevideo)) score=0.11 | Emiliano Fernández (Retired) score=0.10,CA River Plate Montevideo B,
Ibrahima Konaté,Liverpool,ambiguous,0.1125,Abou Konate (Al-Wasl SC Youth) score=0.11 | Ibrahima Konaté (FC Rueil-Malmaison) score=0.10 | Ibrahima Konaté (Real Madrid) score=0.00,Al-Wasl SC Youth,
Manuel Castro,Liverpool,ambiguous,0.2,Josué Guevara (MasFutGol) score=0.20 | César Castro (Club Sportivo 2 de Mayo) score=0.16 | Manuel Castro (Without Club) score=0.15,MasFutGol,
Martín Rea,Liverpool,ambiguous,0.128571428571429,Martín Rea (Atlético Bucaramanga) score=0.13 | Martin Rea (Retired) score=0.10 | Martín Reátegui (Retired) score=0.10,Atlético Bucaramanga,
Mohamed Salah,Liverpool,ambiguous,0.15,Mohamed Salah (Without Club) score=0.15 | Mohamed Salah Mehal (Without Club) score=0.15 | Mohamed Salah (Lommel SK) score=0.10,Without Club,
Danny Wilson,Livingston,ambiguous,0.09,Danny Wilson (Retired) score=0.09 | Danny Wilson (Retired) score=0.09 | Danny Wilson (Retired) score=0.09,Retired,
Juan Montoya,Llaneros,ambiguous,0.245454545454545,Jhoan Montoya (Chapulineros de Oaxaca) score=0.25 | Juan Montoya (CD América de Cali) score=0.14 | Juan Montoya López (Retired) score=0.11,Chapulineros de Oaxaca,
Miguel Ortega,Llaneros,ambiguous,0.257142857142857,Miguel Ortega (Laredo Heat SC) score=0.26 | Miguel Ortega Moreno (SG Calden/Meimbressen II) score=0.19 | Miguel Ortega (Deportes Tolima) score=0.12,Laredo Heat SC,
NA,Llaneros,ambiguous,0.192857142857143,Seong-jin Na (Gimhae Jaemics) score=0.19 | Sang-ho Na (Fagiano Okayama) score=0.18 | Young-u Na (Chung-Ang University) score=0.18,Gimhae Jaemics,
Bamba Dieng,Lorient,ambiguous,0.15,Malick Dieng (Racing Club Beirut) score=0.15 | Amadou Bamba (Al-Hazem SC U21) score=0.12 | Khadim Dieng (AS Panazol) score=0.09,Racing Club Beirut,
Igor Silva,Lorient,ambiguous,0.173076923076923,Igor Silva (União Rondonópolis EC (MT)) score=0.17 | Igor Silva (Plácido de Castro FC) score=0.17 | Igor Damasceno (Bela Vista Futebol Cachoeirense) score=0.15,União Rondonópolis EC (MT),
Dinis Almeida,Ludogorets Razgrad,ambiguous,0.2,Dinis Almeida (CD Fátima) score=0.20 | Dinis Almeida (Without Club) score=0.15 | Afonso Semedo (Parma Primavera) score=0.15,CD Fátima,
Erick,Ludogorets Razgrad,ambiguous,0.25,Érik Lira (CD Cruz Azul) score=0.25 | Christian Eriksen (VfL Wolfsburg) score=0.15 | Sydie Peck (Sheffield United) score=0.15,CD Cruz Azul,
Matheus Machado,Ludogorets Razgrad,ambiguous,0.25,Matheus Machado (Retired) score=0.25 | Matheus Cadorin (Retired) score=0.25 | Matheus Machado (Without Club) score=0.15,Retired,
Son,Ludogorets Razgrad,ambiguous,0.25,Denilson (Retired) score=0.25 | Phil Thompson (Retired) score=0.25 | Heung-min Son (Los Angeles FC) score=0.15,Retired,
Endrick,Lyon,ambiguous,0.142105263157895,Paul Arriola (Seattle Sounders FC) score=0.14 | Gaëtan Hendrickx (KAS Eupen) score=0.10 | Hendrick Ekstein (AmaZulu FC) score=0.09,Seattle Sounders FC,
Téo Barišić,Lyon,ambiguous,0.075,Teo Barisic (NK Dugo Selo) score=0.08 | Téo Barišić (HNK Rijeka) score=0.00,NK Dugo Selo,
Bryan Caicedo,Macará,ambiguous,0.18,Brayan Caicedo (FC Porto B) score=0.18 | Bryan Caicedo (Libertad FC) score=0.16 | Kevin Caicedo (CSD Estrella Roja) score=0.16,FC Porto B,
Cristian Correa,Macará,ambiguous,0.128571428571429,Cristian Correa (Retired) score=0.13 | Cristian Correa (Deportes Quindío U20) score=0.09 | Cristian Correa (Club Deportivo Rincón) score=0.08,Retired,
Darwin López,Macará,ambiguous,0.225,"Darwin López (Jaguares de Córdoba) score=0.23 | Darwin López (UCI Anteaters (University of California, Irvine)) score=0.10",Jaguares de Córdoba,
Heitor,Maccabi Tel Aviv,ambiguous,0.1125,Heitor (Újpest FC) score=0.11 | Heitor (Retired) score=0.11 | Emerson (Retired) score=0.11,Újpest FC,
Andi Hoti,Magdeburg,ambiguous,0.24,Andi Hoti (UMF Afturelding) score=0.24 | Andi Hoti (Eintracht Braunschweig) score=0.16,UMF Afturelding,
Tobias Müller,Magdeburg,ambiguous,0.207692307692308,Sven Müller (Hallescher FC) score=0.21 | Tobias Müller (SV Concordia Schenkenberg) score=0.18 | Tobias Müller (VfL Gundersheim) score=0.18,Hallescher FC,
Dani Rodríguez,Mallorca,ambiguous,0.171428571428571,Dani Rodríguez (Atlético Tordesillas) score=0.17 | Dani Rodríguez (Without Club) score=0.15 | Dani Rodríguez (Without Club) score=0.15,Atlético Tordesillas,
Javier Llabrés,Mallorca,ambiguous,0.2,Javi Llabrés (Burgos CF) score=0.20 | Javi Llabrés (Retired) score=0.11,Burgos CF,
Oliver Berg,Malmö FF,ambiguous,0.327272727272727,Oliver Berg-Hansen (Molde FK II) score=0.33 | Oliver Bergmann Bjarnason (Ýmir Kópavogur) score=0.18 | Oliver Berg (Polva FC Lootos) score=0.18,Molde FK II,
Bernardo Silva,Manchester City,ambiguous,0.24,Bernardo Francisco (Without Club) score=0.24 | Benny (FA Siauliai) score=0.18 | Bernardo (Retired) score=0.18,Without Club,
Nathan Aké,Manchester City,ambiguous,0.18,Nathan Aké (Fenerbahce) score=0.18 | Jonathan Akerman Berndtsson (Retired) score=0.18,Fenerbahce,
Casemiro,Manchester United,ambiguous,0.264705882352941,Casemiro Mior (Retired) score=0.26 | Batista (Retired) score=0.26 | Glodi Zinga (Retired) score=0.26,Retired,
Brian Ramirez,Manta FC,ambiguous,0.1125,Brian Ramírez (Unknown) score=0.11 | Brian Ramírez (Without Club) score=0.08 | Brian Ramírez (Without Club) score=0.08,Unknown,
Christian Alemán,Manta FC,ambiguous,0.3375,Christian Alemán (Mosul SC) score=0.34 | Christian Alemany (Murcia Promises U19) score=0.14,Mosul SC,
Daniel Valencia,Manta FC,ambiguous,0.264705882352941,Álex Valencia (Santos Laguna U21) score=0.26 | Daniel Valencia (CD América de Cali) score=0.19 | José Daniel Valencia (Retired) score=0.11,Santos Laguna U21,
Edison Caicedo,Manta FC,ambiguous,0.075,Eber Caicedo (Without Club) score=0.08 | Edison Caicedo (LDU de Portoviejo) score=0.05,Without Club,
J.Zambrano,Manta FC,ambiguous,0.16875,Cristian Ramírez (Lokomotiv Moscow) score=0.17 | Ronald Champang (CD La Union) score=0.16 | Carlos Zambrano (Sport Boys Association) score=0.12,Lokomotiv Moscow,
Luis Quiñonez,Manta FC,ambiguous,0.128571428571429,Luis Quiñónez (Independiente Juniors) score=0.13 | José Luis Quiñónez (Retired) score=0.11 | Juan Quiñónez (Retired) score=0.11,Independiente Juniors,
Mario Sánchez,Manta FC,ambiguous,0.225,Mario Sánchez (Conil CF) score=0.23 | Mario Sánchez (CDA Navalcarnero) score=0.17 | Mario Sánchez (Retired) score=0.11,Conil CF,
Federico Zuccon,Mantova,ambiguous,0.225,Federico Zuccon (Atalanta U23) score=0.23 | Federico Zucconi (Without Club) score=0.08,Atalanta U23,
Nicolò Buso,Mantova,ambiguous,0.15,Nicolò Buso (US Catanzaro) score=0.15 | Nicolò Buso (Without Club) score=0.08,US Catanzaro,
Tiago Gonçalves,Mantova,ambiguous,0.18,Tiago Silva (FC Porto B) score=0.18 | Santiago Gonçalves (FC Victoria Rosport) score=0.14 | Tiago Neves (SL Benfica U17) score=0.13,FC Porto B,
Christopher Ramírez,Mazatlán,ambiguous,0.158823529411765,Christopher Ramírez (Atlético Hidalgo) score=0.16 | Christopher Ramírez (Deportivo Guastatoya) score=0.14 | Christofer Ramírez (Retired) score=0.10,Atlético Hidalgo,
Jorge García,Mazatlán,ambiguous,0.225,Jorge García (UD Castellonense) score=0.23 | Jorge García (Canosa) score=0.20 | Jorge García (Retired) score=0.10,UD Castellonense,
Ricardo Gutiérrez,Mazatlán,ambiguous,0.16875,Allan Gutiérrez (CD Real Juventud) score=0.17 | Kevin Gutiérrez (Deportivo Santa Elena Sumpa) score=0.13 | Daniel Gutiérrez (Puebla FC) score=0.10,CD Real Juventud,
Samir,Mazatlán,ambiguous,0.2,Samir Chergui (Paris FC) score=0.20 | Sammir (Apotheos FC) score=0.16 | Samir Caetano (Al-Najma SC) score=0.16,Paris FC,
Ángel Leyva,Mazatlán,ambiguous,0.171428571428571,José Leyba (Liventina San Odorico) score=0.17 | Ángel Leyva (Puebla FC) score=0.10,Liventina San Odorico,
José Martínez,Mechelen,ambiguous,0.225,Pirri (Retired) score=0.23 | Israel Martínez (Retired) score=0.23 | José Martínez Gullota (Retired) score=0.23,Retired,
Mory Konaté,Mechelen,ambiguous,0.15,Mory Konaté (Without Club) score=0.15 | Cheick Konaté (Red Star FC B) score=0.07,Without Club,
Boubacar Traore,Metz,ambiguous,0.257142857142857,Boubacar Traoré (Retired) score=0.26 | Boubacar Traoré (MC Oran) score=0.13 | Aboubacar Traore (MFK Karvina) score=0.08,Retired,
Ibou Sané,Metz,ambiguous,1,Sadibou Sané (FC Metz) score=1.00 | Ibou Sané (FC Metz) score=1.00 | Cheikhna Sané (AS Dakar Sacré Cœur) score=0.04,FC Metz,
Idrissa Gueye,Metz,ambiguous,0.075,Idrissa Gueye (Without Club) score=0.08 | Idrissa Gueye (Udinese Calcio) score=0.06,Without Club,
Malick Mbaye,Metz,ambiguous,0.257142857142857,Malick Mbaye (Retired) score=0.26 | Malick Mbaye (AS Cambérène) score=0.13 | Malick Mbaye (Without Club) score=0.08,Retired,
Marcus Forss,Middlesbrough,ambiguous,0.138461538461538,Marcus Forss (Without Club) score=0.14 | Marcus Forsström (Unknown) score=0.07,Without Club,
Alex Castro,Millonarios,ambiguous,0.245454545454545,Tomas Castro Celdran (Miami FC) score=0.25 | Álex Castro (Without Club) score=0.15 | Álex Castro (Without Club) score=0.15,Miami FC,
C.Barrios,Millonarios,ambiguous,0.189473684210526,Pablo Barrios (Atlético de Madrid) score=0.19 | Nahuel Barrios (CA San Lorenzo de Almagro) score=0.14 | Álex Arce (CS Independiente Rivadavia) score=0.14,Atlético de Madrid,
Christopher Martín,Millonarios,ambiguous,0.276923076923077,Chris Stokes (Curzon Ashton) score=0.28 | Christopher Martin (TSV Flöha 1848) score=0.18 | Christopher Martin (Without Club) score=0.15,Curzon Ashton,
NA,Millonarios,ambiguous,0.257142857142857,Seong-jin Na (Gimhae Jaemics) score=0.26 | Sang-ho Na (Fagiano Okayama) score=0.18 | Jun-yeong Na (Siheung City FC) score=0.18,Gimhae Jaemics,
S.Isaza,Millonarios,ambiguous,0.18,Nicolas Isaza (Llaneros FC U20) score=0.18 | Tabriz Isazada (MOIK Baku) score=0.16 | Mohammadreza Eisazadeh (Shahrdari Ardabil) score=0.16,Llaneros FC U20,
Anthony Patterson,Millwall,ambiguous,0.128571428571429,Anthony Patterson (Sunderland AFC) score=0.13 | Marlon Patterson (Retired) score=0.00,Sunderland AFC,
Tom Watson,Millwall,ambiguous,0.192857142857143,Tom Watson (Wigan Athletic) score=0.19 | Tom Watson (Brighton & Hove Albion) score=0.14 | Tom Watson (---) score=0.00,Wigan Athletic,
K.Chandler,Minnesota United,ambiguous,0.35,Chandler Crawshaw (Lakeland United FC) score=0.35 | Jeremy Chandler (Retired) score=0.28 | Timothy Chandler (Eintracht Frankfurt) score=0.19,Lakeland United FC,
Robin Lod,Minnesota United,ambiguous,0.1125,Robin Lod (Chicago Fire FC) score=0.11 | Robin Lodi (FC Mutschellen) score=0.11,Chicago Fire FC,
Elías Salazar,Miramar Misiones,ambiguous,0.128571428571429,Elías Salazar (CSyD Paso de la Arena) score=0.13 | Leandro Salazar (KAA Gent Youth) score=0.11,CSyD Paso de la Arena,
Facundo Silvera,Miramar Misiones,ambiguous,0.16875,Facundo Silvera (Huracán FC) score=0.17 | Facundo Silvera (Montevideo City Torque) score=0.16,Huracán FC,
Gastón Ramírez,Miramar Misiones,ambiguous,0.225,Gonzalo Ramírez (CA Basáñez) score=0.23 | Gastón Ramírez (CA Boston River) score=0.11,CA Basáñez,
Juan Moreno,Miramar Misiones,ambiguous,0.214285714285714,Juan Moreno (Racing Madrid City FC) score=0.21 | Juan Moreno (Europa FC) score=0.17 | Juan Moreno (Retired) score=0.17,Racing Madrid City FC,
Martín Fernández,Miramar Misiones,ambiguous,0.28125,Gustavo Fernández (CA Mitre) score=0.28 | Tomás Fernández (Sportivo y Biblioteca Atenas II) score=0.20 | Martin Fernández (Retired) score=0.17,CA Mitre,
Mauricio Gómez,Miramar Misiones,ambiguous,0.225,Mauricio Gómez (Boyacá Patriotas FC) score=0.23 | Mauricio Gómez (CA River Plate Montevideo) score=0.22 | Geovanni (Retired) score=0.17,Boyacá Patriotas FC,
P.López,Miramar Misiones,ambiguous,0.225,Fermín López (FC Barcelona) score=0.23 | Diego López (Retired) score=0.17 | Antonio López (Retired) score=0.17,FC Barcelona,
Alberto Mari,Mirandés,ambiguous,0.24,Alberto Orozco (Barranquilla FC) score=0.24 | Alberto Higgins (Rionegro Águilas) score=0.23 | Alberto Mari (Retired) score=0.20,Barranquilla FC,
Carlos Fernández,Mirandés,ambiguous,0.2,José Carlos Fernández (Retired) score=0.20 | Carlos Fernandez (Retired) score=0.20 | José Carlos Tello (Retired) score=0.20,Retired,
Javier Hernandez,Mirandés,ambiguous,0.333333333333333,Javi Hernández (CD Leganés) score=0.33 | Pinda (Retired) score=0.20 | Javo (Retired) score=0.20,CD Leganés,
Jorge Cabello,Mirandés,ambiguous,0.27,Jorge Cabello (Levante UD) score=0.27 | Jorge Cabello (CA Agropecuario) score=0.12,Levante UD,
Martín Pascual,Mirandés,ambiguous,0.192857142857143,Martín Pascual (FC Dinamo 1948) score=0.19 | Fernando Pascual (Club Ferro Carril Oeste (Gral. Pico)) score=0.14,FC Dinamo 1948,
Pablo López,Mirandés,ambiguous,0.236842105263158,Pablo López (CD Valle de Egüés) score=0.24 | Pablo López (Valencia Mestalla) score=0.21 | Nicolás López (Retired) score=0.20,CD Valle de Egüés,
Pablo Pérez,Mirandés,ambiguous,0.27,Pablo Pérez (UP Langreo) score=0.27 | José Pérez (Chimaltenango FC) score=0.23 | Pablo Pérez (Retired) score=0.20,UP Langreo,
Pica,Mirandés,ambiguous,0.333333333333333,Adrián Pica (Deportivo Alavés) score=0.33 | Fafà Picault (Atlanta United FC) score=0.21 | Dominik Picak (Retired) score=0.20,Deportivo Alavés,
Álex Suárez,Mirandés,ambiguous,0.225,Jhon Suarez Rivera (Career break) score=0.23 | Álex Suárez (UD Las Palmas) score=0.14,Career break,
Carlos Eduardo,Mirassol Futebol Clube,ambiguous,0.792,Eduardo (Mirassol Futebol Clube (SP)) score=0.79 | Carlos Eduardo (Mirassol Futebol Clube (SP)) score=0.79 | Eduardo (EC Passo Fundo) score=0.29,Mirassol Futebol Clube (SP),
Chico,Mirassol Futebol Clube,ambiguous,0.245454545454545,Chico Geraldes (Seoul E-Land) score=0.25 | Francisco Trincão (Sporting CP) score=0.20 | Jan Hurtado (Volos NFC) score=0.16,Seoul E-Land,
Clayson,Mirassol Futebol Clube,ambiguous,0.163636363636364,Clayson (Sport Club do Recife) score=0.16 | Clayson Rato (Retired) score=0.08,Sport Club do Recife,
Cristian,Mirassol Futebol Clube,ambiguous,0.218181818181818,Cristian Pavón (Grêmio Foot-Ball Porto Alegrense) score=0.22 | Cristiano Ronaldo (Al-Nassr FC) score=0.20 | Portu (Girona FC) score=0.20,Grêmio Foot-Ball Porto Alegrense,
Edson,Mirassol Futebol Clube,ambiguous,0.490909090909091,Edson (ABC Futebol Clube (RN)) score=0.49 | Mexer (Without Club) score=0.37 | Gedson Fernandes (Spartak Moscow) score=0.16,ABC Futebol Clube (RN),
Everton,Mirassol Futebol Clube,ambiguous,0.368181818181818,Éverton (Without Club) score=0.37 | Weverton (Grêmio Foot-Ball Porto Alegrense) score=0.22 | Ché Adams (Torino FC) score=0.20,Without Club,
Fabrício,Mirassol Futebol Clube,ambiguous,0.286363636363636,Fabrício Bruno (Cruzeiro Esporte Clube) score=0.29 | Fabricio Bustos (CA River Plate) score=0.25 | Wagner Pina (Trabzonspor) score=0.16,Cruzeiro Esporte Clube,
Francisco da Costa,Mirassol Futebol Clube,ambiguous,0.286363636363636,Chico da Costa (Cruzeiro Esporte Clube) score=0.29 | Neto Costa (São Bernardo FC) score=0.16 | Francisco Canário (Portimonense SAD) score=0.16,Cruzeiro Esporte Clube,
Gabriel,Mirassol Futebol Clube,ambiguous,0.204545454545455,Gabriel Martinelli (Arsenal FC) score=0.20 | Gabriel Jesus (Arsenal FC) score=0.20 | Gabriel (Arsenal FC) score=0.20,Arsenal FC,
Guilherme,Mirassol Futebol Clube,ambiguous,0.375,Guilherme Arana (Fluminense Football Club) score=0.38 | Juan Jesus (Without Club) score=0.37 | Luís Guilherme (Sporting CP) score=0.20,Fluminense Football Club,
Iury,Mirassol Futebol Clube,ambiguous,0.43448275862069,Iury (Independente Futebol Clube (SP)) score=0.43 | Iury (Without Club) score=0.37 | Spartak Tsylyuryk (LKS Gołuchów) score=0.20,Independente Futebol Clube (SP),
Jemmes,Mirassol Futebol Clube,ambiguous,0.375,Jemmes (Fluminense Football Club) score=0.38 | Rasmus Gjemmestad (Retired) score=0.08,Fluminense Football Club,
Luiz Otávio,Mirassol Futebol Clube,ambiguous,0.4,Luiz Otávio (Azuriz Futebol Clube (PR) U17) score=0.40 | Luiz Otávio (Without Club) score=0.37 | Luiz Otavio (Without Club) score=0.37,Azuriz Futebol Clube (PR) U17,
Renato Marques,Mirassol Futebol Clube,ambiguous,0.391304347826087,Renato Marques (Coritiba Foot Ball Club) score=0.39 | Renato Marques (AD São Romão) score=0.16,Coritiba Foot Ball Club,
Roni,Mirassol Futebol Clube,ambiguous,0.204545454545455,Rony (Santos FC) score=0.20 | Luan Peres (Santos FC) score=0.20 | Gerónimo Rulli (Olympique Marseille) score=0.12,Santos FC,
Walter,Mirassol Futebol Clube,ambiguous,0.245454545454545,Phil Foden (Manchester City) score=0.25 | Walter Kannemann (Grêmio Foot-Ball Porto Alegrense) score=0.22 | Joshua Kimmich (Bayern Munich) score=0.16,Manchester City,
Zé Vitor,Mirassol Futebol Clube,ambiguous,0.204545454545455,Zé Vitor (São Paulo FC (AP)) score=0.20 | Zé Vitor (Esporte Clube Vitória) score=0.17 | Zé Vitor (Operário FC) score=0.16,São Paulo FC (AP),
Manuel De Luca,Modena,ambiguous,0.225,Manuel De Luca (US Cremonese) score=0.23 | Manuel De Luca (ACD Fratta Terme) score=0.11 | Manuel De Luca (Without Club) score=0.08,US Cremonese,
Arturo González,Monterrey,ambiguous,0.3,Arturo González (Retired) score=0.30 | Óscar González (Retired) score=0.30 | Arturo González (Retired) score=0.30,Retired,
Héctor Moreno,Monterrey,ambiguous,0.3,Héctor Moreno (Retired) score=0.30 | Héctor Moreno (Barry Buccaneers (Barry University)) score=0.16 | Jhon Moreno (LDU de Portoviejo) score=0.16,Retired,
José Alvarado,Monterrey,ambiguous,0.3,Ricardo Alvarado (Retired) score=0.30 | Wilfredo Alvarado (Retired) score=0.30 | José Alvarado (Retired) score=0.30,Retired,
Sergio Ramos,Monterrey,ambiguous,0.3,Sérgio Ramos (Retired) score=0.30 | Sergio Ramos (Without Club) score=0.15 | Sergio Ramos (Without Club) score=0.15,Retired,
Mirko Marić,Monza,ambiguous,0.1125,Mirko Maric (NK Solin) score=0.11 | Mirko Marić (Without Club) score=0.08,NK Solin,
Paulo,Monza,ambiguous,0.1125,Ganso (Fluminense Football Club) score=0.11 | Paulo Dybala (Without Club) score=0.08 | Rony Lopes (Without Club) score=0.08,Fluminense Football Club,
Bernardo Martins,Moreirense,ambiguous,0.331578947368421,Bernardo Martins (LGC Moncarapachense) score=0.33 | Bernardo Santos (AD Sanjoanense) score=0.26 | Benny (Batman Petrolspor) score=0.21,LGC Moncarapachense,
Kiko,Moreirense,ambiguous,1,Kiko (Moreirense FC) score=1.00 | Kiko Bondoso (Moreirense FC) score=1.00 | Kiko Casilla (Retired) score=0.36,Moreirense FC,
Marcelo,Moreirense,ambiguous,0.36,Marcelo (Retired) score=0.36 | Marcelo Trobbiani (Retired) score=0.36 | Ezequiel Garay (Retired) score=0.36,Retired,
Michel,Moreirense,ambiguous,0.36,Míchel Salgado (Retired) score=0.36 | Michel Platini (Retired) score=0.36 | Michelangelo Rampulla (Retired) score=0.36,Retired,
Miguel Silva,Moreirense,ambiguous,0.529411764705882,Miguel Silva (Moreirense FC U19) score=0.53 | Reko (SC Vianense) score=0.41 | Luís Vouzela (Retired) score=0.36,Moreirense FC U19,
Diego Ledesma,Motagua,ambiguous,0.225,Diego Ledesma (Juticalpa FC) score=0.23 | Diego Ledesma (Retired) score=0.13,Juticalpa FC,
Marcelo Santos,Motagua,ambiguous,0.128571428571429,Marcelo Santos (SSA FC) score=0.13 | Marcelo Barbosa (Retired) score=0.13 | Marcelinho (Retired) score=0.13,SSA FC,
Sebastián Cardozo,Motagua,ambiguous,0.225,Sebastián Cardozo (Rocha FC) score=0.23 | Sebastián Cardozo (Without Club) score=0.23 | Leonel Cardozo (Club Deportivo Morón) score=0.09,Rocha FC,
Wálter Martínez,Motagua,ambiguous,0.225,Walmer Martinez (Without Club) score=0.23 | Walter Martínez (Without Club) score=0.23 | Walter Martínez (Retired) score=0.13,Without Club,
Liam Gordon,Motherwell,ambiguous,0.27,William Gordon (Retired) score=0.27 | Will Gordon (Without Club) score=0.23 | Liam Gordon (Port Vale FC) score=0.23,Retired,
Sam Nicholson,Motherwell,ambiguous,0.24,Sam Nicholson (Modbury Jets SC) score=0.24 | Sam Nicholson (Livingston FC) score=0.00,Modbury Jets SC,
Stephen Welsh,Motherwell,ambiguous,0.075,Stephen Welsh (Swansea City) score=0.08 | Stéphan Welsh (GSI Pontivy) score=0.00,Swansea City,
Bruno Miranda,Mushuc Runa,ambiguous,0.225,Bruno Miranda (Without Club) score=0.23 | Bruno Miranda (Without Club) score=0.23 | Bruno Miranda (Ferroviário AC) score=0.18,Without Club,
Carlos Orejuela,Mushuc Runa,ambiguous,0.0818181818181818,Carlos Orejuela (Retired) score=0.08 | Carlos Orejuela (Libertad FC) score=0.00,Retired,
J. Castillo,Mushuc Runa,ambiguous,0.138461538461538,Sandro Ramírez (UD Las Palmas) score=0.14 | Denil Castillo (FC Midtjylland) score=0.13 | Sergio Agüero (Retired) score=0.08,UD Las Palmas,
Jonathan Dos Santos,Mushuc Runa,ambiguous,0.225,Jhow (Without Club) score=0.23 | Kauã Jonathan (Londrina EC (PR) U20) score=0.20 | Jonathan dos Santos (CF América) score=0.16,Without Club,
José Quiñones,Mushuc Runa,ambiguous,0.163636363636364,José Daniel Quiñónes (Unknown) score=0.16 | Emilio José Quiñones Fernández (Retired) score=0.08 | José Quiñónes (Once Caldas B) score=0.07,Unknown,
Luis Arce,Mushuc Runa,ambiguous,0.225,Luis Arce (Without Club) score=0.23 | Luis Arce (Without Club) score=0.23 | Luis Arce (Without Club) score=0.23,Without Club,
Pedro Perlaza,Mushuc Runa,ambiguous,0.171428571428571,Pedro Perlaza (Maricá Futebol Clube) score=0.17 | Pedro Perlaza (Retired) score=0.08,Maricá Futebol Clube,
Robert Burbano,Mushuc Runa,ambiguous,0.163636363636364,Robert Burbano (Manta FC) score=0.16 | Robert Burbano (Retired) score=0.08,Manta FC,
Francisco Montero,Málaga,ambiguous,0.171428571428571,Francisco Montero Benia (Sportivo Bella Italia) score=0.17 | Guillermo Montero (USV Elinkwijk Utrecht) score=0.09 | Javi Montero (Without Club) score=0.08,Sportivo Bella Italia,
Gabilondo,Málaga,ambiguous,0.346153846153846,Jokin Gabilondo (Real Zaragoza) score=0.35 | Iker Gabilondo (CD Lagun Onak) score=0.28 | Igor Gabilondo (Retired) score=0.00,Real Zaragoza,
Víctor García,Málaga,ambiguous,0.2,Víctor García (SD Huesca) score=0.20 | Jhonathan García (Universitario Tarija) score=0.14 | Victor Garcia (Batatais FC (SP)) score=0.13,SD Huesca,
André Ayew,NAC Breda,ambiguous,0.3,Leandre Ayewubo (Retired) score=0.30 | André Ayew (Without Club) score=0.00,Retired,
Fredrik Jensen,NAC Breda,ambiguous,0.3,Fredrik Jensen (Retired) score=0.30 | Fredrik Jensen (Aris Thessaloniki) score=0.16,Retired,
Danilo,NEC,ambiguous,0.128571428571429,Luca Fusi (Retired) score=0.13 | Danilo (Retired) score=0.13 | Danilo Silva (Retired) score=0.13,Retired,
Rober,NEC,ambiguous,0.128571428571429,Roberto Carlos (Retired) score=0.13 | Robert Pirès (Retired) score=0.13 | Rivellino (Retired) score=0.13,Retired,
André Sousa,Nacional,ambiguous,0.225,André Sousa (SC Vila Real) score=0.23 | André Sousa (Without Club) score=0.15 | Márcio Semeano (GD Benavente) score=0.15,SC Vila Real,
Christian Oliva,Nacional,ambiguous,0.207692307692308,Christian Olivares (Sporting Club Jacksonville) score=0.21 | Christian Oliva (Santos FC) score=0.20 | Christian Olivares (Retired) score=0.11,Sporting Club Jacksonville,
Daniel,Nacional,ambiguous,0.15,Daniel Carvajal (Without Club) score=0.15 | Daniel Muñoz (Crystal Palace) score=0.13 | Daniel Passarella (Retired) score=0.11,Without Club,
Eduardo Vargas,Nacional,ambiguous,0.158823529411765,Josue Vargas (Carlos A. Mannucci) score=0.16 | Cristofer Vargas (Without Club) score=0.15 | Dieter Vargas (Without Club) score=0.15,Carlos A. Mannucci,
Gabriel Veron,Nacional,ambiguous,0.236842105263158,Franco Verón (Cassino Calcio 1924) score=0.24 | Lucas Verón (Club Atlético Mar del Plata) score=0.16 | Gabriel Veron (FC Porto) score=0.11,Cassino Calcio 1924,
Juan Patiño,Nacional,ambiguous,0.245454545454545,Juan Patiño (Once Caldas) score=0.25 | Juan Patiño (Without Club) score=0.15 | Juan Patiño (Retired) score=0.11,Once Caldas,
Kaique,Nacional,ambiguous,0.245454545454545,Kaique Rocha (Casa Pia AC) score=0.25 | Kaique Pereira (Sociedade Esportiva Palmeiras) score=0.16 | Kaique (CR Vasco da Gama U17) score=0.14,Casa Pia AC,
Lucas França,Nacional,ambiguous,0.15,Lucas França (Without Club) score=0.15 | Lucas Viana (Retired) score=0.11 | Lucas França (Retired) score=0.11,Without Club,
Lucas Rodríguez,Nacional,ambiguous,0.327272727272727,Lucas Rodríguez (CA Germinal) score=0.33 | Lucas Rodríguez (CA Aldosivi) score=0.16 | Lucas Rodríguez (Without Club) score=0.15,CA Germinal,
Matías de los Santos,Nacional,ambiguous,0.3,Matías De los Santos (Albion FC) score=0.30 | Matías De Los Santos (CA River Plate Montevideo) score=0.14 | Matías de los Santos (Retired) score=0.11,Albion FC,
Mauricio Pereyra,Nacional,ambiguous,0.1125,Mauricio Pereyra (Retired) score=0.11 | Joaquín Pereyra (Club Deportes Iquique) score=0.04,Retired,
Pablo,Nacional,ambiguous,0.3,Gavi (FC Barcelona) score=0.30 | Pablo Fornals (Real Betis Balompié) score=0.18 | Pablo (Without Club) score=0.15,FC Barcelona,
Rómulo Otero,Nacional,ambiguous,0.225,Rómulo Otero (Criciúma EC) score=0.23 | Rómulo Otero (---) score=0.00,Criciúma EC,
Amady Camara,Nantes,ambiguous,0.128571428571429,Mamady Camara (Retired) score=0.13 | Amady Camara (SK Sturm Graz) score=0.07,Retired,
Anthony Lopes,Nantes,ambiguous,0.4,Anthony Lopes (AS Lattes) score=0.40 | Anthony Lopes (Angers SCO) score=0.27 | Anthony Lopes (Retired) score=0.13,AS Lattes,
Mohamed Kaba,Nantes,ambiguous,0.18,Mohamed Kaba (CD Alcains) score=0.18 | Mohamed Kaba (Gil Vicente U23) score=0.18 | Mohamed Kaba (Saran FC B) score=0.18,CD Alcains,
Juan Jesus,Napoli,ambiguous,0.15,Juan Jesus (Without Club) score=0.15 | Juan Muñoz (Without Club) score=0.15 | Juanje Argüez (Lincoln Red Imps FC) score=0.14,Without Club,
Jonathan Perez,Nashville SC,ambiguous,0.15,Jotha Pérez (Retired) score=0.15 | Jonathan Pérez (Retired) score=0.15 | Jonathan (Retired) score=0.15,Retired,
Diego Gómez,Necaxa,ambiguous,0.225,Diego Gómez (CF Épila) score=0.23 | León Gómez Ferreño (SSD Agerola) score=0.16 | Diego Gómez (Brighton & Hove Albion) score=0.14,CF Épila,
Jesús Alcantar,Necaxa,ambiguous,0.18,Jesús Alcántar (FBC Melgar) score=0.18 | Jesús Alcántar (Unknown) score=0.13,FBC Melgar,
José Rodríguez,Necaxa,ambiguous,0.163636363636364,Dani Rodríguez (CD Leganés) score=0.16 | Antonio Rodríguez (Club Tijuana) score=0.15 | Memo Rodríguez (Sacramento Republic FC) score=0.12,CD Leganés,
Raúl Sánchez,Necaxa,ambiguous,0.18,Raul Sanchez-Mendez (VfL Germania 94) score=0.18 | Raúl Sánchez (UM Escobedo) score=0.16 | Raúl Sánchez (CD Castellón) score=0.14,VfL Germania 94,
Keegan Hughes,New England Revolution,ambiguous,0.252,Keegan Hughes (Newcastle United Jets U21) score=0.25 | Keegan Hughes (Birmingham Legion FC) score=0.20,Newcastle United Jets U21,
Luis Díaz,New England Revolution,ambiguous,0.204545454545455,Luis Díaz (Bayern Munich) score=0.20 | Luis Díaz (LD Alajuelense) score=0.20 | Luis Díaz (Envigado FC) score=0.20,Bayern Munich,
Matt Turner,New England Revolution,ambiguous,0.163636363636364,Matt Turner (Olympique Lyon) score=0.16 | Matthew Turner (Cardiff City) score=0.12,Olympique Lyon,
Maximiliano Urruti,New England Revolution,ambiguous,0.163636363636364,Maximiliano Urruti (Without Club) score=0.16 | Maximiliano Urrutia (Retired) score=0.12,Without Club,
S.George,New England Revolution,ambiguous,0.245454545454545,Joe Willock (Newcastle United) score=0.25 | Ollie Watkins (Aston Villa) score=0.16 | Amadou Onana (Aston Villa) score=0.16,Newcastle United,
Julián Fernández,New York City FC,ambiguous,0.2,Julián Fernández (CA Rosario Central) score=0.20 | Tomás Fernández (Club Atlético Tigre) score=0.14 | Julián Fernández (CD Palestino) score=0.11,CA Rosario Central,
Alexander Hack,New York Red Bulls,ambiguous,0.2,Alexander Hacket (Retired) score=0.20 | Alexander Hackl (SV Rothenthurn) score=0.20 | Alexander Hacker (Retired) score=0.20,Retired,
Carlos Coronel,New York Red Bulls,ambiguous,0.2,Carlos Coronel (Retired) score=0.20 | Carlos Coronel (São Paulo Futebol Clube) score=0.19,Retired,
Lewis Morgan,New York Red Bulls,ambiguous,0.15,Lewis Tomlins (Aber Valley) score=0.15 | Lewis Morgan (San Diego FC) score=0.10 | Lewis Morgan (Willand Rovers FC) score=0.10,Aber Valley,
Marcelo Morales,New York Red Bulls,ambiguous,0.2,Marcelo Morales (Retired) score=0.20 | Marcelo Morales (Club Universidad de Chile) score=0.18 | Leonardo Morales (CA Bartolomé Mitre (Posadas)) score=0.17,Retired,
Raheem Edwards,New York Red Bulls,ambiguous,0.15,Raheem Edwards (Toronto FC) score=0.15 | Raheem Edwards (Mount Pleasant FA) score=0.00,Toronto FC,
Serge Ngoma,New York Red Bulls,ambiguous,0.2,Serge Ngoma (Retired) score=0.20 | Serge Ngoma (Birmingham Legion FC) score=0.09,Retired,
Anthony Gordon,Newcastle United,ambiguous,0.16875,Anthony Gordon (FC Barcelona) score=0.17 | Anthony Gordon (Glantraeth FC) score=0.11,FC Barcelona,
Francisco González,Newell's Old Boys,ambiguous,0.234782608695652,Ariel González (Toledo Esporte Clube (PR)) score=0.23 | Francisco González (CD O'Higgins) score=0.16 | Francisco González Metilli (Club Atlético Belgrano) score=0.16,Toledo Esporte Clube (PR),
Franco Orozco,Newell's Old Boys,ambiguous,0.158823529411765,Franco Orozco (CA Lanús) score=0.16 | Gianfranco Orozco (CA Artigas) score=0.11,CA Lanús,
Juan Manuel García,Newell's Old Boys,ambiguous,0.158823529411765,Juanma García (Without Club) score=0.16 | Juan Manuel García (Club Guaraní) score=0.11 | Juanma García (Algeciras CF) score=0.11,Without Club,
Ángelo Martino,Newell's Old Boys,ambiguous,0.158823529411765,Ángelo Martino (CSKA Sofia) score=0.16 | Angelo Martino (Retired) score=0.11 | Angelo Colombo (---) score=0.00,CSKA Sofia,
Douglas Luiz,Nottingham Forest,ambiguous,0.158823529411765,Douglas Luiz (Juventus FC) score=0.16 | Douglão (Bandeirante EC (SP)) score=0.11,Juventus FC,
Elliot Anderson,Nottingham Forest,ambiguous,0.105882352941176,Elliot Anderson (Manchester City) score=0.11 | Elliot Anderson (Unknown) score=0.11,Manchester City,
John,Nottingham Forest,ambiguous,0.211764705882353,John Terry (Retired) score=0.21 | John Obi Mikel (Retired) score=0.21 | John Toshack (Retired) score=0.21,Retired,
Lorenzo Lucca,Nottingham Forest,ambiguous,0.158823529411765,Lorenzo Lucca (SSC Napoli) score=0.16 | Lorenzo Lucca Martini Nobrega (Unknown) score=0.11,SSC Napoli,
Artem Stepanov,Nürnberg,ambiguous,0.18,Artem Stepanov (FC Utrecht) score=0.18 | Artem Stepanov (Retired) score=0.10 | Artem Stepanovich (FK Sevastopol) score=0.07,FC Utrecht,
Esteban González,O'Higgins,ambiguous,0.135,Paul González (AD Municipal Liberia) score=0.14 | Boris González (Real San Joaquín) score=0.11 | Esteban González (Retired) score=0.10,AD Municipal Liberia,
F.González,O'Higgins,ambiguous,0.135,Fran González (Real Madrid Castilla) score=0.14 | Armando González (Deportivo Guadalajara) score=0.13 | Nico González (Manchester City) score=0.12,Real Madrid Castilla,
G.Pinto Silva,O'Higgins,ambiguous,0.16875,Jordão Cardoso (A'Ali SC  (Bahrain)) score=0.17 | Fábio Matos (CD Olivais e Moscavide) score=0.16 | Rafael Pestana (Clube Atletico Molelos) score=0.12,A'Ali SC  (Bahrain),
Joaquín Edgardo Muñoz Riffo,O'Higgins,ambiguous,0.666666666666667,Joaquín Muñoz (CD O'Higgins U21) score=0.67 | Nicolás Muñoz Calderón (CD O'Higgins U21) score=0.67,CD O'Higgins U21,
Juan Ignacio Díaz,O'Higgins,ambiguous,0.1125,Juan Ignacio Díaz (CD Universidad Católica) score=0.11 | Juan Ignacio Dìaz (Club Deportes Rengo) score=0.09,CD Universidad Católica,
Maximiliano Romero,O'Higgins,ambiguous,0.1,Maximiliano Romero (CA Mitre) score=0.10 | Maximiliano Romero (Retired) score=0.10 | Maximiliano Romero (Without Club) score=0.08,CA Mitre,
Moisés González,O'Higgins,ambiguous,0.128571428571429,Moisés González (Deportivo Lara) score=0.13 | Tiago González (3 de Noviembre) score=0.13 | Moisés González (Retired) score=0.10,Deportivo Lara,
Rodrigo Tapia,O'Higgins,ambiguous,0.142105263157895,Rodrigo Tapia (Club Atlético Grau) score=0.14 | Rodrigo Tapia (Retired) score=0.10 | Arón Rodrigo (FC Andorra) score=0.09,Club Atlético Grau,
Dante,OGC Nice,ambiguous,0.207692307692308,Dante Vanzeir (Cercle Brugge) score=0.21 | Amadou Dante (FC Arouca) score=0.20 | Dante Cassanova (Without Club) score=0.15,Cercle Brugge,
Alejandro Maciel,Olimpia,ambiguous,0.163636363636364,Jonathan Maciel (Club Ciudad de Bolivar) score=0.16 | Alejandro Maciel (CA Central Córdoba (SdE)) score=0.08,Club Ciudad de Bolivar,
Erik López,Olimpia,ambiguous,0.207692307692308,Erik López (CSD Municipal) score=0.21 | Jorge López (Unknown) score=0.00,CSD Municipal,
Héctor Martínez,Olimpia,ambiguous,0.1125,Héctor Martínez (AD Unión Adarve) score=0.11 | Héctor Martínez (Saltillo Soccer FC) score=0.10 | Hector Martinez Huete (SC Charlottenburg II) score=0.09,AD Unión Adarve,
Javier Dominguez,Olimpia,ambiguous,0.117391304347826,Javier Dominguez (Club Atlético Tucumán) score=0.12 | Ritoré (Atlético Sanluqueño CF) score=0.11 | Javi Domínguez (Without Club) score=0.08,Club Atlético Tucumán,
Lisandro López,Olimpia,ambiguous,0.117391304347826,Lisandro López (Club Atlético Belgrano) score=0.12 | Lisandro López (Retired) score=0.00,Club Atlético Belgrano,
Luis Núñez,Olimpia,ambiguous,0.128571428571429,Luis Nuñez (Ferroviario Comercial de Las Cabras) score=0.13 | Luis Núñez (Club 12 de Junio) score=0.11 | Luis Coordes (VfB Lübeck) score=0.08,Ferroviario Comercial de Las Cabras,
Ricardo Sanchez,Olimpia,ambiguous,0.257142857142857,Ricardo Sánchez (Sport Victoria) score=0.26 | Ricardo Sánchez (Universidad O&M FC II) score=0.13 | Ricardo Sánchez (Without Club) score=0.08,Sport Victoria,
Costinha,Olympiacos,ambiguous,0.189473684210526,Costinha (SC União Torreense) score=0.19 | Costinha (US Mondorf-Les-Bains) score=0.18 | Costinha (GDRC Os Sandinenses) score=0.14,SC União Torreense,
Kevin Rodríguez,Once Caldas,ambiguous,0.225,Kevin Rodríguez (Union Saint-Gilloise) score=0.23 | Kevin Garrido (Don Bosco Junior) score=0.23 | Kevin Rodríguez (Club Juan Aurich) score=0.17,Union Saint-Gilloise,
Luis Sánchez,Once Caldas,ambiguous,0.163636363636364,José Luis Sánchez (Retired) score=0.16 | José Luis Capdevila (Retired) score=0.16 | Sánchez Barrios (Retired) score=0.16,Retired,
NA,Once Caldas,ambiguous,0.257142857142857,Seong-jin Na (Gimhae Jaemics) score=0.26 | Jun-yeong Na (Siheung City FC) score=0.18 | Ramdinpuia NA (Reliance Foundation Young Champs U17) score=0.17,Gimhae Jaemics,
Christian Ortíz,Orense,ambiguous,0.128571428571429,Christian Ortíz (Grêmio Novorizontino) score=0.13 | Christian Ortiz (City Soccer FC) score=0.13 | Christian Ortiz (CD Montry) score=0.10,Grêmio Novorizontino,
Ramiro Luna,Orense,ambiguous,0.0818181818181818,Ramiro Luna (CA Ferrocarril Midland) score=0.08 | Ramiro Luna (Sija F.C.) score=0.00,CA Ferrocarril Midland,
Alexander Freeman,Orlando City,ambiguous,0.225,Corley Freeman (Flames United SC) score=0.23 | Alex Freeman (Villarreal CF) score=0.14 | Alexander Freeman (Retired) score=0.08,Flames United SC,
César Araújo,Orlando City,ambiguous,0.15,Cleibe (Without Club) score=0.15 | Júlio Sousa (FC Vale Formoso) score=0.12 | César Araújo (Tigres UANL) score=0.08,Without Club,
Kyle Smith,Orlando City,ambiguous,0.184090909090909,Kyle Smith (Stony Brook Seawolves (Stony Brook University)) score=0.18 | Kyle Smith (Tonbridge Angels) score=0.17 | Kyle Smith (Without Club) score=0.15,Stony Brook Seawolves (Stony Brook University),
Luis Muriel,Orlando City,ambiguous,0.15,Luis Muriel (Junior FC) score=0.15 | Luis Muriel (Unknown) score=0.15,Junior FC,
Nicolás Rodríguez,Orlando City,ambiguous,0.25,Nicolás Rodríguez (Atlético Nacional) score=0.25 | Nicolás Rodríguez (Querétaro FC U19) score=0.21 | Santiago Rodríguez (CA Brown (Adrogué)) score=0.16,Atlético Nacional,
Rafael Santos,Orlando City,ambiguous,0.264705882352941,Rafael Santos (Chicago FC United) score=0.26 | Rafael Santos (Without Club) score=0.15 | Rafael Santos (Quarteirense Futebol SAD) score=0.15,Chicago FC United,
Shak Mohammed,Orlando City,ambiguous,0.128571428571429,Saani Isshak Mohammed (AC Horsens U19) score=0.13 | Shak Mohammed (Nashville SC) score=0.00,AC Horsens U19,
Juan Cruz,Osasuna,ambiguous,0.25,Juan Cruz Komar (CA Rosario Central) score=0.25 | Juan Cruz Kaprof (ACR Messina) score=0.25 | Juan Cruz de los Santos (Club Nacional) score=0.21,CA Rosario Central,
Víctor Muñoz,Osasuna,ambiguous,0.075,Victor Muñoz (Without Club) score=0.08 | Víctor Muñoz (Liverpool FC) score=0.00 | Víctor Muñoz (Retired) score=0.00,Without Club,
Ben Davies,Oxford United,ambiguous,0.276923076923077,Ben Davies (Retired) score=0.28 | Ben Davies (Retired) score=0.28 | Ruben Davies (Briton Ferry Llansawel) score=0.25,Retired,
Elliott Moore,Oxford United,ambiguous,0.16875,Elliott Moore (Northampton Town) score=0.17 | Elliott Moore (Lydd Town FC) score=0.07,Northampton Town,
Luke Harris,Oxford United,ambiguous,0.128571428571429,Luke Harris (Morriston Town) score=0.13 | Luke Harrison (Wellington Rec. FC) score=0.11 | Luke Harris (Fulham FC) score=0.07,Morriston Town,
Matt Phillips,Oxford United,ambiguous,0.276923076923077,Matt Phillips (Retired) score=0.28 | Matt Phillips (Without Club) score=0.07,Retired,
Tom Bradshaw,Oxford United,ambiguous,0.0692307692307692,Tom Bradshaw (Without Club) score=0.07 | Tom Bradshaw (---) score=0.00,Without Club,
Alessandro Bianco,PAOK Thessaloniki,ambiguous,0.158823529411765,Alessandro Bianco (ACF Fiorentina) score=0.16 | Alessandro Bianconi (Ravenna FC) score=0.16,ACF Fiorentina,
Alemão,Pachuca,ambiguous,0.257142857142857,Daniel Alemão (Gala) score=0.26 | Alemão (Without Club) score=0.23 | Alemão (Rayo Vallecano) score=0.19,Gala,
Javier López,Pachuca,ambiguous,0.225,Javier Eduardo López (Without Club) score=0.23 | Javi López (Real Sociedad) score=0.21 | Javi López (Club Esportiu Carroi) score=0.18,Without Club,
Kenedy,Pachuca,ambiguous,0.225,Kenedy Onyango (Without Club) score=0.23 | Jhon Gutiérrez (Without Club) score=0.23 | Kenedi Oliveira (SC Valenciano) score=0.21,Without Club,
Luis Quiñones,Pachuca,ambiguous,0.257142857142857,José Luis Quiñones (Mushuc Runa SC) score=0.26 | José Quiñónes (Once Caldas B) score=0.21 | Luis Quiñones (Bogotá FC U20) score=0.19,Mushuc Runa SC,
Luis Rodríguez,Pachuca,ambiguous,0.236842105263158,Luis Chacón (Deportivo A Coruña) score=0.24 | José Luis Rodríguez (FC Juárez) score=0.18 | Luis Miguel Rodríguez (Club Atletico Nunorco) score=0.17,Deportivo A Coruña,
Víctor Guzmán,Pachuca,ambiguous,0.225,Víctor Guzmán (Deportivo Toluca) score=0.23 | Víctor Guzmán (Without Club) score=0.23 | Víctor Guzmán (Sporting CP B) score=0.14,Deportivo Toluca,
R.Müller,Paderborn,ambiguous,0.245454545454545,Florian Müller (SC Freiburg) score=0.25 | Thomas Müller (Vancouver Whitecaps FC) score=0.12 | Hansi Müller (Retired) score=0.10,SC Freiburg,
Bruno Souza,Pafos,ambiguous,0.1125,Bruno Henrique (Barra FC) score=0.11 | Bruno Guimarães (O Elvas CAD) score=0.08 | Bruno Oliveira (Without Club) score=0.08,Barra FC,
Francesco Bardi,Palermo,ambiguous,0.128571428571429,Francesco Bardi (Retired) score=0.13 | Francesco Bardi (Mantova 1911) score=0.08,Retired,
Cristian Suárez,Palestino,ambiguous,0.2,Cristian Suárez (Retired) score=0.20 | Cristian Suárez (Without Club) score=0.08,Retired,
Facundo Castro,Palestino,ambiguous,0.225,Facundo Castro (CA Nueva Chicago) score=0.23 | Facundo Castro (Defensor Sporting Club) score=0.20 | Rodrigo Castro (CA Agropecuario) score=0.18,CA Nueva Chicago,
Francisco Romero,Palestino,ambiguous,0.242307692307692,Francisco Romero (AA Estudiantes (Río Cuarto)) score=0.24 | Francisco Ferreira (Retired) score=0.20 | Francisco Romero (Retired) score=0.20,AA Estudiantes (Río Cuarto),
Iván Román,Palestino,ambiguous,0.234782608695652,Iván Román (Clube Atlético Mineiro) score=0.23 | Iván Romano (FC Martinenc) score=0.23 | Ivan Romanchuk (Retired) score=0.20,Clube Atlético Mineiro,
Sebastián Pérez,Palestino,ambiguous,0.236842105263158,Juan Sebastián Pérez (Deportes Tolima U20) score=0.24 | Omar Pérez (Retired) score=0.20 | Sebastián Gómez (Retired) score=0.20,Deportes Tolima U20,
Allan,Palmeiras,ambiguous,0.333333333333333,Allan (Sociedade Esportiva Palmeiras) score=0.33 | Adam Lallana (Retired) score=0.20 | Allan Simonsen (Retired) score=0.20,Sociedade Esportiva Palmeiras,
Aníbal Moreno,Palmeiras,ambiguous,0.2,Aníbal Moreno (Retired) score=0.20 | Aníbal Moreno (CA River Plate) score=0.19 | Cristóbal Moreno (Deportes Santa Cruz) score=0.14,Retired,
Benedetti,Palmeiras,ambiguous,0.333333333333333,Luis Benedetti (Sociedade Esportiva Palmeiras) score=0.33 | Paolo Benedetti (Retired) score=0.20 | Silvano Benedetti (Retired) score=0.20,Sociedade Esportiva Palmeiras,
Bruno Fuchs,Palmeiras,ambiguous,0.333333333333333,Bruno Fuchs (Sociedade Esportiva Palmeiras) score=0.33 | Bruno Fuchs (Retired) score=0.20 | Philip Fuchs (Without Club) score=0.00,Sociedade Esportiva Palmeiras,
Bruno Rodrigues,Palmeiras,ambiguous,0.3,Vítor Gonçalves (CD Mafra) score=0.30 | Bruno Rodrigues (Retired) score=0.20 | Bruno Rodrigues (Retired) score=0.20,CD Mafra,
Carlos Miguel,Palmeiras,ambiguous,0.333333333333333,Carlos Miguel (Sociedade Esportiva Palmeiras) score=0.33 | Carlos Miguel (Retired) score=0.20 | Carlos Saleiro (Retired) score=0.20,Sociedade Esportiva Palmeiras,
Emiliano Martínez,Palmeiras,ambiguous,0.333333333333333,Emiliano Martínez (Sociedade Esportiva Palmeiras) score=0.33 | Emiliano Martínez (Alacranes de Durango) score=0.18 | Emiliano Martínez (Aston Villa) score=0.08,Sociedade Esportiva Palmeiras,
Estevão,Palmeiras,ambiguous,0.2,Germano (Retired) score=0.20 | Puma (Retired) score=0.20 | Estevão (Retired) score=0.20,Retired,
Facundo Torres,Palmeiras,ambiguous,0.155172413793103,Facundo Torres (Club Deportivo Monterrico Sur) score=0.16 | Facundo Torres (Austin FC) score=0.10 | Alan Torres (Without Club) score=0.00,Club Deportivo Monterrico Sur,
Gustavo Gómez,Palmeiras,ambiguous,0.333333333333333,Gustavo Gómez (Sociedade Esportiva Palmeiras) score=0.33 | Gustavo Gómez (Club Atlético Paraná) score=0.25 | Christian Gómez (Retired) score=0.20,Sociedade Esportiva Palmeiras,
Jefté,Palmeiras,ambiguous,0.333333333333333,Jefté (Sociedade Esportiva Palmeiras) score=0.33 | Jefté Betancor (Olympiacos Piraeus) score=0.30 | Jefter San (CS Maruinense) score=0.21,Sociedade Esportiva Palmeiras,
José Manuel López,Palmeiras,ambiguous,0.333333333333333,Flaco López (Sociedade Esportiva Palmeiras) score=0.33 | José Gaspar (Retired) score=0.20 | Uco (Retired) score=0.20,Sociedade Esportiva Palmeiras,
Larson,Palmeiras,ambiguous,0.204545454545455,Larsonn N'guessan N'depo (Daring-Club Echternach) score=0.20 | Karl Larson (Retired) score=0.20 | Larson Pereira Lima (Retired) score=0.20,Daring-Club Echternach,
Lucas Evangelista,Palmeiras,ambiguous,0.333333333333333,Lucas Evangelista (Sociedade Esportiva Palmeiras) score=0.33 | Lucas Evangelista (Barreiras Esporte Clube (BA)) score=0.21 | Lucas Evangelista (Aquidauanense FC) score=0.11,Sociedade Esportiva Palmeiras,
Luis da Costa,Palmeiras,ambiguous,0.2,Nuno Santos (Retired) score=0.20 | Luis da Costa (Retired) score=0.20 | Timóteo (FC Lixa) score=0.20,Retired,
Marcos Rocha,Palmeiras,ambiguous,0.24,Marcos Rocha (AA Flamengo U20) score=0.24 | Marcos (Retired) score=0.20 | Tadeu (Retired) score=0.20,AA Flamengo U20,
Mauricio,Palmeiras,ambiguous,0.333333333333333,Mauricio (Sociedade Esportiva Palmeiras) score=0.33 | Mauricio Pellegrino (Retired) score=0.20 | Ariel Rojas (Retired) score=0.20,Sociedade Esportiva Palmeiras,
Mayke,Palmeiras,ambiguous,0.225,Mayker Palacios (FC Liefering) score=0.23 | Mayke (Retired) score=0.20 | Italo (Retired) score=0.20,FC Liefering,
Micael,Palmeiras,ambiguous,0.2,Rúben Micael (Retired) score=0.20 | Micael (Retired) score=0.20 | Micael Monteiro da Fonseca (Retired) score=0.20,Retired,
Paulinho,Palmeiras,ambiguous,0.333333333333333,Paulinho (Sociedade Esportiva Palmeiras) score=0.33 | Paulinho (Retired) score=0.20 | Paulinho Santos (Retired) score=0.20,Sociedade Esportiva Palmeiras,
Ramón Sosa,Palmeiras,ambiguous,0.333333333333333,Ramón Sosa (Sociedade Esportiva Palmeiras) score=0.33 | Emanuel Sosa (FC Tres Algarrobos) score=0.20,Sociedade Esportiva Palmeiras,
Richard,Palmeiras,ambiguous,0.2,Richard Witschge (Retired) score=0.20 | Micah Richards (Retired) score=0.20 | Richard Eckersley (Retired) score=0.20,Retired,
Vanderlan,Palmeiras,ambiguous,0.2,Vanderlan (Retired) score=0.20 | Vanderlan (Red Bull Bragantino) score=0.14 | Vanderlan (Caucaia Esporte Clube (CE)) score=0.11,Retired,
Vitor Roque,Palmeiras,ambiguous,0.333333333333333,Vitor Roque (Sociedade Esportiva Palmeiras) score=0.33 | Roque Júnior (Retired) score=0.20,Sociedade Esportiva Palmeiras,
Wéverton,Palmeiras,ambiguous,0.2,Pablo Weverton (Retired) score=0.20 | Vertinho (Retired) score=0.20 | Weverton (Retired) score=0.20,Retired,
Javi Hernández,Panathinaikos,ambiguous,0.204545454545455,Javi Hernández (RCD Espanyol Barcelona) score=0.20 | Javi Hernández (CD Leganés) score=0.14 | Javi Hernández (Retired) score=0.14,RCD Espanyol Barcelona,
S.Valencia,Panathinaikos,ambiguous,0.138461538461538,Antonio Valencia (Retired) score=0.14 | José Daniel Valencia (Retired) score=0.14 | Jackson Martínez (Retired) score=0.14,Retired,
Tete,Panathinaikos,ambiguous,0.207692307692308,Simon Falette (Al-Batin FC) score=0.21 | Luka Bransteter (NK Granicar Zupanja) score=0.14 | Mikel Arteta (Retired) score=0.14,Al-Batin FC,
Diego Coppola,Paris FC,ambiguous,0.1,Diego Coppola (Biellese Giovanili) score=0.10 | Diego Coppola (Brighton & Hove Albion) score=0.09 | Diego Coppola (Without Club) score=0.08,Biellese Giovanili,
Kolo,Paris FC,ambiguous,0.333333333333333,Randal Kolo Muani (Paris Saint-Germain) score=0.33 | Sead Kolasinac (Atalanta BC) score=0.25 | Nicolò Tresoldi (Club Brugge KV) score=0.13,Paris Saint-Germain,
Gonçalo Ramos,Paris Saint-Germain,ambiguous,0.236842105263158,Gonçalo Ramos (AC Milan) score=0.24 | Goncalo Ramos (Retired) score=0.14 | Júnior Ramos (Without Club) score=0.14,AC Milan,
Hernani,Parma Calcio 1913,ambiguous,0.158823529411765,Hernani (AC Monza) score=0.16 | Hernâni (Retired) score=0.11 | Hernâni (Retired) score=0.11,AC Monza,
Antonio Di Nardo,Pescara,ambiguous,0.333333333333333,Antonio Di Nardo (Delfino Pescara 1936) score=0.33 | Antonio Di Nardo (Retired) score=0.13,Delfino Pescara 1936,
Davide Merola,Pescara,ambiguous,0.333333333333333,Davide Merola (Delfino Pescara 1936) score=0.33 | Davide Merola (Unknown) score=0.00,Delfino Pescara 1936,
Gennaro Acampora,Pescara,ambiguous,0.2,Gennaro Acampora (Asd Puteolana 1902) score=0.20 | Gennaro Acampora (Without Club) score=0.08,Asd Puteolana 1902,
Leonardo Graziani,Pescara,ambiguous,0.333333333333333,Leonardo Graziani (Delfino Pescara 1936) score=0.33 | Leonardo Graziani (Unknown) score=0.00,Delfino Pescara 1936,
Lorenzo Sgarbi,Pescara,ambiguous,0.207692307692308,Filippo Sgarbi (Calcio Padova) score=0.21 | Lorenzo Sgarbi (SSC Napoli) score=0.18,Calcio Padova,
Diego García,Peñarol,ambiguous,0.264705882352941,Diego Garcia (FC Santa Coloma B) score=0.26 | Diego Garcia (US San Salvo) score=0.23 | Diego García (Real Juvencia CF) score=0.23,FC Santa Coloma B,
Gastón Silva,Peñarol,ambiguous,0.225,Diego Silva (Retired) score=0.23 | Gastón Silva (Retired) score=0.23 | Gastón Silva (Retired) score=0.23,Retired,
Héctor Villalba,Peñarol,ambiguous,0.225,Héctor Villalba (Retired) score=0.23 | Héctor Villalba (Barcelona SC Guayaquil) score=0.16 | Héctor Villalba (AD Berazategui) score=0.13,Retired,
Jaime Báez,Peñarol,ambiguous,0.225,Jaime Baeza (Retired) score=0.23 | Jaime Báez (Without Club) score=0.08,Retired,
Javier Méndez,Peñarol,ambiguous,0.225,Sergio Méndez Oliva (Retired) score=0.23 | Javier Méndez (Retired) score=0.23 | Javier Méndez (Retired) score=0.23,Retired,
Christopher Donovan,Philadelphia Union,ambiguous,0.05,Chris Donovan (Louisville City FC) score=0.05 | Don Donovan (---) score=0.00,Louisville City FC,
David Vazquez,Philadelphia Union,ambiguous,0.1,David Vazquez (San Diego FC) score=0.10 | Chapi (Retired) score=0.10 | David Vázquez (Retired) score=0.10,San Diego FC,
Kai Wagner,Philadelphia Union,ambiguous,0.2,Kai Wagner (Birmingham City) score=0.20 | Kai Wagner (TuS Appen) score=0.15,Birmingham City,
Lorran,Pisa,ambiguous,0.135,Jackson (Charneca Caparica FC) score=0.14 | Lorran (FC Dinamo City) score=0.13 | Lorran (Retired) score=0.13,Charneca Caparica FC,
Marius Marin,Pisa,ambiguous,0.128571428571429,Marius Marin (Al-Nasr SC (UAE)) score=0.13 | Marius Vlas (ASD US Campagnola) score=0.11,Al-Nasr SC (UAE),
Nícolas,Pisa,ambiguous,0.18,Clément Lenglet (SL Benfica) score=0.18 | Nicolás Tagliafico (Olympique Lyon) score=0.13 | Nicolás Otamendi (CA River Plate) score=0.13,SL Benfica,
Alex Bruno,Plaza Colonia,ambiguous,0.18,Alex Bruno (CR Vasco da Gama U20) score=0.18 | Alex Bruno (Agremiação Sportiva Arapiraquense (AL)) score=0.15 | Aléx Bruno (Birzebbuga St. Peters FC) score=0.12,CR Vasco da Gama U20,
Diogo,Plaza Colonia,ambiguous,0.156521739130435,Diogo Barbosa (Esporte Clube Juventude) score=0.16 | Rúben Neves (Al-Hilal SFC) score=0.14 | Diogo Costa (FC Porto) score=0.14,Esporte Clube Juventude,
Juan Ramos,Plaza Colonia,ambiguous,0.225,Juan Ramos (CP Mijas Las Lagunas) score=0.23 | Juan Ramos (Boyacá Patriotas B) score=0.19 | Juan Ramos (Club Deportivo Maldonado) score=0.19,CP Mijas Las Lagunas,
Pablo García,Plaza Colonia,ambiguous,0.225,Pablo García (Real Betis Balompié) score=0.23 | Juan Pablo García (ASA FC de Chancay) score=0.21 | José Pablo García (Comunicaciones FC Especial) score=0.17,Real Betis Balompié,
Álvaro López,Plaza Colonia,ambiguous,0.24,Álvaro López (Lautaro de Buin) score=0.24 | Álvaro Ratón (Real Avilés Industrial) score=0.23 | Alvaro López (Unknown) score=0.14,Lautaro de Buin,
Claudio Bravo,Portland Timbers,ambiguous,0.225,Claudio Bravo (Retired) score=0.23 | Claudio Bravo (AA Argentinos Juniors) score=0.21,Retired,
Jonathan Rodríguez,Portland Timbers,ambiguous,0.225,Jony (Retired) score=0.23 | Jonathan Rodríguez (Retired) score=0.23 | Jonathan Rodríguez (Without Club) score=0.17,Retired,
Matías Rojas,Portland Timbers,ambiguous,0.28125,Matías Rojas (Sporting FC II) score=0.28 | Matías Rojas Á. (Deportes La Serena U21) score=0.25 | Matías Rojas (Club Deportivo Comercio) score=0.23,Sporting FC II,
Santiago Moreno,Portland Timbers,ambiguous,0.225,Santi Moreno (Retired) score=0.23 | Santiago Moreno (FC Dallas) score=0.11,Retired,
Miloš Luković,Preston North End,ambiguous,0.211764705882353,Milos Lukovic (Unknown) score=0.21 | Milos Lukovic (RC Strasbourg Alsace) score=0.18,Unknown,
Marvin Schulz,Preußen Münster,ambiguous,1,Marvin Schulz (Preußen Münster) score=1.00 | Marvin Schulz (Preußen Münster) score=1.00 | Marvin Schulzki (SG Argenthal/Liebshausen/Mörschbach) score=0.25,Preußen Münster,
Shin Yamada,Preußen Münster,ambiguous,0.105882352941176,Shin Yamada (Celtic FC) score=0.11 | Koshin Yamada (Kansai University) score=0.11,Celtic FC,
Carlos Ordóñez,Progreso,ambiguous,0.18,Carlos Ordóñez (Naranjeros Escuintla) score=0.18 | Carlos Ordóñez (Without Club) score=0.08,Naranjeros Escuintla,
Enzo Fernández,Progreso,ambiguous,0.211764705882353,Enzo Fernández (Deportes Copiapó) score=0.21 | Álex Lorenzo (Atlético Bembibre) score=0.10 | David Lorenzo (Atlético Bembibre) score=0.10,Deportes Copiapó,
Facundo Silvera,Progreso,ambiguous,0.0818181818181818,Facundo Silvera (Montevideo City Torque) score=0.08 | Facundo Silvera (Huracán FC) score=0.08,Montevideo City Torque,
Federico Ruiz,Progreso,ambiguous,0.225,Federico Ruiz de Maio (Retired) score=0.23 | Federico Ruiz (Retired) score=0.23 | Fede Ruiz (Retired) score=0.23,Retired,
Franco López,Progreso,ambiguous,0.225,Julio César Franco (Retired) score=0.23 | Horacio Franco (Retired) score=0.23 | Franco López (Retired) score=0.23,Retired,
Luis Caicedo,Progreso,ambiguous,0.225,Luis Caicedo (Retired) score=0.23 | Luis Fernando Caicedo (Deportivo Villa Española) score=0.22 | José Caicedo (Portland Timbers) score=0.17,Retired,
Luis Maldonado,Progreso,ambiguous,0.225,Luis Maldonado (FC Pistoiese) score=0.23 | Luis Maldonado (Uruguay Montevideo FC) score=0.17 | Juanlu Maldonado (CF Campanario) score=0.14,FC Pistoiese,
Mario García,Progreso,ambiguous,0.225,Mario Pizarraya (Retired) score=0.23 | Mario García (Retired) score=0.23 | Mario García (Retired) score=0.23,Retired,
Matías De Los Santos,Progreso,ambiguous,0.225,Matías de los Santos (Retired) score=0.23 | Matías De Los Santos (CA River Plate Montevideo) score=0.14 | Matías De los Santos (Albion FC) score=0.00,Retired,
Nahuel Suárez,Progreso,ambiguous,0.1,Nahuel Suárez (CA Fénix) score=0.10 | Ignacio Suárez (Club Nacional) score=0.07,CA Fénix,
Nicolás González,Progreso,ambiguous,0.225,Mariano González (Retired) score=0.23 | Esteban González (Retired) score=0.23 | Gastón González (CA Sarmiento (Junin)) score=0.15,Retired,
Nicolás Olivera,Progreso,ambiguous,0.225,Nicolás Olivera (Retired) score=0.23 | Nicolás Olivera (Retired) score=0.23 | Nicolás Olivera (CA River Plate Montevideo B) score=0.13,Retired,
Pablo López,Progreso,ambiguous,0.245454545454545,Pablo López (Jaguares FC) score=0.25 | Nicolás López (Retired) score=0.23 | Pablo Mangiaracina-Lopez (Padova Primavera) score=0.23,Jaguares FC,
Rodrigo Hernández,Progreso,ambiguous,0.25,Rodrigo Hernández (CS Deportivo Merlo) score=0.25 | Rodrigo Hernández (Retired) score=0.23 | Rodrigo Hernández (Retired) score=0.23,CS Deportivo Merlo,
Esteban Lozano,Puebla,ambiguous,0.163636363636364,Esteban Lozano (CF América) score=0.16 | Ángel Esteban Lozano (Unknown) score=0.00,CF América,
Iker Moreno,Puebla,ambiguous,0.0857142857142857,Íker Moreno (Atlético de San Luis) score=0.09 | Iker Moreno (SD Logroñés B) score=0.06 | Iker Moreno (Retired) score=0.00,Atlético de San Luis,
Jesús Rivas,Puebla,ambiguous,0.1,Jesús Rivas (Junior FC) score=0.10 | Jesús Rivas (UNAM Pumas) score=0.09,Junior FC,
Nicolás Díaz,Puebla,ambiguous,0.245454545454545,Santiago Díaz (Cumbayá FC) score=0.25 | Nicolás Díaz (Club Tijuana) score=0.15 | Bruno Alvez (Without Club) score=0.15,Cumbayá FC,
Ricardo Marín,Puebla,ambiguous,0.171428571428571,Ricardo Marín (Deportivo Guadalajara) score=0.17 | Ricardo Marin (Fortaleza EC U20) score=0.11 | Ricardinho (Os Torreenses) score=0.07,Deportivo Guadalajara,
José Galindo,Pumas UNAM,ambiguous,0.18,José Galindo (Unknown) score=0.18 | Ricardo Galindo (Correcaminos de la UAT) score=0.16 | José Galindo (CD Cacahuatique) score=0.12,Unknown,
Santiago López,Pumas UNAM,ambiguous,0.257142857142857,Ángel López (Caracas Jugend) score=0.26 | Santiago López (Unknown) score=0.18 | Santiago López (CD Cruz Azul U17) score=0.17,Caracas Jugend,
Daniel,Qarabağ FK,ambiguous,0.128571428571429,Daniel Muñoz (Crystal Palace) score=0.13 | Daniel Passarella (Retired) score=0.09 | Daniele Massaro (Retired) score=0.09,Crystal Palace,
Kevin Medina,Qarabağ FK,ambiguous,0.245454545454545,Kevin Medina (Córdoba CF) score=0.25 | Kevin Medina (Johor Darul Ta'zim) score=0.15 | Kevin Medina (Boxing Club) score=0.08,Córdoba CF,
Leandro Andrade,Qarabağ FK,ambiguous,0.0529411764705882,Leandro Andrade (Polissya Zhytomyr) score=0.05 | José Leandro Andrade (---) score=0.00,Polissya Zhytomyr,
Michael Frey,Queens Park Rangers,ambiguous,0.189473684210526,Michael Frey (Unknown) score=0.19 | Michael Frey (SV Seedorf) score=0.14 | Michael Frey (Retired) score=0.14,Unknown,
Paul Nardi,Queens Park Rangers,ambiguous,0.0473684210526316,Paul Nardi (Without Club) score=0.05 | Bryant Nardizzi (Without Club) score=0.05,Without Club,
Sam Field,Queens Park Rangers,ambiguous,0.142105263157895,Sam Fielding (Marine FC) score=0.14 | Sam Field (Norwich City) score=0.09,Marine FC,
Steve Cook,Queens Park Rangers,ambiguous,0.236842105263158,Steve Cook (Wycombe Wanderers) score=0.24 | Steve Cook (Retired) score=0.14,Wycombe Wanderers,
Carlos Valenzuela,Querétaro,ambiguous,0.27,Juan Carlos Valenzuela (Retired) score=0.27 | Carlos Valenzuela (Retired) score=0.27 | Carlos Valenzuela (Retired) score=0.27,Retired,
Eduardo Pérez,Querétaro,ambiguous,0.27,Edu Pérez (Retired) score=0.27 | Omar Pérez (Retired) score=0.27 | Eduardo Pérez (Retired) score=0.27,Retired,
Jaime Gómez,Querétaro,ambiguous,0.27,Gabriel Gómez (Retired) score=0.27 | Jaime Gómez (Retired) score=0.27 | Jhon Jaime Gómez (Retired) score=0.27,Retired,
Jesus Hernandez,Querétaro,ambiguous,0.27,Jesús Hernández (Retired) score=0.27 | Jesús Hernández (UD Villa de Santa Brígida) score=0.17 | Jesús Hernández (Degerfors IF) score=0.15,Retired,
Jonathan Perlaza,Querétaro,ambiguous,0.166666666666667,Jonathan Perlaza (Asociación Deportivo Pasto) score=0.17 | Jonathan Perlaza (Barcelona SC Guayaquil) score=0.12,Asociación Deportivo Pasto,
Lucas Rodríguez,Querétaro,ambiguous,0.27,Lucas Rodríguez Pagano (Retired) score=0.27 | Lucas Sierra (Retired) score=0.27 | Lucas Rodriguez (Retired) score=0.27,Retired,
Pablo Barrera,Querétaro,ambiguous,0.27,Pablo Barrera (Retired) score=0.27 | José Barrera (Unknown) score=0.09,Retired,
Sebastián Hernández,Querétaro,ambiguous,0.225,Sebastián Hernández (Tritones de Vallarta) score=0.23 | Johan Hernández (CSD Río Babahoyo) score=0.21 | Matías Hernández (Aurora FC U20) score=0.21,Tritones de Vallarta,
Ángel Zapata,Querétaro,ambiguous,0.27,Miguel Ángel Zapata (Retired) score=0.27 | Ángel Zapata (Retired) score=0.27 | Ernesto Zapata (Retired) score=0.27,Retired,
Timo Werner,RB Leipzig,ambiguous,0.18,Timo Jobst (Retired) score=0.18 | Timo Ruß (SV Wehen Wiesbaden U19) score=0.12 | Timo Werner (San Jose Earthquakes) score=0.09,Retired,
Cristian Herrera,RC Deportivo La Coruña,ambiguous,0.195652173913043,Cristian Herrera (Without Club) score=0.20 | Johnny Herrera (Retired) score=0.20 | Cristian Herrera (Retired) score=0.20,Without Club,
Rubén Durán,RC Deportivo La Coruña,ambiguous,0.195652173913043,Rubén Durán (Retired) score=0.20 | Durango (Retired) score=0.20,Retired,
Sergio Escudero,RC Deportivo La Coruña,ambiguous,0.195652173913043,Sergio Escudero (Real Zaragoza) score=0.20 | Sergio Escudero (Retired) score=0.20 | Sergio Escudero (Retired) score=0.20,Real Zaragoza,
Stoichkov,RC Deportivo La Coruña,ambiguous,0.234782608695652,Stoyan Stoichkov (Septemvri Sofia) score=0.23 | Hristo Stoichkov (Retired) score=0.20 | Georgi Stoichkov (Retired) score=0.20,Septemvri Sofia,
Mihajlo Ilić,RSC Anderlecht,ambiguous,0.0642857142857143,Mihajlo Ilic (GFK Jagodina) score=0.06 | Mihajlo Ilić (Bologna FC 1909) score=0.06,GFK Jagodina,
Moussa Diarra,RSC Anderlecht,ambiguous,0.192857142857143,Moussa Diarra (Retired) score=0.19 | Moussa Diarra (Málaga CF) score=0.19 | Moussa Diarra (US Ivry U19) score=0.19,Retired,
Moussa N'Diaye,RSC Anderlecht,ambiguous,0.257142857142857,Almike N'Diaye (AS Cannes) score=0.26 | Yannick Moussa (FC Saint-Julien Divatte) score=0.23 | Moussa N'Diaye (Retired) score=0.19,AS Cannes,
Yasin Özcan,RSC Anderlecht,ambiguous,0.0642857142857143,Yasin Özcan (Without Club) score=0.06 | Yasin Özcan (Besiktas JK) score=0.00,Without Club,
Anderson Rodríguez,Racing,ambiguous,0.2,Anderson Rodríguez (Pirata FC) score=0.20 | Anderson Rodríguez (FC Wacker Innsbruck) score=0.19 | Anderson Rodriguez (Rosario Central Potosi) score=0.16,Pirata FC,
Carlos Hernández,Racing,ambiguous,0.257142857142857,Carlos Hernández (Retired) score=0.26 | Carlos Hernández (Retired) score=0.26 | Juan Carlos Hernandez (Retired) score=0.26,Retired,
F.Álvarez,Racing,ambiguous,0.257142857142857,Rafa Márquez (Retired) score=0.26 | Adrián López (Retired) score=0.26 | Pedro Munitis (Retired) score=0.26,Retired,
Lucas Rodríguez,Racing,ambiguous,0.257142857142857,Lucas Rodríguez Pagano (Retired) score=0.26 | Lucas Sierra (Retired) score=0.26 | Lucas Rodriguez (Retired) score=0.26,Retired,
Matías Fonseca,Racing,ambiguous,0.257142857142857,Matías Fonseca (Retired) score=0.26 | Matías Fonseca (Instituto ACC) score=0.07 | Matias da Fonseca (Stord Fotball) score=0.07,Retired,
Gabriel Arias,Racing Club,ambiguous,0.225,Junior Arias (Rangers de Talca) score=0.23 | Gabriel Arias (CA Newell's Old Boys) score=0.18 | Gabriel Arias (Retired) score=0.16,Rangers de Talca,
Gabriel Rojas,Racing Club,ambiguous,0.286363636363636,Gabriel Rojas (Cruzeiro Esporte Clube) score=0.29 | Gabriel Rojas (Concón National) score=0.11 | Enzo Rojas (Defensores Unidos (Zarate) II) score=0.10,Cruzeiro Esporte Clube,
Maximiliano Salas,Racing Club,ambiguous,0.257142857142857,Maximiliano Salas (CA River Plate) score=0.26 | Maximiliano Salas (Retired) score=0.16,CA River Plate,
Richard Sánchez,Racing Club,ambiguous,0.128571428571429,Richard Sánchez (San Antonio FC) score=0.13 | Richard Sánchez (Club Olimpia) score=0.08 | Richard Sánchez (LDU de Portoviejo) score=0.05,San Antonio FC,
Damián Rodríguez,Racing Santander,ambiguous,0.225,Damian Rodriguez Hernandez (NTX Rayados) score=0.23 | Braian Rodríguez (Unknown) score=0.17 | Damián Rodríguez (Retired) score=0.17,NTX Rayados,
Diego Fuentes,Racing Santander,ambiguous,0.225,Diego Fuentes (Real Jaén CF) score=0.23 | Diego Pereira (Unión San Felipe) score=0.21 | Brian Fuentes (Retired) score=0.17,Real Jaén CF,
Pablo Ramón,Racing Santander,ambiguous,0.225,Juan Pablo Gómez (Piratas FC) score=0.23 | Pablo Figueroa (Club San Patricio) score=0.21 | Pablo Ramón (RCD Espanyol Barcelona) score=0.20,Piratas FC,
S.de la Torre,Racing Santander,ambiguous,0.225,Fidel (CD Eldense) score=0.23 | Suso (Cádiz CF) score=0.17 | Gabri (Retired) score=0.17,CD Eldense,
Danilo,Rangers,ambiguous,0.163636363636364,Danilo (CR Flamengo) score=0.16 | Danilo (Botafogo de Futebol e Regatas) score=0.16 | Luca Fusi (Retired) score=0.13,CR Flamengo,
Jefté,Rangers,ambiguous,0.207692307692308,Jefter San (CS Maruinense) score=0.21 | Andreas Lundereng Skjefte (Surnadal IL) score=0.16 | Jefté (Sociedade Esportiva Palmeiras) score=0.16,CS Maruinense,
Alfonso Espino,Rayo Vallecano,ambiguous,0.25,Víctor Espinoza (Santiago Wanderers) score=0.25 | Alfonso Espino (Racing Club) score=0.19 | Geampierre Espinoza (Without Club) score=0.06,Santiago Wanderers,
Carlos Martín,Rayo Vallecano,ambiguous,0.142105263157895,Carlos Martín (Atlético de Madrid) score=0.14 | Carlos Martins (Retired) score=0.13 | Carlos Martínez (Retired) score=0.13,Atlético de Madrid,
Luiz Felipe,Rayo Vallecano,ambiguous,0.257142857142857,Luiz Felipe (Goiás EC) score=0.26 | Luiz Meneses (Real Noroeste CFC) score=0.21 | Felipe Soares (Araruama Futebol Clube) score=0.20,Goiás EC,
Dani Pérez,Real Betis,ambiguous,0.3,Dani Pérez (Real Valladolid CF) score=0.30 | Dani Pérez (Retired) score=0.27 | Dani Pérez (SD Lenense) score=0.18,Real Valladolid CF,
Ricardo Rodríguez,Real Betis,ambiguous,0.27,Gabriel Rodríguez (Retired) score=0.27 | Ricardo Rodríguez (Mazatlán FC) score=0.23 | Riki Rodríguez (Deportivo A Coruña) score=0.09,Retired,
Rodrigo Riquelme,Real Betis,ambiguous,0.45,Rodrigo Riquelme (Real Betis Balompié) score=0.45 | Rodrigo Riquelme (General Velásquez) score=0.30 | Rodrigo Riquelme (Retired) score=0.27,Real Betis Balompié,
Bryan Ordoñez,Real Estelí FC,ambiguous,0.2,Bryan Ordóñez (Club Sport Sébaco) score=0.20 | Bryan Ordóñez (AFF Guatemala) score=0.12,Club Sport Sébaco,
Jorge Sánchez,Real Estelí FC,ambiguous,0.36,Jorge Sánchez (Real Murcia CF) score=0.36 | Jorge Sánchez (CF Talavera de la Reina U19) score=0.27 | Jorge Sánchez (Academia Excelsior) score=0.25,Real Murcia CF,
Stanley Joseph,Real Hope FA,ambiguous,0.415384615384615,Stanley Joseph (Real Hope Football Academy) score=0.42 | Stanley Joseph (Remo Stars FC) score=0.35 | Stanley Tutai (Avatiu Rarotonga) score=0.23,Real Hope Football Academy,
Daniel Carvajal,Real Madrid,ambiguous,0.0818181818181818,Dylan Carvajal (AD Cofutpa) score=0.08 | Daniel Carvajal (Without Club) score=0.00,AD Cofutpa,
Borja Sánchez,Real Oviedo,ambiguous,0.327272727272727,Borja Sánchez (Retired) score=0.33 | Borja Sánchez (Colonia Moscardó) score=0.21 | Borja Sánchez (CF Pozuelo de Alarcón) score=0.12,Retired,
David Carmo,Real Oviedo,ambiguous,0.327272727272727,David Carmona (Retired) score=0.33 | David Carmo (Olympiacos Piraeus) score=0.15 | David Carmona (FC Ulytau Zhezkazgan) score=0.09,Retired,
Eric Bailly,Real Oviedo,ambiguous,0.327272727272727,Joel Damahou (Retired) score=0.33 | Eric Bailly (Without Club) score=0.00,Retired,
Nicolas Fonseca,Real Oviedo,ambiguous,0.327272727272727,Matías Fonseca (Retired) score=0.33 | Nicolás Fonseca (Club León FC) score=0.14,Retired,
Brayan Vera,Real Salt Lake,ambiguous,0.192857142857143,Brayan Vera (CF Montréal) score=0.19 | Brayan Vera (Without Club) score=0.13,CF Montréal,
Diogo Gonçalves,Real Salt Lake,ambiguous,0.257142857142857,Diogo Gonçalves (CD Fátima) score=0.26 | Diogo Gonçalves (Retired) score=0.19 | João Diogo (AC Gonça) score=0.19,CD Fátima,
Johnny Russell,Real Salt Lake,ambiguous,0.128571428571429,Johnny Russell (Without Club) score=0.13 | Johnny Russell (---) score=0.00,Without Club,
Lachlan Brook,Real Salt Lake,ambiguous,0.128571428571429,Lachlan Brook (Auckland FC) score=0.13 | Lachlan Brooks (Unknown) score=0.00,Auckland FC,
Umar Sadiq,Real Sociedad,ambiguous,0.276923076923077,Umar Sadiq (Valencia CF) score=0.28 | Umar Sadiq Zaka (Unknown) score=0.07,Valencia CF,
Alex Garcia,Real Sociedad B,ambiguous,0.24,Álex García (Retired) score=0.24 | Alex Garcia (Retired) score=0.24 | Álex García (Retired) score=0.24,Retired,
Arana,Real Sociedad B,ambiguous,0.24,Óscar de Marcos (Retired) score=0.24 | Manuel Arana (Retired) score=0.24 | Marquinhos Paraná (Retired) score=0.24,Retired,
Javier Sánchez,Real Valladolid,ambiguous,0.214285714285714,Javier Sánchez (CB Ramón Santamarina) score=0.21 | Javi Sánchez (FC Arouca) score=0.18 | Oswaldo Sánchez (Retired) score=0.18,CB Ramón Santamarina,
Maranhão,Real Valladolid,ambiguous,0.234782608695652,Jacy (Coritiba Foot Ball Club) score=0.23 | Maranhão (CE Força e Luz) score=0.18 | Maranhão (Retired) score=0.18,Coritiba Foot Ball Club,
Aleksandar Radovanović,Real Zaragoza,ambiguous,0.207692307692308,Aleksandar Radovanovic (Retired) score=0.21 | Aleksandar Radovanovic (Trgovacki Sremska Mitrovica) score=0.20 | Aleksandar Radovanovic (Without Club) score=0.00,Retired,
Carlos Pomares,Real Zaragoza,ambiguous,0.0692307692307692,Carlos Pomares (UD San Pedro) score=0.07 | Carlos Pomares (Without Club) score=0.00,UD San Pedro,
Dani Gómez,Real Zaragoza,ambiguous,0.276923076923077,Dani Gómez (CF Peralada) score=0.28 | Dani Gómez (Retired) score=0.21 | Dani Gómez (Gimnástica de Torrelavega) score=0.17,CF Peralada,
Juan Serrano,Real Zaragoza,ambiguous,0.225,Juan Serrano (Club Atlético Antoniano) score=0.23 | Juan Carlos Serrano (Retired) score=0.21 | Juan Serrano (Retired) score=0.21,Club Atlético Antoniano,
Kenan,Real Zaragoza,ambiguous,0.225,Kenan Kodro (Ferencvárosi TC) score=0.23 | Kenan Bajric (Slovan Bratislava) score=0.21 | Kenan Hasagic (Retired) score=0.21,Ferencvárosi TC,
Mawuli Mensah,Real Zaragoza,ambiguous,0.1125,Emmanuel Mensah (Rot-Weiß Erfurt) score=0.11 | Mawuli Mensah (Without Club) score=0.00,Rot-Weiß Erfurt,
Pablo Ínsua,Real Zaragoza,ambiguous,0.189473684210526,Juan Pablo Insúa (CA Barracas Central) score=0.19 | Pablo Insúa (Chiclana CF) score=0.14 | Pablo Insua (Without Club) score=0.00,CA Barracas Central,
Raúl Guti,Real Zaragoza,ambiguous,0.36,Raúl Gutiérrez (Real Oviedo U19) score=0.36 | Raúl Gutiérrez (Retired) score=0.21 | Raúl Gutiérrez (Retired) score=0.21,Real Oviedo U19,
Rober,Real Zaragoza,ambiguous,0.276923076923077,Roberto Firmino (Al-Sadd SC) score=0.28 | Roberto Carlos (Retired) score=0.21 | Robert Pirès (Retired) score=0.21,Al-Sadd SC,
Sebas Moyano,Real Zaragoza,ambiguous,0.207692307692308,Sebas Moyano (Retired) score=0.21 | Sebas Moyano (Without Club) score=0.00,Retired,
Cauê,Red Bull Bragantino,ambiguous,0.142105263157895,Benoît Cauet (Retired) score=0.14 | Cauê (Retired) score=0.14 | Cauê Lobo (Referência FC U20) score=0.14,Retired,
Fernando,Red Bull Bragantino,ambiguous,0.142105263157895,Fernando Torres (Retired) score=0.14 | Fernando Redondo (Retired) score=0.14 | Fernando Llorente (Retired) score=0.14,Retired,
Gabriel,Red Bull Bragantino,ambiguous,0.189473684210526,Gabriel Veron (FC Porto) score=0.19 | Gabriel Paulista (Sport Club Corinthians Paulista) score=0.17 | Gabriel Milito (Retired) score=0.14,FC Porto,
Guilherme,Red Bull Bragantino,ambiguous,0.236842105263158,Pedro (CR Flamengo) score=0.24 | Baldocchi (Retired) score=0.14 | Luan (Retired) score=0.14,CR Flamengo,
Gustavo,Red Bull Bragantino,ambiguous,0.236842105263158,Evertton Araújo (CR Flamengo) score=0.24 | Luiz Gustavo (Club Athletico Paranaense) score=0.22 | Gustavo Scarpa (Clube Atlético Mineiro) score=0.20,CR Flamengo,
Jhon Jhon,Red Bull Bragantino,ambiguous,0.142105263157895,Jhon Jhon (Retired) score=0.14 | Jhon Jhon (Zenit St. Petersburg) score=0.09 | Jhon Jhon (Dorense FC) score=0.09,Retired,
Lucão,Red Bull Bragantino,ambiguous,0.195652173913043,Lucão (Chongqing Tonglianglong) score=0.20 | Lucão (Associação Olímpica de Itabaiana (SE)) score=0.17 | Lucão (Gil Vicente FC) score=0.14,Chongqing Tonglianglong,
Nathan,Red Bull Bragantino,ambiguous,0.189473684210526,Jonathan dos Santos (CF América) score=0.19 | Nathan Aké (Fenerbahce) score=0.14 | Jonathan Tah (Bayern Munich) score=0.14,CF América,
Charlys,Reggiana,ambiguous,0.3375,Richarlyson (Retired) score=0.34 | Wederson (Retired) score=0.34 | Charlys (Hellas Verona) score=0.21,Retired,
T.Fumagalli,Reggiana,ambiguous,0.3375,Eugenio Fumagalli (Retired) score=0.34 | Franco Fumagalli (Retired) score=0.34 | Roberto Fumagalli (Retired) score=0.34,Retired,
Brice Samba,Rennes,ambiguous,0.385714285714286,Brice Samba (Retired) score=0.39 | Brice Samba (Stade Rennais FC) score=0.28,Retired,
Fabian Rieder,Rennes,ambiguous,0.18,Fabian Rieder (SVG Uderns) score=0.18 | Fabian Rieder (FC Augsburg) score=0.08,SVG Uderns,
H.Do Marcolino,Rennes,ambiguous,0.385714285714286,Fabrice Do Marcolino (Retired) score=0.39 | Arsène Do Marcolino (Retired) score=0.39 | Fernando (Retired) score=0.39,Retired,
Ibrahim Salah,Rennes,ambiguous,0.385714285714286,Ibrahim Salah (Retired) score=0.39 | Ibrahim Salah Mohamed (Suez SC) score=0.13 | Ibrahim Salah-Eddine (SC Telstar U21) score=0.13,Retired,
L.Rosier,Rennes,ambiguous,0.385714285714286,Alain Rosier (Retired) score=0.39 | Lucas Rosier (Stade Rennais FC B) score=0.25 | Mathys Rosier (ÉF Reims Sainte-Anne) score=0.18,Retired,
N.Mukiele,Rennes,ambiguous,0.28125,Nordan Mukiele (Stade Rennais FC) score=0.28 | Norvin Mukiele (FC Versailles 78 B) score=0.15 | Nordi Mukiele (Sunderland AFC) score=0.13,Stade Rennais FC,
Sebastian Szymański,Rennes,ambiguous,0.385714285714286,Sebastian Szymanski (Retired) score=0.39 | Sebastian Szymanski (Stade Rennais FC) score=0.28,Retired,
André Luiz,Rio Ave,ambiguous,0.2,André Luiz (Olympiacos Piraeus) score=0.20 | André Luiz (Retired) score=0.13 | Andrezinho (Retired) score=0.13,Olympiacos Piraeus,
João Graça,Rio Ave,ambiguous,0.225,João Graça (Without Club) score=0.23 | João Graça (CCD Bairro S. Conceição) score=0.16,Without Club,
Ryan,Rio Ave,ambiguous,0.3,Bryan Gil (Girona FC) score=0.30 | Ryan Gravenberch (Liverpool FC) score=0.15 | Bryan Rabello (CD O'Higgins) score=0.15,Girona FC,
Diego Hernández,Rionegro,ambiguous,0.225,Diego Hernández (Cimarrones de Sonora) score=0.23 | Diego Hernandez (CD Luis Angel Firpo Reserve) score=0.17 | Diego Hernandez (Without Club) score=0.15,Cimarrones de Sonora,
NA,Rionegro,ambiguous,0.15,Young-hoon Na (Without Club) score=0.15 | Sang-woo Na (Without Club) score=0.15 | Young-u Na (Chung-Ang University) score=0.14,Without Club,
Deivis Barone,River Plate,ambiguous,0.163636363636364,Deivis Barone (Retired) score=0.16 | Faustino Barone (Club Olimpia) score=0.08,Retired,
Diego Sánchez,River Plate,ambiguous,0.25,Diego Sánchez (CD Hernán Cortés) score=0.25 | Diego Sánchez (Tigres UANL) score=0.25 | Diego Sánchez (CD Teruel U19) score=0.21,CD Hernán Cortés,
Enzo Nicolás Pérez,River Plate,ambiguous,0.128571428571429,Enzo Pérez (AA Argentinos Juniors) score=0.13 | Enzo Pérez (Unknown) score=0.00,AA Argentinos Juniors,
Enzo Pérez,River Plate,ambiguous,0.236842105263158,Enzo Pérez (Real Oviedo Vetusta) score=0.24 | Adri Lorenzo (Deportivo Murcia FC) score=0.19 | Loren (Retired) score=0.16,Real Oviedo Vetusta,
Federico Rodríguez,River Plate,ambiguous,0.173076923076923,Federico Rodriguez (CA Central Córdoba (SdE) II) score=0.17 | Rodolfo Rodríguez (Retired) score=0.16 | Federico Rodríguez (Retired) score=0.16,CA Central Córdoba (SdE) II,
Franco Cabrera,River Plate,ambiguous,0.163636363636364,Franco Cabrera (Retired) score=0.16 | Franco Cabrera (Retired) score=0.16 | Franco Cabrera (CS Estudiantes (San Luis)) score=0.16,Retired,
Ian López,River Plate,ambiguous,0.163636363636364,Adrián López (Retired) score=0.16 | Gustavo López (Retired) score=0.16 | Christian Lopez (Retired) score=0.16,Retired,
Ignacio Fernández,River Plate,ambiguous,0.333333333333333,Ignacio Fernandez (CA Boston River) score=0.33 | Juan Ignacio Fernández (Racing de Olavarria) score=0.24 | Nacho Fernández (Club de Gimnasia y Esgrima La Plata) score=0.21,CA Boston River,
Jeremías Pérez,River Plate,ambiguous,0.128571428571429,Jeremías Pérez Tica (Independiente Juniors) score=0.13 | Jeremias Perez (Unknown) score=0.00,Independiente Juniors,
Juan Quintana,River Plate,ambiguous,0.204545454545455,Juan Quintana (Montevideo City Torque) score=0.20 | Juan Ignacio Quintana (Unidos de Olmos) score=0.18 | Juan Quintana (Pacific FC) score=0.00,Montevideo City Torque,
Lucas Lemos,River Plate,ambiguous,0.136363636363636,Pedro Lucas (Gavião Kyikatêjê Futebol Clube) score=0.14 | Lucas Lemos (Mushuc Runa SC) score=0.13 | Lucas Lemos (Unknown) score=0.00,Gavião Kyikatêjê Futebol Clube,
Matías Rojas,River Plate,ambiguous,0.276923076923077,Matías Rojas (Real Pilar FC) score=0.28 | Dilan Rojas (Club Deportes Iquique) score=0.17 | Matías Rojas Á. (Deportes La Serena U21) score=0.16,Real Pilar FC,
Maximiliano Meza,River Plate,ambiguous,0.225,Maximiliano Meza (CA Independiente) score=0.23 | Lucas Meza (Retired) score=0.16 | Enrique Meza (Retired) score=0.16,CA Independiente,
Miguel Borja,River Plate,ambiguous,0.192857142857143,Miguel Borja (CD Pedroñeras) score=0.19 | Miguel Borja (Al-Wasl SC) score=0.08,CD Pedroñeras,
Nicolás Ramos,River Plate,ambiguous,0.15,Fabián Ramos (Without Club) score=0.15 | Pablo Rubio (Without Club) score=0.15 | Nicolás Ramos (AMSD Atlético de Rafaela) score=0.14,Without Club,
Václav Jurečka,Rizespor,ambiguous,0.1125,Vaclav Jurecka (FC Banik Ostrava) score=0.11 | Vaclav Jurecka (Retired) score=0.11,FC Banik Ostrava,
Axel Werner,Rosario Central,ambiguous,0.18,Axel Werner (Retired) score=0.18 | Axel Werner (CA Aldosivi) score=0.12 | Axel Petersen (---) score=0.00,Retired,
Kevin Ortíz,Rosario Central,ambiguous,0.195652173913043,Kevin Ortiz (Club Atlético Tucumán) score=0.20 | Kevin Ortiz (Retired) score=0.18 | Kevin Ortiz (Without Club) score=0.12,Club Atlético Tucumán,
Tomás O'Connor,Rosario Central,ambiguous,0.217241379310345,Tomás O'Connor (Gimnasia y Esgrima de Mendoza) score=0.22 | Tomas O'Connor (Fairview Rangers) score=0.17,Gimnasia y Esgrima de Mendoza,
R.Adam,SV 07 Elversberg,ambiguous,0.189473684210526,Adam Hlozek (TSG 1899 Hoffenheim) score=0.19 | Adam Lallana (Retired) score=0.17 | Adam Armstrong (Wolverhampton Wanderers) score=0.16,TSG 1899 Hoffenheim,
Jacob Rasmussen,Salzburg,ambiguous,0.142105263157895,Jacob Rasmussen (1.FC Kaiserslautern) score=0.14 | Jacob Rasmussen (Söhus Stige BK) score=0.12 | Jacob Rasmussen (Without Club) score=0.08,1.FC Kaiserslautern,
Jannik Schuster,Salzburg,ambiguous,0.138461538461538,Jannik Schuster (TSV Rain/Lech) score=0.14 | Jannik Schuster (Brentford FC) score=0.08,TSV Rain/Lech,
Petar Ratkov,Salzburg,ambiguous,0.1125,Petar Ratkov (SS Lazio) score=0.11 | Petar Ratkovic (Unknown) score=0.00,SS Lazio,
Leonardo Benedetti,Sampdoria,ambiguous,0.2,Leonardo Benedetti (SSD Spoleto Calcio) score=0.20 | Leonardo Benedetti (Virtus Entella) score=0.13,SSD Spoleto Calcio,
Matteo Ricci,Sampdoria,ambiguous,0.192857142857143,Matteo Ricci (SSD Nuova Alba) score=0.19 | Matteo Ricci (ASD Pancalieri Castagnole) score=0.18 | Matteo Ricci (Retired) score=0.10,SSD Nuova Alba,
Nicolas Ioannou,Sampdoria,ambiguous,0.1,Nikolas Ioannou (Pafos FC) score=0.10 | Nikolas Ioannou (Retired) score=0.10,Pafos FC,
Erwin Sánchez,San Antonio Bulo Bulo,ambiguous,0.128571428571429,Erwin Sánchez (Club Aurora) score=0.13 | Erwin Sánchez (Retired) score=0.09,Club Aurora,
Gustavo Mendoza,San Antonio Bulo Bulo,ambiguous,0.214285714285714,Gustavo Mendoza (CA Atlanta) score=0.21 | Gustavo Mendoza (Club Independiente Petrolero) score=0.19 | Giovanny Mendoza (Retired) score=0.09,CA Atlanta,
Hernán Rodríguez,San Antonio Bulo Bulo,ambiguous,0.163636363636364,Hernán Rodríguez (Universitario de Vinto) score=0.16 | Jhefferson Rodríguez (Universitario de Deportes) score=0.14 | Miguel Rodríguez (Unknown) score=0.13,Universitario de Vinto,
Jorge Flores,San Antonio Bulo Bulo,ambiguous,0.195652173913043,Jorge Flores (Club Deportivo Guabirá) score=0.20 | Jorge Flores (Without Club) score=0.17 | Jorge Flores (Unknown) score=0.13,Club Deportivo Guabirá,
Juan Montenegro,San Antonio Bulo Bulo,ambiguous,0.214285714285714,Juan Montenegro (Real Oruro) score=0.21 | Juan Diego Montenegro (Unknown) score=0.13 | Juan Montenegro (Retired) score=0.09,Real Oruro,
Kevin Gutiérrez,San Antonio Bulo Bulo,ambiguous,0.171428571428571,Kevin Gutiérrez (Without Club) score=0.17 | Kevin Gutiérrez (CA Rosario Central II) score=0.17 | Kevin Gutiérrez (Deportivo Santa Elena Sumpa) score=0.17,Without Club,
Hamady Diop,San Diego FC,ambiguous,0.24,Hamady Diop (Rhode Island FC) score=0.24 | Hamady Diop (Without Club) score=0.00,Rhode Island FC,
Cristian Arango,San Jose Earthquakes,ambiguous,0.135,Cristian Arango (Atlético Nacional) score=0.14 | Cristian Arango (Unknown) score=0.09,Atlético Nacional,
Daniel,San Jose Earthquakes,ambiguous,0.18,Daniel James (Leeds United) score=0.18 | Daniel Muñoz (Crystal Palace) score=0.18 | Daniel Carvajal (Without Club) score=0.14,Leeds United,
Rodrigues,San Jose Earthquakes,ambiguous,0.18,Galeno (Al-Ahli SFC) score=0.18 | Claudinho (Al-Sadd SC) score=0.18 | Ronaldão (Retired) score=0.14,Al-Ahli SFC,
Ezequiel Herrera,San Lorenzo,ambiguous,0.666666666666667,Ezequiel Herrera (CA San Lorenzo de Almagro) score=0.67 | Daniel Herrera (CA San Lorenzo de Almagro) score=0.67 | Rodrigo Herrera (CA Newell's Old Boys) score=0.23,CA San Lorenzo de Almagro,
Alejandro Molina,San Martín San Juan,ambiguous,0.257142857142857,Alejandro Molina (Club Tristán Suárez) score=0.26 | Alejandro Molina (Atlético Ensenada) score=0.23 | Iván Molinas (Delfín SC) score=0.23,Club Tristán Suárez,
Darlan Mendes,Santa Clara,ambiguous,0.225,Darlan (ABC Futebol Clube (RN)) score=0.23 | Darlan (Clube do Remo U20) score=0.11,ABC Futebol Clube (RN),
Gabriel Silva,Santa Clara,ambiguous,0.327272727272727,Gabriel Silva (SC Braga) score=0.33 | Gabriel Silva (East Riffa Club) score=0.30 | Gabriel Moscardo (Paris Saint-Germain) score=0.24,SC Braga,
Luis,Santa Clara,ambiguous,0.192857142857143,Luis Suárez (Inter Miami CF) score=0.19 | Luis Díaz (Bayern Munich) score=0.14 | Luís Figo (Retired) score=0.08,Inter Miami CF,
Luquinhas,Santa Clara,ambiguous,0.192857142857143,Luquinhas (Radomiak Radom) score=0.19 | Luquinhas (PSBS Biak) score=0.16 | Luquinhas (Without Club) score=0.15,Radomiak Radom,
Matheus Pereira,Santa Clara,ambiguous,0.204545454545455,Matheus Pereira (Cruzeiro Esporte Clube) score=0.20 | Matheus Pereira (Sport Club Corinthians Paulista) score=0.20 | Matheus Pereira (Porto Vitória FC U20) score=0.17,Cruzeiro Esporte Clube,
Paulo Victor,Santa Clara,ambiguous,0.276923076923077,Paulo Victor (Serrano FC (RJ)) score=0.28 | Paulo Victor (Alanyaspor) score=0.25 | Paulo Victor (América Futebol Clube (MG)) score=0.18,Serrano FC (RJ),
Serginho,Santa Clara,ambiguous,0.186206896551724,Serginho (Coimbra Esporte Clube Ltda (MG)) score=0.19 | Serginho (Al-Wasl SC) score=0.16 | Serginho (Levski Sofia) score=0.15,Coimbra Esporte Clube Ltda (MG),
Wendel,Santa Clara,ambiguous,0.25,Henrik Meister (Pisa Sporting Club) score=0.25 | Wendell (São Paulo Futebol Clube) score=0.23 | Wendel (Zenit St. Petersburg) score=0.19,Pisa Sporting Club,
Johan Torres,Santa Fe,ambiguous,0.135,Samuel Johan Torres Medina (Unión Magdalena U20) score=0.14 | Johan Torres (Unknown) score=0.11,Unión Magdalena U20,
NA,Santa Fe,ambiguous,0.3,Jun-yeong Na (Siheung City FC) score=0.30 | Seong-jin Na (Gimhae Jaemics) score=0.19 | Sang-ho Na (Fagiano Okayama) score=0.18,Siheung City FC,
Gabriel Veron,Santos,ambiguous,0.142105263157895,Franco Verón (Cassino Calcio 1924) score=0.14 | Gabriel Veron (FC Porto) score=0.11 | Lucas Verón (Club Atlético Mar del Plata) score=0.10,Cassino Calcio 1924,
Gil,Santos,ambiguous,0.27,Billy Gilmour (SSC Napoli) score=0.27 | Mario Gila (SS Lazio) score=0.23 | Bryan Gil (Girona FC) score=0.10,SSC Napoli,
Guilherme,Santos,ambiguous,0.163636363636364,Pedro (CR Flamengo) score=0.16 | Luís Guilherme (Sporting CP) score=0.16 | Juan Jesus (Without Club) score=0.08,CR Flamengo,
Luisão,Santos,ambiguous,0.327272727272727,Luisão (SC Aymorés) score=0.33 | Luisão Souza (Esporte Clube São Bento U20 (SP)) score=0.17 | Larrson Rosales (Antigua GFC U22) score=0.12,SC Aymorés,
Souza,Santos,ambiguous,0.163636363636364,Emerson Royal (CR Flamengo) score=0.16 | Gabriel Veron (FC Porto) score=0.11 | Hulk (Fluminense Football Club) score=0.08,CR Flamengo,
Tiquinho,Santos,ambiguous,0.144,Tiquinho Soares (Mirassol Futebol Clube (SP)) score=0.14 | Tiquinho (Unknown) score=0.13 | Tiquinho (Retired) score=0.00,Mirassol Futebol Clube (SP),
Pedro Felipe,Sassuolo,ambiguous,0.144,Pedro Felipe (Esporte Clube Noroeste (SP)) score=0.14 | Pedro Rangel (Coritiba Foot Ball Club) score=0.12 | Pedro Colen (Cuiabá EC U20) score=0.06,Esporte Clube Noroeste (SP),
Antônio Carlos,Sc Do Recife,ambiguous,0.225,Toninho Cerezo (Retired) score=0.23 | Antônio Carlos Zago (Retired) score=0.23 | Antônio Carlos (Retired) score=0.23,Retired,
Carlos Alberto,Sc Do Recife,ambiguous,0.225,Carlos Tévez (Retired) score=0.23 | Secretário (Retired) score=0.23 | Carlos Alberto (Retired) score=0.23,Retired,
Chico,Sc Do Recife,ambiguous,0.3,Chissumba (SC Braga) score=0.30 | Nicolas Höfler (SC Freiburg II) score=0.26 | Chico Flores (Retired) score=0.23,SC Braga,
Fabricio Domínguez,Sc Do Recife,ambiguous,0.207692307692308,Kléver Domínguez (Liga de Macas) score=0.21 | Fabricio Domínguez (Club Cerro Porteño) score=0.19,Liga de Macas,
Gabriel,Sc Do Recife,ambiguous,0.3,Gabriel Veron (FC Porto) score=0.30 | Gabriel Barbosa (Santos FC) score=0.23 | Gabriel Milito (Retired) score=0.23,FC Porto,
Ignacio Ramírez,Sc Do Recife,ambiguous,0.225,José Ramírez (Retired) score=0.23 | Ignacio Ramirez (Retired) score=0.23 | Christian Ramírez (San Benito FC) score=0.21,Retired,
Lucas Cunha,Sc Do Recife,ambiguous,0.225,Lucas Cunha (Retired) score=0.23 | Lucas Cunha (KF Trepca) score=0.23 | Lucas Cunha (Associação Atlética Ponte Preta) score=0.22,Retired,
Lucas Kal,Sc Do Recife,ambiguous,0.217241379310345,Lucas Kalweit (Sportfreunde Dorfmerkingen II) score=0.22 | Lucas Kaldenhoff (SG Olympia Leipzig) score=0.20 | Lucas Kalala (RRC Stockay Saint-Georges S/M) score=0.19,Sportfreunde Dorfmerkingen II,
Lucas Lima,Sc Do Recife,ambiguous,0.225,Lucas Lima (Goiás EC) score=0.23 | Gabriel (Retired) score=0.23 | Lucas Lima (Retired) score=0.23,Goiás EC,
Léo,Sc Do Recife,ambiguous,0.225,Hugo de León (Retired) score=0.23 | Leonardo Ponzio (Retired) score=0.23 | Joleon Lescott (Retired) score=0.23,Retired,
Matheus Alexandre,Sc Do Recife,ambiguous,0.3375,Matheus Alexandre (Clube do Remo (PA)) score=0.34 | Matheus Martinho (CD Lajense) score=0.23,Clube do Remo (PA),
Matheusinho,Sc Do Recife,ambiguous,0.3,Matheusinho (Mixto EC (MT)) score=0.30 | Matheusinho (Retired) score=0.23 | Matheusinho (Retired) score=0.23,Mixto EC (MT),
Pablo,Sc Do Recife,ambiguous,0.24,Pablo (West Ham United) score=0.24 | Gavi (FC Barcelona) score=0.23 | Pablo Aimar (Retired) score=0.23,West Ham United,
Pedro Augusto,Sc Do Recife,ambiguous,0.225,Martim Quinaz (Amora FC) score=0.23 | Franco Baldassarra (FK Kauno Zalgiris) score=0.21 | Pedro (Club Deportivo Guabirá) score=0.20,Amora FC,
Ramon,Sc Do Recife,ambiguous,0.225,Jacobo Ramón (Como 1907) score=0.23 | José Ramón Alexanko (Retired) score=0.23 | Lucas Barrios (Retired) score=0.23,Como 1907,
Riquelme,Sc Do Recife,ambiguous,0.225,Juan Román Riquelme (Retired) score=0.23 | Rodrigo Riquelme (Real Betis Balompié) score=0.18 | Riquelme (Clube de Regatas Vasco da Gama) score=0.18,Retired,
Romarinho,Sc Do Recife,ambiguous,0.370588235294118,Romarinho (São Francisco FC) score=0.37 | Romarinho (Criciúma EC U20) score=0.23 | Romarinho (Retired) score=0.23,São Francisco FC,
Sérgio Oliveira,Sc Do Recife,ambiguous,0.276923076923077,Sergio Oliveira (FC Central FR) score=0.28 | Sergio Oliveira (Racing Troisvierges) score=0.24 | Pirata (Retired) score=0.23,FC Central FR,
Victor Hugo,Sc Do Recife,ambiguous,0.225,Víctor Palomba (Retired) score=0.23 | Víctor Diogo (Retired) score=0.23 | Víctor Montaño (Retired) score=0.23,Retired,
Kevin Müller,Schalke 04,ambiguous,0.236842105263158,Kevin Müllerke (SV Allner-Bödingen) score=0.24 | Kevin Müller (1.FC Heidenheim 1846) score=0.23 | Kevin Müller (SV Bardenbach) score=0.21,SV Allner-Bödingen,
Moussa N'Diaye,Schalke 04,ambiguous,0.195652173913043,Yannick Moussa (FC Saint-Julien Divatte) score=0.20 | Almike N'Diaye (AS Cannes) score=0.18 | Moussa N'Diaye (Retired) score=0.09,FC Saint-Julien Divatte,
Andrew Thomas,Seattle Sounders,ambiguous,0.225,Andrew Thomas (Retired) score=0.23 | Andy Thomas (Retired) score=0.23 | Glen Thomas (Retired) score=0.23,Retired,
Jonathan Bell,Seattle Sounders,ambiguous,0.225,Jonathan Bellaut (Retired) score=0.23 | Jon Bell (Austin FC) score=0.17 | Jonathan Bell (FV Möhringen) score=0.11,Retired,
João Paulo,Seattle Sounders,ambiguous,0.225,Paulinho Santos (Retired) score=0.23 | João Paulo (Santos FC) score=0.23 | João Paulo (Retired) score=0.23,Retired,
Alexis Sánchez,Sevilla,ambiguous,0.158823529411765,Bastian Sánchez (CSD Colo-Colo U18) score=0.16 | Alexis Sánchez (Mons Calpe SC) score=0.14 | Alexis Sánchez (Vilavelhense FC) score=0.12,CSD Colo-Colo U18,
Oso,Sevilla,ambiguous,0.257142857142857,Tiago Mendes (Retired) score=0.26 | Carles Busquets (Retired) score=0.26 | Márcio Amoroso (Retired) score=0.26,Retired,
Ramón Martínez,Sevilla,ambiguous,0.257142857142857,José Ramón Larrauri (Retired) score=0.26 | Ramón (Retired) score=0.26 | Pastor Martínez (Retired) score=0.26,Retired,
Alex Matos,Sheffield United,ambiguous,0.225,Alex Cambalhota (Retired) score=0.23 | Álex Matos (Atlético Mansillés) score=0.18 | Alexandre Matos (Fanum Orosei) score=0.17,Retired,
Ben Godfrey,Sheffield United,ambiguous,0.28125,Ben Godfrey (Vale United FC) score=0.28 | Ben Godfrey (Retired) score=0.23 | Ben Godfrey (Rangers FC) score=0.11,Vale United FC,
Ben Mee,Sheffield United,ambiguous,0.225,Ben Mee (Retired) score=0.23 | Ben Meedendorp (Retired) score=0.23 | Sieben Meeusen (Loenhout SK) score=0.11,Retired,
Jack Robinson,Sheffield United,ambiguous,0.225,Callum Robinson (Cardiff City) score=0.23 | Jack Robinson (Sutherland Sharks U20) score=0.17 | Jack Robinson (Bradford City U18) score=0.16,Cardiff City,
Tom Davies,Sheffield United,ambiguous,0.225,Tom Davies (Berriew FC) score=0.23 | Thomas Davies (Retired) score=0.23 | Tom Davies (Newport County) score=0.17,Berriew FC,
Bruno Fernandes,Sheffield Wednesday,ambiguous,0.189473684210526,Bruno (Retired) score=0.19 | Bruninho (Retired) score=0.19 | Bruno Fernandes (Retired) score=0.19,Retired,
Dominic Iorfa,Sheffield Wednesday,ambiguous,0.189473684210526,Dominic Iorfa (Retired) score=0.19 | Dominic Iorfa (Without Club) score=0.05,Retired,
George Brown,Sheffield Wednesday,ambiguous,0.189473684210526,George Brown (Career break) score=0.19 | George Brown (Retired) score=0.19 | George Brown (Retired) score=0.19,Career break,
R.Johnson,Sheffield Wednesday,ambiguous,0.189473684210526,Eidur Gudjohnsen (Retired) score=0.19 | Glen Johnson (Retired) score=0.19 | Adam Johnson (Retired) score=0.19,Retired,
Mateus Fernandes,Southampton,ambiguous,0.317647058823529,Mateus Fernandes (Tottenham Hotspur) score=0.32 | Matheus Fernandes (Red Bull Bragantino) score=0.19 | Mateus (União Suzano AC U20) score=0.14,Tottenham Hotspur,
Ross Stewart,Southampton,ambiguous,0.158823529411765,Ross Stewart (Alloa Athletic FC) score=0.16 | Ross Stewart (Laurelvale FC) score=0.14 | Ross Stewart (Bryansburn Rangers FC) score=0.13,Alloa Athletic FC,
Saïd Bakari,Sparta Rotterdam,ambiguous,0.16875,Saïd Bakari (Without Club) score=0.17 | Said Bakari (Unknown) score=0.06,Without Club,
Tobias Lauritsen,Sparta Rotterdam,ambiguous,0.16875,Tobias Lauritsen (Without Club) score=0.17 | Tobias Lauritsen (Vejle Boldklub) score=0.11,Without Club,
Alessandro Bellemo,Spezia,ambiguous,0.3,Alessandro Bellemo (UC Sampdoria) score=0.30 | Alessandro Bellemo (Retired) score=0.13,UC Sampdoria,
Alessandro Romano,Spezia,ambiguous,0.128571428571429,Alessandro Romano (Retired) score=0.13 | Alessandro Romano (Retired) score=0.13 | Alessandro Romano (Retired) score=0.13,Retired,
Salvatore Esposito,Spezia,ambiguous,0.3,Salvatore Esposito (UC Sampdoria) score=0.30 | Salvatore Esposito (Retired) score=0.13 | Salvatore Esposito (Retired) score=0.13,UC Sampdoria,
Diego Henrique,Sporting Braga,ambiguous,0.5,Diego Rodrigues (SC Braga) score=0.50 | Diego Borges (Sporting Kansas City) score=0.45 | Diego Souza (Retired) score=0.19,SC Braga,
João Aragão,Sporting Braga,ambiguous,0.333333333333333,João Aragão (SC Braga B) score=0.33 | João Aragão (Despertar SC) score=0.19 | João Aragão (Without Club) score=0.06,SC Braga B,
Roger Fernandes,Sporting Braga,ambiguous,0.192857142857143,Thiago Bala (Retired) score=0.19 | Rogerio Fernandes (Retired) score=0.19 | Roger Fernandes (Al-Ittihad Club) score=0.12,Retired,
Alisson Santos,Sporting CP,ambiguous,0.245454545454545,Alisson Santos (Dorense FC) score=0.25 | Jô Santos (Campinense Clube (PB)) score=0.19 | Alisson (Retired) score=0.16,Dorense FC,
Matheus Reis,Sporting CP,ambiguous,0.1875,Matheus Reis (Fluminense Football Club) score=0.19 | Rickson (América FC) score=0.16 | Matheus Reis (Retired) score=0.16,Fluminense Football Club,
Rodrigo Ribeiro,Sporting CP,ambiguous,0.163636363636364,Rodrigo Souto (Retired) score=0.16 | Rodrigo Ribeiro (Retired) score=0.16 | Rodri (Associação Naval 1893) score=0.16,Retired,
Rômulo,Sporting CP,ambiguous,0.163636363636364,Rômulo (Retired) score=0.16 | Rômulo (Retired) score=0.16 | Rômulo Antoneli (Retired) score=0.16,Retired,
Antoine Bernier,Sporting Charleroi,ambiguous,0.4,Antoine Bernier (Royal Charleroi SC) score=0.40 | Antoine Bernier (Unknown) score=0.05,Royal Charleroi SC,
Cheick Keita,Sporting Charleroi,ambiguous,0.4,Check Keita (Royal Charleroi SC) score=0.40 | Cheick Keita (Masfout Club) score=0.20 | Cheick Keita (Without Club) score=0.15,Royal Charleroi SC,
Mohamed Koné,Sporting Charleroi,ambiguous,0.4,Mohamed Koné (Royal Charleroi SC) score=0.40 | Mohamed Kone (Retired) score=0.20 | Mouhamed Koné (US Raon-l'Étape) score=0.20,Royal Charleroi SC,
Nikoloz Chikovani,Sporting Charleroi,ambiguous,0.15,Nikoloz Chikovani (FC Rustavi) score=0.15 | Nikoloz Chikovani (Watford FC U21) score=0.05,FC Rustavi,
Fernando Pacheco,Sporting Cristal,ambiguous,0.16875,Rodrigão (Retired) score=0.17 | Oscar Pacheco (Retired) score=0.17 | Fernando Pacheco (Retired) score=0.17,Retired,
Franco Romero,Sporting Cristal,ambiguous,0.3375,Franco Romero (Deportivo Toluca) score=0.34 | Franco Romero (CSC Deportivo Laferrere) score=0.27 | Franco Romero (Montevideo City Torque) score=0.20,Deportivo Toluca,
Andrés Ferrari,Sporting Gijón,ambiguous,0.158823529411765,Andrés Ferrari (Sint-Truidense VV) score=0.16 | Paulo Ferrari (Retired) score=0.12,Sint-Truidense VV,
Christian Sánchez,Sporting Gijón,ambiguous,0.36,Christian Sánchez (Sport Victoria) score=0.36 | Christian Sánchez (Unión Huaral) score=0.20 | Christian Ramírez (San Benito FC) score=0.18,Sport Victoria,
Justin Smith,Sporting Gijón,ambiguous,0.171428571428571,Jack Smith (Bishop's Stortford FC) score=0.17 | Justin Smith (RCD Espanyol Barcelona) score=0.16 | Justin Smith (Unknown) score=0.12,Bishop's Stortford FC,
Kevin Vázquez,Sporting Gijón,ambiguous,0.207692307692308,Kevin Vázquez (CS Independiente Rivadavia) score=0.21 | Kevin Vázquez (Without Club) score=0.06,CS Independiente Rivadavia,
Mamadou N'Diaye,Sporting Gijón,ambiguous,0.189473684210526,Mamadou Ndiaye (FC Bourgoin-Jallieu) score=0.19 | Mamadou N'Diaye (Retired) score=0.12 | Lamine N'Diaye (Retired) score=0.12,FC Bourgoin-Jallieu,
Pablo García,Sporting Gijón,ambiguous,0.156521739130435,Pablo García (CD Huracán de Balazote) score=0.16 | Manuel Pablo (Retired) score=0.12 | Pablo García (Retired) score=0.12,CD Huracán de Balazote,
Alán Montes,Sporting Kansas City,ambiguous,0.135,Alán Montes (Club Necaxa) score=0.14 | Alan Montesano (Without Club) score=0.14,Club Necaxa,
I.James,Sporting Kansas City,ambiguous,0.225,James Garner (Everton FC) score=0.23 | James Maddison (Tottenham Hotspur) score=0.18 | James Rodríguez (Without Club) score=0.14,Everton FC,
Joaquín Fernández,Sporting Kansas City,ambiguous,0.190909090909091,Emiliano Fernandez (Club Atletico Platense (Montevideo)) score=0.19 | Joaquín Fernández (Club Deportivo Maldonado) score=0.19 | Suso (Cádiz CF) score=0.18,Club Atletico Platense (Montevideo),
Santiago Muñoz,Sporting Kansas City,ambiguous,0.257142857142857,Santiago Muñóz (Atlético de San Luis) score=0.26 | Santiago Muñoz (Club Necaxa II) score=0.23 | Santiago Muñoz (Without Club) score=0.14,Atlético de San Luis,
Diego Barreto,Sportivo Ameliano,ambiguous,0.158823529411765,Diego Barreto (Retired) score=0.16 | Diego Barreto (Club Atlético Grau) score=0.05,Retired,
Diego Váldez,Sportivo Ameliano,ambiguous,0.158823529411765,Diego Valdez (Club 12 de Junio) score=0.16 | Diego Valdez (CD Cruz Azul U19) score=0.16,Club 12 de Junio,
Elías Rodas,Sportivo Ameliano,ambiguous,0.105882352941176,Elías Rodas (Unknown) score=0.11 | Elias Rodas (Club Olimpia U19) score=0.11,Unknown,
Juan Gonzalez,Sportivo Ameliano,ambiguous,0.163636363636364,Juan González (Real Betis Balompié C) score=0.16 | Ignacio González (Retired) score=0.16 | Juan González (Retired) score=0.16,Real Betis Balompié C,
M.Rojas,Sportivo Ameliano,ambiguous,0.423529411764706,Alexis Vega (Deportivo Toluca) score=0.42 | Bruno Valdez (Club Sportivo Trinidense) score=0.41 | Ariel Rojas (Retired) score=0.16,Deportivo Toluca,
Marcos Alonso,Sportivo Ameliano,ambiguous,0.211764705882353,Marcos Alonso (Celta de Vigo) score=0.21 | Marcos Alonso (Retired) score=0.16 | Marquitos (Ourense CF) score=0.11,Celta de Vigo,
Miguel Martínez,Sportivo Ameliano,ambiguous,0.216,José Martínez (Correcaminos de la UAT II) score=0.22 | Miguel Martínez (Retired) score=0.16 | Miguel Martínez (Retired) score=0.16,Correcaminos de la UAT II,
Alex Álvarez,Sportivo Trinidense,ambiguous,0.396,Alex Álvarez (Club Sportivo San Lorenzo) score=0.40 | Alek Álvarez (Deportivo Toluca) score=0.38 | Alex Alvarez Fernandez (Without Club) score=0.14,Club Sportivo San Lorenzo,
Diego Torres,Sportivo Trinidense,ambiguous,0.189473684210526,Diego Torres (Retired) score=0.19 | Diego Torres (Retired) score=0.19 | Diego Torres (Retired) score=0.19,Retired,
Juan Gómez,Sportivo Trinidense,ambiguous,0.245454545454545,Juan Gómez (Atlético Nacional U20) score=0.25 | Juan Gómez (Retired) score=0.19 | Juan Gómez Voglino (Retired) score=0.19,Atlético Nacional U20,
Juan Salcedo,Sportivo Trinidense,ambiguous,0.142105263157895,Juan Salcedo (Guaireña FC) score=0.14 | Juan Salcedo (Real Cundinamarca) score=0.09,Guaireña FC,
Rodrigo Arévalo,Sportivo Trinidense,ambiguous,0.142105263157895,Rodrigo Arévalo (3 de Noviembre) score=0.14 | Cristian Arévalo (Unknown) score=0.09,3 de Noviembre,
Oisin Smyth,St Mirren,ambiguous,0.2,Oisin Smyth (Partick Thistle FC) score=0.20 | Oisin Smyth (Dundalk FC Academy) score=0.10,Partick Thistle FC,
Alfredo Morales,St. Louis City,ambiguous,0.276923076923077,Ángel Morales (Without Club) score=0.28 | José Morales (CSD Municipal) score=0.21 | Alfredo Morales (Retired) score=0.07,Without Club,
Jayden Reid,St. Louis City,ambiguous,0.405,Jayden Reid (Sporting Kansas City) score=0.40 | Jayden Reid (Without Club) score=0.28 | Jayden Reid (Ross County FC) score=0.19,Sporting Kansas City,
Joakim Nilsson,St. Louis City,ambiguous,0.207692307692308,Joakim Nilsson (MLS Pool) score=0.21 | Joakim Nilsson (Retired) score=0.07 | Joakim Nilsson Ingves (Retired) score=0.07,MLS Pool,
Klauss,St. Louis City,ambiguous,0.207692307692308,Andreas Klaußer (TSV Krumbach) score=0.21 | Sondre Klaussen Øvrebø (SK Djerv 1919) score=0.21 | Paul Klauß (TuS Leutzsch) score=0.21,TSV Krumbach,
Nikola Vasilj,St. Pauli,ambiguous,0.192857142857143,Nikola Vasiljevic (ÖTSU Großmugl) score=0.19 | Nikola Vasiljevic (FK Javor-Matis Ivanjica) score=0.16 | Nikola Vasilj (Without Club) score=0.15,ÖTSU Großmugl,
Michel Diaz,Stade Brestois,ambiguous,0.321428571428571,Junior Diaz (ESTAC Troyes) score=0.32 | Michel Diaz (Retired) score=0.19,ESTAC Troyes,
S.Saliou Diop,Stade Brestois,ambiguous,0.331578947368421,Saliou Diop (Stade Pontivyen U19) score=0.33 | Saliou Diop (Akademisk Boldklub) score=0.25 | Serigne Saliou Diop (SC Bastia U19) score=0.13,Stade Pontivyen U19,
Soumaïla Coulibaly,Stade Brestois,ambiguous,0.192857142857143,Soumaila Coulibaly (Retired) score=0.19 | Soumaïla Coulibaly (RC Strasbourg Alsace) score=0.18,Retired,
Lewis Baker,Stoke City,ambiguous,0.189473684210526,Brayton Lewis (Inter de San Carlos) score=0.19 | Lewis Baker (Career break) score=0.15 | Lewis Baker (Retired) score=0.09,Inter de San Carlos,
Mamadou Sarr,Strasbourg,ambiguous,0.142105263157895,Mamadou Sarr (Yverdon Sport FC II) score=0.14 | Mamadou Sarr (Chelsea FC) score=0.09 | Mamadou Sarr (Unknown) score=0.09,Yverdon Sport FC II,
Rafael Luís,Strasbourg,ambiguous,0.09,Rafa Salama (Retired) score=0.09 | Rafael Rueda (Retired) score=0.09 | Rafael Luís (SL Benfica B) score=0.08,Retired,
Julius Beck,Sturm Graz,ambiguous,0.27,Julius Becker (SC Viktoria Orscholz) score=0.27 | Julius Becker (Career break) score=0.23 | Helmuth Beck (Retired) score=0.18,SC Viktoria Orscholz,
Daniel Neil,Sunderland,ambiguous,0.27,Dan Neil (Rangers FC) score=0.27 | Daniel Neill (Career break) score=0.15,Rangers FC,
Patrick Roberts,Sunderland,ambiguous,0.18,Patrick Robertson (Retired) score=0.18 | Patrick Roberts (Retired) score=0.18 | Patrick Roberts (Birmingham City) score=0.06,Retired,
Gustavo Gomes,Swansea City,ambiguous,0.211764705882353,Gustavo Gomes Ferreira (Dozamet Nowa Sól) score=0.21 | Gustavo (Mixto EC (MT)) score=0.15 | Gustavo Gomes (Without Club) score=0.15,Dozamet Nowa Sól,
Manuel Benson,Swansea City,ambiguous,0.138461538461538,Manuel Benson (Maccabi Haifa) score=0.14 | Emmanuel Benson (Unknown) score=0.08,Maccabi Haifa,
Ricardo Santos,Swansea City,ambiguous,0.158823529411765,Ricardo Santos (SCU Torreense U19) score=0.16 | Ricardo Carrera (Vitória Guimarães SC U19) score=0.14 | Ricardo Santos (CS Marítimo U23) score=0.11,SCU Torreense U19,
Ronald,Swansea City,ambiguous,0.15,Cristiano Ronaldo (Al-Nassr FC) score=0.15 | Ronaldinho (Ravenna FC) score=0.15 | Ronaldo (Retired) score=0.08,Al-Nassr FC,
Alisson,São Paulo,ambiguous,0.27,Alisson Santos (SSC Napoli) score=0.27 | Alisson (Shakhtar Donetsk) score=0.23 | Alisson Dos Santos Coelho (US Rumelange) score=0.23,SSC Napoli,
Ferreira,São Paulo,ambiguous,0.214285714285714,Cristian Ferreira (AA Argentinos Juniors) score=0.21 | Vitinha (Paris Saint-Germain) score=0.19 | Wesley Moraes (Shenzhen Peng City) score=0.15,AA Argentinos Juniors,
Igor Vinicius,São Paulo,ambiguous,0.18,Igor Vinícius (Santos FC) score=0.18 | Igor Vinícius (Retired) score=0.00 | Igor Pato (Retired) score=0.00,Santos FC,
Lucas Ferreira,São Paulo,ambiguous,0.245454545454545,Lucas Ferreira (CA Peñarol) score=0.25 | Lucas Ferreira (Shakhtar Donetsk) score=0.23 | Pedro Lucas (Canaã EC U20) score=0.21,CA Peñarol,
Luiz Gustavo,São Paulo,ambiguous,0.5,Luizão (São Bernardo FC) score=0.50 | Luiz Gustavo (São Francisco FC) score=0.50 | Luiz Gustavo (EC Santo André) score=0.24,São Bernardo FC,
Matheus Alves,São Paulo,ambiguous,0.25,Lucas Matheus (Botafogo FC (PB) U20) score=0.25 | Matheus Alves (CSKA Moscow) score=0.25 | Matheus Arcado (Forte Futebol Clube) score=0.19,Botafogo FC (PB) U20,
Maílton,São Paulo,ambiguous,0.156521739130435,Maílton (Fortaleza Esporte Clube) score=0.16 | Karion (Retired) score=0.00 | Chico Paraíba (Retired) score=0.00,Fortaleza Esporte Clube,
Oscar,São Paulo,ambiguous,0.128571428571429,Oscar Gloukh (Ajax Amsterdam) score=0.13 | Oscar (Retired) score=0.00 | Oscar Garré (Retired) score=0.00,Ajax Amsterdam,
Patryck,São Paulo,ambiguous,0.257142857142857,Patryck (Mito HollyHock) score=0.26 | Patrick Allan (Santa Cruz FC (PE)) score=0.17 | Patryck (Esporte Clube Juventude) score=0.16,Mito HollyHock,
Paulo Sérgio,São Paulo,ambiguous,0.0818181818181818,Paulinho (Leixões SC) score=0.08 | Viola (Retired) score=0.00 | Paulo Sérgio (Retired) score=0.00,Leixões SC,
Pedro Ferreira,São Paulo,ambiguous,0.276923076923077,Jota Lopes (Spartak Varna) score=0.28 | Pedro Ferreira (CD Santa Clara) score=0.19 | Rui Silva (SL Benfica B) score=0.15,Spartak Varna,
Ruan,São Paulo,ambiguous,0.207692307692308,Ruan Teles (Alagoinhas AC) score=0.21 | Ruan (Clube Atlético Mineiro) score=0.20 | Ruan Pablo (Esporte Clube Bahia) score=0.19,Alagoinhas AC,
Young,São Paulo,ambiguous,0.24,Kadan Young (Aston Villa U21) score=0.24 | Woo-yeong Jeong (1.FC Union Berlin) score=0.21 | Bo-kyung Kim (FC Anyang) score=0.18,Aston Villa U21,
Davide Mancini,Südtirol,ambiguous,0.3,Davide Mancini (Retired) score=0.30 | Davide Mancini (Without Club) score=0.08 | Davide Mancini (Campobasso FC) score=0.07,Retired,
Mamadou Coulibaly,Südtirol,ambiguous,0.3,Mamadou Coulibaly (Retired) score=0.30 | Mamadou Coulibaly (Retired) score=0.30 | Mamadou Coulibaly (Retired) score=0.30,Retired,
Juan Carlos Portillo,Talleres de Córdoba,ambiguous,0.18,Juan Carlos Portillo (CA River Plate) score=0.18 | Juan Carlos Portillo (Alianza FC) score=0.18 | Juan Carlos Portillo (Retired) score=0.18,CA River Plate,
Juan Rodríguez,Talleres de Córdoba,ambiguous,0.225,Juan Rodríguez (Cagliari Calcio) score=0.23 | Clemente Rodríguez (Retired) score=0.18 | Juan Rodríguez (Retired) score=0.18,Cagliari Calcio,
Luis Sequeira,Talleres de Córdoba,ambiguous,0.207692307692308,Luis Sequeira (CS Independiente Rivadavia) score=0.21 | Luis Diego Sequeira (Retired) score=0.18 | Luis Sequeira (Without Club) score=0.14,CS Independiente Rivadavia,
Marcos Portillo,Talleres de Córdoba,ambiguous,0.315,Marcos Portillo (CD Talleres JR) score=0.32 | Marcos Portillo (Retired) score=0.18 | Marcos Portillo (FBC Melgar) score=0.14,CD Talleres JR,
Matias Gomez,Talleres de Córdoba,ambiguous,0.333333333333333,Matías Gómez (CA Talleres) score=0.33 | Matías Gómez Barrionuevo (Defensores de Belgrano U20) score=0.31 | Matias Gómez (CA Los Andes) score=0.23,CA Talleres,
Rick,Talleres de Córdoba,ambiguous,0.225,Patrick Dorgu (Manchester United) score=0.23 | Patrick Zabi (Paris FC) score=0.23 | Patrick de Paula (Botafogo de Futebol e Regatas) score=0.22,Manchester United,
Santiago Fernández,Talleres de Córdoba,ambiguous,0.333333333333333,Santiago Fernández (CA Talleres) score=0.33 | Santi Gegunde (SD Sarriana) score=0.23 | Álvaro Santiago (RSD Alcalá) score=0.23,CA Talleres,
Sebastián Palacios,Talleres de Córdoba,ambiguous,0.1875,John Sebastian Palacios Campaz (NK Amater Slavonski Brod) score=0.19 | Juan Palacios (Fluminense FC U20) score=0.18 | Jhon Palacios (Fortaleza CEIF U20) score=0.18,NK Amater Slavonski Brod,
Danny Bakker,Telstar,ambiguous,0.15,Danny Bakker (Without Club) score=0.15 | Danny Bakker (FC Lisse) score=0.11,Without Club,
Sem van Duijn,Telstar,ambiguous,0.192857142857143,Sem van Duijn (AZ Alkmaar U21) score=0.19 | Sem van Duijnhoven (RKSV UDI '19 U19) score=0.00,AZ Alkmaar U21,
Castro,The Strongest,ambiguous,0.207692307692308,Francisco Trincão (Sporting CP) score=0.21 | Darío Felman (Retired) score=0.21 | Castro (Retired) score=0.21,Sporting CP,
Leonel López,The Strongest,ambiguous,0.207692307692308,Edín López (Retired) score=0.21 | Leonel López (CD Achirense) score=0.14 | Leonel López (Cancún FC) score=0.07,Retired,
José David Romero,Tigre,ambiguous,0.385714285714286,José David Romero (Retired) score=0.39 | David Romero (Club Atlético Tigre) score=0.33,Retired,
Manuel Fernández,Tigre,ambiguous,0.385714285714286,Víctor Fernández (Retired) score=0.39 | Manuel Fernández (Retired) score=0.39 | Manuel Osorio (Retired) score=0.39,Retired,
Martín Garay,Tigre,ambiguous,0.385714285714286,Martin Garaygorta (Retired) score=0.39 | Martín Garay (Club Atlético Tigre) score=0.33 | Joel Garay (AA Argentinos Juniors II) score=0.11,Retired,
Simón Rivero,Tigre,ambiguous,0.333333333333333,Simón Rivero (Club Atlético Tigre) score=0.33 | Claudio Riveros (Without Club) score=0.08,Club Atlético Tigre,
Edgar López,Tigres UANL,ambiguous,0.163636363636364,Edgar López (Retired) score=0.16 | Iván López (Deportivo Toluca) score=0.11,Retired,
Fernando Tapia,Tigres UANL,ambiguous,0.0818181818181818,Fernando Tapia (SCSA Eagles) score=0.08 | Fernando Tapia (CF América) score=0.00,SCSA Eagles,
Javier Aquino,Tigres UANL,ambiguous,0.225,Kevin Aquino (Atlético San Cristóbal) score=0.23 | Javier Aquino (Resistencia Sport Club) score=0.16 | Javier Aquino (FC Juárez) score=0.08,Atlético San Cristóbal,
Nicolás Ibáñez,Tigres UANL,ambiguous,0.225,Nicolás Ibáñez (CD Cruz Azul) score=0.23 | Nicolás Ibáñez (Without Club) score=0.15 | Nicolás Ibañez (Without Club) score=0.15,CD Cruz Azul,
Rafael Carioca,Tigres UANL,ambiguous,0.163636363636364,Rafael Carioca (Retired) score=0.16 | Rafael Carioca (Audax Rio de Janeiro EC) score=0.16 | Rafael Carioca (Without Club) score=0.15,Retired,
Josué Reyes,Tijuana,ambiguous,0.12,Edilson Reyes (Deportivo Mixco) score=0.12 | Andy Reyes (Asociación Deportiva Ramonense) score=0.12 | Josué Reyes (Dorados de Sinaloa) score=0.10,Deportivo Mixco,
Kevin Castañeda,Tijuana,ambiguous,0.214285714285714,Kevin Castañeda (Deportivo Guadalajara) score=0.21 | Kevin Castaneda Isaza (Huddinge IF) score=0.08,Deportivo Guadalajara,
Morad,Tijuana,ambiguous,0.15,Rasmus Thelander (Without Club) score=0.15 | Kağan Moradaoğlu (Without Club) score=0.15 | Miguel Ruiz (CF Esperança d'Andorra) score=0.12,Without Club,
Vitinho,Tijuana,ambiguous,0.207692307692308,Vitinho (Betim Futebol) score=0.21 | Vitinho (Sport Club Internacional) score=0.19 | Vitinho (Al-Ahli Club (Bahrain)) score=0.18,Betim Futebol,
Hugo González,Toluca,ambiguous,0.225,Hugo González (RC Celta Fortuna) score=0.23 | Hugo González (Bergantiños FC U19) score=0.14 | Hugo González (Pennington Red Hawks) score=0.14,RC Celta Fortuna,
Héctor Herrera,Toluca,ambiguous,0.171428571428571,Julio Herrera (San Antonio Bulo Bulo) score=0.17 | Héctor Herrera (Houston Dynamo FC) score=0.16 | David Herrera (Houston Dynamo FC Academy) score=0.14,San Antonio Bulo Bulo,
José Chávez,Toluca,ambiguous,0.142105263157895,Eduardo Chávez (Juventud Bellavista) score=0.14 | Jose Chavez (Royal Pari Fútbol Club II) score=0.14 | José Chávez (UNAM Pumas U19) score=0.13,Juventud Bellavista,
S.Cordova,Toluca,ambiguous,0.225,Daniel Pérez (Without Club) score=0.23 | Sebastián Córdova (UNAM Pumas) score=0.18 | Piero Quispe (UNAM Pumas) score=0.18,Without Club,
Bernardo Fontes,Tondela,ambiguous,0.1125,Bernardo (SC Braga) score=0.11 | Bernardo Fontes (FC Pedras Rubras) score=0.11,SC Braga,
João Silva,Tondela,ambiguous,0.225,João Erick (Without Club) score=0.23 | João Silva (Lusitânia FC Lourosa) score=0.17 | Jota Silva (Nottingham Forest) score=0.16,Without Club,
Juan Rodríguez,Tondela,ambiguous,0.245454545454545,Juan Rodríguez (Marbella FC) score=0.25 | Juan David Rodríguez (CD Real Cartagena) score=0.16 | Arturo Rodríguez (Mazarrón FC) score=0.08,Marbella FC,
Miro,Tondela,ambiguous,0.225,Casemiro (Without Club) score=0.23 | Álex Remiro (Real Sociedad) score=0.21 | Ramiro Funes Mori (Club Estudiantes de La Plata) score=0.19,Without Club,
Pedro Maranhão,Tondela,ambiguous,0.1125,Maranhão (Henan FC) score=0.11 | Pedro Maranhão (Retired) score=0.00,Henan FC,
José Cifuentes,Toronto FC,ambiguous,0.3,Juan Cifuentes (Veraguas United FC) score=0.30 | José Cifuentes (Rangers FC) score=0.27,Veraguas United FC,
Michael Sullivan,Toronto FC,ambiguous,0.257142857142857,Nick Sullivan (Fraser Park FC) score=0.26 | Michael Sullivan (Without Club) score=0.15 | Michael Sullivan (FC Cincinnati 2) score=0.12,Fraser Park FC,
Benjamín García,Torque,ambiguous,0.333333333333333,Benjamín García (Montevideo City Torque B) score=0.33 | Benjamín García (Without Club) score=0.23 | Bahiano Garcia (CA Chaco For Ever) score=0.16,Montevideo City Torque B,
Facundo Martínez,Torque,ambiguous,0.333333333333333,Facundo Martínez (Montevideo City Torque U19) score=0.33 | Facundo Martínez (Retired) score=0.13 | Facundo Martínez (CAABM Sarmiento (Leones)) score=0.12,Montevideo City Torque U19,
Ignacio Molina,Torque,ambiguous,0.333333333333333,Ignacio Molina (Montevideo City Torque U19) score=0.33 | José Molina (Deportes Linares) score=0.17 | Juan Ignacio Molina (US Salernitana 1919) score=0.05,Montevideo City Torque U19,
Maximiliano Villa,Torque,ambiguous,0.117391304347826,Maximiliano Villa (Club Atlético Tucumán) score=0.12 | Maximiliano Villagrán (Club Defensores de Pronunciamiento) score=0.11 | Maximiliano Villarroel (Rangers de Talca U21) score=0.09,Club Atlético Tucumán,
Sebastián Rodríguez,Torque,ambiguous,0.225,Alberto Rodríguez (Without Club) score=0.23 | Juanse Rodríguez (LDU Quito) score=0.20 | Sebastian Rodriguez (Retired) score=0.13,Without Club,
João Palhinha,Tottenham Hotspur,ambiguous,0.105882352941176,João Palhinha (Bayern Munich) score=0.11 | Palhinha (Guarda FC) score=0.11,Bayern Munich,
Souza,Tottenham Hotspur,ambiguous,0.1875,Hulk (Fluminense Football Club) score=0.19 | Deco (Retired) score=0.11 | Romário (Retired) score=0.11,Fluminense Football Club,
Djibril Sidibé,Toulouse,ambiguous,0.225,Djibril Sidibé (Without Club) score=0.23 | Djibril Sidibé (Without Club) score=0.23 | Djibril Sidibé (FC Rhône Vallées) score=0.15,Without Club,
Kjetil Haug,Toulouse,ambiguous,0.12,Kjetil Haug (Go Ahead Eagles) score=0.12 | Kjetil Haugland (Retired) score=0.00,Go Ahead Eagles,
Felipe Augusto,Trabzonspor,ambiguous,0.18,Felipe Pires (Torpedo Kutaisi) score=0.18 | Felipe Augusto (Operário Ferroviário Esporte Clube (PR)) score=0.16 | Felipe Augusto (Zenit St. Petersburg) score=0.14,Torpedo Kutaisi,
Andrés Chicaiza,Técnico Universitario,ambiguous,0.163636363636364,Andrés Chicaiza (Daquilema FC) score=0.16 | Claudio Chicaisa (La Castellana FC) score=0.12,Daquilema FC,
B.Cuello,Técnico Universitario,ambiguous,0.333333333333333,Warlin Angustia (Atlético San Cristóbal II) score=0.33 | Alexis Cuello (CA San Lorenzo de Almagro) score=0.25 | Gaspar Cuello (Argentino Alvear (Mendoza)) score=0.23,Atlético San Cristóbal II,
F.Cuero,Técnico Universitario,ambiguous,0.245454545454545,Fabian Cuero (Deportivo Mixco) score=0.25 | Mauricio Cuero (CA Defensores de Belgrano) score=0.22 | Arnulfo Valentierra (Retired) score=0.12,Deportivo Mixco,
Jorge Ordóñez,Técnico Universitario,ambiguous,0.163636363636364,Jorge Ordóñez (Deportivo Cuenca) score=0.16 | Jorge Ordóñez (Retired) score=0.12,Deportivo Cuenca,
Marco Castillo,Técnico Universitario,ambiguous,0.204545454545455,Jair Castillo (Chacaritas FC) score=0.20 | Marcos Castillo (Barça Academy Santo Domingo) score=0.13 | Marco Castillo (Without Club) score=0.08,Chacaritas FC,
Marvin Cortez,Técnico Universitario,ambiguous,0.163636363636364,Marvin Cortéz (CD Olmedo) score=0.16 | Marvin Córtez (Club 11 de Mayo FC) score=0.12,CD Olmedo,
Sergio González,Técnico Universitario,ambiguous,0.204545454545455,Sergio González (CD Monte Santander) score=0.20 | Sergi González (Racing Madrid City FC) score=0.16 | Sergio González (CA Racing (Córdoba)) score=0.16,CD Monte Santander,
V.Torres,Técnico Universitario,ambiguous,0.245454545454545,Óliver Torres (CF Monterrey) score=0.25 | Ferran Torres (FC Barcelona) score=0.16 | Pau Torres (Aston Villa) score=0.16,CF Monterrey,
Wálter Chávez,Técnico Universitario,ambiguous,0.257142857142857,Walter Chávez (Club Atlético Independiente) score=0.26 | Wálter Chávez (Manta FC) score=0.12 | Erick Chávez (Without Club) score=0.08,Club Atlético Independiente,
Lorenzo Sgarbi,US Avellino,ambiguous,0.245454545454545,Lorenzo Sgarbi (SSC Napoli) score=0.25 | Filippo Sgarbi (Calcio Padova) score=0.07,SSC Napoli,
R.Russo,US Avellino,ambiguous,0.225,Ignacio Russo (Club Atlético Tigre) score=0.23 | Jeronimo Russo (CA Newell's Old Boys) score=0.23 | Andrea Russotto (Vittoria Calcio) score=0.18,Club Atlético Tigre,
Diogo Leite,Union Berlin,ambiguous,0.192857142857143,Diogo Leite (UE Engordany B) score=0.19 | Diogo Leite (Without Club) score=0.08 | Diogo Sousa (Retired) score=0.08,UE Engordany B,
Mathias Rasmussen,Union Saint-Gilloise,ambiguous,0.27,Mathias Rasmussen (FC St. Pauli) score=0.27 | Mathias Rasmussen (Without Club) score=0.18 | Mathias Rasmussen (Svendborg fB -Oure FA U19) score=0.11,FC St. Pauli,
Francisco Arancibia,Universidad Católica,ambiguous,0.214285714285714,Francisco Arancibia (Deportivo Garcilaso) score=0.21 | Francisco Arancibia (Deportes Vallenar) score=0.17 | Francisco Arancibia (Retired) score=0.13,Deportivo Garcilaso,
Ignacio Gutiérrez,Universidad Católica,ambiguous,0.18,Ignacio Gutiérrez (CA Defensores de Belgrano) score=0.18 | Joaquín Gutiérrez (Deportes La Serena) score=0.17 | José Gutierrez (Without Club) score=0.17,CA Defensores de Belgrano,
Ismael Díaz,Universidad Católica,ambiguous,0.257142857142857,Luis Ismael Díaz (Atlético Pantoja) score=0.26 | Isma Diaz (Real Valladolid Promesas) score=0.19 | Ismael Díaz (Club León FC) score=0.13,Atlético Pantoja,
J.Mina,Universidad Católica,ambiguous,0.257142857142857,Scott McTominay (SSC Napoli) score=0.26 | Yerry Mina (Cagliari Calcio) score=0.21 | Takumi Minamino (AS Monaco) score=0.17,SSC Napoli,
Jader,Universidad Católica,ambiguous,0.214285714285714,Junior Fell (Dourados AC) score=0.21 | Jader Gentil (Atlético Clube Goianiense) score=0.17 | Jhon Durán (Al-Nassr FC) score=0.17,Dourados AC,
Luis Castillo,Universidad Católica,ambiguous,0.257142857142857,Luis Castillo (CD Vaca Diez) score=0.26 | Luis Castillo (Dunamis 04 Carchi-Ecuador) score=0.22 | Luis Castillo (Without Club) score=0.17,CD Vaca Diez,
R.Arroyo,Universidad Católica,ambiguous,0.3,Eryc Castillo (Club Alianza Lima) score=0.30 | Manu Fernández (Celta de Vigo) score=0.21 | Andrés Micolta (CF Pachuca) score=0.17,Club Alianza Lima,
S.Zambrano,Universidad Católica,ambiguous,0.214285714285714,Ronald Champang (CD La Union) score=0.21 | Paúl Ambrosi (Retired) score=0.13 | Gilberto Mora (Club Tijuana) score=0.13,CD La Union,
Antonio Díaz,Universidad de Chile,ambiguous,0.18,Chico Díaz (Gioiese 1918) score=0.18 | Antonio Ledesma (Retired) score=0.14 | Pedro Díaz (Retired) score=0.14,Gioiese 1918,
Leandro Fernández,Universidad de Chile,ambiguous,0.18,Damián Fernández (CA Rosario Central) score=0.18 | Leandro Fernández (Club Los Andes (Alcorta)) score=0.16 | Leandro Fernández (Retired) score=0.14,CA Rosario Central,
Matías Sepúlveda,Universidad de Chile,ambiguous,0.09,Matías Sepúlveda (CA Lanús) score=0.09 | Matías Sepúlveda (CD Cobresal U21) score=0.09,CA Lanús,
Nicolás Fernández,Universidad de Chile,ambiguous,0.225,Nicolás Fernández (Curicó Unido) score=0.23 | Nicolás Fernández (CA Peñarol) score=0.18 | Gastón Fernández (Retired) score=0.14,Curicó Unido,
Nicolás Guerra,Universidad de Chile,ambiguous,0.135,Nicolás Guerra (Instituto ACC) score=0.14 | Nicolás Guerra Olguín (Without Club) score=0.14,Instituto ACC,
Rodrigo Contreras,Universidad de Chile,ambiguous,0.135,Rodrigo Contreras (Millonarios FC) score=0.14 | Bernardo Contreras (Retired) score=0.14 | Leonel Contreras (Retired) score=0.14,Millonarios FC,
Sebastián Rodríguez,Universidad de Chile,ambiguous,0.225,Sebastián Rodríguez (Escorpiones de Belén II) score=0.23 | Guillermo Rodríguez (Club Atlético San Martín (Tucumán)) score=0.18 | Sebastián Rodríguez (Danubio FC) score=0.14,Escorpiones de Belén II,
Gabriel Costa,Universitario,ambiguous,0.252,Gabriel Costa (CA River Plate Montevideo) score=0.25 | Alan Gabriel (Retired) score=0.21 | Gabriel (RB Omiya Ardija) score=0.18,CA River Plate Montevideo,
José Rivera,Universitario,ambiguous,0.207692307692308,Rivera (Retired) score=0.21 | José Manuel Rivera (Retired) score=0.21 | José Rivera (Herrera FC) score=0.21,Retired,
Nicolás Paz,Unión,ambiguous,0.514285714285714,Santiago Paz (Unknown) score=0.51 | Nicolás Paz (CA Unión (Santa Fe)) score=0.50 | Nicolas Paz (Sport Boys Association) score=0.12,Unknown,
Ariel Uribe,Unión Española,ambiguous,0.242307692307692,Ariel Uribe (Universidad de Concepción) score=0.24 | Ariel Uribe (Retired) score=0.06,Universidad de Concepción,
Matías Marín,Unión Española,ambiguous,0.25,Matías Marín (Deportes La Serena) score=0.25 | Matias Marin (Inter Miami CF II) score=0.11 | Matías Marín (Retired) score=0.06,Deportes La Serena,
Matías Suárez,Unión Española,ambiguous,0.28125,Mati Suárez (CD Gévora) score=0.28 | Lucas Suárez (CA Sarmiento (Junin)) score=0.10 | Matías Suárez (Retired) score=0.06,CD Gévora,
Nicolás Díaz,Unión Española,ambiguous,0.288,Nicolás Díaz (CD Ojanco Tierra Amarilla) score=0.29 | Nicolás Díaz Bender (Unknown) score=0.23 | Leandro Díaz (Club Atlético Tucumán) score=0.20,CD Ojanco Tierra Amarilla,
Simón Ramírez,Unión Española,ambiguous,0.225,Simón Ramírez (Deportes Antofagasta) score=0.23 | Simón Ramírez (Retired) score=0.06,Deportes Antofagasta,
Felipe Campos,Unión La Calera,ambiguous,0.225,Luis Campos (Without Club) score=0.23 | Felipão (América Mineiro U20) score=0.18 | Felipe Campos (CD Ñublense) score=0.17,Without Club,
Franco López,Unión La Calera,ambiguous,0.225,Franco López (Without Club) score=0.23 | Blas Franco (Without Club) score=0.23 | Gianfranco Lopez (Without Club) score=0.23,Without Club,
Lucas Beltrán,Valencia,ambiguous,0.192857142857143,Lucas Beltrán (CA River Plate) score=0.19 | Lucas Beltrán (Unknown) score=0.11 | Lucas Beltrán (CD Brea) score=0.11,CA River Plate,
Thierry Correia,Valencia,ambiguous,0.27,Thierry Correia (Venezia FC) score=0.27 | Thierry Delgado (FC Résidence Walferdange) score=0.14,Venezia FC,
Ali Ahmed,Vancouver Whitecaps,ambiguous,0.236842105263158,Ali Ahmed (Norwich City) score=0.24 | Ali Mabkhout (Without Club) score=0.19 | Zak Ahmed (Without Club) score=0.19,Norwich City,
Daniel Ríos,Vancouver Whitecaps,ambiguous,0.236842105263158,Daniel Ríos (CF Montréal) score=0.24 | Daniel Ríos (Without Club) score=0.19 | Daniel Ríos (Club Atlético Barracas Central U20) score=0.15,CF Montréal,
Alex Teixeira,Vasco da Gama,ambiguous,0.138461538461538,Alex Teixeira (Panserraikos) score=0.14 | Alex Teixeira (AC Le Havre B) score=0.14 | Alex Teixeira (Retired) score=0.07,Panserraikos,
David,Vasco da Gama,ambiguous,0.276923076923077,David Neres (SSC Napoli) score=0.28 | David Luiz (Pafos FC) score=0.21 | David Alaba (Without Club) score=0.14,SSC Napoli,
GB,Vasco da Gama,ambiguous,0.163636363636364,GB (EC Tigres do Brasil (RJ)) score=0.16 | GB (Fortaleza Esporte Clube) score=0.16,EC Tigres do Brasil (RJ),
Jair,Vasco da Gama,ambiguous,0.346153846153846,Devyne Rensch (AS Roma) score=0.35 | Rodin Quiñones (Without Club) score=0.14 | Jair Cunha (Nottingham Forest) score=0.11,AS Roma,
Jean Meneses,Vasco da Gama,ambiguous,0.16875,Jean Meneses (Deportes Limache) score=0.17 | Jean Meneses (Tigres FC) score=0.07,Deportes Limache,
João Victor,Vasco da Gama,ambiguous,0.216,João Cruz (Club Athletico Paranaense) score=0.22 | Caetano (Vissel Kobe) score=0.21 | João Gomes (Wolverhampton Wanderers) score=0.20,Club Athletico Paranaense,
L.Jaco,Vasco da Gama,ambiguous,0.207692307692308,Jacobo Ramón (Como 1907) score=0.21 | Harry Maguire (Manchester United) score=0.16 | Jasper Cillessen (Without Club) score=0.14,Como 1907,
Leandrinho,Vasco da Gama,ambiguous,0.138461538461538,Leandrinho (Sharjah FC) score=0.14 | Leandrinho (Without Club) score=0.14 | Leandrinho (Without Club) score=0.14,Sharjah FC,
Lucas Oliveira,Vasco da Gama,ambiguous,0.25,Robinho (CF Estrela Amadora) score=0.25 | Lucas Oliveira (Mirassol Futebol Clube (SP)) score=0.18 | Rafhael Lucas (Clube Recreativo e Atlético Catalano (GO)) score=0.16,CF Estrela Amadora,
Luiz Gustavo,Vasco da Gama,ambiguous,0.216,Luiz Gustavo (Club Athletico Paranaense) score=0.22 | Luizão (Clube de Regatas Brasil (AL)) score=0.21 | Luiz Gustavo (EC Santo André) score=0.18,Club Athletico Paranaense,
Matheus França,Vasco da Gama,ambiguous,0.2,Matheus França (Santa Helena EC (GO)) score=0.20 | Matheus França (Crystal Palace) score=0.19 | Matheuzinho (Sport Club Corinthians Paulista) score=0.17,Santa Helena EC (GO),
Oliveira,Vasco da Gama,ambiguous,0.207692307692308,Vitinha (Genoa CFC) score=0.21 | Sérgio Oliveira (Without Club) score=0.14 | Alberto Costa (FC Porto) score=0.14,Genoa CFC,
Paulinho,Vasco da Gama,ambiguous,0.248275862068966,Paulinho (Sociedade Esportiva Palmeiras) score=0.25 | Paulinho (Without Club) score=0.14 | Paulinho Dias (Without Club) score=0.14,Sociedade Esportiva Palmeiras,
Rayan,Vasco da Gama,ambiguous,0.234782608695652,Lucas Zelarayán (Club Atlético Belgrano) score=0.23 | Brayan Medina (CD Tondela) score=0.21 | Brayan Gil (Baltika Kaliningrad) score=0.19,Club Atlético Belgrano,
Victor Luis,Vasco da Gama,ambiguous,0.194594594594595,Victor Luis (Associação Olímpica de Itabaiana (SE)) score=0.19 | Victor Luís (Mirassol Futebol Clube (SP)) score=0.18 | Víctor Negrini (Juventud Cautivo) score=0.17,Associação Olímpica de Itabaiana (SE),
Issa Doumbia,Venezia,ambiguous,0.0818181818181818,Issa Doumbia (Sporting CP) score=0.08 | Idrissa Doumbia (Without Club) score=0.00,Sporting CP,
Pascal Stenzel,VfB Stuttgart,ambiguous,0.16875,Pascal Stenzel (JSG Steimbke U19) score=0.17 | Pascal Stenzel (Without Club) score=0.14 | Pascal Stenzel (Unknown) score=0.07,JSG Steimbke U19,
Martin Jedlička,Viktoria Plzen,ambiguous,0.128571428571429,Martin Jedlicka (SK Solnice) score=0.13 | Martin Jedlicka (FC Banik Ostrava) score=0.11,SK Solnice,
Milan Havel,Viktoria Plzen,ambiguous,0.171428571428571,Milan Havel (Bohemians Prague 1905) score=0.17 | Milan Havel (Lipsia Eutritzsch) score=0.16,Bohemians Prague 1905,
Alfonso Pedraza,Villarreal,ambiguous,0.18,Alfonso Pedraza (SS Lazio) score=0.18 | Alfonso Pedraza (Retired) score=0.18,SS Lazio,
Dani Parejo,Villarreal,ambiguous,0.15,Dani Parejo (Without Club) score=0.15 | Dani Parejo (CD Calamonte) score=0.15,Without Club,
Joan López,Vinotinto de Ecuador,ambiguous,0.225,Joan López (Real Titánico) score=0.23 | Oliver López (La Cantera de Pastaza) score=0.21 | Joan López (LDU de Portoviejo) score=0.09,Real Titánico,
Nicolás Molina,Vinotinto de Ecuador,ambiguous,0.214285714285714,Braian Molina (CA Sarmiento (La Banda)) score=0.21 | Nicolás Molina (CA San Telmo) score=0.18 | Nicolás Molina (Retired) score=0.18,CA Sarmiento (La Banda),
L.Lipani,Virtus Entella,ambiguous,0.192857142857143,Luca Lipani (US Sassuolo) score=0.19 | Mauro Tulipani (Retired) score=0.19 | Andrea Lipani (Without Club) score=0.19,US Sassuolo,
Lorenzo Moretti,Virtus Entella,ambiguous,0.192857142857143,Lorenzo Moretti (Without Club) score=0.19 | Lorenzo Moretti (Without Club) score=0.19 | Lorenzo Moretti (Unknown) score=0.13,Without Club,
T.Fumagalli,Virtus Entella,ambiguous,0.192857142857143,Eugenio Fumagalli (Retired) score=0.19 | Mattia Fumagalli (Without Club) score=0.19 | Franco Fumagalli (Retired) score=0.19,Retired,
Beni,Vitória Guimarães,ambiguous,0.189473684210526,Beniamino Vignola (Retired) score=0.19 | Yakubu (Retired) score=0.19 | Esteban Vigo (Retired) score=0.19,Retired,
Charles,Vitória Guimarães,ambiguous,0.216,Charles Aránguiz (Club Universidad de Chile) score=0.22 | Charles De Ketelaere (Atalanta BC) score=0.19 | Steven Bergwijn (Al-Ittihad Club) score=0.19,Club Universidad de Chile,
Diogo Sousa,Vitória Guimarães,ambiguous,0.236842105263158,Vieirinha (AD Camacha) score=0.24 | Diogo Sousa (Bodrum FK) score=0.19 | Diogo Sousa (Retired) score=0.19,AD Camacha,
Gustavo,Vitória Guimarães,ambiguous,0.279310344827586,Gustavo Gómez (Sociedade Esportiva Palmeiras) score=0.28 | Gustavo Sá (FC Famalicão) score=0.24 | Luiz Gustavo (Club Athletico Paranaense) score=0.22,Sociedade Esportiva Palmeiras,
Nuno Santos,Vitória Guimarães,ambiguous,0.189473684210526,Nuno Santos (Sporting CP) score=0.19 | Nuno Santos (Retired) score=0.19 | Nuno Santos (Retired) score=0.19,Sporting CP,
Nélson Oliveira,Vitória Guimarães,ambiguous,0.257142857142857,Nélson Oliveira (Oliveira do Bairro SC) score=0.26 | Nélson Oliveira (Without Club) score=0.19 | Nélson Oliveira (Without Club) score=0.19,Oliveira do Bairro SC,
Paulo Vitor,Vitória Guimarães,ambiguous,0.28421052631579,Paulo Vitor (GE Glória (RS)) score=0.28 | Paulo Vítor (Atlético Clube Goianiense) score=0.24 | Barreto (Retired) score=0.19,GE Glória (RS),
Samú,Vitória Guimarães,ambiguous,0.189473684210526,Samuel Umtiti (Retired) score=0.19 | Samuel Eto'o (Retired) score=0.19 | Walter Samuel (Retired) score=0.19,Retired,
Tiago Silva,Vitória Guimarães,ambiguous,0.236842105263158,Tiago Silva (Al-Rayyan SC) score=0.24 | Tiago Silva (Retired) score=0.19 | Tiago Targino (Retired) score=0.19,Al-Rayyan SC,
Braian Ezequiel Romero,Vélez Sarsfield,ambiguous,0.16875,Braian Romero (Club Olimpia) score=0.17 | Braian Ezequiel Romero (Sport-Union Berlin) score=0.10,Club Olimpia,
Damián Fernández,Vélez Sarsfield,ambiguous,0.225,Favio Fernández (Retired) score=0.23 | German Damian Fernandez (Retired) score=0.23 | Damián (Retired) score=0.23,Retired,
Kevin Vázquez,Vélez Sarsfield,ambiguous,0.173076923076923,Kevin Vázquez (CS Independiente Rivadavia) score=0.17 | Kevin Vázquez (Without Club) score=0.00,CS Independiente Rivadavia,
M.Fernández,Vélez Sarsfield,ambiguous,0.225,Enzo Fernández (Chelsea FC) score=0.23 | Iker Casillas (Retired) score=0.23 | Suso (Cádiz CF) score=0.23,Chelsea FC,
Manuel Fernández,Vélez Sarsfield,ambiguous,0.225,Víctor Fernández (Retired) score=0.23 | Manu Fernández (Celta de Vigo) score=0.23 | Manuel Fernández (Retired) score=0.23,Retired,
Michael Santos,Vélez Sarsfield,ambiguous,0.225,Michael dos Santos (Retired) score=0.23 | Michael dos Santos (Retired) score=0.23 | Michael Santos (Retired) score=0.23,Retired,
Guillermo Wagner,Wanderers,ambiguous,0.204545454545455,Guillermo Wagner (US Città di Pontedera) score=0.20 | Jorge Wagner (Retired) score=0.20,US Città di Pontedera,
José Río,Wanderers,ambiguous,0.2,José Ríos (Retired) score=0.20 | Adolfo Ríos (Retired) score=0.20 | Antonio Rios (Retired) score=0.20,Retired,
Juan Rodríguez,Wanderers,ambiguous,0.2,Clemente Rodríguez (Retired) score=0.20 | Juan Rodríguez (Retired) score=0.20 | Juan Pablo Rodríguez (Retired) score=0.20,Retired,
Martín Suárez,Wanderers,ambiguous,0.2,Armando Martín (Retired) score=0.20 | Luisja (Retired) score=0.20 | Pablo Suárez (Retired) score=0.20,Retired,
Pablo Lima,Wanderers,ambiguous,0.211764705882353,Rai Lima (Club Always Ready) score=0.21 | Pablo Lima (Retired) score=0.20 | Ruan Pablo (SE Palmeiras U17) score=0.17,Club Always Ready,
Rodrigo Amaral,Wanderers,ambiguous,0.207692307692308,Rodrigo Freitas (GDR Esporões) score=0.21 | Rodrigo (Retired) score=0.20 | Rodrigo (Retired) score=0.20,GDR Esporões,
Formose Mendy,Watford,ambiguous,0.18,Formose Mendy (FC Lorient) score=0.18 | Fallou Mendy (AS FAR Rabat) score=0.15 | Pape Mendy (Unknown) score=0.13,FC Lorient,
James Morris,Watford,ambiguous,0.257142857142857,James Morrison (Retired) score=0.26 | James Morris (Retired) score=0.26 | James Morrissey (Retired) score=0.26,Retired,
Moussa Sissoko,Watford,ambiguous,0.225,Moussa Sissoko (Without Club) score=0.23 | Moussa Sissoko (Without Club) score=0.23 | Moussa Sissoko (Panathinaikos) score=0.14,Without Club,
Nathan Baxter,Watford,ambiguous,0.257142857142857,Nathan Baxter (Retired) score=0.26 | Nathan Baxter (Leyton Orient) score=0.21 | Johnny Baxter (Glasgow University FC) score=0.13,Retired,
Ryan Andrews,Watford,ambiguous,0.0642857142857143,Ryan Andrews (BSC Young Boys) score=0.06 | Ryan Andrews (Al-Jazira Club U21) score=0.05,BSC Young Boys,
Jovan Milošević,Werder Bremen,ambiguous,0.1125,Jovan Milosevic (FK Sloga Maradik) score=0.11 | Jovan Milosevic (FK Drina Zvornik) score=0.11 | Jovan Milošević (OFK Petrovac U19) score=0.11,FK Sloga Maradik,
Charlie Taylor,West Bromwich Albion,ambiguous,0.225,Charlie Taylor (Without Club) score=0.23 | Charlie Taylor (Retired) score=0.14 | Charlie Taylor (Illinois Central College) score=0.11,Without Club,
Andy Irving,West Ham United,ambiguous,0.3,Andy Irving (Retired) score=0.30 | Andrew Irving (AC Sparta Prague) score=0.11,Retired,
Guido Rodríguez,West Ham United,ambiguous,0.1,Larry Guido (AD Guanacasteca II) score=0.10 | Guido Rodríguez (Valencia CF) score=0.06,AD Guanacasteca II,
Igor,West Ham United,ambiguous,0.3,Igor Denisov (Retired) score=0.30 | Igor Biscan (Retired) score=0.30 | Igor Jesus (Nottingham Forest) score=0.26,Retired,
Luis Guilherme,West Ham United,ambiguous,0.3,Luís Guilherme (Retired) score=0.30 | Luis Guilherme (Retired) score=0.30 | Luis Guilherme (Retired) score=0.30,Retired,
Mateus Fernandes,West Ham United,ambiguous,0.3,Paraná (Retired) score=0.30 | Mateus Fernandes (Tottenham Hotspur) score=0.26 | Matheus Fernandes (Red Bull Bragantino) score=0.14,Retired,
Antonio Cordero,Westerlo,ambiguous,0.3375,Rodrigo Cordero (Retired) score=0.34 | Walter Cordero (Retired) score=0.34 | Antoñito Cordero (Newcastle United) score=0.23,Retired,
Jonas Wind,Wolfsburg,ambiguous,0.1,Jonas Wind (SC Braga) score=0.10 | Jonas Wind (Otterup B&IK) score=0.08 | Jonas Windecker (Unknown) score=0.00,SC Braga,
Patrick Wimmer,Wolfsburg,ambiguous,0.0947368421052632,Patrick Wimmer (TSG 1899 Hoffenheim) score=0.09 | Patrick Wimmer (Retired) score=0.00,TSG 1899 Hoffenheim,
Václav Černý,Wolfsburg,ambiguous,0.0818181818181818,Vaclav Cerny (FC Chomutov) score=0.08 | Vaclav Cerny (Besiktas JK) score=0.00 | Vaclav Cerny (Retired) score=0.00,FC Chomutov,
Angel Gomes,Wolverhampton Wanderers,ambiguous,0.234782608695652,Angel Gomes (Olympique Marseille) score=0.23 | Ángel Gomes (Spartak Varna) score=0.20 | Agnel Gomes (Without Club) score=0.16,Olympique Marseille,
Gomes,Wolverhampton Wanderers,ambiguous,1,João Gomes (Wolverhampton Wanderers) score=1.00 | Toti (Wolverhampton Wanderers) score=1.00 | Felipe Anderson (Sociedade Esportiva Palmeiras) score=0.25,Wolverhampton Wanderers,
Matt Doherty,Wolverhampton Wanderers,ambiguous,0.156521739130435,Matt Doherty (Without Club) score=0.16 | Matt Doherty (Retired) score=0.16 | Matt Doherty (---) score=0.00,Without Club,
Issa Kabore,Wrexham,ambiguous,0.06,Issa Kaboré (Manchester City) score=0.06 | Idrissa Kabore (Unknown) score=0.00,Manchester City,
Diego Hernández,Águilas Doradas,ambiguous,0.248275862068966,Diego Hernández (Botafogo de Futebol e Regatas) score=0.25 | Diego Hernández (Cimarrones de Sonora) score=0.23 | Diego Hernandez (CD Luis Angel Firpo Reserve) score=0.20,Botafogo de Futebol e Regatas,
NA,Águilas Doradas,ambiguous,0.3,Sang-ho Na (Fagiano Okayama) score=0.30 | Seong-jin Na (Gimhae Jaemics) score=0.24 | Tae-min Na (Retired) score=0.18,Fagiano Okayama,
Anuar Tuhami,AD Ceuta FC,not_found,NA,NA,NA,
Guille Vallejo,AD Ceuta FC,not_found,NA,NA,NA,
Youness Didi,AD Ceuta FC,not_found,NA,NA,NA,
Eli Junior Kroupi,AFC Bournemouth,not_found,NA,NA,NA,
Đorđe Petrović,AFC Bournemouth,not_found,NA,NA,NA,
Cristian Mawissa Elebi,AS Monaco,not_found,NA,NA,NA,
Mees Jacobus Wilhelmus De Wit,AZ Alkmaar,not_found,NA,NA,NA,
Don-Angelo Christoffel Annum-Assamoah Konadu,Ajax,not_found,NA,NA,NA,
Andraž Šporar,Alanyaspor,not_found,NA,NA,NA,
Javu Moreno,Albacete,not_found,NA,NA,NA,
Álex Meléndez,Albacete,not_found,NA,NA,NA,
Ariel Matías García,Aldosivi,not_found,NA,NA,NA,
Blas Agustín Palavecino,Aldosivi,not_found,NA,NA,NA,
Jhamir Adrián D´Arrigo Huanca,Alianza Lima,not_found,NA,NA,NA,
Jeison Cabrales,Alianza Valledupar,not_found,NA,NA,NA,
Jhon Alexander Valoyes Angarita,Alianza Valledupar,not_found,NA,NA,NA,
Sergio Andrés Aponzá Cantoñil,Alianza Valledupar,not_found,NA,NA,NA,
Adri Embarba,Almería,not_found,NA,NA,NA,
Marcos Luna Marcos Ruiz,Almería,not_found,NA,NA,NA,
Pedro Segura,Almería,not_found,NA,NA,NA,
Allan Saint-Maximin,América,not_found,NA,NA,NA,
Dagoberto Acosta,América,not_found,NA,NA,NA,
Bryan Esteban Correa Montenegro,América de Cali,not_found,NA,NA,NA,
Joel Sebastián Romero Hurtado,América de Cali,not_found,NA,NA,NA,
Kevin Angulo Angulo,América de Cali,not_found,NA,NA,NA,
Yojan Andrés Garcés Mina,América de Cali,not_found,NA,NA,NA,
Emmanuel Junior Biumla Bayiha,Angers,not_found,NA,NA,NA,
Kouakou Herve Koffi,Angers,not_found,NA,NA,NA,
Lillian Rao-Lisoa,Angers,not_found,NA,NA,NA,
Marius Louãr,Angers,not_found,NA,NA,NA,
Yassine Belkdim,Angers,not_found,NA,NA,NA,
Lautaro Daniel Gianetti,Antalyaspor,not_found,NA,NA,NA,
Brandón Ramos,Antigua GFC ,not_found,NA,NA,NA,
Diego  Chinchilla,Antigua GFC ,not_found,NA,NA,NA,
Marwan Al Sahafi,Antwerp,not_found,NA,NA,NA,
Michel Ange Balikwisha,Antwerp,not_found,NA,NA,NA,
Muhammadali O'rinboyev,Antwerp,not_found,NA,NA,NA,
Noah-Joel Sarenren-Bazee,Arminia Bielefeld,not_found,NA,NA,NA,
Thaddäus-Monju Momuluh,Arminia Bielefeld,not_found,NA,NA,NA,
Lamar Bogarde,Aston Villa,not_found,NA,NA,NA,
Odilon Kossonou,Atalanta,not_found,NA,NA,NA,
Andoni Gorosabel,Athletic Club,not_found,NA,NA,NA,
Maroan Sannadi Harrouch,Athletic Club,not_found,NA,NA,NA,
Selton Camilo,Athletic Club,not_found,NA,NA,NA,
Uroš Đurđević,Atlas,not_found,NA,NA,NA,
Julio Romo,Atlético Madrid,not_found,NA,NA,NA,
C.Uribe Caro,Atlético Nacional,not_found,NA,NA,NA,
Kilian David Toscano Bassa,Atlético Nacional,not_found,NA,NA,NA,
Simón García Valero,Atlético Nacional,not_found,NA,NA,NA,
Fidel Barajas Juarez Jr,Atlético San Luis,not_found,NA,NA,NA,
Sébastien Antoine Luc Salles Lamonge,Atlético San Luis,not_found,NA,NA,NA,
Carlos Fabricio Favero Villasanti,Atlético Tembetary ,not_found,NA,NA,NA,
Claudio José  Figueredo González,Atlético Tembetary ,not_found,NA,NA,NA,
Fabio Barreto,Atlético Tembetary ,not_found,NA,NA,NA,
José Hosue López,Atlético Tembetary ,not_found,NA,NA,NA,
Matías Exequiel Orihuela Bonino,Atlético Tucumán,not_found,NA,NA,NA,
Brian Guillermo Montenegro Benítez,Aucas,not_found,NA,NA,NA,
Daniel Alejandro Pereira Gil,Austin FC,not_found,NA,NA,NA,
Mateja Đorđević,Austin FC,not_found,NA,NA,NA,
Tanguy Banhie-Zoukrou,BSC Young Boys,not_found,NA,NA,NA,
Santi Ramos Mingo,Bahia,not_found,NA,NA,NA,
Carlos Nicolás Colazo,Banfield,not_found,NA,NA,NA,
Aníbal Chalá,Barcelona,not_found,NA,NA,NA,
Cristhian Julio Solano Barros,Barcelona,not_found,NA,NA,NA,
Dro Fernández,Barcelona,not_found,NA,NA,NA,
Jandry Cuero,Barcelona,not_found,NA,NA,NA,
Tomy Marqués,Barcelona,not_found,NA,NA,NA,
Nicolás Agustín Demartini,Barracas Central,not_found,NA,NA,NA,
Koba Lein Koindredi,Basel,not_found,NA,NA,NA,
Leon Adrian Barišić,Basel,not_found,NA,NA,NA,
Ignacio Ezequiél Agustín Fernández Carballo,Bayer Leverkusen,not_found,NA,NA,NA,
Dayotchanculle Upamecano,Bayern Munich,not_found,NA,NA,NA,
Aníbal Leguizamón Espínola,Belgrano,not_found,NA,NA,NA,
Brayan Roberto Reyna Casaverde,Belgrano,not_found,NA,NA,NA,
Ulises Benjamín Sánchez Scotta,Belgrano,not_found,NA,NA,NA,
Michael Murillo,Beşiktaş,not_found,NA,NA,NA,
Oh Hyun-Gyu,Beşiktaş,not_found,NA,NA,NA,
Tayyib Talha Sanuç,Beşiktaş,not_found,NA,NA,NA,
Johnathan Panzo,Birmingham City,not_found,NA,NA,NA,
Paik Seung-Ho,Birmingham City,not_found,NA,NA,NA,
Willum Þór Willumsson,Birmingham City,not_found,NA,NA,NA,
Juan Ignacio Barinaga,Boca Juniors,not_found,NA,NA,NA,
Kasper Waarst Høgh,Bodø / Glimt,not_found,NA,NA,NA,
Magnus Bech Riisnæs,Bodø / Glimt,not_found,NA,NA,NA,
Santiago Thomas Castro,Bologna,not_found,NA,NA,NA,
Patito Rodríguez,Bolívar,not_found,NA,NA,NA,
Augustin Anello,Boston River,not_found,NA,NA,NA,
Jairo Sebastián O'Neill López,Boston River,not_found,NA,NA,NA,
Kevin Rosemberg,Boston River,not_found,NA,NA,NA,
Richard Martín González Lamas,Boston River,not_found,NA,NA,NA,
David Loiola,Botafogo,not_found,NA,NA,NA,
Leonardo Linck,Botafogo,not_found,NA,NA,NA,
Anyelo Saldaña Marín,Boyacá Chicó,not_found,NA,NA,NA,
Yaliston Andrés Martínez Castilo,Boyacá Chicó,not_found,NA,NA,NA,
Fredrik Knudsen,Brann,not_found,NA,NA,NA,
Jón Dagur Þorsteinsson,Brann,not_found,NA,NA,NA,
Sævar Atli Magnússon,Brann,not_found,NA,NA,NA,
Max O’Leary,Bristol City,not_found,NA,NA,NA,
Federico Barrandeguy Martino,CA Juventud,not_found,NA,NA,NA,
Franco Pedro Baldassarra,CA Platense,not_found,NA,NA,NA,
Ignacio José Luis Vázquez,CA Platense,not_found,NA,NA,NA,
Jonathan David Gómez,CA Sarmiento,not_found,NA,NA,NA,
Juan Alberto Andrada,CA Sarmiento,not_found,NA,NA,NA,
Agustín Sienra,CD Castellón,not_found,NA,NA,NA,
Awer Denis Bul Mabil,CD Castellón,not_found,NA,NA,NA,
Isra Suero,CD Castellón,not_found,NA,NA,NA,
Marc Olivier Doue,CD Castellón,not_found,NA,NA,NA,
Nicholas Markanich,CD Castellón,not_found,NA,NA,NA,
Hennadiy Synchuk,CF Montreal,not_found,NA,NA,NA,
Prince-Osei Owusu,CF Montreal,not_found,NA,NA,NA,
Alonso Hernández,CS Herediano,not_found,NA,NA,NA,
Emerson Bravo Ramos,CS Herediano,not_found,NA,NA,NA,
Randy Vega Gutiérrez,CS Herediano,not_found,NA,NA,NA,
Jhosuan Javier Berríos Mora,Carabobo,not_found,NA,NA,NA,
Yimmi Congo,Carabobo,not_found,NA,NA,NA,
Fabio Ruggeri,Carrarese,not_found,NA,NA,NA,
André Geraldes,Casa Pia AC,not_found,NA,NA,NA,
Ricardo  Batista,Casa Pia AC,not_found,NA,NA,NA,
Bradley Kamdem Fewo,Cavalry FC,not_found,NA,NA,NA,
Nicolas Vichiatto,Ceará,not_found,NA,NA,NA,
Julian Vincente Araujo,Celtic,not_found,NA,NA,NA,
Michel Ange Balikwisha,Celtic,not_found,NA,NA,NA,
Yang Hyun-Jun,Celtic,not_found,NA,NA,NA,
Jonathan Sebastián Galván,Central Córdoba SdE,not_found,NA,NA,NA,
Axel Marotta,Cerro,not_found,NA,NA,NA,
Facundo Jaureguiverry,Cerro,not_found,NA,NA,NA,
Lucas Sequeria,Cerro,not_found,NA,NA,NA,
Jeremías Ramón Gallard,Cerro Largo,not_found,NA,NA,NA,
Teddy Vázquez,Cerro Largo,not_found,NA,NA,NA,
Carlos Fabricio Favero Villasanti,Cerro Porteño,not_found,NA,NA,NA,
Idan Toklomati Giorno,Charlotte,not_found,NA,NA,NA,
Pep Mas,Charlotte,not_found,NA,NA,NA,
Collins Lusaka Shichenje,Charlton Athletic,not_found,NA,NA,NA,
Macauley Gillesphey,Charlton Athletic,not_found,NA,NA,NA,
Andrew David Gutman,Chicago Fire,not_found,NA,NA,NA,
Ahoueke Denkey,Cincinnati,not_found,NA,NA,NA,
Richard Aranda,Club 2 de Mayo,not_found,NA,NA,NA,
Kaye Iyowuna Furo,Club Brugge,not_found,NA,NA,NA,
Raphael Nwadike,Club Brugge,not_found,NA,NA,NA,
Alexandro Mendieta,Club Guaraní,not_found,NA,NA,NA,
Alexis Javier Cantero Fernández,Club Guaraní,not_found,NA,NA,NA,
Giovanni Lezcano,Club Guaraní,not_found,NA,NA,NA,
Jonatan Benítez,Club Guaraní,not_found,NA,NA,NA,
Marcos Insfran,Club Guaraní,not_found,NA,NA,NA,
O.Alfonso Dure,Club Guaraní,not_found,NA,NA,NA,
Derlis Nicolás Caballero Estévez,Club Nacional,not_found,NA,NA,NA,
Jhosias Nuñez,Club Nacional,not_found,NA,NA,NA,
Alexis Villalva,Club Sportivo Luqueño,not_found,NA,NA,NA,
Elías Fabián Luis Contreras,Club Sportivo Luqueño,not_found,NA,NA,NA,
Joelson Arbiniagaldez,Club Sportivo Luqueño,not_found,NA,NA,NA,
Thiago Adalberto Franco Paniagua,Club Sportivo Luqueño,not_found,NA,NA,NA,
Cristopher Mesías Sepúlveda,Cobresal,not_found,NA,NA,NA,
Juan Carlos Gaete Contreras,Cobresal,not_found,NA,NA,NA,
Tomás Alarcón Vergara,Colo Colo,not_found,NA,NA,NA,
Érick Wiemberg Higuera,Colo Colo,not_found,NA,NA,NA,
Nicholas Defreitas Hansen,Colorado Rapids,not_found,NA,NA,NA,
Aziel Jackson,Columbus Crew,not_found,NA,NA,NA,
Darlington Joephillip Nagbe,Columbus Crew,not_found,NA,NA,NA,
Marc-Oliver Kempf,Como,not_found,NA,NA,NA,
Alejandro Maximiliano Camargo Osses,Coquimbo Unido,not_found,NA,NA,NA,
Diego Sánchez Carvajal,Coquimbo Unido,not_found,NA,NA,NA,
Enzo Ignacio Tomás Riquelme Romero,Coquimbo Unido,not_found,NA,NA,NA,
Martín Barraza,Coquimbo Unido,not_found,NA,NA,NA,
Fabricio Angileri,Corinthians,not_found,NA,NA,NA,
Ephron Mason-Clarke,Coventry City,not_found,NA,NA,NA,
Yang Min-hyuk,Coventry City,not_found,NA,NA,NA,
Milan Đurić,Cremonese,not_found,NA,NA,NA,
Chrisantus Ugonna,Crystal Palace,not_found,NA,NA,NA,
Yeremi Pino,Crystal Palace,not_found,NA,NA,NA,
Francisco Gracia,CyD Leonesa,not_found,NA,NA,NA,
Pelayo Rey,CyD Leonesa,not_found,NA,NA,NA,
Alfred Leni Caicedo Mina,Cádiz,not_found,NA,NA,NA,
Iker Ortega,Cádiz,not_found,NA,NA,NA,
Jhon Alexander Quiñónes Angulo,Cúcuta Deportivo,not_found,NA,NA,NA,
Fidel Barajas Juarez Jr,DC United,not_found,NA,NA,NA,
Kim Joon-Hong,DC United,not_found,NA,NA,NA,
Facundo Luzardo,Danubio,not_found,NA,NA,NA,
Felipe Novelli,Danubio,not_found,NA,NA,NA,
Mario Pablo Risso Caffaro,Danubio,not_found,NA,NA,NA,
Kilian Corredor,Darmstadt 98,not_found,NA,NA,NA,
Agustín  Sienra,Defensa y Justicia,not_found,NA,NA,NA,
Esteban Lucero,Defensa y Justicia,not_found,NA,NA,NA,
Facundo Benjamín Schamine,Defensa y Justicia,not_found,NA,NA,NA,
Lucas González Martínez,Defensa y Justicia,not_found,NA,NA,NA,
Alan del Arco,Defensor Sporting,not_found,NA,NA,NA,
Augusto Rosas,Defensor Sporting,not_found,NA,NA,NA,
Patricio Domínguez,Defensor Sporting,not_found,NA,NA,NA,
Rodolfo Sena,Defensor Sporting,not_found,NA,NA,NA,
Rodrigo Dudok Rivero,Defensor Sporting,not_found,NA,NA,NA,
Xavier Vázquez,Defensor Sporting,not_found,NA,NA,NA,
Erik Zambrano,Delfin,not_found,NA,NA,NA,
Joaquín Noel,Delfin,not_found,NA,NA,NA,
Osmar Ojeda,Delfin,not_found,NA,NA,NA,
David Tosevski,Dender,not_found,NA,NA,NA,
Bayron  Castillo,Deportes Iquique,not_found,NA,NA,NA,
Felipe Fritz Saldías,Deportes Limache,not_found,NA,NA,NA,
Cristian Estaban Trujillo Riascos,Deportes Tolima,not_found,NA,NA,NA,
Luis Miguel Marquines Preciado,Deportes Tolima,not_found,NA,NA,NA,
Victor Manuel Reyes Clavijo,Deportes Tolima,not_found,NA,NA,NA,
Yhorman David Hurtado Torres,Deportes Tolima,not_found,NA,NA,NA,
Aitor Buenadicha,Deportivo Alavés,not_found,NA,NA,NA,
Jhon Mina,Deportivo Cali,not_found,NA,NA,NA,
Juan José Montoya Tamayo,Deportivo Cali,not_found,NA,NA,NA,
Lucas Eduardo Mancinelli,Deportivo Cuenca,not_found,NA,NA,NA,
Romey Stalin Morocho Roldán,Deportivo Cuenca,not_found,NA,NA,NA,
Joider Micolta Piedahita,Deportivo Pasto,not_found,NA,NA,NA,
Calderon A.,Deportivo Pereira,not_found,NA,NA,NA,
Jarrinson Guerrero,Deportivo Pereira,not_found,NA,NA,NA,
Jorge Andrés  Bermúdez Correa,Deportivo Pereira,not_found,NA,NA,NA,
Jorge Eliécer Martínez Mosquera,Deportivo Pereira,not_found,NA,NA,NA,
Miguel Aguirre Angel,Deportivo Pereira,not_found,NA,NA,NA,
Sebastián Arbeláez,Deportivo Pereira,not_found,NA,NA,NA,
Alvaro Ivan Cabera Chavez,Deportivo Recoleta,not_found,NA,NA,NA,
Blas Rojas,Deportivo Recoleta,not_found,NA,NA,NA,
Brahian Benítez,Deportivo Recoleta,not_found,NA,NA,NA,
Luis Antonio Vidal Velázquez,Deportivo Recoleta,not_found,NA,NA,NA,
Manuel Astigarraga,Deportivo Recoleta,not_found,NA,NA,NA,
Marcos Esteche,Deportivo Recoleta,not_found,NA,NA,NA,
Néstor Leguizamón,Deportivo Recoleta,not_found,NA,NA,NA,
Yuneiker Melo,Deportivo Recoleta,not_found,NA,NA,NA,
Braian Alejandro Guille,Deportivo Riestra,not_found,NA,NA,NA,
Braian Emmanuel Sánchez,Deportivo Riestra,not_found,NA,NA,NA,
Jonatan Esteban Goitía,Deportivo Riestra,not_found,NA,NA,NA,
Pedro Nicolás Sansotre,Deportivo Riestra,not_found,NA,NA,NA,
Yaison Mena Murillo,Deportivo Riestra,not_found,NA,NA,NA,
Juan Carlos Ortiz Hernández,Deportivo Táchira,not_found,NA,NA,NA,
Imari Narain Samuels,Dundee,not_found,NA,NA,NA,
Samuel Harding,Dundee United,not_found,NA,NA,NA,
Vicko  Ševelj,Dundee United,not_found,NA,NA,NA,
Yevhen Kucherenko,Dundee United,not_found,NA,NA,NA,
Enmerson Manuel Batalla Martínez,EC Juventude,not_found,NA,NA,NA,
Vitor Pernambucano,EC Juventude,not_found,NA,NA,NA,
Émerson	Galego,EC Juventude,not_found,NA,NA,NA,
Aritz Aranbarri,Eibar,not_found,NA,NA,NA,
Jon Magunacelaya,Eibar,not_found,NA,NA,NA,
Toni Suárez,Eibar,not_found,NA,NA,NA,
Ron-Torben Hoffmann,Eintracht Braunschweig,not_found,NA,NA,NA,
Ellyes Joris Skhiri,Eintracht Frankfurt,not_found,NA,NA,NA,
Pharell Nnamdi Collins,Eintracht Frankfurt,not_found,NA,NA,NA,
Sepe Elye Wahi,Eintracht Frankfurt,not_found,NA,NA,NA,
Marcos David Olmedo Garrido,El Nacional,not_found,NA,NA,NA,
Andrea Fulignati,Empoli,not_found,NA,NA,NA,
Pedro Maria Salgueiro Costa Pessoa Carvalho,Estoril,not_found,NA,NA,NA,
Gonzalo Sanchidrián,Estrela Amadora,not_found,NA,NA,NA,
Kevin Höög-Jansson,Estrela Amadora,not_found,NA,NA,NA,
Edwuin Steven Cetré Angulo,Estudiantes,not_found,NA,NA,NA,
José Ramiro Funes Mori,Estudiantes,not_found,NA,NA,NA,
Diego García Medina,Everton,not_found,NA,NA,NA,
Vitalii Mykolenko,Everton,not_found,NA,NA,NA,
Casper Ludvig Widell,Excelsior,not_found,NA,NA,NA,
Chris Kévin Nadje,Excelsior,not_found,NA,NA,NA,
Charles-André Yao,Eyüpspor,not_found,NA,NA,NA,
Amadou Dante,FC Arouca,not_found,NA,NA,NA,
Omar Fayed Abdelwahab El Rakhawy,FC Arouca,not_found,NA,NA,NA,
Daniel George Birligea,FC FCSB,not_found,NA,NA,NA,
Leart Paqarada,FC Heidenheim,not_found,NA,NA,NA,
Leonardo Weschenfelder-Scienza,FC Heidenheim,not_found,NA,NA,NA,
Cho Kyu-Sung,FC Midtjylland,not_found,NA,NA,NA,
Lee Han-Beom,FC Midtjylland,not_found,NA,NA,NA,
Rodrigo Mora Carvalho,FC Porto,not_found,NA,NA,NA,
Souffian Elkarouani,FC Utrecht,not_found,NA,NA,NA,
Vasilis Cornelius Barkas,FC Utrecht,not_found,NA,NA,NA,
Jay Ifeanyi-Junior Enem,FK Crvena Zvezda,not_found,NA,NA,NA,
Nayair Tiknizyan,FK Crvena Zvezda,not_found,NA,NA,NA,
Seol Young-Woo,FK Crvena Zvezda,not_found,NA,NA,NA,
Timi Elšnik,FK Crvena Zvezda,not_found,NA,NA,NA,
Lee Jae-Sung,FSV Mainz 05,not_found,NA,NA,NA,
Philipp Mwene,FSV Mainz 05,not_found,NA,NA,NA,
Phillip Lissah,Falkirk,not_found,NA,NA,NA,
Trey Ogunsugi,Falkirk,not_found,NA,NA,NA,
Mohammed Yassir Zabiri,Famalicão,not_found,NA,NA,NA,
Tarık Kalpaklı,Fatih Karagümrük,not_found,NA,NA,NA,
Ederson Moraes,Fenerbahçe,not_found,NA,NA,NA,
Kami̇l Efe Üregen,Fenerbahçe,not_found,NA,NA,NA,
Benjámin János Gólik,Ferencvaros,not_found,NA,NA,NA,
Dávid Attila Grof,Ferencvaros,not_found,NA,NA,NA,
Gavriel Gilad Kanichowsky,Ferencvaros,not_found,NA,NA,NA,
Gábor Sándor Szalai,Ferencvaros,not_found,NA,NA,NA,
Mohammad Abu Fani,Ferencvaros,not_found,NA,NA,NA,
Hwang In-Beom,Feyenoord,not_found,NA,NA,NA,
Cristian Daniel Santander Rosero,Fortaleza CEIF,not_found,NA,NA,NA,
Sotirios-Polykarpos Alexandropoulos,Fortuna Düsseldorf,not_found,NA,NA,NA,
Cyriaque Kalou Irié,Freiburg,not_found,NA,NA,NA,
Benjamin Lhassine Kone,Frosinone,not_found,NA,NA,NA,
Tayyib Talha Sanuç,Gazişehir Gaziantep,not_found,NA,NA,NA,
Jorge Darío Mendoza Torres,General Caballero JLM,not_found,NA,NA,NA,
Leonardo Cohler,General Caballero JLM,not_found,NA,NA,NA,
Albert Grønbæk Erlykke,Genoa,not_found,NA,NA,NA,
Abdul Ayindé,Gent,not_found,NA,NA,NA,
Hong Hyeon-seok,Gent,not_found,NA,NA,NA,
Mathias Delorge-Knieper,Gent,not_found,NA,NA,NA,
Abdelkabir Abqar,Getafe,not_found,NA,NA,NA,
Chrisantus Ugonna,Getafe,not_found,NA,NA,NA,
Hugo Granados,Getafe,not_found,NA,NA,NA,
Marvin Elimbi Gilbert,Gil Vicente,not_found,NA,NA,NA,
Norberto Alejandro Briasco Belekyan,Gimnasia La Plata,not_found,NA,NA,NA,
Krapyvtsov Vladyslav,Girona,not_found,NA,NA,NA,
Yassir Rahmouni,Go Ahead Eagles,not_found,NA,NA,NA,
Leandro Fabián Quiroz,Godoy Cruz,not_found,NA,NA,NA,
Silvio Ulariaga,Godoy Cruz,not_found,NA,NA,NA,
Gonzalo Ezequiel Petit Abad,Granada,not_found,NA,NA,NA,
Mario Gambin,Granada,not_found,NA,NA,NA,
Oscar Oppong,Granada,not_found,NA,NA,NA,
Pere Crespo,Granada,not_found,NA,NA,NA,
Rayan Talbi,Granada,not_found,NA,NA,NA,
Franco Sebastián Cristaldo,Grêmio,not_found,NA,NA,NA,
Gabriel Chapecó,Grêmio,not_found,NA,NA,NA,
Miguel Ángel Monsalve Gonzáles,Grêmio,not_found,NA,NA,NA,
Nicolás Capaldo Toboas,Hamburger SV,not_found,NA,NA,NA,
Stefán Teitur Þórðarson,Hannover 96,not_found,NA,NA,NA,
Tómas Magnússon,Hearts,not_found,NA,NA,NA,
Abdoulrahmane Harroui,Hellas Verona,not_found,NA,NA,NA,
Ali Musrati,Hellas Verona,not_found,NA,NA,NA,
Cheikh Ahmet Tidian Niasse,Hellas Verona,not_found,NA,NA,NA,
Kieran Bowie,Hellas Verona,not_found,NA,NA,NA,
Yvandro Sanches,Heracles Almelo,not_found,NA,NA,NA,
Jan Luca Schuler,Hertha Berlin,not_found,NA,NA,NA,
Jón Dagur Þorsteinsson,Hertha Berlin,not_found,NA,NA,NA,
Kieran Bowie,Hibernian,not_found,NA,NA,NA,
Rudi Allan Molotnikov,Hibernian,not_found,NA,NA,NA,
Luka Đurić,Hoffenheim,not_found,NA,NA,NA,
Yannick Fereira Eduardo,Hoffenheim,not_found,NA,NA,NA,
Benjamín Andres Mellado Aedo,Huachipato,not_found,NA,NA,NA,
Carlos Alberto Villanueva Fuentes,Huachipato,not_found,NA,NA,NA,
Ezequel Morales,Huachipato,not_found,NA,NA,NA,
Nelson Guaiquil,Huachipato,not_found,NA,NA,NA,
Álvaro Carrillo,Huesca,not_found,NA,NA,NA,
Matty Crooks,Hull City,not_found,NA,NA,NA,
Mohamed Elbachir Belloumi,Hull City,not_found,NA,NA,NA,
Oliver McBurnie,Hull City,not_found,NA,NA,NA,
Fabio Jesús Pereyra,Huracán,not_found,NA,NA,NA,
Gabriel Gustavo Alanís,Huracán,not_found,NA,NA,NA,
Hugo Martín Nervo,Huracán,not_found,NA,NA,NA,
Leonardo Roque Gil,Huracán,not_found,NA,NA,NA,
Taiel Ezequiel Peralta Ortiz,Huracán,not_found,NA,NA,NA,
Ezequiel Ignacio Centurión,Independiente Rivadavia,not_found,NA,NA,NA,
Jeremías Ezequiel	Lázaro,Instituto,not_found,NA,NA,NA,
Bayron Yuseth Caicedo Mosquera,Inter Bogotá,not_found,NA,NA,NA,
Dannovi Quiñonez Quiñonez,Inter Bogotá,not_found,NA,NA,NA,
Juan Mateo Santamaria Gaona,Inter Bogotá,not_found,NA,NA,NA,
Miguel Angel Amaya Peña,Inter Bogotá,not_found,NA,NA,NA,
Ronaldo Junior Julio Tobías,Inter Bogotá,not_found,NA,NA,NA,
Baltasar Gallego Rodríguez,Inter Miami,not_found,NA,NA,NA,
Tomás Agustín Avilés Mancilla,Inter Miami,not_found,NA,NA,NA,
Alisson de Melo,Internacional,not_found,NA,NA,NA,
Andrés Jair Rentería Morelo,Jaguares de Córdoba,not_found,NA,NA,NA,
Jhomier González,Junior,not_found,NA,NA,NA,
Priveato Matheu,Juve Stabia,not_found,NA,NA,NA,
Oh Hyun-Gyu,KRC Genk,not_found,NA,NA,NA,
Alexander Shirobokov,Kairat,not_found,NA,NA,NA,
Azamat Tuyakbayev,Kairat,not_found,NA,NA,NA,
Dan Leon Glazer,Kairat,not_found,NA,NA,NA,
Ramadan Bagdat,Kairat,not_found,NA,NA,NA,
Daniel Patrick Hanslik,Kaiserslautern,not_found,NA,NA,NA,
Kenny Prince Redondo,Kaiserslautern,not_found,NA,NA,NA,
Kim Ji-soo,Kaiserslautern,not_found,NA,NA,NA,
Kamil Cörekci,Kasımpaşa,not_found,NA,NA,NA,
Mortadha Ben Ouannes,Kasımpaşa,not_found,NA,NA,NA,
Michael Isaac Williams,Kilmarnock,not_found,NA,NA,NA,
Oluwatobi Oluwayemi,Kilmarnock,not_found,NA,NA,NA,
Mesut Tunalı,Kocaelispor,not_found,NA,NA,NA,
Jo Jin-ho,Konyaspor,not_found,NA,NA,NA,
Muzaffer Eriş,Konyaspor,not_found,NA,NA,NA,
Eriq Anthony Zavaleta Vanney,LA Galaxy,not_found,NA,NA,NA,
Adam Esparza Saldaña,LAFC,not_found,NA,NA,NA,
David Enmanuel Martínez Morales,LAFC,not_found,NA,NA,NA,
Nkosi Burgess,LAFC,not_found,NA,NA,NA,
Son Heung-Min,LAFC,not_found,NA,NA,NA,
Aaron Suárez Zúñiga,LD Alajuelense,not_found,NA,NA,NA,
Aarón Salazar Arias,LD Alajuelense,not_found,NA,NA,NA,
José Alfredo Quinteros Ordóñez,LDU Quito,not_found,NA,NA,NA,
Robinson Manuel Rivera Zúñiga,La Serena,not_found,NA,NA,NA,
Alexis Pedro Canelo,Lanús,not_found,NA,NA,NA,
Juan Herzog,Las Palmas,not_found,NA,NA,NA,
Tijanni Noslin,Lazio,not_found,NA,NA,NA,
Enzo Vinette,Le Havre,not_found,NA,NA,NA,
Mbwana Samatta,Le Havre,not_found,NA,NA,NA,
Konan Ignace Jocelyn N’dri,Lecce,not_found,NA,NA,NA,
Þórir Jóhann Helgason,Lecce,not_found,NA,NA,NA,
Saud Abdul Hamid,Lens,not_found,NA,NA,NA,
Alan Matturro Romero,Levante UD,not_found,NA,NA,NA,
Brugui,Levante UD,not_found,NA,NA,NA,
Francisco Gracia,Levante UD,not_found,NA,NA,NA,
Kareem Ruiz,Levante UD,not_found,NA,NA,NA,
Tai Abed,Levante UD,not_found,NA,NA,NA,
Alexis Ramón Fretes Lugo,Libertad,not_found,NA,NA,NA,
Hugo Francisco Fernández Martínez,Libertad,not_found,NA,NA,NA,
Hamza Igmane,Lille,not_found,NA,NA,NA,
Mathias Fernandez-Pardo,Lille,not_found,NA,NA,NA,
Tiago Santos Carvalho,Lille,not_found,NA,NA,NA,
Alexis MacAllister,Liverpool,not_found,NA,NA,NA,
Macauley Tait,Livingston,not_found,NA,NA,NA,
Arthur Ebong Avom,Lorient,not_found,NA,NA,NA,
Kan Guy Arsene Kouassi,Lorient,not_found,NA,NA,NA,
Montassar Omar Talbi,Lorient,not_found,NA,NA,NA,
Stanislav Ivaylov Ivanov,Ludogorets Razgrad,not_found,NA,NA,NA,
Federico Navarrete,Macará,not_found,NA,NA,NA,
John Jairo Jiménez Vega,Macará,not_found,NA,NA,NA,
Mohamed Aly Camara,Maccabi Tel Aviv,not_found,NA,NA,NA,
Ofek Melika Aharon,Maccabi Tel Aviv,not_found,NA,NA,NA,
Roy Mashpati,Maccabi Tel Aviv,not_found,NA,NA,NA,
Sagiv Shalom Yehezkel,Maccabi Tel Aviv,not_found,NA,NA,NA,
Mate Morey,Mallorca,not_found,NA,NA,NA,
Andrej Đurić,Malmö FF,not_found,NA,NA,NA,
Stefano Vecchia Holmquist,Malmö FF,not_found,NA,NA,NA,
Rayan Aït Nouri,Manchester City,not_found,NA,NA,NA,
Altay Bayındır,Manchester United,not_found,NA,NA,NA,
Jack Andrew Davidson Fletcher,Manchester United,not_found,NA,NA,NA,
Dagner Mina,Manta FC,not_found,NA,NA,NA,
Fabrizio Fernández,Manta FC,not_found,NA,NA,NA,
Jhojan Vivas,Manta FC,not_found,NA,NA,NA,
John Cedeno,Manta FC,not_found,NA,NA,NA,
Justin Guerrero,Manta FC,not_found,NA,NA,NA,
Limber Vera,Manta FC,not_found,NA,NA,NA,
Richart René Ortiz Páez,Manta FC,not_found,NA,NA,NA,
Côme Bianay Balcot,Mantova,not_found,NA,NA,NA,
Konstantinos Chrisopoulos,Mantova,not_found,NA,NA,NA,
Conrad Jonathan Egan Riley,Marseille,not_found,NA,NA,NA,
Gero Rulli,Marseille,not_found,NA,NA,NA,
Michael Murillo,Marseille,not_found,NA,NA,NA,
Anwar Ben Rhouma Torres,Mazatlán,not_found,NA,NA,NA,
Said Gaytán,Mazatlán,not_found,NA,NA,NA,
Cheikh Tidiane Sabaly,Metz,not_found,NA,NA,NA,
Fodé Ballo Touré,Metz,not_found,NA,NA,NA,
Samuel Silvera,Middlesbrough,not_found,NA,NA,NA,
David Mackalister Silva Mosquera,Millonarios,not_found,NA,NA,NA,
Jeong Ho-Yeon,Minnesota United,not_found,NA,NA,NA,
Jeong Sang-Bin,Minnesota United,not_found,NA,NA,NA,
Joseph Yeramid Rosales Erazo,Minnesota United,not_found,NA,NA,NA,
Federico Damián Alonso del Monte,Miramar Misiones,not_found,NA,NA,NA,
Etienne Eto’o Pineda,Mirandés,not_found,NA,NA,NA,
Gonzalo Ezequiel Petit Abad,Mirandés,not_found,NA,NA,NA,
Rafel Sureda,Mirandés,not_found,NA,NA,NA,
Gady Bekuyu,Modena,not_found,NA,NA,NA,
Uroš Đurđević,Monterrey,not_found,NA,NA,NA,
Christopher Aarón Meléndez Suazo,Motagua,not_found,NA,NA,NA,
Bryan Dennys Angulo Tenorio,Mushuc Runa,not_found,NA,NA,NA,
Dennis Fabian Quintero Loor,Mushuc Runa,not_found,NA,NA,NA,
Marcos David Olmedo Garrido,Mushuc Runa,not_found,NA,NA,NA,
Álex  Pastor,Málaga,not_found,NA,NA,NA,
Willum Þór Willumsson,NEC,not_found,NA,NA,NA,
Alexander Álvez,Nacional,not_found,NA,NA,NA,
Diego Fernando Herazo Moreno,Nacional,not_found,NA,NA,NA,
Emiliano Ancheta Rosa,Nacional,not_found,NA,NA,NA,
Gonzalo Ezequiel Petit Abad,Nacional,not_found,NA,NA,NA,
Mootaz Nourani,Nacional,not_found,NA,NA,NA,
Ali Yousef Al Musrati,Nantes,not_found,NA,NA,NA,
Francis Joseph Coquelin,Nantes,not_found,NA,NA,NA,
Hong Hyeon-seok,Nantes,not_found,NA,NA,NA,
Youssef El-Arabi,Nantes,not_found,NA,NA,NA,
André Zambo Anguissa,Napoli,not_found,NA,NA,NA,
Dor David Turgeman,New England Revolution,not_found,NA,NA,NA,
William Sands,New England Revolution,not_found,NA,NA,NA,
Kevin O’Toole,New York City FC,not_found,NA,NA,NA,
Maximiliano Moralez,New York City FC,not_found,NA,NA,NA,
Musu Musu,New York City FC,not_found,NA,NA,NA,
Raul Bicalho,New York City FC,not_found,NA,NA,NA,
Alejo Gastón Montero,Newell's Old Boys,not_found,NA,NA,NA,
Lucas Alexander Sosa,Newell's Old Boys,not_found,NA,NA,NA,
Anthony Gary Springett,Norwich City,not_found,NA,NA,NA,
Pape Amadou Diallo,Norwich City,not_found,NA,NA,NA,
Pelle Elkjær Mattsson,Norwich City,not_found,NA,NA,NA,
Mohamed Zoma,Nürnberg,not_found,NA,NA,NA,
Joaquín Vásquez,O'Higgins,not_found,NA,NA,NA,
Ali Kéfren,OGC Nice,not_found,NA,NA,NA,
Brad Makouango,OGC Nice,not_found,NA,NA,NA,
Hichem Boudaoui,OGC Nice,not_found,NA,NA,NA,
Kevin Omoruyi,OGC Nice,not_found,NA,NA,NA,
Sepe Elye Wahi,OGC Nice,not_found,NA,NA,NA,
Alexis Javier Cantero Fernández,Olimpia,not_found,NA,NA,NA,
Hugo Francisco Fernández Martínez,Olimpia,not_found,NA,NA,NA,
Jáider Riquett,Once Caldas,not_found,NA,NA,NA,
Marlon Steeven Quiñones Mendoza,Orense,not_found,NA,NA,NA,
Dag­ur Dan Þór­halls­son,Orlando City,not_found,NA,NA,NA,
Martín Exequiel Ojeda,Orlando City,not_found,NA,NA,NA,
Iñigo Goñi,Osasuna,not_found,NA,NA,NA,
Gatlin O''Donkor,Oxford United,not_found,NA,NA,NA,
Jeon Jin-Woo,Oxford United,not_found,NA,NA,NA,
Tomasz Karol Kędziora,PAOK Thessaloniki,not_found,NA,NA,NA,
Lucas Copado Schrobenhauser,Paderborn,not_found,NA,NA,NA,
Dylan Patricio Zúñiga Valenzuela,Palestino,not_found,NA,NA,NA,
Junior Gabriel Arias Cácerers,Palestino,not_found,NA,NA,NA,
Giorgos Kiriakopoulos,Panathinaikos,not_found,NA,NA,NA,
Iasonas Skarlatidis,Panathinaikos,not_found,NA,NA,NA,
Sotiris Terzis,Panathinaikos,not_found,NA,NA,NA,
Pierre Lees Melou,Paris FC,not_found,NA,NA,NA,
Dro Fernández,Paris Saint-Germain,not_found,NA,NA,NA,
Lee Kang-In,Paris Saint-Germain,not_found,NA,NA,NA,
Warren Zaire Emery,Paris Saint-Germain,not_found,NA,NA,NA,
Mathias Fjörtoft Lövik,Parma Calcio 1913,not_found,NA,NA,NA,
Milan Đurić,Parma Calcio 1913,not_found,NA,NA,NA,
Franck Tsadjout,Pescara,not_found,NA,NA,NA,
D.Mülhethaler Méndez,Peñarol,not_found,NA,NA,NA,
Tomás Olase Curutchet,Peñarol,not_found,NA,NA,NA,
Andre Jason Blake,Philadelphia Union,not_found,NA,NA,NA,
Ivan Glavinovich,Philadelphia Union,not_found,NA,NA,NA,
Mbala N'Zola,Pisa,not_found,NA,NA,NA,
Yang Min-hyuk,Portsmouth,not_found,NA,NA,NA,
Mads Frøkjær-Jensen,Preston North End,not_found,NA,NA,NA,
Stefán Teitur Þórðarson,Preston North End,not_found,NA,NA,NA,
Gian Medina,Progreso,not_found,NA,NA,NA,
Angelo Giovanni Araos Llanos,Puebla,not_found,NA,NA,NA,
Bryan Eduardo Garnica Cortéz,Puebla,not_found,NA,NA,NA,
Julio José González Vela-Alvizu,Puebla,not_found,NA,NA,NA,
Ali  Ávila Vega,Pumas UNAM,not_found,NA,NA,NA,
Emiliano Capetillo,Pumas UNAM,not_found,NA,NA,NA,
Bəhlul Mustafazadə,Qarabağ FK,not_found,NA,NA,NA,
Elvin Cəfərquliyev,Qarabağ FK,not_found,NA,NA,NA,
Jonhatan Montiel,Qarabağ FK,not_found,NA,NA,NA,
Nəriman Axundzadə,Qarabağ FK,not_found,NA,NA,NA,
Tural Bayramov,Qarabağ FK,not_found,NA,NA,NA,
Ali  Ávila Vega,Querétaro,not_found,NA,NA,NA,
Bote Baku,RB Leipzig,not_found,NA,NA,NA,
Forzan Ouédraogo,RB Leipzig,not_found,NA,NA,NA,
Junior Castello Lukeba,RB Leipzig,not_found,NA,NA,NA,
Lucas Noubi Ngnokam,RC Deportivo La Coruña,not_found,NA,NA,NA,
Bautista Tomatis,Racing,not_found,NA,NA,NA,
Juan Bosca,Racing,not_found,NA,NA,NA,
Maximiliano Borysiuk,Racing,not_found,NA,NA,NA,
Pablo Pereire,Racing,not_found,NA,NA,NA,
Yury Michel Oyarzo Barragán,Racing,not_found,NA,NA,NA,
Baltasar Gallego Rodríguez,Racing Club,not_found,NA,NA,NA,
Federico Matías Zaracho,Racing Club,not_found,NA,NA,NA,
Franco Emanuel Pardo,Racing Club,not_found,NA,NA,NA,
Marco Genare Di Cesare,Racing Club,not_found,NA,NA,NA,
Martín Barrios Do Santos,Racing Club,not_found,NA,NA,NA,
Facu González,Racing Santander,not_found,NA,NA,NA,
Plamen Plamenov Andreev,Racing Santander,not_found,NA,NA,NA,
Íñigo Sainz Maza,Racing Santander,not_found,NA,NA,NA,
Cristhoffer Soza,Real Estelí FC,not_found,NA,NA,NA,
Henry Niño Gómez,Real Estelí FC,not_found,NA,NA,NA,
Kadeem Cole Martínez,Real Estelí FC,not_found,NA,NA,NA,
Widman Flores,Real Estelí FC,not_found,NA,NA,NA,
Diego Facio,Real Madrid,not_found,NA,NA,NA,
Nelson Palacio Ruiz,Real Salt Lake,not_found,NA,NA,NA,
Chuky San José,Real Valladolid,not_found,NA,NA,NA,
Peter González,Real Valladolid,not_found,NA,NA,NA,
Francho Gracia,Real Zaragoza,not_found,NA,NA,NA,
Paul Edgar Akouokou,Real Zaragoza,not_found,NA,NA,NA,
Tachi Rodríguez,Real Zaragoza,not_found,NA,NA,NA,
Bruno Praxedes,Red Bull Bragantino,not_found,NA,NA,NA,
Mohammed Yassir Zabiri,Rennes,not_found,NA,NA,NA,
Moussa Al Tamari,Rennes,not_found,NA,NA,NA,
Johnathan Panzo,Rio Ave,not_found,NA,NA,NA,
Nicolaos Athanasiou,Rio Ave,not_found,NA,NA,NA,
Emiliano Bellion,River Plate,not_found,NA,NA,NA,
Germán Alejandro Pezzella,River Plate,not_found,NA,NA,NA,
Jonathan Yoni Emanuel Rodriguez,River Plate,not_found,NA,NA,NA,
Matías  Galarza Fonda,River Plate,not_found,NA,NA,NA,
Rodrigo Germán Aliendro,River Plate,not_found,NA,NA,NA,
Santiago Lencinas,River Plate,not_found,NA,NA,NA,
Altin Zeqiri,Rizespor,not_found,NA,NA,NA,
Husniddin Aliqulov,Rizespor,not_found,NA,NA,NA,
Jesuran Rak-Sakyi,Rizespor,not_found,NA,NA,NA,
Valentin Mihai Mihăilă,Rizespor,not_found,NA,NA,NA,
Carlos Gustavo David Quintana,Rosario Central,not_found,NA,NA,NA,
Jonathan David Gómez,Rosario Central,not_found,NA,NA,NA,
Amourrichio van Axel Dongen,SC Heerenveen,not_found,NA,NA,NA,
Hristiyan Ivaylov Petrov,SC Heerenveen,not_found,NA,NA,NA,
Jarzinho Ataide Adriano de Nascimento Malanga,SV 07 Elversberg,not_found,NA,NA,NA,
Look Saa Nicholas K. Mickelson,SV 07 Elversberg,not_found,NA,NA,NA,
Kouakou Gadou,Salzburg,not_found,NA,NA,NA,
Maurits Kjaergaard,Salzburg,not_found,NA,NA,NA,
José Carlos Martínez Garzón,San Antonio Bulo Bulo,not_found,NA,NA,NA,
Luis René Barboza Quiróz,San Antonio Bulo Bulo,not_found,NA,NA,NA,
Rodrigo Emanuel Saracho,San Antonio Bulo Bulo,not_found,NA,NA,NA,
Carlos Joaquim Dos Santos,San Diego FC,not_found,NA,NA,NA,
Mark Anthony Kaye,San Jose Earthquakes,not_found,NA,NA,NA,
Diego Fernando Herazo Moreno,San Lorenzo,not_found,NA,NA,NA,
Jhohan Sebastián Romaña Espitia,San Lorenzo,not_found,NA,NA,NA,
Lautaro Tomás Escalante,San Martín San Juan,not_found,NA,NA,NA,
Marcos Iacobellis,San Martín San Juan,not_found,NA,NA,NA,
Matías Exequiel Orihuela Bonino,San Martín San Juan,not_found,NA,NA,NA,
Sebastián Emmanuel González Valdéz,San Martín San Juan,not_found,NA,NA,NA,
Emanuel Olivera,Santa Fe,not_found,NA,NA,NA,
Kilian David Toscano Bassa,Santa Fe,not_found,NA,NA,NA,
Weibmar Banny Asprilla Mena,Santa Fe,not_found,NA,NA,NA,
Yeicar Alberto Perlaza Perea,Santa Fe,not_found,NA,NA,NA,
Yilmar Velázquez,Santa Fe,not_found,NA,NA,NA,
Mbala N'Zola,Sassuolo,not_found,NA,NA,NA,
Christian Jonatan Ortíz,Sc Do Recife,not_found,NA,NA,NA,
Christian Pierre Louis Louis Gomis,Schalke 04,not_found,NA,NA,NA,
Soufian El-Faouzi,Schalke 04,not_found,NA,NA,NA,
Cristian Roldán León,Seattle Sounders,not_found,NA,NA,NA,
Kim Ki-Hee,Seattle Sounders,not_found,NA,NA,NA,
Marcão Teixeira,Sevilla,not_found,NA,NA,NA,
Nianzou Tanguy Kouassi,Sevilla,not_found,NA,NA,NA,
Jay Mbalanda,Sint-Truiden,not_found,NA,NA,NA,
Leobrian Kokubo,Sint-Truiden,not_found,NA,NA,NA,
Muhammed Cham Saracevic,Slavia Praha,not_found,NA,NA,NA,
Leonardo Weschenfelder-Scienza,Southampton,not_found,NA,NA,NA,
Nökkvi Þeyr Þórisson,Sparta Rotterdam,not_found,NA,NA,NA,
Younes el Meftahi,Sparta Rotterdam,not_found,NA,NA,NA,
Petko Rosenov Hristov,Spezia,not_found,NA,NA,NA,
Leon Adrian Barišić,Sporting Braga,not_found,NA,NA,NA,
Jakob Romsaas,Sporting Charleroi,not_found,NA,NA,NA,
Kévin Daniel Van Den Kerkhof,Sporting Charleroi,not_found,NA,NA,NA,
Martin Delavalée,Sporting Charleroi,not_found,NA,NA,NA,
Yacine Titraoui,Sporting Charleroi,not_found,NA,NA,NA,
A.Cabellos Vázquez,Sporting Cristal,not_found,NA,NA,NA,
Alejandro Olazabal,Sporting Cristal,not_found,NA,NA,NA,
Henry Bendezu,Sporting Cristal,not_found,NA,NA,NA,
Jeffrey Catriel Cabellos Vázquez,Sporting Cristal,not_found,NA,NA,NA,
Amadou Coundoul,Sporting Gijón,not_found,NA,NA,NA,
Andrés Cejudo,Sporting Gijón,not_found,NA,NA,NA,
Noble Mbemba Pierre,Sporting Gijón,not_found,NA,NA,NA,
Andrew Brody,Sporting Kansas City,not_found,NA,NA,NA,
Dany Alejandro Rosero Valencia,Sporting Kansas City,not_found,NA,NA,NA,
Alberto Cirilo Contrera Giménez,Sportivo Ameliano,not_found,NA,NA,NA,
Edgar Catalino Zaracho Zorrilla,Sportivo Ameliano,not_found,NA,NA,NA,
Fredderik Alexander Alfonso Colmán,Sportivo Ameliano,not_found,NA,NA,NA,
PeraltaRonald Peralta,Sportivo Ameliano,not_found,NA,NA,NA,
Tummise Sobowale,St Mirren,not_found,NA,NA,NA,
Jeong Sang-Bin,St. Louis City,not_found,NA,NA,NA,
Pierre Lees Melou,Stade Brestois,not_found,NA,NA,NA,
Raphaël Marc Le Guen,Stade Brestois,not_found,NA,NA,NA,
Boli Bolingoli Mbombo,Standard Liège,not_found,NA,NA,NA,
Mohamed El Hankouri,Standard Liège,not_found,NA,NA,NA,
Nayel Mehssatou Sepúlveda,Standard Liège,not_found,NA,NA,NA,
René  Mitongo Muteba,Standard Liège,not_found,NA,NA,NA,
Timothée NKada,Standard Liège,not_found,NA,NA,NA,
Ashley Famiwuya Phillips,Stoke City,not_found,NA,NA,NA,
Eric Junior Bocat,Stoke City,not_found,NA,NA,NA,
Jesuran Rak-Sakyi,Stoke City,not_found,NA,NA,NA,
Maximilano Oyedele,Strasbourg,not_found,NA,NA,NA,
Jon Gorenc-Stankovic,Sturm Graz,not_found,NA,NA,NA,
Eom Ji-Sung,Swansea City,not_found,NA,NA,NA,
Maik Viegas,São Paulo,not_found,NA,NA,NA,
Jeremías Ramón Gallard,Talleres de Córdoba,not_found,NA,NA,NA,
Matías  Galarza Fonda,Talleres de Córdoba,not_found,NA,NA,NA,
Nahuel Lautaro Bustos,Talleres de Córdoba,not_found,NA,NA,NA,
Dewon Koswal,Telstar,not_found,NA,NA,NA,
Neville Nwankwo,Telstar,not_found,NA,NA,NA,
Nökkvi Þeyr Þórisson,Telstar,not_found,NA,NA,NA,
Adrian Jhonny Jusino Cerruto,The Strongest,not_found,NA,NA,NA,
Luciano Pegolo,The Strongest,not_found,NA,NA,NA,
Tobías Andre Moriceau,The Strongest,not_found,NA,NA,NA,
Ignacio Russo Cordero,Tigre,not_found,NA,NA,NA,
Martín Yamir Ortega,Tigre,not_found,NA,NA,NA,
Joban Cera,Tijuana,not_found,NA,NA,NA,
Oswaldo Ureña,Toluca,not_found,NA,NA,NA,
Benjamin Mbunga-Kimpioka,Tondela,not_found,NA,NA,NA,
Remi Vita,Tondela,not_found,NA,NA,NA,
Sphephelo S'Miso Sithole,Tondela,not_found,NA,NA,NA,
Tiago Miguel Silva Manso,Tondela,not_found,NA,NA,NA,
Alieu Eybi Njie,Torino,not_found,NA,NA,NA,
Alonso,Toronto FC,not_found,NA,NA,NA,
Nickseon Gomis,Toronto FC,not_found,NA,NA,NA,
Anthony Nuatuzor Nwakaeme,Trabzonspor,not_found,NA,NA,NA,
Arsenii Batagov,Trabzonspor,not_found,NA,NA,NA,
Mathias Fjörtoft Lövik,Trabzonspor,not_found,NA,NA,NA,
Muhammed Cham Saracevic,Trabzonspor,not_found,NA,NA,NA,
Tim Jabol Folcarelli,Trabzonspor,not_found,NA,NA,NA,
Sondre Ørjasæter,Twente,not_found,NA,NA,NA,
Anthony Javier Castillo Salas,Técnico Universitario,not_found,NA,NA,NA,
John Jairo Mero Reascos,Técnico Universitario,not_found,NA,NA,NA,
Dimitris Sounas,US Avellino,not_found,NA,NA,NA,
Jeong Woo-Yeong,Union Berlin,not_found,NA,NA,NA,
Alfred Jeafra Canales Céspedes,Universidad Católica,not_found,NA,NA,NA,
Eric Reasco,Universidad Católica,not_found,NA,NA,NA,
Tomás Pablo Astaburuaga Montoya,Universidad Católica,not_found,NA,NA,NA,
Franco Emanuel Pardo,Unión,not_found,NA,NA,NA,
Juan Ludueña,Unión,not_found,NA,NA,NA,
Lautaro Valentín Vargas,Unión,not_found,NA,NA,NA,
Bryan Alfonso Vejar Utreras,Unión Española,not_found,NA,NA,NA,
Ignacio Alejandro Jeraldino Jul,Unión Española,not_found,NA,NA,NA,
Martín Cristián Parra Plaza,Unión Española,not_found,NA,NA,NA,
Rodrigo Mellado,Unión Española,not_found,NA,NA,NA,
Marko Lawk Farji,Venezia,not_found,NA,NA,NA,
Ameen Al Dakhil,VfB Stuttgart,not_found,NA,NA,NA,
Merchas Ghazi Salih Doski,Viktoria Plzen,not_found,NA,NA,NA,
Yeremi Pino,Villarreal,not_found,NA,NA,NA,
Edwin Arboleda,Vinotinto de Ecuador,not_found,NA,NA,NA,
Rafael Azpiazu,Vinotinto de Ecuador,not_found,NA,NA,NA,
Aaron Facundo Quiroz,Vélez Sarsfield,not_found,NA,NA,NA,
Rodrigo Germán Aliendro,Vélez Sarsfield,not_found,NA,NA,NA,
Tomás Ignacio Marchiori Carreño,Vélez Sarsfield,not_found,NA,NA,NA,
Christian Franco da Cruz,Wanderers,not_found,NA,NA,NA,
Matthew Martinez,Wanderers,not_found,NA,NA,NA,
Samuel-Germain Kinduelu Mbangula Tshifunda,Werder Bremen,not_found,NA,NA,NA,
Max O’Leary,West Bromwich Albion,not_found,NA,NA,NA,
Tammer Odeh,West Bromwich Albion,not_found,NA,NA,NA,
Bi Irié Fernand Gouré,Westerlo,not_found,NA,NA,NA,
Mohamed El Amine Amoura,Wolfsburg,not_found,NA,NA,NA,
Hwang Hee-Chan,Wolverhampton Wanderers,not_found,NA,NA,NA,
