player_name,team_name,status,match_score,top_candidates,tm_matched_team,tm_profile_url_or_id
Abdul Ayindé,Gent,not_found,NA,NA,NA,https://www.transfermarkt.com/abdoul-ayinde/profil/spieler/1160184
Bayron Yuseth Caicedo Mosquera,Inter Bogotá,not_found,NA,NA,NA,https://www.transfermarkt.mx/bayron-caicedo/profil/spieler/1266615
Carlos Fabricio Favero Villasanti,Atlético Tembetary ,profile_fetch_failed,NA,NA,NA,https://www.transfermarkt.es/carlos-favero/profil/spieler/1153266
Carlos Fabricio Favero Villasanti,Cerro Porteño,profile_fetch_failed,NA,NA,NA,https://www.transfermarkt.es/carlos-favero/profil/spieler/1153266
Carlos Gustavo David Quintana,Rosario Central,profile_fetch_failed,NA,NA,NA,https://www.transfermarkt.com/carlos-quintana/gemeinsameSpiele/spieler/54596/gegner/267747/kriterium/2/wettbewerb//liga/0/verein/0
E.Egouli,Fortuna Düsseldorf,profile_fetch_failed,NA,NA,NA,https://www.transfermarkt.com/elias-egouli/profil/spieler/946037
E.Müller,Kaiserslautern,profile_fetch_failed,NA,NA,NA,https://www.transfermarkt.com/erik-muller/profil/spieler/1144523
Eber Caicedo,Libertad,profile_fetch_failed,NA,NA,NA,https://www.transfermarkt.mx/eber-caicedo/profil/spieler/264375
Edgar Catalino Zaracho Zorrilla,Sportivo Ameliano,profile_fetch_failed,NA,NA,NA,https://www.transfermarkt.es/edgar-zaracho/profil/spieler/134931
Edgar Gonzalez,Deportivo Recoleta,profile_fetch_failed,NA,NA,NA,
Enzo Vinette,Le Havre,profile_fetch_failed,NA,NA,NA,https://www.transfermarkt.com/enzo-koffi/profil/spieler/1119881
Erik Zambrano,Delfin,not_found,NA,NA,NA,
Esteban Maidana,Club 2 de Mayo,profile_fetch_failed,NA,NA,NA,https://www.transfermarkt.es/esteban-maidana/profil/spieler/749114
Esteban Valencia,Deportivo Ñublense SADP,profile_fetch_failed,NA,NA,NA,https://www.transfermarkt.es/esteban-valencia/profil/spieler/589854
Etienne Eto’o Pineda,Mirandés,profile_fetch_failed,NA,NA,NA,https://www.transfermarkt.com/etienne-etoo/profil/spieler/707359
F.Cuero,Técnico Universitario,profile_fetch_failed,NA,NA,NA,https://www.transfermarkt.es/fabian-cuero/profil/spieler/1036908
F.Díaz,Club 2 de Mayo,profile_fetch_failed,NA,NA,NA,https://www.transfermarkt.es/fernando-diaz/profil/spieler/1034645
Fabiano Silva,Ceará,profile_fetch_failed,NA,NA,NA,https://www.transfermarkt.com/fabiano/profil/spieler/657387
Fabio Barreto,Atlético Tembetary ,profile_fetch_failed,NA,NA,NA,https://www.transfermarkt.com/ivan-ortiz/profil/spieler/1451578
Fabio Jesús Pereyra,Huracán,profile_fetch_failed,NA,NA,NA,https://www.transfermarkt.com.ar/fabio-pereyra/profil/spieler/610248
Facundo González,Danubio,profile_fetch_failed,NA,NA,NA,https://www.transfermarkt.es/facundo-gonzalez/profil/spieler/1232131
Facundo Jaureguiverry,Cerro,profile_fetch_failed,NA,NA,NA,https://www.transfermarkt.es/facundo-iraola/profil/spieler/1371750
Facundo Silvera,Miramar Misiones,profile_fetch_failed,NA,NA,NA,https://www.transfermarkt.es/facundo-silvera/profil/spieler/801388
Federico Acosta,Cerro,profile_fetch_failed,NA,NA,NA,https://www.transfermarkt.es/federico-acosta/profil/spieler/1147671
Federico Barrandeguy Martino,CA Juventud,profile_fetch_failed,NA,NA,NA,https://www.transfermarkt.com/federico-barrandeguy/profil/spieler/365941
Federico Damián Alonso del Monte,Miramar Misiones,profile_fetch_failed,NA,NA,NA,https://www.transfermarkt.es/federico-alonso/profil/spieler/296211
Federico Medina,Cerro Largo,profile_fetch_failed,NA,NA,NA,https://www.transfermarkt.es/federico-medina/profil/spieler/1228198
Federico Navarrete,Macará,profile_fetch_failed,NA,NA,NA,https://www.transfermarkt.com/federico-paz/profil/spieler/1088058
Federico Rodríguez,River Plate,profile_fetch_failed,NA,NA,NA,https://www.transfermarkt.com/federico-rodriguez/profil/spieler/159778
Federico Ruiz,Progreso,profile_fetch_failed,NA,NA,NA,https://www.transfermarkt.es/federico-ruiz/profil/spieler/1383130
Forzan Ouédraogo,RB Leipzig,profile_fetch_failed,NA,NA,NA,https://www.transfermarkt.com/assan-ouedraogo/profil/spieler/897424
Francho Gracia,Real Zaragoza,profile_fetch_failed,NA,NA,NA,https://www.transfermarkt.es/francho-serrano/profil/spieler/632930
Francisco Gracia,CyD Leonesa,not_found,NA,NA,NA,
Fredderik Alexander Alfonso Colmán,Sportivo Ameliano,profile_fetch_failed,NA,NA,NA,https://www.transfermarkt.es/fredderick-alfonso/profil/spieler/970513
Félix Torres,Corinthians,profile_fetch_failed,NA,NA,NA,https://www.transfermarkt.com/felix-torres/profil/spieler/468174
Garcez,EC Juventude,profile_fetch_failed,NA,NA,NA,https://www.transfermarkt.com/mauricio-garcez/profil/spieler/802809
Gastón Ramírez,Miramar Misiones,profile_fetch_failed,NA,NA,NA,https://www.transfermarkt.es/gaston-ramirez/profil/spieler/123742
Hong Hyeon-seok,Nantes,profile_fetch_failed,NA,NA,NA,https://www.transfermarkt.com/hyun-seok-hong/profil/spieler/562948
Hong Hyeon-seok,Gent,profile_fetch_failed,NA,NA,NA,https://www.transfermarkt.com/hyun-seok-hong/profil/spieler/562948
Imari Narain Samuels,Dundee,profile_fetch_failed,NA,NA,NA,https://www.transfermarkt.com/imari-samuels/profil/spieler/565846
Isaac,Atlético Mineiro,profile_fetch_failed,NA,NA,NA,https://www.transfermarkt.com/isaac/profil/spieler/1083069
Isaque,Fluminense,profile_fetch_failed,NA,NA,NA,https://www.transfermarkt.es/isaque/profil/spieler/1219752
Iseppe,Atlético Mineiro,profile_fetch_failed,NA,NA,NA,https://www.transfermarkt.com/mateus-iseppe/profil/spieler/1220180
Ismail Esat Buga,Konyaspor,profile_fetch_failed,NA,NA,NA,https://www.transfermarkt.com/esat-buga/profil/spieler/1178929
Jeison Cabrales,Alianza Valledupar,not_found,NA,NA,NA,
Joaquín Noel,Delfin,not_found,NA,NA,NA,
John Cedeno,Manta FC,not_found,NA,NA,NA,
José Carlos Martínez Garzón,San Antonio Bulo Bulo,not_found,NA,NA,NA,
Juan Carlos Ortiz Hernández,Deportivo Táchira,not_found,NA,NA,NA,https://www.transfermarkt.pe/juan-carlos-ortiz/profil/spieler/381939
Juan Mateo Santamaria Gaona,Inter Bogotá,not_found,NA,NA,NA,
Konstantinos Chrisopoulos,Mantova,not_found,NA,NA,NA,https://www.transfermarkt.com/konstantinos-christopoulos/profil/spieler/623916
Luis Antonio Vidal Velázquez,Deportivo Recoleta,not_found,NA,NA,NA,
Mesut Tunalı,Kocaelispor,not_found,NA,NA,NA,https://www.transfermarkt.com/mesut-can-tunali/profil/spieler/672852
Néstor Leguizamón,Deportivo Recoleta,not_found,NA,NA,NA,https://www.transfermarkt.es/nestor-bareiro/profil/spieler/82200
Osmar Ojeda,Delfin,not_found,NA,NA,NA,
Pablo Pereire,Racing,not_found,NA,NA,NA,
Richard Aranda,Club 2 de Mayo,not_found,NA,NA,NA,https://www.transfermarkt.es/richard-britez/profil/spieler/436387
Ronaldo Junior Julio Tobías,Inter Bogotá,not_found,NA,NA,NA,https://www.transfermarkt.co/ronaldo-tobias/profil/spieler/1195301
Thiago Adalberto Franco Paniagua,Club Sportivo Luqueño,not_found,NA,NA,NA,https://www.transfermarkt.com/miguel-paniagua/profil/spieler/99178
Yuneiker Melo,Deportivo Recoleta,not_found,NA,NA,NA,https://www.transfermarkt.es/yuneiker-rios/profil/spieler/1369138
Mesut Tunualı,Kocaelispor,not_found,NA,,,https://www.transfermarkt.com/mesut-can-tunali/profil/spieler/672852
Juan Purata,Tigres UANL,not_found,NA,NA,NA,https://www.transfermarkt.mx/juan-jose-purata/profil/spieler/553816
Ramiro Zárate,Tijuana,not_found,NA,NA,NA,https://www.transfermarkt.mx/ramiro-arciga/profil/spieler/1087349
Augustin Anello,Philadelphia Union,not_found,NA,NA,NA,https://www.transfermarkt.com/agustin-anello/profil/spieler/860812
Devron Kiber García Ducker,Real España,not_found,NA,NA,NA,https://www.transfermarkt.es/devron-garcia/profil/spieler/295396
Jack Eduardo Jean-Baptiste Cruz,Real España,not_found,NA,NA,NA,https://www.transfermarkt.es/jack-jean-baptiste/profil/spieler/583811
Justin Arboleda Buenaños,Olimpia,not_found,NA,NA,NA,https://www.transfermarkt.es/yustin-arboleda/profil/spieler/157910
Antony Iván García Rodríguez,Real España,not_found,NA,NA,NA,https://www.transfermarkt.es/anthony-garcia/profil/spieler/939542
Jhow Banegas,Real España,not_found,NA,NA,NA,https://www.transfermarkt.mx/jhow-benavidez/profil/spieler/333912
Clinton Zelaya,Olimpia,not_found,NA,NA,NA,https://www.transfermarkt.mx/clinton-bennett/profil/spieler/1383745
Edrick Eduardo Menjívar Jonhnson,Olimpia,not_found,NA,NA,NA,https://www.transfermarkt.com/edrick-menjivar/profil/spieler/333949
Héctor Humberto Hurtado Biscanio,Sporting San Miguelito,not_found,NA,NA,NA,https://www.transfermarkt.es/hector-hurtado/profil/spieler/867662
Moisés Cedeño,Sporting San Miguelito,not_found,NA,NA,NA,https://www.transfermarkt.es/moises-richards/profil/spieler/1473690
Gustavo Prescott,Sporting San Miguelito,not_found,NA,NA,NA,https://www.transfermarkt.es/gustavo-herrera/profil/spieler/1198808
Russell Francois,Defence Force,not_found,NA,NA,NA,https://www.transfermarkt.com/russel-francois/profil/spieler/1240130
Kimoni  Bailey,Mount Pleasant,not_found,NA,NA,NA,https://www.transfermarkt.com/kimoni-bailey/profil/spieler/881560
Daniel Michael Green,Mount Pleasant,not_found,NA,NA,NA,https://www.transfermarkt.com/daniel-green/profil/spieler/602861
Marcello  Polisi,Vancouver FC,not_found,NA,NA,NA,https://www.transfermarkt.com/marcello-polisi/profil/spieler/856537
Thierno Elage Bah,Vancouver FC,not_found,NA,NA,NA,https://www.transfermarkt.com/elage-bah/profil/spieler/994591
Juan Capeluto,Real España,not_found,NA,NA,NA,https://www.transfermarkt.mx/juan-manuel-capeluto/profil/spieler/1275503
Diego Zuppa,Cruz Azul,not_found,NA,NA,NA,https://www.transfermarkt.mx/diego-valdez/profil/spieler/1374230
Juan Carlos Gaete Contreras,CS Cartaginés,not_found,NA,NA,NA,https://www.transfermarkt.es/juan-carlos-gaete/profil/spieler/584007
Japhet Larsen,Philadelphia Union,not_found,NA,NA,NA,https://www.transfermarkt.com/japhet-sery-larsen/profil/spieler/403690
Alexandro Mendieta,Talleres de Córdoba,not_found,NA,NA,NA,https://www.transfermarkt.es/alexandro-maidana/profil/spieler/1371519
Marcos Iacobellis,Central Córdoba SdE,not_found,NA,NA,NA,https://www.transfermarkt.es/marco-iacobellis/profil/spieler/699886
Thomás  de Martis,Lanús,not_found,NA,NA,NA,https://www.transfermarkt.es/thomas-de-martis/profil/spieler/1231230
Francisco Metilli,Belgrano,not_found,NA,NA,NA,https://www.transfermarkt.com.ar/francisco-gonzalez-metilli/profil/spieler/442679
Diego Ortegoza,Talleres de Córdoba,not_found,NA,NA,NA,https://www.transfermarkt.mx/ulises-ortegoza/profil/spieler/654814
José Ingratti,Deportivo Riestra,not_found,NA,NA,NA,https://www.transfermarkt.mx/jose-maria-ingratti/profil/spieler/696729
Ramiro Mori,Estudiantes,not_found,NA,NA,NA,https://www.transfermarkt.com.ar/ramiro-funes-mori/profil/spieler/11111
Juan Cozzani,CA Platense,not_found,NA,NA,NA,https://www.transfermarkt.mx/juan-pablo-cozzani/profil/spieler/570470
Fabrizio Sartori,Independiente Rivadavia,not_found,NA,NA,NA,https://www.transfermarkt.com/fabrizio-sartori/profil/spieler/978970
Rodrigo Atencio,Independiente Rivadavia,not_found,NA,NA,NA,https://www.transfermarkt.com.ar/rodrigo-atencio/profil/spieler/1013922
Stefano Moreyra,Independiente Rivadavia,not_found,NA,NA,NA,https://www.transfermarkt.com.ar/stefano-moreyra/profil/spieler/830855
Victorio Ramis,Independiente Rivadavia,not_found,NA,NA,NA,https://www.transfermarkt.es/victorio-ramis/profil/spieler/381065
Ramiro Macagno,Independiente Rivadavia,not_found,NA,NA,NA,https://www.transfermarkt.mx/ramiro-macagno/profil/spieler/401913
Matías Salvo,Independiente Rivadavia,not_found,NA,NA,NA,https://www.transfermarkt.es/matias-salvo/profil/spieler/1307274
Santiago Segovia,Rosario Central,not_found,NA,NA,NA,https://www.transfermarkt.es/santiago-segovia/profil/spieler/1197922
Diego Ortegoza,Racing Club,not_found,NA,NA,NA,https://www.transfermarkt.com/ulises-ortegoza/profil/spieler/654814
Mateo Ponte,Botafogo,not_found,NA,NA,NA,https://www.transfermarkt.es/mateo-ponte/profil/spieler/856047
Rafael Azpiazu,Clube do Remo,not_found,NA,NA,NA,
Julio Cuero,Fortaleza CEIF,not_found,NA,NA,NA,https://www.transfermarkt.com/julio-sinisterra/profil/spieler/1506692
Jesus Chara,Boyacá Chicó,not_found,NA,NA,NA,
Bladimir Castro,Jaguares de Córdoba,not_found,NA,NA,NA,https://www.transfermarkt.mx/bladimir-angulo/profil/spieler/982166
Dayan Gélvez,Cúcuta Deportivo,not_found,NA,NA,NA,https://www.transfermarkt.mx/dayan-perez/profil/spieler/1408965
Jean Sebastián Galindo,Deportivo Cali,not_found,NA,NA,NA,https://www.transfermarkt.com/jean-galindo/profil/spieler/1331433
Joan Valverde,Fortaleza CEIF,not_found,NA,NA,NA,https://www.transfermarkt.es/joan-cajares/profil/spieler/977615
Ronaldo Julio,Inter Bogotá,not_found,NA,NA,NA,https://www.transfermarkt.es/ronaldo-junior/profil/spieler/1398415
Eudy Moreno,Alianza Valledupar,not_found,NA,NA,NA,
Jhomier González,Millonarios,not_found,NA,NA,NA,https://www.transfermarkt.com/jhomier-guerrero/profil/spieler/978950
Cristian Uribe Caro,Atlético Nacional,not_found,NA,NA,NA,https://www.transfermarkt.es/cristian-uribe/profil/spieler/1343090
Diego  Chávez,Deportivo Pasto,not_found,NA,NA,NA,https://www.transfermarkt.co/diego-chavez/profil/spieler/841184
Erick Patricio Ladines Calvache,Guayaquil City,not_found,NA,NA,NA,https://www.transfermarkt.es/erick-ladines/profil/spieler/1019139
Jamilton Carcelen Moreira,Mushuc Runa,not_found,NA,NA,NA,https://www.transfermarkt.com/jamilton-carcelen/profil/spieler/915246
Roger Bismarck Arias Briones,Guayaquil City,not_found,NA,NA,NA,https://www.transfermarkt.com/roger-arias/profil/spieler/872996
 Miguel Ángel  Peralta Quiñónez,Independiente del Valle,not_found,NA,NA,NA,https://www.transfermarkt.es/miguel-peralta/profil/spieler/1262011
Cristhian Julio Solano Barros,Leones del Norte,not_found,NA,NA,NA,https://www.transfermarkt.es/cristhian-solano/profil/spieler/727934
Romario Bolaños,Aucas,not_found,NA,NA,NA,https://www.transfermarkt.es/alexander-bolanos/profil/spieler/641728
Christopher Arteaga,Técnico Universitario,not_found,NA,NA,NA,https://www.transfermarkt.mx/cristopher-arteaga/profil/spieler/1234956
Erik Zambrano,Barcelona,not_found,NA,NA,NA,https://www.transfermarkt.com/erick-mendoza/profil/spieler/1048907
Aníbal Leguizamón Espínola,Emelec,not_found,NA,NA,NA,https://www.transfermarkt.es/anibal-leguizamon/profil/spieler/610333
Mauro Demián Luque,Leones del Norte,not_found,NA,NA,NA,https://www.transfermarkt.es/mauro-luque/profil/spieler/840963
Cristopher Mesías Sepúlveda,Universidad Concepción,not_found,NA,NA,NA,https://www.transfermarkt.es/cristhofer-mesias/profil/spieler/661479
Carlos Alberto Villanueva Fuentes,Unión La Calera,not_found,NA,NA,NA,https://www.transfermarkt.es/carlo-villanueva/profil/spieler/538282
Ignacio Alejandro Jeraldino Jul,Deportivo Ñublense SADP,not_found,NA,NA,NA,https://www.transfermarkt.es/ignacio-jeraldino/profil/spieler/203150
Bryan Alfonso Vejar Utreras,Deportes Concepcion,not_found,NA,NA,NA,https://www.transfermarkt.es/brayan-vejar/profil/spieler/270424
Robinson Manuel Rivera Zúñiga,Deportivo Ñublense SADP,not_found,NA,NA,NA,https://www.transfermarkt.es/manuel-rivera/profil/spieler/534910
Christian Mansilla,Deportivo Ñublense SADP,not_found,NA,NA,NA,https://www.transfermarkt.es/leon-mansilla/profil/spieler/1543724
Felipe Olave,Colo Colo,not_found,NA,NA,NA,https://www.transfermarkt.es/felipe-raipan/profil/spieler/1021162
Nicolás Araya Bruna,Deportes Concepcion,not_found,NA,NA,NA,https://www.transfermarkt.es/nicolas-araya/profil/spieler/386436
Federico Lanzillota,La Serena,not_found,NA,NA,NA,https://www.transfermarkt.es/federico-lanzillotta/profil/spieler/267906
Thomás Serna,Club Nacional,not_found,NA,NA,NA,https://www.transfermarkt.es/thomas-gutierrez/profil/spieler/491535
Alcides Garcete,Club Guaraní,not_found,NA,NA,NA,https://www.transfermarkt.es/alcides-dominguez/profil/spieler/1506812
Juan Armoa,Club 2 de Mayo,not_found,NA,NA,NA,https://www.transfermarkt.es/antoni-armoa/profil/spieler/1423886
Martín Mercado,Club Guaraní,not_found,NA,NA,NA,https://www.transfermarkt.es/martin-maldonado/profil/spieler/1506813
Stevens Pereira,Club Rubio Nu,not_found,NA,NA,NA,https://www.transfermarkt.com/stevens-gomez/profil/spieler/491595
Fabrizio Balbuena,San Lorenzo,not_found,NA,NA,NA,
Santiago Augusto del Valle Espinoza,Libertad,not_found,NA,NA,NA,https://www.transfermarkt.es/santiago-delvalle/profil/spieler/1284886
Tobías Zarza,San Lorenzo,not_found,NA,NA,NA,https://www.transfermarkt.es/tobias-jara/profil/spieler/1389661
Alexis Villalva,Club 2 de Mayo,not_found,NA,NA,NA,https://www.transfermarkt.com/alexis-villalba/profil/spieler/664547
José Hosue López,Club 2 de Mayo,not_found,NA,NA,NA,https://www.transfermarkt.es/hosue-diaz/profil/spieler/1428230
Víctor Hugo Dávalos Aguirre,Club 2 de Mayo,not_found,NA,NA,NA,
Rodrigo Melgarejo,Cerro Porteño,not_found,NA,NA,NA,https://www.transfermarkt.es/rodrigo-melgarejo/profil/spieler/661265
Wílder Viera,Cerro Porteño,not_found,NA,NA,NA,https://www.transfermarkt.es/wilder-viera/profil/spieler/661223
Édgar Páez,Cerro Porteño,not_found,NA,NA,NA,https://www.transfermarkt.es/edgar-paez/profil/spieler/1153762
J.Servín Leon,Cerro Porteño,not_found,NA,NA,NA,https://www.transfermarkt.es/josue-servin/profil/spieler/1459479
Abel Paredes,Sportivo Ameliano,not_found,NA,NA,NA,https://www.transfermarkt.es/abel-paredes/profil/spieler/563407
Fabrizio Portillo,Sportivo Ameliano,not_found,NA,NA,NA,https://www.transfermarkt.com/fabrizio-portillo/profil/spieler/1524240
Carlos Fabricio Favero Villasanti,Sportivo Ameliano,not_found,NA,NA,NA,https://www.transfermarkt.com/carlos-favero/profil/spieler/1153266
Thiago Ferreira,Sportivo Ameliano,not_found,NA,NA,NA,
Pedro Álvarez,Club Rubio Nu,not_found,NA,NA,NA,https://www.transfermarkt.es/pedro-alvarez/profil/spieler/543372
Javier Alexandro Vallejos Fleitas,Club Rubio Nu,not_found,NA,NA,NA,https://www.transfermarkt.es/javier-vallejos/profil/spieler/1063923
Sebastian Ferreira,Club Rubio Nu,not_found,NA,NA,NA,
Fernando Martínez Rojas,Club Rubio Nu,not_found,NA,NA,NA,https://www.transfermarkt.es/fernando-martinez/profil/spieler/415845
Gustavo Avalos,Club Rubio Nu,not_found,NA,NA,NA,https://www.transfermarkt.es/gustavo-manzur/profil/spieler/1447298
Jorge Cardozo,Club Rubio Nu,not_found,NA,NA,NA,https://www.transfermarkt.es/jorge-cardozo/profil/spieler/1517406
Pablo David Ayala,Club Rubio Nu,not_found,NA,NA,NA,https://www.transfermarkt.es/pablo-ayala/profil/spieler/312505
Carlos Daniel Meza Montiel,San Lorenzo,not_found,NA,NA,NA,https://www.transfermarkt.es/daniel-meza/profil/spieler/1225294
Elías Alderete,San Lorenzo,not_found,NA,NA,NA,https://www.transfermarkt.es/elias-alderete/profil/spieler/440170
Mariano Ramos,Club Guaraní,not_found,NA,NA,NA,https://www.transfermarkt.mx/mariano-ramos/profil/spieler/1291057
Pablo Figueredo,San Lorenzo,not_found,NA,NA,NA,https://www.transfermarkt.es/pablo-aveiro/profil/spieler/1446741
Federico Carrizo,Libertad,ambiguous,0.333333333333333,Federico Carrizo (Club Libertad Asunción) score=0.33 | Federico Carrizo (Club Deportivo Riestra U20) score=0.21 | Federico Carrizo (Without Club) score=0.15,Club Libertad Asunción,https://www.transfermarkt.es/federico-carrizo/profil/spieler/148710
Diego Sánchez,Progreso,ambiguous,0.245454545454545,Diego Sánchez (Tigres UANL) score=0.25 | Diego Sánchez (Sporting Gijón) score=0.24 | Diego Sánchez (Piratas FC) score=0.18,Tigres UANL,https://www.transfermarkt.mx/diego-sanchez/profil/spieler/801216
Kevin Chiappa,Nacional,not_found,NA,NA,NA,https://www.transfermarkt.com/rodrigo-martinez/profil/spieler/1379671
Daniel Martínez,Defensor Sporting,ambiguous,0.18,Dani Martinez (Atlético Madrileño) score=0.18 | Wilkeson Martinez (Real Frontera SC) score=0.16 | Daniel Martinez (Unknown) score=0.16,Atlético Madrileño,https://www.transfermarkt.mx/daniel-martinez/profil/spieler/1375961
Franco Romero,Peñarol,ambiguous,0.225,Franco Romero (Retired) score=0.23 | Franco Romero (Retired) score=0.23 | Franco Romero Gamarra (Retired) score=0.23,Retired,https://www.transfermarkt.com/franco-romero/profil/spieler/325454
Ernesto Molina,Central Español,ambiguous,0.1125,Gerardo Molina (Unknown) score=0.11 | Pedro Molinas (---) score=0.00,Unknown,https://www.transfermarkt.es/ernesto-aramburu/profil/spieler/1382927
José Álvarez,Albion,ambiguous,0.18,Pedro Alvarez (Gualaceo SC U20) score=0.18 | Arturo Álvarez (Retired) score=0.13 | Álvarez (Retired) score=0.13,Gualaceo SC U20,https://www.transfermarkt.es/jose-alvarez/profil/spieler/264740
Renzo Sánchez,CA Juventud,ambiguous,0.15,Lorenzo Sanchez (Without Club) score=0.15 | Loren Sánchez (Without Club) score=0.15 | Renzo Sánchez (Montevideo Wanderers) score=0.14,Without Club,https://www.transfermarkt.es/renzo-sanchez/profil/spieler/970867
Emiliano Bellion,Cerro Largo,not_found,NA,NA,NA,https://www.transfermarkt.mx/emiliano-jourdan/profil/spieler/1371748
Alfonso de Luca,Cerro Largo,ambiguous,0.195652173913043,Alfonso de Luca (Liverpool FC Montevideo) score=0.20 | Alfonso De Luca (Napoli Primavera) score=0.11,Liverpool FC Montevideo,https://www.transfermarkt.es/alfonso-de-luca/profil/spieler/1171688
Pablo Pereire,Albion,not_found,NA,NA,NA,https://www.transfermarkt.com/agustin-pereira/profil/spieler/958329
Nahuel Roldán,Albion,ambiguous,0.140625,Nahuel Roldán (Club Deportivo Oriente Petrolero) score=0.14 | Matías Roldán (Without Club) score=0.08,Club Deportivo Oriente Petrolero,https://www.transfermarkt.es/nahuel-roldan/profil/spieler/422740
Lucas Rodríguez,Albion,ambiguous,0.257142857142857,Lucas Rodríguez (Unknown) score=0.26 | Lucas Rodríguez (CA Aldosivi) score=0.25 | Lucas Rodríguez (CA Germinal) score=0.16,Unknown,https://www.transfermarkt.mx/lucas-rodriguez/profil/spieler/671950
Nicolás Pérez,Torque,ambiguous,0.333333333333333,Nicolás Pérez (Montevideo City Torque U19) score=0.33 | Axel Pérez (Without Club) score=0.23 | Nicolás Pérez (Deportes Temuco U18) score=0.14,Montevideo City Torque U19,https://www.transfermarkt.com/nicolas-perez/profil/spieler/1339036
Rodolfo Sena,Cerro,not_found,NA,NA,NA,https://www.transfermarkt.es/nahuel-sena/profil/spieler/1237379
Juan Picasso,Defensor Sporting,not_found,NA,NA,NA,https://www.transfermarkt.com/francisco-sorondo/profil/spieler/1379673
Emiliano Fernández,Central Español,ambiguous,0.2,Emiliano Fernández (CA River Plate Montevideo B) score=0.20 | Emiliano Fernandez (Club Atletico Platense (Montevideo)) score=0.19 | Emiliano Fernández (Retired) score=0.17,CA River Plate Montevideo B,https://www.transfermarkt.mx/emiliano-marquez/profil/spieler/1106324
Samuel Rodríguez,Central Español,ambiguous,0.28125,Samuel Rodriguez (Portuguesa FC) score=0.28 | Samu Rodríguez (Real Oviedo) score=0.28 | Samuel Rodríguez (Retired) score=0.17,Portuguesa FC,https://www.transfermarkt.es/samuel-rodriguez/profil/spieler/1533241
Martín González,Boston River,ambiguous,0.225,Ángel Martín González (Retired) score=0.23 | Manuel Martín (Retired) score=0.23 | Borjas Martín (Retired) score=0.23,Retired,https://www.transfermarkt.com/martin-gonzalez/profil/spieler/341100
Pablo Daguirre,Albion,not_found,NA,NA,NA,
Rodrigo Dudok Rivero,Racing,not_found,NA,NA,NA,https://www.transfermarkt.com/rodrigo-dudok/profil/spieler/1062317
Augusto Rosas,Cerro,not_found,NA,NA,NA,https://www.transfermarkt.es/augusto-cambon/profil/spieler/1108738
Gianni Daniel Rodríguez Fernández,Cerro,not_found,NA,NA,NA,https://www.transfermarkt.es/gianni-rodriguez/profil/spieler/189447
Facundo Ezequiel dos Santos,Boston River,not_found,NA,NA,NA,https://www.transfermarkt.com/facundo-munoa/profil/spieler/1123230
Juan González,Boston River,ambiguous,0.225,Ignacio González (Retired) score=0.23 | Juan González (Retired) score=0.23 | Juan González (Retired) score=0.23,Retired,https://www.transfermarkt.com/juan-gonzalez/profil/spieler/503219
Matías González,Peñarol,ambiguous,0.245454545454545,Matías González (CD Santaní) score=0.25 | Matías González (Deportes Iberia) score=0.24 | Matías González (Retired) score=0.23,CD Santaní,https://www.transfermarkt.es/matias-gonzalez/profil/spieler/976020
Luciano González,Peñarol,ambiguous,0.264705882352941,Luciano Gonzalez (Club Nacional U19) score=0.26 | Luciano González (CA Brown (Adrogué)) score=0.26 | Luciano González (Retired) score=0.23,Club Nacional U19,https://www.transfermarkt.es/luciano-gonzalez/profil/spieler/1062319
Teddy Vázquez,Boston River,not_found,NA,NA,NA,https://www.transfermarkt.com/lautaro-vazquez/profil/spieler/1436259
Ignacio Elizondo,Boston River,not_found,NA,NA,NA,https://www.transfermarkt.com/ignacio-fernandez/profil/spieler/1339495
Sebastián Guerrero,CA Juventud,ambiguous,0.163636363636364,Sebastian Guerrero (Unknown) score=0.16 | Sebastian Guerrero (Retired) score=0.16 | Sebastián Guerrero (Without Club) score=0.15,Unknown,https://www.transfermarkt.es/sebastian-guerrero/profil/spieler/857352
Nicolás Olivera,Wanderers,ambiguous,0.2,Nicolás Olivera (Retired) score=0.20 | Nicolás Olivera (Retired) score=0.20 | Nicolás Olivera (CA River Plate Montevideo B) score=0.13,Retired,https://www.transfermarkt.es/nicolas-olivera/profil/spieler/343593
Axel Marotta,Defensor Sporting,not_found,NA,NA,NA,https://www.transfermarkt.com/axel-frugone/profil/spieler/1319377
Diego Vera,Central Español,ambiguous,0.18,Diego Vera (CA River Plate Montevideo) score=0.18 | Diego Vera (Club 12 de Junio de a Coronel Oviedo) score=0.17 | Diego Vera (Retired) score=0.17,CA River Plate Montevideo,https://www.transfermarkt.es/diego-vera/profil/spieler/72657
Lautaro Gómez,Central Español,ambiguous,0.16875,Lautaro Gómez (CA Banfield) score=0.17 | Facundo Lautaro Gomez Mello (Unknown) score=0.11,CA Banfield,https://www.transfermarkt.es/lautaro-gandulfo/profil/spieler/1239996
Santiago Leguina,Central Español,not_found,NA,NA,NA,https://www.transfermarkt.es/santiago-sequeira/profil/spieler/1065167
Santiago Albistur,Deportivo Maldonado,not_found,NA,NA,NA,https://www.transfermarkt.es/santiago-cartagena/profil/spieler/657747
Sebastián Vicente Tormo Módena,Deportivo Maldonado,not_found,NA,NA,NA,
Eduardo Fernández,Boston River,ambiguous,0.225,Eduardo Fernández (Retired) score=0.23 | Sergio Fernández (Retired) score=0.23 | Eduardo Fernández (Retired) score=0.23,Retired,
Brian Chamorra,Peñarol,not_found,NA,NA,NA,https://www.transfermarkt.mx/brian-barboza/profil/spieler/1339498
Federico Álvarez,Nacional,ambiguous,0.18,Federico Álvarez (CA Atlanta) score=0.18 | Emiliano Álvarez (CA Progreso) score=0.16 | Federico Álvarez (Club Atlético Tigre) score=0.14,CA Atlanta,https://www.transfermarkt.com/federico-alvarez/profil/spieler/1127575
Juan García,Nacional,ambiguous,0.1125,Juanito Mariana (Retired) score=0.11 | Juan García (Retired) score=0.11 | Juan García (Retired) score=0.11,Retired,https://www.transfermarkt.es/juan-ignacio-garcia/profil/spieler/1021366
Marcelo Pérez,CA Juventud,ambiguous,0.24,Franco Pérez (CA Boston River) score=0.24 | Diego Pérez Díaz (CSD La Emilia) score=0.21 | Marcelo Pérez Álvarez (Retired) score=0.16,CA Boston River,https://www.transfermarkt.es/marcelo-perez/profil/spieler/811982
Brian Guillermo Montenegro Benítez,Defensor Sporting,not_found,NA,NA,NA,https://www.transfermarkt.es/brian-montenegro/profil/spieler/198143
Rodolfo,Central Español,ambiguous,0.16875,Héctor Baley (Retired) score=0.17 | Víctor Espárrago (Retired) score=0.17 | Rodolfo Arruabarrena (Retired) score=0.17,Retired,https://www.transfermarkt.es/rodolfo/profil/spieler/102227
Juan Pérez,Racing,ambiguous,0.257142857142857,Kichi (Retired) score=0.26 | Juan Pérez Contreras (Retired) score=0.26 | Juanito (Retired) score=0.26,Retired,https://www.transfermarkt.es/juan-perez/profil/spieler/718191
Gonzalo Reyna,Boston River,ambiguous,0.144,Gonzalo Reyna (Club Universidad de Chile) score=0.14 | Gonzalo Añasgo (Real Potosí) score=0.00,Club Universidad de Chile,https://www.transfermarkt.com/gonzalo-reyna/profil/spieler/1292317
Sebastián Sánchez,Central Español,ambiguous,0.327272727272727,Edgar Sánchez (Club Atlético Morelia) score=0.33 | Sebastián Sánchez (Universidad San Martín de Porres) score=0.19 | Sebas (Retired) score=0.17,Club Atlético Morelia,transfermarkt.com.ar/sebastian-sanchez/profil/spieler/989825
Matías Espíndola,Deportivo Maldonado,ambiguous,0.266666666666667,Matías Espíndola (CA Bartolomé Mitre (Posadas)) score=0.27 | Matías Espíndola (Club Necaxa) score=0.09,CA Bartolomé Mitre (Posadas),https://www.transfermarkt.es/matias-espindola/profil/spieler/992527
Franco Escobar,Peñarol,ambiguous,0.18,Franco Escobar (CA Newell's Old Boys) score=0.18 | Richard Franco (Agremiação Sportiva Arapiraquense (AL)) score=0.12,CA Newell's Old Boys,https://www.transfermarkt.es/franco-escobar/profil/spieler/338169
Aron John,Charlotte,ambiguous,0.257142857142857,Aaron Heap (Evesham United) score=0.26 | Aaron Jones (Machynlleth FC) score=0.26 | Aaron Williams (Aberystwyth Town) score=0.17,Evesham United,https://www.transfermarkt.com/aron-john/profil/spieler/1140229
Ian James,Sporting Kansas City,ambiguous,0.135,Ian Probert (Kerry FC) score=0.14 | Ian Rush (Retired) score=0.09 | Max Aarons (AFC Bournemouth) score=0.09,Kerry FC,https://www.transfermarkt.com/ian-james/profil/spieler/1245665
Christopher Mueller,Chicago Fire,not_found,NA,NA,NA,https://www.transfermarkt.com/chris-mueller/profil/spieler/562387
Ian Murphy,San Diego FC,ambiguous,0.207692307692308,Cian Murphy (Rockmount AFC) score=0.21 | Cian Murphy (College Corinthians AFC) score=0.20 | Brian Murphy (Avondale United (IRL)) score=0.19,Rockmount AFC,https://www.transfermarkt.com/ian-murphy/profil/spieler/636800
Sergio Córdova,St. Louis City,ambiguous,0.321428571428571,Sergio Córdova (BSC Young Boys) score=0.32 | Sergio Córdoba (Without Club) score=0.28,BSC Young Boys,https://www.transfermarkt.com/sergio-cordova/profil/spieler/377387
Daniel Pereira,Austin FC,ambiguous,0.2,Álvaro Pereira (Retired) score=0.20 | Bruno Moreira (Retired) score=0.20 | Daniel Pereira (Retired) score=0.20,Retired,https://www.transfermarkt.com/daniel-pereira/profil/spieler/856498
Emmanuel Lath,Atlanta United,not_found,NA,NA,NA,https://www.transfermarkt.com/emmanuel-latte-lath/profil/spieler/392964
Dag­ur Dan Þór­halls­son,CF Montreal,not_found,NA,NA,NA,https://www.transfermarkt.com/dagur-dan-thorhallsson/profil/spieler/447482
Andy Maroto,New York Red Bulls,not_found,NA,NA,NA,https://www.transfermarkt.com/andy-rojas/profil/spieler/1056759
Mamadou Diop,Colorado Rapids,ambiguous,0.195652173913043,Ambroise Diop (SV Waldhof Mannheim U19) score=0.20 | Mamadou Diop (Retired) score=0.18 | Mamadou Diop (Retired) score=0.18,SV Waldhof Mannheim U19,https://www.transfermarkt.com/mamadou-billo-diop/profil/spieler/1381205
Emir Karic,Sporting Kansas City,ambiguous,0.18,Emir Karic (SK Sturm Graz) score=0.18 | Emir Karicic (Retired) score=0.09,SK Sturm Graz,https://www.transfermarkt.com/emir-karic/profil/spieler/286596
Eric Choupo-Moting,New York Red Bulls,not_found,NA,NA,NA,https://www.transfermarkt.com/eric-maxim-choupo-moting/profil/spieler/45660
Robert Taylor,LA Galaxy,ambiguous,0.1,Robert Taylor (MLS Pool) score=0.10 | Robert (Santos FC) score=0.10 | Ollie Taylor (Mansfield Town U21) score=0.10,MLS Pool,https://www.transfermarkt.com/robert-taylor/profil/spieler/251836
Júnior Alonso,Atlanta United,ambiguous,0.257142857142857,Junior Olivera (Retired) score=0.26 | Júnior Alonso (Clube Atlético Mineiro) score=0.23,Retired,https://www.transfermarkt.com/junior-alonso/profil/spieler/273000
Matías Galarza,Atlanta United,ambiguous,0.257142857142857,Matías Galarza (CA Talleres) score=0.26 | Matías Galarza (CA River Plate) score=0.19,CA Talleres,https://www.transfermarkt.com/matias-galarza/profil/spieler/661269
Robert Lewandowski,Chicago Fire,ambiguous,0.15,Robert Lewandowski (Retired) score=0.15 | Robert Lewandowski (Without Club) score=0.08,Retired,https://www.transfermarkt.com/robert-lewandowski/profil/spieler/38253
Daniel,FC Dallas,ambiguous,0.257142857142857,Daniel Muñoz (Crystal Palace) score=0.26 | Daniel Carvajal (Without Club) score=0.08 | Daniel James (Leeds United) score=0.08,Crystal Palace,https://www.transfermarkt.com/daniel/profil/spieler/530421
Tiago,Orlando City,ambiguous,0.225,Santiago Arias (CA Independiente) score=0.23 | Santiago Castro (Bologna FC 1909) score=0.18 | Santiago Gimenez (AC Milan) score=0.15,CA Independiente,https://www.transfermarkt.com/tiago/profil/spieler/1083095
Rafael Santos,St. Louis City,ambiguous,0.276923076923077,Rafael Santos (Without Club) score=0.28 | Rafael (Without Club) score=0.28 | Rafael Santos (Chicago FC United) score=0.21,Without Club,https://www.transfermarkt.com/rafael-santos/profil/spieler/625617
Lineker Santos,Real Salt Lake,not_found,NA,NA,NA,https://www.transfermarkt.com/lineker-rodrigues/profil/spieler/1357578
Guilherme,Houston Dynamo,ambiguous,0.15,Guilherme Arana (Fluminense Football Club) score=0.15 | Baldocchi (Retired) score=0.13 | Pedro (CR Flamengo) score=0.13,Fluminense Football Club,https://www.transfermarkt.com/guilherme/profil/spieler/444920
Casemiro,Inter Miami,ambiguous,0.163636363636364,Casemiro Mior (Retired) score=0.16 | Batista (Retired) score=0.16 | Glodi Zinga (Retired) score=0.16,Retired,transfermarkt.es/casemiro/profil/spieler/16306
Ignacio Gómez,Orlando City,ambiguous,0.18,Iñaki Gómez (CF San Agustín) score=0.18 | Nacho Gómez (AD Torrejón CF) score=0.18 | Tomás Gómez (Rangers de Talca) score=0.17,CF San Agustín,https://www.transfermarkt.com/ignacio-gomez/profil/spieler/1291036
Rocco Novo,Inter Miami,not_found,NA,NA,NA,https://www.transfermarkt.com/rocco-rios-novo/profil/spieler/661126
Joyeux Bungi,New York Red Bulls,not_found,NA,NA,NA,https://www.transfermarkt.com/joyeux-masanka-bungi/profil/spieler/990146
Loic Williams,Colorado Rapids,ambiguous,0.18,Loïc Williams (Granada CF) score=0.18 | Loïc Socka Bongué (FC Stade-Lausanne-Ouchy) score=0.16,Granada CF,https://www.transfermarkt.com/loic-williams/profil/spieler/707272
Dan Neil,Sunderland,ambiguous,0.27,Dan Neil (Rangers FC) score=0.27 | Jordan White (Cove Rangers FC) score=0.18 | Jordan Greenidge (Sittingbourne FC) score=0.17,Rangers FC,https://www.transfermarkt.com/dan-neil/profil/spieler/570336
Jacob Larsen,Burnley,ambiguous,0.15,Jacob Larsen (Hundested IK) score=0.15 | Jacob Larsen (Retired) score=0.13 | Hans-Jacob Nesheim (UMBC Retrievers (University of Baltimore)) score=0.12,Hundested IK,https://www.transfermarkt.com/jacob-bruun-larsen/profil/spieler/293281
Igor Julio,West Ham United,ambiguous,0.3,Igor Soares (Retired) score=0.30 | Igor Julio (Brighton & Hove Albion) score=0.18,Retired,https://www.transfermarkt.com/igor-julio/profil/spieler/380350
João Gomes,Wolverhampton Wanderers,ambiguous,0.195652173913043,João Gomes (Aston Villa) score=0.20 | João Gomes (AD Fornos de Algodres) score=0.20 | João Gomes (Galvez EC) score=0.20,Aston Villa,https://www.transfermarkt.com/joao-gomes/profil/spieler/735570
André,Wolverhampton Wanderers,ambiguous,0.273913043478261,Andrew Robertson (Tottenham Hotspur) score=0.27 | André Gomes (Columbus Crew) score=0.23 | Andrés Iniesta (Retired) score=0.16,Tottenham Hotspur,https://www.transfermarkt.com/andre/profil/spieler/800176
Mohamed Amdouni,Burnley,not_found,NA,NA,NA,https://www.transfermarkt.com/zeki-amdouni/profil/spieler/548729
Andrés García,Aston Villa,ambiguous,0.225,Andrés García (CSD Municipal II) score=0.23 | Fernando Méndez (Without Club) score=0.23 | Cristian García (CDM Leandro N. Alem) score=0.20,CSD Municipal II,https://www.transfermarkt.com/andres-garcia/profil/spieler/1063329
Álex Jiménez,AFC Bournemouth,ambiguous,0.24,Álex Jiménez (ACF Fiorentina) score=0.24 | Álex Jiménez (Atlético Onubense) score=0.20 | Alex Jiménez (Without Club) score=0.18,ACF Fiorentina,https://www.transfermarkt.com/alex-jimenez/profil/spieler/741257
Gatlin O'Donkor,Oxford United,not_found,NA,NA,NA,https://www.transfermarkt.com/gatlin-odonkor/profil/spieler/843394
Ashley Phillips,Stoke City,ambiguous,0.211764705882353,Ashley Phillips (Tottenham Hotspur) score=0.21 | Ashley Phillips (Retired) score=0.09,Tottenham Hotspur,https://www.transfermarkt.com/ashley-phillips/profil/spieler/859951
Harry Clarke,Charlton Athletic,ambiguous,0.211764705882353,Harry Clarke (Papamoa FC) score=0.21 | Harry Clarke (Retired) score=0.16 | Harry Clarke (Retired) score=0.16,Papamoa FC,https://www.transfermarkt.com/harry-clarke/profil/spieler/528892
Dan Neil,Ipswich Town,ambiguous,0.15,Dan Neild (Bashley FC) score=0.15 | Jordan Greenidge (Sittingbourne FC) score=0.11 | Dan Neil (Rangers FC) score=0.08,Bashley FC,https://www.transfermarkt.com/dan-neil/profil/spieler/570336
Josh Griffiths,West Bromwich Albion,ambiguous,0.225,Josh Griffiths (Stoke City) score=0.23 | Josh Griffiths (Unknown) score=0.14 | Josh Griffiths (Unknown) score=0.14,Stoke City,https://www.transfermarkt.com/josh-griffiths/profil/spieler/565979
Jesurun Sakyi,Stoke City,not_found,NA,NA,NA,https://www.transfermarkt.com/jesurun-rak-sakyi/profil/spieler/586834
Eric-Junior Bocat,Stoke City,not_found,NA,NA,NA,https://www.transfermarkt.com/eric-junior-bocat/profil/spieler/740529
Issa Kaboré,Wrexham,ambiguous,0.06,Issa Kaboré (Manchester City) score=0.06 | Idrissa Kabore (Unknown) score=0.00,Manchester City,https://www.transfermarkt.com/issa-kabore/profil/spieler/649452
Milos Lukovic,Preston North End,ambiguous,0.211764705882353,Milos Lukovic (Unknown) score=0.21 | Milos Lukovic (RC Strasbourg Alsace) score=0.18,Unknown,https://www.transfermarkt.com/milos-lukovic/profil/spieler/845872
Ben Díaz,Derby County,ambiguous,0.122727272727273,Alex Díaz (Club Ciudad de Bolivar) score=0.12 | Rubén Díaz (Retired) score=0.08 | Rubén Díaz (Retired) score=0.08,Club Ciudad de Bolivar,https://www.transfermarkt.com/ben-brereton-diaz/profil/spieler/426192
Mads Frøkjær,Preston North End,not_found,NA,NA,NA,https://www.transfermarkt.com/mads-frokjaer/profil/spieler/533632
Jacob Zetterström,Derby County,not_found,NA,NA,NA,http://transfermarkt.com/jacob-widell-zetterstrom/profil/spieler/549440
Gustavo Nunes,Swansea City,ambiguous,0.15,Gustavo Nunes (Sampaio Corrêa Futebol e Esporte (RJ)) score=0.15 | Gustavo Nunes (EC Taubaté U20) score=0.12 | Gustavo Scott (Porto Velho Esporte Clube (RO) U20) score=0.08,Sampaio Corrêa Futebol e Esporte (RJ),https://www.transfermarkt.com/gustavo-nunes/profil/spieler/1086375
Abdul Mumin,Rayo Vallecano,ambiguous,0.0642857142857143,Abdul Mumin (Without Club) score=0.06 | Abdul Mumini Salifu (Without Club) score=0.06,Without Club,https://www.transfermarkt.es/abdul-mumin/profil/spieler/451801
Ibrahim Diabate,Deportivo Alavés,ambiguous,0.105882352941176,Ibrahim Diabate (GAIS) score=0.11 | Ibrahim Diabaté (KF Egnatia) score=0.11,GAIS,https://www.transfermarkt.mx/ibrahim-diabate/profil/spieler/620696
Jhon Solís,Girona,ambiguous,0.24,Jhon Solís (Birmingham City) score=0.24 | Jhon Solís (Fortaleza CEIF) score=0.13,Birmingham City,https://www.transfermarkt.es/jhon-solis/profil/spieler/742521
Nicolás Fonseca,Real Oviedo,ambiguous,0.327272727272727,Matías Fonseca (Retired) score=0.33 | Nicolás Fonseca (Club León FC) score=0.14,Retired,https://www.transfermarkt.es/nicolas-fonseca/profil/spieler/462070
Wesley,Real Sociedad,ambiguous,0.276923076923077,Wesley Sneijder (Retired) score=0.28 | Wesley (AS Roma) score=0.28 | Wes Brown (Retired) score=0.28,Retired,https://www.transfermarkt.com/wesley/profil/spieler/1007378
Ezequiel Ávila,Real Betis,ambiguous,0.27,Facundo Ávila (Retired) score=0.27 | Carlos Ávila (Club Deportivo Rincón) score=0.16 | Pedro Ávila (CF Pachuca U21) score=0.06,Retired,https://www.transfermarkt.mx/chimy-avila/profil/spieler/167721
Thiago Fernández,Real Oviedo,ambiguous,0.233333333333333,Thiago Fernández (Racing Club de Montevideo B) score=0.23 | Thiago Fernández (Club Atlético Unión U20) score=0.18 | Thiago Fernández (Club Libertad Asunción) score=0.16,Racing Club de Montevideo B,https://www.transfermarkt.es/thiago-fernandez/profil/spieler/1127730
Nico González,Atlético Madrid,ambiguous,0.28125,Nico González (Retired) score=0.28 | Nico González (Retired) score=0.28 | Nico González (Retired) score=0.28,Retired,https://www.transfermarkt.es/nico-gonzalez/profil/spieler/486031
Julio Díaz,Atlético Madrid,ambiguous,0.28125,Julio Díaz (Retired) score=0.28 | Julio César Díaz (Retired) score=0.28 | Julio Díaz (Sevilla FC) score=0.17,Retired,https://www.transfermarkt.es/julio-diaz/profil/spieler/945753
Miguel Rubio,Espanyol,ambiguous,0.333333333333333,Miguel Rubio (RCD Espanyol Barcelona) score=0.33 | Miguel Rubio (Retired) score=0.00,RCD Espanyol Barcelona,https://www.transfermarkt.com/miguel-rubio/profil/spieler/583510
Hugo González,Celta Vigo,ambiguous,0.3375,Hugo González (RC Celta Fortuna) score=0.34 | Hugo González (CD Eldense B) score=0.23 | Hugo González (Bergantiños FC U19) score=0.19,RC Celta Fortuna,https://www.transfermarkt.mx/hugo-gonzalez/profil/spieler/707279
Unai Gómez,Athletic Club,ambiguous,0.207692307692308,Unai Gómez (Retired) score=0.21 | Unai Gómez (Udinese Calcio) score=0.19,Retired,https://www.transfermarkt.es/unai-gomez/profil/spieler/834752
Maroan Harrouch,Athletic Club,not_found,NA,NA,NA,https://www.transfermarkt.com/maroan-sannadi/profil/spieler/1054934
Álex Forés,Real Oviedo,ambiguous,0.0818181818181818,Alex Forestier (Unknown) score=0.08 | Álex Forés (Villarreal CF) score=0.07,Unknown,https://www.transfermarkt.es/alex-fores/profil/spieler/709380
Kike Garcia,Espanyol,ambiguous,0.333333333333333,Kike García (RCD Espanyol Barcelona) score=0.33 | Kike García (Retired) score=0.00,RCD Espanyol Barcelona,https://www.transfermarkt.com/kike-garcia/profil/spieler/93936
Javi Llabrés,Mallorca,ambiguous,0.2,Javi Llabrés (Burgos CF) score=0.20 | Javi Llabrés (Retired) score=0.11,Burgos CF,https://www.transfermarkt.es/javi-llabres/profil/spieler/706138
José Carmona,Sevilla,ambiguous,0.257142857142857,Salvador Carmona (Retired) score=0.26 | Juanito (Retired) score=0.26 | Juan José Carmona (Retired) score=0.26,Retired,https://www.transfermarkt.es/jose-angel-carmona/profil/spieler/711625
Iñigo de Galarreta,Athletic Club,not_found,NA,NA,NA,https://www.transfermarkt.es/inigo-ruiz-de-galarreta/profil/spieler/126751
Rubén Sánchez,Espanyol,ambiguous,0.333333333333333,Rubén Sánchez (RCD Espanyol Barcelona) score=0.33 | Ruby Sánchez (AD Unión Adarve) score=0.11 | Rubio (Unknown) score=0.11,RCD Espanyol Barcelona,https://www.transfermarkt.es/ruben-sanchez/profil/spieler/705813
Carlos Romero,Espanyol,ambiguous,0.24,David Romero (SSC Weißenfels) score=0.24 | Carlos Romero Palacio (Calcio Meolo) score=0.15 | Carlos Romero (Villarreal CF) score=0.14,SSC Weißenfels,https://www.transfermarkt.com/carlos-romero/profil/spieler/709372
Víctor García,CyD Leonesa,ambiguous,0.327272727272727,Víctor García (SD Huesca) score=0.33 | Victor Garcia Aranguren (City Soccer FC) score=0.19 | Jhonathan García (Universitario Tarija) score=0.09,SD Huesca,https://www.transfermarkt.com/victor-garcia/profil/spieler/195762
Christian Joel,Sporting Gijón,ambiguous,0.342857142857143,Christian Muñoz (Escorpiones de Belén) score=0.34 | Christian Joel (SV Blau-Weiß Farnstädt II) score=0.17 | Christian Merino (CD San Marcos de Jiquilisco) score=0.13,Escorpiones de Belén,https://www.transfermarkt.com/christian-joel/profil/spieler/531373
Homam Al Amin,CyD Leonesa,not_found,NA,NA,NA,https://www.transfermarkt.com/homam-al-amin/profil/spieler/556713
Aleksandar Radovanovic,Real Zaragoza,ambiguous,0.207692307692308,Aleksandar Radovanovic (Retired) score=0.21 | Aleksandar Radovanovic (Trgovacki Sremska Mitrovica) score=0.20 | Aleksandar Radovanovic (Without Club) score=0.00,Retired,https://www.transfermarkt.com/aleksandar-radovanovic/profil/spieler/339501
Milos Lukovic,Las Palmas,ambiguous,0.225,Milos Lukovic (RC Strasbourg Alsace) score=0.23 | Milos Lukovic (Unknown) score=0.00,RC Strasbourg Alsace,https://www.transfermarkt.com/milos-lukovic/profil/spieler/845872
Guilherme Fernandes,Real Valladolid,ambiguous,0.18,Guilherme Fernandes (Retired) score=0.18 | Guilherme Fernandes (Retired) score=0.18 | Luiz Guilherme (Retired) score=0.18,Retired,https://www.transfermarkt.com/guilherme-fernandes/profil/spieler/567504
Óscar Cortés,Sporting Gijón,ambiguous,0.128571428571429,Fernando Cortés (CA Huracán Las Heras) score=0.13 | Óscar Cortés (CA Huracán) score=0.12 | Óscar Cortés (Retired) score=0.12,CA Huracán Las Heras,https://www.transfermarkt.es/oscar-cortes/profil/spieler/975689
Daniel Luna,Huesca,ambiguous,0.225,Jorge Luna (Without Club) score=0.23 | Daniel Luna (RCD Mallorca) score=0.15 | Ángel Luna (FC Racing) score=0.10,Without Club,https://www.transfermarkt.es/daniel-luna/profil/spieler/857830
Jonathan Gómez,Albacete,ambiguous,0.3,Jonathan Gomez (AV Alta Academy) score=0.30 | Jonatan Gómez (CA Sarmiento (Junin)) score=0.20 | Ondina (Retired) score=0.11,AV Alta Academy,https://www.transfermarkt.es/jonathan-gomez/profil/spieler/674501
Alejandro Carrión,Real Valladolid,not_found,NA,NA,NA,https://www.transfermarkt.es/alejandro-galdeano/profil/spieler/1226629
Unax Larrañaga,Real Sociedad B,not_found,NA,NA,NA,https://www.transfermarkt.mx/unax-ayo/profil/spieler/1354770
Juanpa Palomares,Mirandés,not_found,NA,NA,NA,https://www.transfermarkt.es/juan-palomares/profil/spieler/635318
Dani Martín,Huesca,ambiguous,0.225,Dani Martín (Without Club) score=0.23 | Dani Martínez (CD Bezana) score=0.20 | Dani Martinus (COV DESTO Utrecht) score=0.16,Without Club,https://www.transfermarkt.mx/dani-martin/profil/spieler/1099061
Iván Ortega,Las Palmas,not_found,NA,NA,NA,https://www.transfermarkt.es/ivan-medina/profil/spieler/1146037
Enol Rodríguez,Huesca,ambiguous,0.09,Enol Rodriguez (UP Langreo) score=0.09 | Enol Rodríguez (Córdoba CF) score=0.08,UP Langreo,https://www.transfermarkt.es/enol-rodriguez/profil/spieler/699607
Ángel Carvajal,Real Valladolid,ambiguous,0.36,Ángel Carvajal (Real Madrid Castilla) score=0.36 | Ángel Carvajal (Deportes La Serena U21) score=0.16 | Ángel Carvajal (Chacaritas FC U20) score=0.11,Real Madrid Castilla,https://www.transfermarkt.es/angel-carvajal/profil/spieler/948276
Diego Díaz,Racing Santander,ambiguous,0.27,Diego Díaz (UD San Sebastián de los Reyes) score=0.27 | Diego Diaz (Central Norte de Antofagasta) score=0.26 | Diego Díaz (CA Patronato) score=0.23,UD San Sebastián de los Reyes,https://www.transfermarkt.es/diego-diaz/profil/spieler/1106911
Mario García,Racing Santander,ambiguous,0.225,Mario García (CD Quintanar de la Orden) score=0.23 | Mario Muro (CDFC La Calzada) score=0.23 | Mario Pizarraya (Retired) score=0.17,CD Quintanar de la Orden,https://www.transfermarkt.mx/mario-garcia/profil/spieler/889459
Javier Santos,Córdoba CF,ambiguous,0.15,Fabricio Santos (Without Club) score=0.15 | Javi Santos (Retired) score=0.08 | Óscar Santos (Unknown) score=0.08,Without Club,https://www.transfermarkt.com/javi-antras/profil/spieler/1549079
José Caro,Las Palmas,ambiguous,0.1875,Fernando Caro (Centro Gálvez Pariacoto) score=0.19 | Gleider Caro (Without Club) score=0.00,Centro Gálvez Pariacoto,https://www.transfermarkt.mx/jose-antonio-caro/profil/spieler/268946
Aarón Martin,Mirandés,ambiguous,0.234782608695652,Aarón Martin (Churriana de la Vega CF) score=0.23 | Aarón Martín Recio (Retired) score=0.20 | Aaron Martin (Retired) score=0.20,Churriana de la Vega CF,https://www.transfermarkt.mx/aaron-martin/profil/spieler/1270449
Javi Hernández,Mirandés,ambiguous,0.333333333333333,Javi Hernández (CD Leganés) score=0.33 | Javi Hernández (Retired) score=0.20 | Javi Hernández (Retired) score=0.20,CD Leganés,https://www.transfermarkt.es/javi-hernandez/profil/spieler/946279
Juan Gutiérrez,Mirandés,ambiguous,0.2,Juanito (Retired) score=0.20 | José Juan (Retired) score=0.20 | Juan Diego Gutiérrez (Retired) score=0.20,Retired,https://www.transfermarkt.es/juan-gutierrez/profil/spieler/531121
Etienne Eto'o,Mirandés,ambiguous,0.2,Etienne Eto'o (Retired) score=0.20 | Etienne Eto'o (Rayo Vallecano) score=0.13,Retired,https://www.transfermarkt.com/etienne-etoo/profil/spieler/707359
Diego García,Leganés,ambiguous,0.225,Diego Garcia (US San Salvo) score=0.23 | Diego García (CD Palestino U21) score=0.23 | Alex Diego (Sporting Atlético) score=0.20,US San Salvo,https://www.transfermarkt.es/diego-garcia/profil/spieler/852727
Javi Moreno,Albacete,ambiguous,0.4,Javi Moreno (Albacete Balompié) score=0.40 | Javi Moreno (UD Maracena) score=0.25 | Javi Moreno (Real Murcia CF) score=0.19,Albacete Balompié,https://www.transfermarkt.mx/javi-moreno/profil/spieler/636360
Aisar Ahmed,AD Ceuta FC,ambiguous,0.15,Kaisar Ahmed Bhat (Without Club) score=0.15 | Aisar Ahmed (Real Oviedo) score=0.00,Without Club,https://www.transfermarkt.com/aisar-ahmed/profil/spieler/817753
Lucas Pérez,Cádiz,ambiguous,0.24,Lucas Pérez Godoy (CASD Camioneros) score=0.24 | Lucas Pérez (AD Alcorcón) score=0.15 | Lucas Perez (Independiente Juniors) score=0.09,CASD Camioneros,https://www.transfermarkt.es/lucas-perez/profil/spieler/73185
Pelayo Fernández,Cádiz,ambiguous,0.128571428571429,Pelayo Fernández (Rayo Vallecano) score=0.13 | Pelayo Fernández (Unknown) score=0.00,Rayo Vallecano,https://www.transfermarkt.es/pelayo-fernandez/profil/spieler/692208
Fabio García,Albacete,ambiguous,0.327272727272727,Fabio García (Albacete Balompié U19) score=0.33 | Fabio Garcia (Club Deportivo Torre Fuerte) score=0.17 | Fabio García (Atlético Florida) score=0.16,Albacete Balompié U19,https://www.transfermarkt.es/fabio-garcia/profil/spieler/1551341
José Lazo,Albacete,not_found,NA,NA,NA,https://www.transfermarkt.es/jose-carlos-lazo/profil/spieler/282410
Íker García,Granada,ambiguous,0.5,Íker García (Recreativo Granada) score=0.50 | Iker García (CF Peralada) score=0.41 | Iker García (Arenas Club) score=0.25,Recreativo Granada,https://www.transfermarkt.es/iker-garcia/profil/spieler/1305049
Álex Rubio,Albacete,ambiguous,0.4,Álex Rubio (Albacete Balompié) score=0.40 | Álex Rubio (CD Caspe) score=0.11 | Álex Rubio (Without Club) score=0.08,Albacete Balompié,https://www.transfermarkt.es/alex-rubio/profil/spieler/1151630
Ro Abajas,Huesca,ambiguous,0.225,Ro Abajas (Without Club) score=0.23 | Alvin Abajas (SD Ponferradina) score=0.12,Without Club,https://www.transfermarkt.es/ro-abajas/profil/spieler/949116
Juan Sebastián,Real Zaragoza,ambiguous,0.257142857142857,Sebastián Herrera (Fortaleza CEIF) score=0.26 | Juan Sebastián Verón (Retired) score=0.21 | Juan Sforza (CA Talleres) score=0.21,Fortaleza CEIF,https://www.transfermarkt.es/juan-sebastian/profil/spieler/708499
Álex Fernández,Cádiz,ambiguous,0.2,Alexander Fernández (CA Boca Juniors II) score=0.20 | Álex Fernández (UCAM Murcia CF) score=0.19 | Álex Fernández (Dibba Al-Hisn SC) score=0.17,CA Boca Juniors II,https://www.transfermarkt.es/alex-fernandez/profil/spieler/89733
Chuki,Real Valladolid,ambiguous,0.18,Bachuki Kokaia (Retired) score=0.18 | Albert Shchukin (Retired) score=0.18 | Yaroslav Shchukin (Retired) score=0.18,Retired,https://www.transfermarkt.es/chuki/profil/spieler/926763
Xavi Moreno,Real Valladolid,ambiguous,0.24,Xavi Moreno (CE Sabadell FC) score=0.24 | Xavi Moreno (Deportivo Garcilaso) score=0.19,CE Sabadell FC,https://www.transfermarkt.es/xavi-moreno/profil/spieler/709971
Íñigo Sainz-Maza,Racing Santander,not_found,NA,NA,NA,transfermarkt.es/inigo-sainz-maza/profil/spieler/522730
Izan González,Granada,ambiguous,0.4,Izan González (Girona FC) score=0.40 | Izan González (Coruxo FC) score=0.10 | Izan Gonzalez Garcia (Inter Club d'Escaldes Juvenil) score=0.09,Girona FC,https://www.transfermarkt.es/izan-gonzalez/profil/spieler/1060024
Carlos Isaac,Córdoba CF,ambiguous,0.171428571428571,Carlos Isaac Eugui Mora (Fortuna Babelsberg II) score=0.17 | Carlos Isaac (Widzew Lodz) score=0.00,Fortuna Babelsberg II,https://www.transfermarkt.mx/carlos-isaac/profil/spieler/396324
Iván Gil,Las Palmas,ambiguous,0.18,Iván Gil (SD Eibar) score=0.18 | Ivan Giljanovic (NK Banjole) score=0.09 | Ivan Gilic-Kuko (NK Hrvace) score=0.09,SD Eibar,https://www.transfermarkt.es/ivan-gil/profil/spieler/611075
Jordi Martín,Huesca,ambiguous,0.225,Jordi Osei-Tutu (Without Club) score=0.23 | Jordi Martínez (Without Club) score=0.23 | Jordi Martínez (CE Principat) score=0.15,Without Club,https://www.transfermarkt.es/jordi-martin/profil/spieler/537763
Luís Balbo,Fiorentina,ambiguous,0.225,Luís Estefano (AR São Martinho) score=0.23 | Luis Balbontín (Selección de Juan Fernández) score=0.19 | Luis Balbo (SK Sturm Graz) score=0.07,AR São Martinho,https://www.transfermarkt.com/luis-balbo/profil/spieler/1012731
Konan N’Dri,Lecce,not_found,NA,NA,NA,https://www.transfermarkt.com/konan-ndri/profil/spieler/649490
Thórir Helgason,Lecce,not_found,NA,NA,NA,https://www.transfermarkt.com/thorir-johann-helgason/profil/spieler/488996
Milan Djuric,Parma Calcio 1913,ambiguous,0.158823529411765,Milan Djuric (US Cremonese) score=0.16 | Milan Djuric (FK Temnic 1924 Varvarin) score=0.12 | Milan Djuricic (FK Radjevac Krupanj) score=0.09,US Cremonese,https://www.transfermarkt.com/milan-djuric/profil/spieler/67556
Eddy Kouadio,Fiorentina,ambiguous,0.18,Eddy Kouadio (AC Monza) score=0.18 | Yann Freddy Kouadio (Without Club) score=0.15,AC Monza,https://www.transfermarkt.com/eddy-kouadio/profil/spieler/957822
Matteo Cocchi,Inter Milan,ambiguous,0.117391304347826,Matteo Cocchi (ASD Calcio Zola Predosa) score=0.12 | Matteo Cocchi (Calcio Padova) score=0.07,ASD Calcio Zola Predosa,https://www.transfermarkt.com/matteo-cocchi/profil/spieler/988987
Romano Mussolini,Cremonese,not_found,NA,NA,NA,https://www.transfermarkt.com/romano-floriani-mussolini/profil/spieler/708086
Vanja Savić,Napoli,not_found,NA,NA,NA,https://www.transfermarkt.com/vanja-milinkovic-savic/profil/spieler/257474
Albert Grønbæk,Genoa,not_found,NA,NA,NA,https://www.transfermarkt.com/albert-gronbaek/profil/spieler/503866
Álex Jiménez,AC Milan,ambiguous,0.321428571428571,Álex Jiménez (ACF Fiorentina) score=0.32 | Álex Jiménez (Arandina CF) score=0.25 | Álex Jiménez (Atlético Onubense) score=0.20,ACF Fiorentina,https://www.transfermarkt.es/alex-jimenez/profil/spieler/741257
Salim Diakité,Juve Stabia,ambiguous,0.163636363636364,Salim Diakité (SM Caen) score=0.16 | Salim Diakité (Palermo FC) score=0.08,SM Caen,https://www.transfermarkt.com/salim-diakite/profil/spieler/696550
Alfred Gomis,Palermo,ambiguous,0.163636363636364,Alfred Gomis (Casa Sports) score=0.16 | Alfred Gomis (Teungueth FC) score=0.08 | Alfred Gomis (Without Club) score=0.00,Casa Sports,https://www.transfermarkt.com/alfred-gomis/profil/spieler/163568
Rareș Ilie,Empoli,ambiguous,0.2,Rareș Iliescu (CS Blejoi) score=0.20 | Rareș Ilie (OGC Nice) score=0.11,CS Blejoi,https://www.transfermarkt.com/rares-ilie/profil/spieler/812654
Lorenzo Sgarbi,Delfino Pescara 1936,ambiguous,0.27,Filippo Sgarbi (Calcio Padova) score=0.27 | Lorenzo Sgarbi (SSC Napoli) score=0.14,Calcio Padova,https://www.transfermarkt.com/lorenzo-sgarbi/profil/spieler/535797
Emanuele Lorenzelli,Spezia,not_found,NA,NA,NA,https://www.transfermarkt.com/emmanuele-lorenzelli/profil/spieler/1089767
Nikola Sekulov,Carrarese Calcio 1908,ambiguous,0.128571428571429,Nikola Sekulov (UC Sampdoria) score=0.13 | Nikola Sekulov (Retired) score=0.13 | Nikola Sekulovic (Unknown) score=0.04,UC Sampdoria,https://www.transfermarkt.com/nikola-sekulov/profil/spieler/542336
Alessandro Arena,Carrarese Calcio 1908,ambiguous,0.171428571428571,Alessandro Arena (SS Arezzo) score=0.17 | Alessandro Arena (Without Club) score=0.13,SS Arezzo,https://www.transfermarkt.com/alessandro-arena/profil/spieler/678645
Alessandro Boi,Calcio Padova,ambiguous,0.0692307692307692,Alessandro Boi (Without Club) score=0.07 | Alessandro Boinega (Unknown) score=0.07,Without Club,https://www.transfermarkt.com/alessandro-boi/profil/spieler/1050889
Nosa Obaretin,Empoli,not_found,NA,NA,NA,https://www.transfermarkt.com/nosa-edward-obaretin/profil/spieler/704456
Maat Caprini,Mantova,not_found,NA,NA,NA,https://www.transfermarkt.com/maat-daniel-caprini/profil/spieler/996453
Fabio Ruggeri,Carrarese Calcio 1908,not_found,NA,NA,NA,https://www.transfermarkt.com/fabio-andrea-ruggeri/profil/spieler/748720
Gennaro Acampora,Delfino Pescara 1936,ambiguous,0.27,Gennaro Acampora (Asd Puteolana 1902) score=0.27 | Gennaro Acampora (Without Club) score=0.09,Asd Puteolana 1902,https://www.transfermarkt.com/gennaro-acampora/profil/spieler/230826
Franck Tsadjout,Delfino Pescara 1936,not_found,NA,NA,NA,https://www.transfermarkt.com/frank-tsadjout/profil/spieler/392545
Yeferson Paz,Reggiana,ambiguous,0,Yeferson Paz (US Sassuolo) score=0.00 | Yeferson Paz (Without Club) score=0.00,US Sassuolo,https://www.transfermarkt.com/yeferson-paz/profil/spieler/655525
Rav den,FC Köln,not_found,NA,NA,NA,https://www.transfermarkt.com/rav-van-den-berg/profil/spieler/640556
Haris Tabakovic,Borussia Mönchengladbach,ambiguous,0.144,Haris Tabakovic (Red Bull Salzburg) score=0.14 | Haris Tabakovic (Kremser SC) score=0.14,Red Bull Salzburg,https://www.transfermarkt.com/haris-tabakovic/profil/spieler/203123
Jovan Milosevic,Werder Bremen,ambiguous,0.1125,Jovan Milosevic (FK Sloga Maradik) score=0.11 | Jovan Milošević (OFK Petrovac U19) score=0.11 | Jovan Milosevic (FK Sutjeska Foca) score=0.06,FK Sloga Maradik,https://www.transfermarkt.com/jovan-milosevic/profil/spieler/943795
Vaclav Cerny,Wolfsburg,ambiguous,0.0818181818181818,Vaclav Cerny (FC Chomutov) score=0.08 | Vaclav Cerny (Besiktas JK) score=0.00 | Vaclav Cerny (Retired) score=0.00,FC Chomutov,https://www.transfermarkt.com/vaclav-cerny/profil/spieler/242063
Omar Traoré,FC Heidenheim,ambiguous,0.138461538461538,Omar Traore dit Rigal (Retired) score=0.14 | Cheick Traoré (Paris 13 Atletico) score=0.11 | Omar Traoré (Watford FC) score=0.07,Retired,https://www.transfermarkt.com/omar-traore/profil/spieler/388294
Maximilian Philipp,Freiburg,ambiguous,0.142105263157895,Maximilian Waack (FC-Astoria Walldorf) score=0.14 | Maximilian Philipp (Without Club) score=0.08,FC-Astoria Walldorf,https://www.transfermarkt.com/maximilian-philipp/profil/spieler/143891
Albert Grønbæk,Hamburger SV,not_found,NA,NA,NA,https://www.transfermarkt.com/albert-gronbaek/profil/spieler/503866
Jakub Kaminski,FC Köln,ambiguous,0.15,Jakub Kaminski (Without Club) score=0.15 | Jakub Kaminski (Without Club) score=0.15 | Jakub Kamiński (SL Benfica) score=0.09,Without Club,https://www.transfermarkt.com/jakub-kaminski/profil/spieler/407098
Ji-Soo Kim,Kaiserslautern,ambiguous,0.105882352941176,Ji-soo Kim (Jeonju University) score=0.11 | Ji-soo Kim (Brentford FC) score=0.06 | Ji-su Kim (Unknown) score=0.06,Jeonju University,https://www.transfermarkt.com/ji-soo-kim/profil/spieler/709767
Maximilian Dietz,Greuther Fürth,ambiguous,0.24,Maximilian Dietze (Career break) score=0.24 | Maximilian Dietz (Górnik Zabrze) score=0.18 | Maximilian Dietz (TuS Bedesbach-Patersbach) score=0.15,Career break,https://www.transfermarkt.com/maximilian-dietz/profil/spieler/515964
Mathias Olesen,Greuther Fürth,ambiguous,0.135,Mathias Olesen (Sönderjyske Fodbold) score=0.14 | Mathias Olesen (Fredensborg BI) score=0.12,Sönderjyske Fodbold,https://www.transfermarkt.com/mathias-olesen/profil/spieler/490581
Brynjar Bjarnason,Greuther Fürth,not_found,NA,NA,NA,https://www.transfermarkt.com/brynjar-ingi-bjarnason/profil/spieler/569171
Moussa Ndiaye,Schalke 04,ambiguous,0.257142857142857,Moussa Ndiaye (RSC Anderlecht) score=0.26 | Moussa Ndiaye (Calcio Valcalepio) score=0.21 | Almike N'Diaye (AS Cannes) score=0.18,RSC Anderlecht,https://www.transfermarkt.com/moussa-ndiaye/profil/spieler/649022
Marin Ljubicic,Fortuna Düsseldorf,ambiguous,0.142105263157895,Marin Ljubicic (1.FC Union Berlin) score=0.14 | Marin Ljubicic (NK Neretvanac Opuzen) score=0.09,1.FC Union Berlin,https://www.transfermarkt.com/marin-ljubicic/profil/spieler/838236
Kofi Amoako,Dynamo Dresden,ambiguous,0.192857142857143,Kofi Amoako (Hamburger SV) score=0.19 | Kofi Amoako (Retired) score=0.19 | George Amoako (AS OTR) score=0.13,Hamburger SV,https://www.transfermarkt.com/kofi-amoako/profil/spieler/814950
Kenny-Prince Redondo,Kaiserslautern,not_found,NA,NA,NA,https://www.transfermarkt.com/kenny-prince-redondo/profil/spieler/196147
Tim Dietrich,Schalke 04,ambiguous,0.346153846153846,Tim Dietrich (FC Balzers II) score=0.35 | Tim Dietrich (Preußen Münster) score=0.11,FC Balzers II,https://www.transfermarkt.com/tim-dietrich/profil/spieler/521412
Leon Bell,Eintracht Braunschweig,ambiguous,0.204545454545455,Leon Bell Bell (Without Club) score=0.20 | Leon Bell (Retired) score=0.16 | Santiago León (LD Alajuelense Youth) score=0.08,Without Club,https://www.transfermarkt.com/leon-bell-bell/profil/spieler/232355
Hans Bernat,Karlsruher SC,not_found,NA,NA,NA,https://www.transfermarkt.com/hans-christian-bernat/profil/spieler/400535
Felipe Sánchez,Schalke 04,ambiguous,0.346153846153846,Andrés Sánchez (SV Wersten 04) score=0.35 | Juanfe Sánchez (CD San Serván) score=0.19 | Andrés Sánchez (CD Olmedo) score=0.18,SV Wersten 04,https://www.transfermarkt.com/felipe-sanchez/profil/spieler/1103940
Boubacar Traoré,Metz,ambiguous,0.257142857142857,Boubacar Traoré (Retired) score=0.26 | Boubacar Traoré (MC Oran) score=0.13 | Boubacar Traoré (Wolverhampton Wanderers) score=0.08,Retired,https://www.transfermarkt.com/boubacar-traore/profil/spieler/649020
Jonathan Rowe,Olympique de Marseille,ambiguous,0.122727272727273,Jonathan Rowe (Bologna FC 1909) score=0.12 | Jonathan Rowell (Retired) score=0.12 | Luke Rowe (Rugby Borough) score=0.12,Bologna FC 1909,https://www.transfermarkt.com/jonathan-rowe/profil/spieler/672381
Amir Murillo,Olympique de Marseille,ambiguous,0.122727272727273,Amir Murillo (Besiktas JK) score=0.12 | Javier Murillo (UMECIT FC) score=0.12,Besiktas JK,https://www.transfermarkt.com/amir-murillo/profil/spieler/354482
Juma Bah,OGC Nice,ambiguous,0.18,Juma Bah (Manchester City) score=0.18 | Samba Juma Bah (Diamond Stars FC) score=0.11,Manchester City,https://www.transfermarkt.com/juma-bah/profil/spieler/1121298
Emmanuel Lago,Olympique de Marseille,not_found,NA,NA,NA,https://www.transfermarkt.com/ange-lago/profil/spieler/1117771
Jean Gbamin,Metz,not_found,NA,NA,NA,https://www.transfermarkt.com/jean-philippe-gbamin/profil/spieler/182894
Fodé Ballo-Touré,Metz,not_found,NA,NA,NA,https://www.transfermarkt.com/fode-ballo-toure/profil/spieler/296422
Saliou Diop,Stade Brestois,ambiguous,0.331578947368421,Saliou Diop (Stade Pontivyen U19) score=0.33 | Saliou Diop (Akademisk Boldklub) score=0.25 | Serigne Saliou Diop (SC Bastia U19) score=0.13,Stade Pontivyen U19,https://www.transfermarkt.com/saliou-diop/profil/spieler/1237907
Youssef El Arabi,Nantes,not_found,NA,NA,NA,https://www.transfermarkt.com/youssef-el-arabi/profil/spieler/96533
Pierre Lees-Melou,Stade Brestois,not_found,NA,NA,NA,https://www.transfermarkt.com/pierre-lees-melou/profil/spieler/377393
Mohamed Meïté,Rennes,not_found,NA,NA,NA,https://www.transfermarkt.com/kader-meite/profil/spieler/1141560
Pierre Lees-Melou,Paris FC,not_found,NA,NA,NA,https://www.transfermarkt.com/pierre-lees-melou/profil/spieler/377393
Ibrahim Kanté,Stade Brestois,ambiguous,0.192857142857143,Ibrahim Kante (Retired) score=0.19 | Ibrahim Kante Ndaw (Unknown) score=0.06,Retired,https://www.transfermarkt.com/ibrahim-yayiya-kante/profil/spieler/1131159
Amadou Cissé,Strasbourg,ambiguous,0.225,Mahamadou Cissé (Swift Hesperange) score=0.23 | Mahamadou Cisse (Saint-Brice FC) score=0.13 | Mamadou Cissé (FC Vallorbe-Ballaigues) score=0.12,Swift Hesperange,https://www.transfermarkt.com/amadou-cisse/profil/spieler/1189317
Sebastian Szymanski,Rennes,ambiguous,0.385714285714286,Sebastian Szymanski (Retired) score=0.39 | Sebastian Szymanski (Stade Rennais FC) score=0.28,Retired,https://www.transfermarkt.com/sebastian-szymanski/profil/spieler/320748
Gero Rulli,Olympique de Marseille,not_found,NA,NA,NA,https://www.transfermarkt.com/geronimo-rulli/profil/spieler/229604
Anselmo MacNulty,PEC Zwolle,not_found,NA,NA,NA,https://www.transfermarkt.com/anselmo-garcia-macnulty/profil/spieler/631904
Ajdin Hrustić,Heracles Almelo,ambiguous,0.18,Ajdin Hrustic (Retired) score=0.18 | Ajdin Hrustic (Al-Nasr SC (UAE)) score=0.12,Retired,https://www.transfermarkt.com/ajdin-hrustic/profil/spieler/265625
Amourricho Dongen,SC Heerenveen,not_found,NA,NA,NA,https://www.transfermarkt.com/amourricho-van-axel-dongen/profil/spieler/704773
Jochem van de Kamp,Telstar,not_found,NA,NA,NA,https://www.transfermarkt.com/jochem-ritmeester-van-de-kamp/profil/spieler/865281
Giulliano Cairo,Excelsior,not_found,NA,NA,NA,https://www.transfermarkt.com/guilliano-cairo/profil/spieler/1175060
Bruno Indi,Sparta Rotterdam,not_found,NA,NA,NA,https://www.transfermarkt.com/bruno-martins-indi/profil/spieler/112052
Giannino  Vianello,Sparta Rotterdam,not_found,NA,NA,NA,https://www.transfermarkt.com/giannino-vianello/profil/spieler/1102425
Alen Halilovic,Fortuna Sittard,ambiguous,0.18,Alen Halilovic (Retired) score=0.18 | Alen Halilovic (Without Club) score=0.06 | Alen Halilovic (Without Club) score=0.06,Retired,https://www.transfermarkt.com/alen-halilovic/profil/spieler/226074
Horemans sieves,FC Utrecht,not_found,NA,NA,NA,https://www.transfermarkt.com/siebe-horemans/profil/spieler/314915
Joseph Opoku,Zulte Waregem,ambiguous,0.2,Joseph Opoku (FK Leotar Trebinje) score=0.20 | Joseph Opoku (Swansea City) score=0.07,FK Leotar Trebinje,https://www.transfermarkt.com/joseph-opoku/profil/spieler/1310437
Marwan Al-Sahafi,Antwerp,not_found,NA,NA,NA,https://www.transfermarkt.com/marwan-al-sahafi/profil/spieler/1057857
Modibo Fofana,Antwerp,ambiguous,0.0947368421052632,Modibo Fofana (JMG Academy Abidjan) score=0.09 | Modibo Fofana (FC Drouais) score=0.00,JMG Academy Abidjan,
David Bates,Standard Liège,ambiguous,0.18,David Bates (Amed SK) score=0.18 | Matthew Bates (Retired) score=0.18,Amed SK,https://www.transfermarkt.com/david-bates/profil/spieler/272539
Aleksandar Stanković,Club Brugge,ambiguous,0.163636363636364,Aleksandar Stankovic (OFK Vrsac) score=0.16 | Aleksandar Stankovic (1.SC 1911 Heiligenstadt) score=0.16 | Aleksandar Stankovic (Pusta Reka Bojnik) score=0.11,OFK Vrsac,https://www.transfermarkt.com/aleksandar-stankovic/profil/spieler/780136
Enis Destan,Westerlo,ambiguous,0.124137931034483,Enis Destanovski (FK Jugoslavija Wuppertal 1975) score=0.12 | Enis Destan (Hull City) score=0.00,FK Jugoslavija Wuppertal 1975,https://www.transfermarkt.com/enis-destan/profil/spieler/699980
Mauricio Benítez,Antwerp,ambiguous,0.135,Mauricio Benítez (Colón FC de Uruguay) score=0.14 | Mauricio Benítez (CA Boca Juniors) score=0.12,Colón FC de Uruguay,https://www.transfermarkt.com/mauricio-benitez/profil/spieler/1055055
Adjani Bia,RSC Anderlecht,not_found,NA,NA,NA,https://www.transfermarkt.com/mauricio-benitez/profil/spieler/1055055
Joshua-Williame Kana,RSC Anderlecht,not_found,NA,NA,NA,https://www.transfermarkt.com/joshua-nga-kana/profil/spieler/1232103
Victoir N'Zelo,Dender,not_found,NA,NA,NA,https://www.transfermarkt.com/victoir-lembi/profil/spieler/1528441
Thomas Keybus,Westerlo,not_found,NA,NA,NA,https://www.transfermarkt.com/thomas-van-den-keybus/profil/spieler/502298
Moyé Souanga,OH Leuven,not_found,NA,NA,NA,https://www.transfermarkt.com/christ-souanga/profil/spieler/981118
Lee Hyun-Ju,FC Arouca,not_found,NA,NA,NA,https://www.transfermarkt.com/hyun-ju-lee/profil/spieler/709166
Jordan,Tondela,ambiguous,0.225,Anthony Martial (Without Club) score=0.23 | Jordan Henderson (Without Club) score=0.23 | Jordan Amavi (Without Club) score=0.23,Without Club,https://www.transfermarkt.com/jordan/profil/spieler/355369
Alex Sola,Estrela Amadora,ambiguous,0.18,Álex Sola (UD Almería) score=0.18 | Alex Sola (Ironi Kiryat Shmona) score=0.14,UD Almería,https://www.transfermarkt.com/alex-sola/profil/spieler/1216111
Zakaria Kessary,Alverca,not_found,NA,NA,NA,https://www.transfermarkt.com/zakaria-kassary/profil/spieler/1245251
Nabili Touaizi,Alverca,not_found,NA,NA,NA,https://www.transfermarkt.com/nabil-touaizi/profil/spieler/487180
Anthony Carter,Santa Clara,ambiguous,0.163636363636364,Anthony Carter (FC Vizela) score=0.16 | Darren Carter (Retired) score=0.08,FC Vizela,https://www.transfermarkt.com/anthony-carter/profil/spieler/303385
Jonathan Mutombo,Gil Vicente,ambiguous,0.236842105263158,Jonathan Mutombo (SC União Torreense) score=0.24 | Jonathan Mutombo (Olympique Rovenain U19) score=0.16,SC União Torreense,https://www.transfermarkt.com/jonathan-mutombo/profil/spieler/721952
Vasconcelos,Sporting Braga,ambiguous,0.39375,Jesús Gallardo (Deportivo Toluca) score=0.39 | Gabriel (Esporte Clube Vitória) score=0.29 | Breno Lopes (Coritiba Foot Ball Club) score=0.20,Deportivo Toluca,https://www.transfermarkt.com/vasconcelos/profil/spieler/898715
João Carvalho,Sporting Braga,ambiguous,0.3375,João Carvalho (GD Estoril Praia) score=0.34 | João Carvalho (SC Braga B) score=0.33 | João Carvalho (Sobradinho EC U20) score=0.26,GD Estoril Praia,https://www.transfermarkt.com/joao-carvalho/profil/spieler/929868
Pedro Carvalho,Estoril,ambiguous,0.39375,Pedro Carvalho (GD Estoril Praia) score=0.39 | Pintassilgo (Retired) score=0.26 | Pedro Carvalho (Retired) score=0.26,GD Estoril Praia,https://www.transfermarkt.com/pedro-carvalho/profil/spieler/1072238
Mika,Moreirense,ambiguous,0.36,Mikaël Silvestre (Retired) score=0.36 | Mikael Nilsson (Retired) score=0.36 | Kim Källström (Retired) score=0.36,Retired,https://www.transfermarkt.com/mika/profil/spieler/138285
João Resende,Estrela Amadora,ambiguous,0.18,João Resende (Retired) score=0.18 | João Resende (SC Farense) score=0.12,Retired,https://www.transfermarkt.com/joao-resende/profil/spieler/575715
Benny,Moreirense,ambiguous,0.36,Benny Nielsen (Retired) score=0.36 | Benjamin Auer (Retired) score=0.36 | Joe Corona (Retired) score=0.36,Retired,https://www.transfermarkt.com/benny/profil/spieler/450790
Nilton,Estrela Amadora,ambiguous,0.18,Nilton (Retired) score=0.18 | Anilton Júnior (Retired) score=0.18 | Rivan (Retired) score=0.18,Retired,https://www.transfermarkt.com.ar/nilton/profil/spieler/681829
Eduardo Manuel de Freitas Monteiro Ferreira ,Sporting CP,not_found,NA,NA,NA,https://www.transfermarkt.com/eduardo-felicissimo/profil/spieler/1081566
Miguel Sousa,Casa Pia AC,ambiguous,0.327272727272727,Guito Madureira (AD Baião) score=0.33 | Bruno Faria (CD Ribeira Brava) score=0.28 | Miguel Sousa (Leixões SC) score=0.25,AD Baião,https://www.transfermarkt.com/miguel-sousa/profil/spieler/587107
José Silva,FC Arouca,ambiguous,0.327272727272727,Ricardo Fernandes (FC Shamakhi) score=0.33 | Zé Gabriel (Sport Club do Recife) score=0.14 | Bosingwa (Retired) score=0.10,FC Shamakhi,https://www.transfermarkt.com/jose-silva/profil/spieler/1102159
Paulo Moreira,Estrela Amadora,ambiguous,0.18,Paulinho (Retired) score=0.18 | Caleiro (Retired) score=0.18 | Paulo Moreira (FC Grand-Saconnex) score=0.16,Retired,https://www.transfermarkt.com/paulo-moreira/profil/spieler/375392
Gonçalo Costa,Estoril,ambiguous,0.39375,Gonçalo Costa (GD Estoril Praia) score=0.39 | Gonçalo (Retired) score=0.26 | Relvão (Retired) score=0.26,GD Estoril Praia,https://www.transfermarkt.com/goncalo-costa/profil/spieler/383014
Tiago Parente,Estoril,ambiguous,0.39375,Tiago Parente (GD Estoril Praia) score=0.39 | Tiago Parente (SL Benfica B) score=0.08,GD Estoril Praia,https://www.transfermarkt.com/tiago-parente/profil/spieler/925417
João Afonso,Santa Clara,ambiguous,0.2,João Morgado (Jeunesse Useldange) score=0.20 | João Ferreira (Quarteirense Futebol SAD) score=0.19 | João Afonso (CD Tondela) score=0.16,Jeunesse Useldange,https://www.transfermarkt.com/joao-afonso/profil/spieler/1083369
Rodrigo Rêgo,Benfica,ambiguous,0.0818181818181818,Rodrigo Rêgo (AD Marco 09) score=0.08 | Rodrigo Rêgo (CD Castellón) score=0.07,AD Marco 09,https://www.transfermarkt.com/rodrigo-rego/profil/spieler/984544
Florentino,Benfica,ambiguous,0.18,Florentino (Burnley FC) score=0.18 | Gabriel Florentino (Inter Miami CF Academy) score=0.16 | Álvaro Pérez (Retired) score=0.13,Burnley FC,https://www.transfermarkt.com/florentino/profil/spieler/357162
Kiki,AVS,ambiguous,0.128571428571429,Christopher Martins (Spartak Moscow) score=0.13 | David Kiki (FC Voluntari) score=0.08 | Kiki Kouyaté (Al-Khaleej FC) score=0.07,Spartak Moscow,https://www.transfermarkt.com/kiki/profil/spieler/270055
Gian Cabezas,Alverca,ambiguous,0.207692307692308,Gian Cabezas (Athletic Club) score=0.21 | Gian Cabezas (Deportivo Pasto U20) score=0.09,Athletic Club,https://www.transfermarkt.com/gian-cabezas/profil/spieler/873528
Tchamba,Casa Pia AC,ambiguous,0.346153846153846,Ilan Essola Tchamba (SC Bastia U19) score=0.35 | Boris Tchamba (Al-Nasiriyah FC) score=0.30 | Donovan Tchamba (Penya Encarnada d'Andorra) score=0.18,SC Bastia U19,https://www.transfermarkt.com/tchamba/profil/spieler/490760
Tiago Hernández,AVS,ambiguous,0.128571428571429,Santi Hernández (Leça FC) score=0.13 | Santiago Hernández (Alebrijes de Oaxaca II) score=0.08 | José Hernández (Querétaro FC) score=0.07,Leça FC,https://www.transfermarkt.es/tiago-hernandez/profil/spieler/747810
Alan Núñez,Nacional,ambiguous,0.15,Alan Núñez (Without Club) score=0.15 | Mauricio Catalán (Deportes Rancagua) score=0.11 | Alan Núñez (Club Cerro Porteño) score=0.09,Without Club,https://www.transfermarkt.es/alan-nunez/profil/spieler/912703
Diego Duarte,AVS,ambiguous,0.0857142857142857,Diego Duarte (River Plate Asunción) score=0.09 | Diego Duarte (Internacional de Bogotá) score=0.04 | Diego Duarte (FC Metz B) score=0.00,River Plate Asunción,https://www.transfermarkt.es/diego-duarte/profil/spieler/661243
Darlan,Santa Clara,ambiguous,0.21,Darlan (Sociedade Esportiva do Gama (DF)) score=0.21 | Darlan (Goiás Esporte Clube U20) score=0.19 | Darlan (Andirá EC) score=0.16,Sociedade Esportiva do Gama (DF),https://www.transfermarkt.com/darlan/profil/spieler/570582
Naves,Alverca,ambiguous,0.245454545454545,Naves (Club Necaxa) score=0.25 | Dag Navestad (Retired) score=0.13 | Luca (Retired) score=0.13,Club Necaxa,https://www.transfermarkt.com/naves/profil/spieler/964591
Clayton,Rio Ave,ambiguous,0.245454545454545,Clayton (PERSIS Solo) score=0.25 | Adam Clayton (Without Club) score=0.23 | Clayton (Olympiacos Piraeus) score=0.20,PERSIS Solo,https://www.transfermarkt.com/clayton/profil/spieler/733579
Kaique Pereira,Nacional,ambiguous,0.155172413793103,Kaique Pereira (Sociedade Esportiva Palmeiras) score=0.16 | Kaique Pereira (Londrina EC (PR) U20) score=0.15,Sociedade Esportiva Palmeiras,https://www.transfermarkt.com/kaique-pereira/profil/spieler/964590
Hevertton,Gil Vicente,ambiguous,0.142105263157895,Hevertton (Queens Park Rangers) score=0.14 | Pop (Tanabi EC (SP) U20) score=0.11,Queens Park Rangers,https://www.transfermarkt.com/hevertton/profil/spieler/695121
Bernardo,Tondela,ambiguous,0.225,Paul Bernardoni (Without Club) score=0.23 | Bernardo (TSG 1899 Hoffenheim) score=0.19 | Gonçalo Inácio (Sporting CP) score=0.16,Without Club,https://www.transfermarkt.es/bernardo/profil/spieler/719646
Fabiano,Moreirense,ambiguous,0.36,Luís Fabiano (Retired) score=0.36 | Fabiano Eller (Retired) score=0.36 | Leonardo Silva (Retired) score=0.36,Retired,https://www.transfermarkt.com/fabiano/profil/spieler/657387
Isaac,Santa Clara,ambiguous,0.192857142857143,Finn Azaz (Southampton FC) score=0.19 | Isi Palazón (Rayo Vallecano) score=0.19 | Isaac (Club Athletico Paranaense) score=0.18,Southampton FC,https://www.transfermarkt.com/isaac/profil/spieler/965613
Andrey,Santa Clara,ambiguous,0.39375,Andrey (Santa Cruz FC (PE)) score=0.39 | Andrey Semenov (Medialiga (RU)) score=0.23 | Andrey Santos (Manchester United) score=0.21,Santa Cruz FC (PE),https://www.transfermarkt.com/andrey/profil/spieler/997076
Rhaldney,Alverca,ambiguous,0.128571428571429,Big (Retired) score=0.13 | Rhaldney (Göztepe) score=0.00,Retired,https://www.transfermarkt.com/rhaldney/profil/spieler/638269
Maranhão,Tondela,ambiguous,0.207692307692308,Yan Maranhão (Moreirense FC) score=0.21 | Maranhão (CE Força e Luz) score=0.19 | Maranhão (FC Corinthian-Casuals) score=0.13,Moreirense FC,https://www.transfermarkt.com/maranhao/profil/spieler/642591
Ryan Carlos,Estrela Amadora,ambiguous,0.18,Bryan Navarro (Retired) score=0.18 | Bryan Falla (Retired) score=0.18 | Ryan (Retired) score=0.18,Retired,https://www.transfermarkt.mx/ryan-carlos/profil/spieler/1082832
Fernando,Santa Clara,ambiguous,0.0818181818181818,Fernando Torres (Retired) score=0.08 | Fernando Redondo (Retired) score=0.08 | Fernando Llorente (Retired) score=0.08,Retired,https://www.transfermarkt.es/fernando/profil/spieler/1091608
Garcia,Famalicão,ambiguous,0.225,Joan García (FC Barcelona) score=0.23 | Eric García (FC Barcelona) score=0.23 | Fran García (Real Betis Balompié) score=0.23,FC Barcelona,https://www.transfermarkt.com/garcia/profil/spieler/574758
Simão,AVS,ambiguous,0.18,Maestro (Alanyaspor) score=0.18 | Simão Pedro (FK Zeleznicar Pancevo) score=0.09 | Rômulo (Grêmio Novorizontino) score=0.04,Alanyaspor,https://www.transfermarkt.com/simao/profil/spieler/538253
Jin-ho Jo,Konyaspor,ambiguous,0.264705882352941,Jin-ho Jo (Batman Petrolspor) score=0.26 | Jin-ho Jo (Gimhae College) score=0.13 | Jin-ho Cho (---) score=0.00,Batman Petrolspor,https://www.transfermarkt.com/jin-ho-jo/profil/spieler/638573
Jesurun Sakyi,Rizespor,not_found,NA,NA,NA,https://www.transfermarkt.com/jesurun-rak-sakyi/profil/spieler/586834
Pape Guèye,Kasımpaşa,ambiguous,0.2,Pape Gueye (US Ouakam) score=0.20 | Pape Guèye (Rodina Moscow) score=0.14 | Pape Gueye (Squinzano Calcio 1913) score=0.13,US Ouakam,https://www.transfermarkt.com/pape-habib-gueye/profil/spieler/585339
Youssef Bennasser,Kayserispor,not_found,NA,NA,NA,https://www.transfermarkt.com/youssef-ait-bennasser/profil/spieler/265569
Daniel Popa,Gençlerbirligi,ambiguous,0.192857142857143,Gabriel Popa (Retired) score=0.19 | Daniel Popa (Retired) score=0.19 | Daniel Popa (Without Club) score=0.06,Retired,https://www.transfermarkt.com/daniel-popa/profil/spieler/341364
Denis Radu,Eyüpspor,ambiguous,0.138461538461538,Denis Răduță (FCV Farul U18) score=0.14 | Denis Radu (Without Club) score=0.08,FCV Farul U18,https://www.transfermarkt.com/denis-radu/profil/spieler/641989
Charles-André Raux Yao,Eyüpspor,not_found,NA,NA,NA,https://www.transfermarkt.com/charles-andre-raux-yao/profil/spieler/976840
Tim Jabol-Folcarelli,Trabzonspor,not_found,NA,NA,NA,https://www.transfermarkt.com/tim-jabol-folcarelli/profil/spieler/674241
Ivan Brnic,Istanbul Basaksehir,ambiguous,0.333333333333333,Ivan Brnic (Basaksehir FK) score=0.33 | Ivan Brnic (SV Leingarten) score=0.19,Basaksehir FK,https://www.transfermarkt.com/ivan-brnic/profil/spieler/432752
Danijel Aleksic,Konyaspor,ambiguous,0.075,Danijel Aleksic (Without Club) score=0.08 | Danijel Aleksic (Retired) score=0.00,Without Club,https://www.transfermarkt.com/danijel-aleksic/profil/spieler/48119
Ángel Torres,Eyüpspor,ambiguous,0.105882352941176,José Torres (Potros de Barinas) score=0.11 | Miguel Torres (Unknown) score=0.10 | Miguel Torres (Unknown) score=0.10,Potros de Barinas,https://www.transfermarkt.mx/angel-torres/profil/spieler/599224
Vaclav Jurecka,Rizespor,ambiguous,0.1125,Vaclav Jurecka (FC Banik Ostrava) score=0.11 | Vaclav Jurecka (Retired) score=0.11,FC Banik Ostrava,https://www.transfermarkt.com/vaclav-jurecka/profil/spieler/248355
Ali Yanar,Kasımpaşa,not_found,NA,NA,NA,https://www.transfermarkt.com/ali-emre-yanar/profil/spieler/435135
Kamil Çörekçi,Kasımpaşa,not_found,NA,NA,NA,https://www.transfermarkt.com/kamil-ahmet-corekci/profil/spieler/110686
Tayyib Sanuç,Gazişehir Gaziantep,not_found,NA,NA,NA,https://www.transfermarkt.com/tayyip-talha-sanuc/profil/spieler/462772
Ali Kol,Kasımpaşa,ambiguous,0.142105263157895,Ali Kolahkaj (Esteghlal Khuzestan) score=0.14 | Ali Koljonen (Retired) score=0.10 | Ali Koller (Without Club) score=0.00,Esteghlal Khuzestan,https://www.transfermarkt.com/ali-yavuz-kol/profil/spieler/477938
İrfan Eğribayat,Samsunspor,not_found,NA,NA,NA,https://www.transfermarkt.com/irfan-can-egribayat/profil/spieler/322873
Yiğit Çeltik,Kayserispor,not_found,NA,NA,NA,https://www.transfermarkt.com/yigit-emre-celtik/profil/spieler/655894
Taha Emre İnce,Trabzonspor,not_found,NA,NA,NA,https://www.transfermarkt.com/taha-emre-ince/profil/spieler/1304031
Yunus Çift,Samsunspor,not_found,NA,NA,NA,https://www.transfermarkt.com/yunus-emre-cift/profil/spieler/821622
Batuhan Şen,Galatasaray,ambiguous,0.2,Batuhan Şen (Fatih Karagümrük) score=0.20 | Batuhan Sen (DJK Arminia Eilendorf II) score=0.11 | Mehmet Batuhan Senel (Without Club) score=0.00,Fatih Karagümrük,https://www.transfermarkt.com/batuhan-sen/profil/spieler/352659
Tayyib Sanuç,Beşiktaş,not_found,NA,NA,NA,https://www.transfermarkt.com/tayyip-talha-sanuc/profil/spieler/462772
İrfan Eğribayat,Fenerbahçe,not_found,NA,NA,NA,https://www.transfermarkt.com/irfan-can-egribayat/profil/spieler/322873
Michal Nalepa,Gençlerbirligi,ambiguous,0.257142857142857,Michał Nalepa (Zaglebie Lubin) score=0.26 | Michal Nalepa (Without Club) score=0.06,Zaglebie Lubin,https://www.transfermarkt.com/michal-nalepa/profil/spieler/333374
Sebastian Szymanski,Fenerbahçe,ambiguous,0.18,Sebastian Szymanski (Retired) score=0.18 | Sebastian Szymanski (Stade Rennais FC) score=0.17,Retired,https://www.transfermarkt.com/sebastian-szymanski/profil/spieler/320748
Muhammed Cham,Trabzonspor,ambiguous,0.158823529411765,Muhammed Cham (Red Star Belgrade) score=0.16 | Muhammed Cham (ACS Ksar Nouakchott) score=0.14,Red Star Belgrade,https://www.transfermarkt.com/muhammed-cham/profil/spieler/422281
Can Keleş,Kocaelispor,ambiguous,0.276923076923077,Zekican Kelesoglu (Amasyaspor FK) score=0.28 | Özcan Keles (Retired) score=0.16 | Can Keleş (Besiktas JK) score=0.08,Amasyaspor FK,https://www.transfermarkt.com/can-keles/profil/spieler/451642
Ross Sinclair,St Mirren,profile_fetch_failed,0.333333333333333,Ross Sinclair (St. Johnstone FC) score=0.33,St. Johnstone FC,https://www.transfermarkt.com/ross-sinclair/profil/spieler/412741
Luke Douglas,St Mirren,profile_fetch_failed,0.666666666666667,Luke Douglas (St. Mirren FC U18) score=0.67 | Luke Douglas (Without Club) score=0.08,St. Mirren FC U18,https://www.transfermarkt.com/luke-douglas/profil/spieler/1441000
A.Scally,Rangers,ambiguous,0.333333333333333,Ashton Scally (Glasgow Rangers U18) score=0.33 | Ethan Scally (Los Angeles FC 2) score=0.28 | Daniel Scally (Blacktown Spartans) score=0.20,Glasgow Rangers U18,https://www.transfermarkt.com/ashton-scally/profil/spieler/1333328
Óscar Cortés,Rangers,ambiguous,0.257142857142857,Fernando Cortés (CA Huracán Las Heras) score=0.26 | Óscar Cortés (CA Huracán) score=0.16 | Óscar Tenorio (Harcum Bears (Harcum College)) score=0.13,CA Huracán Las Heras,https://www.transfermarkt.com/oscar-cortes/profil/spieler/975689
Oscar,Slavia Praha,ambiguous,0.192857142857143,Oscar Gloukh (Ajax Amsterdam) score=0.19 | Oscar (Retired) score=0.15 | Oscar Garré (Retired) score=0.15,Ajax Amsterdam,https://www.transfermarkt.com/oscar/profil/spieler/401475
Chriso,Qarabağ FK,ambiguous,0.15,Chrysostomos Ioakim (AO Agia Napa) score=0.15 | Chrisowalandis Papadopoulos (Rhenania Hochdahl) score=0.11 | Nectarios Chrisostoniou (Retired) score=0.09,AO Agia Napa,https://www.transfermarkt.com/chriso/profil/spieler/577439
Ole Blomberg,Bodø / Glimt,not_found,NA,NA,NA,https://www.transfermarkt.com/ole-didrik-blomberg/profil/spieler/644607
Magnus Riisnæs,Bodø / Glimt,not_found,NA,NA,NA,https://www.transfermarkt.com/magnus-riisnaes/profil/spieler/715508
Pêpê,Pafos,ambiguous,0.1125,Pepê (FC Porto) score=0.11 | Pepe Mena (Recreativo Huelva) score=0.11 | Pepelu (Valencia CF) score=0.08,FC Porto,https://www.transfermarkt.com/pepe/profil/spieler/258018
Mathias Jørgensen,Bodø / Glimt,ambiguous,0.15,Zanka (Without Club) score=0.15 | Mathias Jørgensen (Without Club) score=0.15 | Mathias Jørgensen (Without Club) score=0.15,Without Club,https://www.transfermarkt.com/mathias-jorgensen/profil/spieler/542796
Muhammed Cham,Slavia Praha,ambiguous,0.211764705882353,Muhammed Cham (Red Star Belgrade) score=0.21 | Muhammed Cham (ACS Ksar Nouakchott) score=0.19,Red Star Belgrade,https://www.transfermarkt.com/muhammed-cham/profil/spieler/422281
Bryan Castillo,Deportivo Táchira,ambiguous,0.233333333333333,Brayan Castillo (CD Estrella Roja de Araulí) score=0.23 | Bryan Castillo (FC Oleksandriya) score=0.15 | Brayam Castillo (Retired) score=0.15,CD Estrella Roja de Araulí,https://www.transfermarkt.es/bryan-castillo/profil/spieler/633728
Jesús Quintero,Deportivo Táchira,ambiguous,0.18,Jesús Quintero (Tritones de Vallarta) score=0.18 | Felipe Quintero (Retired) score=0.15 | Jesús Quintero (Retired) score=0.15,Tritones de Vallarta,https://www.transfermarkt.es/jesus-quintero/profil/spieler/633987
Edson Tortolero,Carabobo,ambiguous,0.189473684210526,Edson Tortolero (CD América de Cali) score=0.19 | Edson Tortolero (Retired) score=0.00 | Luiedson Tortolero (Without Club) score=0.00,CD América de Cali,https://www.transfermarkt.com/edson-tortolero/profil/spieler/409424
Miguel Navarro,Talleres de Córdoba,ambiguous,0.225,Miguel Navarro (Colorado Rapids) score=0.23 | Miguel Navarro (Retired) score=0.18 | Miguel Navarro (Retired) score=0.18,Colorado Rapids,https://www.transfermarkt.es/miguel-navarro/profil/spieler/509390
John García,The Strongest,ambiguous,0.264705882352941,Sergio Garcia Brothers (Querétaro FC U21) score=0.26 | Edwin García (Retired) score=0.21 | Stiwar García (Retired) score=0.21,Querétaro FC U21,https://www.transfermarkt.com/john-garcia/profil/spieler/491670
José Flores,The Strongest,ambiguous,0.207692307692308,José Flores (Retired) score=0.21 | Juan Flores (Sportivo Carapeguá) score=0.19 | José Flores (Club Deportivo Oriente Petrolero) score=0.17,Retired,https://www.transfermarkt.com/jose-flores/profil/spieler/661858
Bryan Ramírez,LDU Quito,ambiguous,0.15,Bryan Ramírez (CA Atletico Balboa) score=0.15 | Bryan Ramírez (FC Cincinnati) score=0.14 | Brayan Ramírez (Club Atlético Independiente) score=0.13,CA Atletico Balboa,https://www.transfermarkt.es/bryan-ramirez/profil/spieler/989271
Richard Ríos,Palmeiras,ambiguous,0.225,Richard Ríos (Guaraní de Fram) score=0.23 | Richard Ríos (SL Benfica) score=0.18 | Richard Ríos (Unknown) score=0.00,Guaraní de Fram,https://www.transfermarkt.mx/richard-rios/profil/spieler/735573
Thomás Serna,Libertad,not_found,NA,NA,NA,https://www.transfermarkt.es/thomas-gutierrez/profil/spieler/491535
Luis Angulo,Central Córdoba SdE,ambiguous,0.204545454545455,José Angulo (Barcelona SC Guayaquil) score=0.20 | Luis Angulo (CA Peñarol) score=0.18 | Luis Angulo (Retired) score=0.18,Barcelona SC Guayaquil,https://www.transfermarkt.com.ar/luis-angulo/profil/spieler/885301
Juan Portilla,Talleres de Córdoba,ambiguous,0.155172413793103,Juan Portilla (Deportivo Municipal de Pangoa) score=0.16 | Juan Portilla (Club Athletico Paranaense) score=0.14,Deportivo Municipal de Pangoa,https://www.transfermarkt.es/juan-portilla/profil/spieler/585747
Sebastián Guerrero,The Strongest,ambiguous,0.207692307692308,Sebastian Guerrero (Retired) score=0.21 | Sebastian Guerrero (Unknown) score=0.07 | Sebastián Guerrero (Without Club) score=0.07,Retired,https://www.transfermarkt.com/sebastian-guerrero/profil/spieler/857352
Maximiliano Silvera,Peñarol,ambiguous,0.346153846153846,Maximiliano Silvera (Club Nacional) score=0.35 | Maximiliano Silvera (Without Club) score=0.08 | Maximiliano Silvera (Without Club) score=0.08,Club Nacional,https://www.transfermarkt.es/maximiliano-silvera/profil/spieler/365827
Ignacio Sosa,Peñarol,ambiguous,0.171428571428571,Marcos Sosa (CA Huracán Las Heras) score=0.17 | José Sosa (Club Guaraní U20) score=0.16 | Ignacio Sosa (Red Bull Bragantino) score=0.14,CA Huracán Las Heras,https://www.transfermarkt.es/ignacio-sosa/profil/spieler/881645
Rodrigo Pérez,Peñarol,ambiguous,0.225,Rodrigo Pérez (Retired) score=0.23 | Zurdo (Retired) score=0.23 | Rodrigo Pérez (Retired) score=0.23,Retired,https://www.transfermarkt.es/rodrigo-perez/profil/spieler/575970
Lucas Morales,Nacional,ambiguous,0.18,Lucas Morales (Velaines Enclusienne) score=0.18 | Lucas Morales (Without Club) score=0.15 | Lucas Morales (Sportivo Luqueño) score=0.11,Velaines Enclusienne,https://www.transfermarkt.es/lucas-morales/profil/spieler/809082
Lucas Villalba,Nacional,ambiguous,0.122727272727273,Lucas Villalba (Cruzeiro Esporte Clube) score=0.12 | Lucas Villalba (CA Jorge Newbery (Comodoro Rivadavia)) score=0.10 | Lucas Villalba (Botafogo de Futebol e Regatas) score=0.09,Cruzeiro Esporte Clube,https://www.transfermarkt.mx/lucas-villalba/profil/spieler/874844
Luciano Rodríguez,Bahia,ambiguous,0.211764705882353,Luciano Rodríguez (Club Nacional U19) score=0.21 | Thiago Rodríguez (Club Plaza Colonia) score=0.20 | Luciano Rodríguez (Club Atlético Libertad (San Carlos)) score=0.11,Club Nacional U19,https://www.transfermarkt.mx/luciano-rodriguez/profil/spieler/856143
Martín Barrios,Racing Club,ambiguous,0.375,Fernando Barrios (Without Club) score=0.38 | Martín Barrios (CD Universidad Católica U18) score=0.16 | Martín Barrios (Club Atlético Platense) score=0.16,Without Club,https://www.transfermarkt.es/martin-barrios/profil/spieler/565981
Juan Godoy,The Strongest,ambiguous,0.186206896551724,Juan Godoy (Club Atlético Nacional Sucre) score=0.19 | Juan Godoy (Club Always Ready) score=0.11,Club Atlético Nacional Sucre,https://www.transfermarkt.com/juan-godoy/profil/spieler/881706
Daniel Rivas,Cerro Porteño,ambiguous,0.28421052631579,Dani Rivas (Deportivo Marítimo) score=0.28 | Franco Rivasseau (CA Patronato) score=0.26 | Daniel Rivas (Deportes Tomé) score=0.26,Deportivo Marítimo,https://www.transfermarkt.es/daniel-rivas/profil/spieler/690124
Abel Paredes,Olimpia,ambiguous,0.264705882352941,Abel Paredes (Sportivo Ameliano) score=0.26 | Boris Paredes (Deportivo Meridiano) score=0.24,Sportivo Ameliano,https://www.transfermarkt.es/abel-paredes/profil/spieler/563407
Breno Lopes,Fortaleza,ambiguous,0.2,Breno Lopes (Retired) score=0.20 | Breno Lopes (Coritiba Foot Ball Club) score=0.20 | Breno Lopes (AE Velo Clube Rioclarense U20) score=0.12,Retired,https://www.transfermarkt.com/breno-lopes/profil/spieler/542598
John Victor,Botafogo,ambiguous,0.264705882352941,John Victor (Nottingham Forest) score=0.26 | John Victor (CTE Colatina Futebol Clube) score=0.17 | Jesse Victory (Without Club) score=0.15,Nottingham Forest,https://www.transfermarkt.com/john-victor/profil/spieler/432914
Rodriguinho,São Paulo,ambiguous,0.225,Rodriguinho (Anápolis FC) score=0.23 | Rodriguinho (Associação Atlética Ponte Preta) score=0.19 | Rodriguinho (Red Bull Bragantino) score=0.19,Anápolis FC,https://www.transfermarkt.com/rodriguinho/profil/spieler/743593
Tomás Galván,Vélez Sarsfield,ambiguous,0.3,Tomás Gálvan (Club Atlético Banfield U20) score=0.30 | Tomás Galván (Club Huracan de San Rafael) score=0.24 | Tomás Galván (CA River Plate) score=0.11,Club Atlético Banfield U20,https://www.transfermarkt.es/tomas-galvan/profil/spieler/893850
Juan Portillo,Talleres de Córdoba,ambiguous,0.18,Juan Carlos Portillo (CA River Plate) score=0.18 | Juan Carlos Portillo (Alianza FC) score=0.18,CA River Plate,https://www.transfermarkt.com.ar/juan-carlos-portillo/profil/spieler/830842
Diego  Chávez,Atlético Bucaramanga,not_found,NA,NA,NA,https://www.transfermarkt.co/diego-chavez/profil/spieler/841184
Nacho Fernández,River Plate,ambiguous,0.207692307692308,Nacho Fernández (Ciudad Lucena) score=0.21 | Nacho Fernández (Club de Gimnasia y Esgrima La Plata) score=0.21 | Nacho Fernández (Retired) score=0.16,Ciudad Lucena,https://www.transfermarkt.com/nacho-fernandez/profil/spieler/50669
Pol Fernández,Fortaleza,ambiguous,0.2,Pol Fernández (CA Rosario Central) score=0.20 | Adrián Pol (Retired) score=0.20 | Pol Fernández (CF Vilanova i la Geltrú) score=0.15,CA Rosario Central,https://www.transfermarkt.com/pol-fernandez/profil/spieler/220647
José Herrera,Fortaleza,ambiguous,0.2,José Herrera (Retired) score=0.20 | Esteban Herrera (Retired) score=0.20 | Ignacio Herrera (Retired) score=0.20,Retired,https://www.transfermarkt.mx/jose-herrera/profil/spieler/668953
Federico Carrizo,Cerro Porteño,ambiguous,0.242307692307692,Federico Carrizo (Club Deportivo Riestra U20) score=0.24 | Federico Carrizo (Club Libertad Asunción) score=0.23 | Federico Carrizo (Without Club) score=0.06,Club Deportivo Riestra U20,https://www.transfermarkt.es/federico-carrizo/profil/spieler/148710
Santiago Quirós,Racing Club,ambiguous,0.27,Santiago Quirós (CS Cartaginés Youth) score=0.27 | Santiago Quirós (Club Atlético Platense) score=0.16,CS Cartaginés Youth,https://www.transfermarkt.es/santiago-quiros/profil/spieler/961786
Federico Lanzillota,Bolívar,not_found,NA,NA,NA,https://www.transfermarkt.es/federico-lanzillotta/profil/spieler/267906
Cristian Zabala,Independiente del Valle,ambiguous,0.195652173913043,Cristian Zabala (CA Sarmiento (Junin)) score=0.20 | Cristian Zabala (Without Club) score=0.16,CA Sarmiento (Junin),https://www.transfermarkt.es/cristian-zabala/profil/spieler/613095
Gabriel Báez,Nacional,ambiguous,0.192857142857143,Gabriel Báez (Tepatitlán FC) score=0.19 | Tola (Retired) score=0.11 | Jorge Baéz (Unknown) score=0.11,Tepatitlán FC,https://www.transfermarkt.es/gabriel-baez/profil/spieler/376858
Facundo Rodríguez,Estudiantes,ambiguous,0.234782608695652,Facundo Rodríguez (CA Central de San José) score=0.23 | Facundo Rodríguez (CA Boston River) score=0.18 | Facundo Rodríguez (Unknown) score=0.16,CA Central de San José,https://www.transfermarkt.es/facundo-rodriguez/profil/spieler/663491
Matías Mansilla,Estudiantes,ambiguous,0.25,Matías Mansilla (CA Unión (Santa Fe)) score=0.25 | Matías Mansilla (Unknown) score=0.16 | Matías Mansilla (CA Alvarado) score=0.08,CA Unión (Santa Fe),https://www.transfermarkt.mx/matias-mansilla/profil/spieler/731722
Valentín Gómez,Vélez Sarsfield,ambiguous,0.18,Valentín Gómez (Real Betis Balompié) score=0.18 | Valen Gómez (Villarreal CF B) score=0.17,Real Betis Balompié,https://www.transfermarkt.es/valentin-gomez/profil/spieler/985383
Kristall Ingason,Brann,not_found,NA,NA,NA,https://www.transfermarkt.com/kristall-mani-ingason/profil/spieler/490971
Julian Lægreid,Brann,not_found,NA,NA,NA,https://www.transfermarkt.com/julian-laegreid/profil/spieler/1069171
Felix Myhre,Brann,not_found,NA,NA,NA,https://www.transfermarkt.com/felix-horn-myhre/profil/spieler/367274
Gábor Szalai,Ferencvaros,ambiguous,0.18,Gábor Szalai (Rábaszentandrás SE) score=0.18 | Gábor Szalai (CS Marítimo) score=0.00,Rábaszentandrás SE,https://www.transfermarkt.com/gabor-szalai/profil/spieler/830057
Adrian Șut,FC FCSB,ambiguous,0.0409090909090909,Adrian Sutter (Eimsbütteler TV Youth) score=0.04 | Adrian Șut (Levadiakos) score=0.00 | Adrian Suter (Retired) score=0.00,Eimsbütteler TV Youth,https://www.transfermarkt.com/adrian-sut/profil/spieler/433979
Oliver Lukic,Salzburg,ambiguous,0.375,Oliver Lukic (TSV Hartberg) score=0.38 | Oliver Lukic (Derby County U18) score=0.06,TSV Hartberg,https://www.transfermarkt.com/oliver-lukic/profil/spieler/915896
Nikola Stankovic,FK Crvena Zvezda,ambiguous,0.3375,Nikola Stankovic (FK Novi Pazar) score=0.34 | Nikola Stankovic (FK Morava Cuprija) score=0.32 | Nikola Stankovic (FK Tisa Adorjan) score=0.28,FK Novi Pazar,https://www.transfermarkt.com/nikola-stankovic/profil/spieler/634972
Aleksandar Pesic,Ferencvaros,ambiguous,0.15,Aleksandar Pesic (Fatih Karagümrük) score=0.15 | Aleksandar Pesic (Unknown) score=0.08,Fatih Karagümrük,https://www.transfermarkt.com/aleksandar-pesic/profil/spieler/73457
Franklin Uchenna,FK Crvena Zvezda,not_found,NA,NA,NA,https://www.transfermarkt.com/franklin-tebo-uchenna/profil/spieler/748795
Tiago Gonçalves,Lyon,ambiguous,0.333333333333333,Tiago Gonçalves (Olympique Lyon B) score=0.33 | Tiago Neves (SL Benfica U17) score=0.13 | Tiago Silva (FC Porto B) score=0.09,Olympique Lyon B,https://www.transfermarkt.com/tiago-goncalves/profil/spieler/1256286
Martin Jedlicka,Viktoria Plzen,ambiguous,0.128571428571429,Martin Jedlicka (SK Solnice) score=0.13 | Martin Jedlicka (FC Banik Ostrava) score=0.11,SK Solnice,https://www.transfermarkt.com/martin-jedlicka/profil/spieler/293357
Jon Gorenc Stankovic,Sturm Graz,not_found,NA,NA,NA,https://www.transfermarkt.com/jon-gorenc-stankovic/profil/spieler/245034
Japhet Larsen,Brann,not_found,NA,NA,NA,https://www.transfermarkt.com/japhet-sery-larsen/profil/spieler/403690
Tomasz Kędziora,PAOK Thessaloniki,ambiguous,0.264705882352941,Tomasz Kedziora (KS Chelmek) score=0.26 | Tomasz Kędziora (Dynamo Kyiv) score=0.11,KS Chelmek,https://www.transfermarkt.com/tomasz-kedziora/profil/spieler/181118
Taha  Ali,Malmö FF,not_found,NA,NA,NA,https://www.transfermarkt.com/taha-ali/profil/spieler/731771
Junior Zé,Basel,ambiguous,0.192857142857143,Junior Zeze (SC Malesherbes) score=0.19 | Junior Zé (Eintracht Braunschweig) score=0.16 | Junior Zelaya (Retired) score=0.13,SC Malesherbes,https://www.transfermarkt.com/junior-ze/profil/spieler/925199
José Antonio Morante,Real Betis,ambiguous,0.333333333333333,José Antonio Morante (Betis Deportivo Balompié) score=0.33 | José Antonio Lico (Retired) score=0.27,Betis Deportivo Balompié,https://www.transfermarkt.mx/jose-antonio-morante/profil/spieler/1335870
Chris Long,Brisbane Roar,ambiguous,0.138461538461538,Chris Long (Without Club) score=0.14 | Chris Long (Unknown) score=0.14,Without Club,https://www.transfermarkt.com/chris-long/profil/spieler/183298
Adama Traoré,Melbourne Victory,ambiguous,0.211764705882353,Adama Traoré (Without Club) score=0.21 | Adama Traoré (Without Club) score=0.21 | Adama Traoré (Without Club) score=0.21,Without Club,https://www.transfermarkt.com/adama-traore/profil/spieler/70209
R.Mackay,Auckland FC,ambiguous,0.3,Gary Mackay-Steven (Partick Thistle FC) score=0.30 | Cammy Mackay (Brora Rangers FC) score=0.28 | Dave Mackay (Retired) score=0.08,Partick Thistle FC,https://www.transfermarkt.com/ryan-mackay/profil/spieler/1375570
Daniel Edwards,Wellington Phoenix,ambiguous,0.15,Daniel Edwards (Retired) score=0.15 | Dan Edwards (Without Club) score=0.15 | Danny Edwards (Barnoldswick Town) score=0.10,Retired,https://www.transfermarkt.com/dan-edwards/profil/spieler/480874
James McGarry,Brisbane Roar,ambiguous,0.15,James McGarry (Wellington Phoenix) score=0.15 | Ron McGarry (Retired) score=0.14 | James McGarry (Retired) score=0.14,Wellington Phoenix,https://www.transfermarkt.com/james-mcgarry/profil/spieler/345343
William Gillion,Auckland FC,not_found,NA,NA,NA,https://www.transfermarkt.com/liam-gillion/profil/spieler/878242
Cameron Howieson,Auckland FC,profile_fetch_failed,1,Cameron Howieson (Auckland FC) score=1.00,Auckland FC,https://www.transfermarkt.com/cameron-howieson/profil/spieler/172323
Ryan Lee,Wellington Phoenix,ambiguous,0.28421052631579,Ryan Lee (UNC Wilmington Seahawks (UNC Wilmington)) score=0.28 | Bryan Garcia (Unknown) score=0.20 | Ryan Gosney (AFC Totton) score=0.20,UNC Wilmington Seahawks (UNC Wilmington),https://www.transfermarkt.com/ryan-lee/profil/spieler/998447
Alexander Badolato,Newcastle Jets,not_found,NA,NA,NA,https://www.transfermarkt.com/alex-badolato/profil/spieler/957230
Meliwethu Richard Nkomo,Newcastle Jets,not_found,NA,NA,NA,http://transfermarkt.com/richard-nkomo/profil/spieler/1145210
Christian Bracco,Newcastle Jets,ambiguous,0.192857142857143,Christian Bracconi (Retired) score=0.19 | Christian Bracco (Without Club) score=0.13,Retired,https://www.transfermarkt.com/christian-bracco/profil/spieler/1286283
Walter Scott,Macarthur FC,ambiguous,0.075,Walter Scott (Without Club) score=0.08 | Walter Buchanan (---) score=0.00 | Walter Scott (---) score=0.00,Without Club,https://www.transfermarkt.com/walter-scott/profil/spieler/560827
Henrique Oliveira,Macarthur FC,ambiguous,0.375,Pedro da Dalto (Maracanã EC) score=0.38 | Arrasca (São Francisco FC) score=0.26 | Renan Oliveira (Valeriodoce EC (MG)) score=0.21,Maracanã EC,https://www.transfermarkt.com/henrique-oliveira/profil/spieler/1329718
Daniel Hall,Auckland FC,ambiguous,0.3375,Daniel Hall (Dunbar United FC) score=0.34 | Daniel Hallin (Åsarp-Trädet FK) score=0.23 | Dan Hall (Cowdenbeath Central FC) score=0.20,Dunbar United FC,https://www.transfermarkt.com/daniel-hall/profil/spieler/833592
James Hilton,Auckland FC,ambiguous,0.409090909090909,James Hilton (Clyde FC) score=0.41 | James Hilton (Macarthur FC) score=0.30,Clyde FC,https://www.transfermarkt.com/james-hilton/profil/spieler/1128985
Ben Gibson,Newcastle Jets,ambiguous,0.257142857142857,Ben Gibson (Stoke City) score=0.26 | Ben Gibson (Macarthur FC) score=0.19,Stoke City,https://www.transfermarkt.com/ben-gibson/profil/spieler/1109825
Luka Jovanovic,Adelaide United,ambiguous,0.18,Luka Jovanović (San Jose Earthquakes) score=0.18 | Luka Jovanovic (Sloboda Grbice) score=0.18 | Luka Jovanovic (FK Radnik Surdulica) score=0.14,San Jose Earthquakes,https://www.transfermarkt.com/luka-jovanovic/profil/spieler/1038441
X.Stella,Melbourne Victory,ambiguous,0.211764705882353,Lucas Perri (Leeds United) score=0.21 | Jorge Valdano (Retired) score=0.16 | Taty Castellanos (West Ham United) score=0.16,Leeds United,https://www.transfermarkt.com/xavier-stella/profil/spieler/1232652
Harrison Delbridge,Melbourne City,profile_fetch_failed,1,Harrison Delbridge (Melbourne City FC) score=1.00,Melbourne City FC,https://www.transfermarkt.com/harrison-delbridge/profil/spieler/318541
Alex Grant,Sydney,ambiguous,0.128571428571429,Alex Grant (Newcastle United Jets) score=0.13 | Alex Grantham (Without Club) score=0.00,Newcastle United Jets,https://www.transfermarkt.com/alex-grant/profil/spieler/225068
Ifeanyi Eze,Wellington Phoenix,ambiguous,0.2,Ifeanyi Ezeugwu (Unknown) score=0.20 | Ifeanyi Eze (Erbil SC) score=0.15 | Stanley Ifeanyi Eze (Tarun Sangha FC) score=0.15,Unknown,https://www.transfermarkt.com/ifeanyi-eze/profil/spieler/741045
Piero Quispe,Sydney,ambiguous,0.0473684210526316,Sergio Quispe (Juventus Huamachuco) score=0.05 | Piero Quispe (UNAM Pumas) score=0.00,Juventus Huamachuco,https://www.transfermarkt.com/piero-quispe/profil/spieler/871655
Kaito Taniguchi,Central Coast Mariners,ambiguous,0.163636363636364,Kaito Taniguchi (Without Club) score=0.16 | Kaito Taniguchi (Mito HollyHock) score=0.12,Without Club,https://www.transfermarkt.com/kaito-taniguchi/profil/spieler/505466
Ahmet Arslan,Sydney,ambiguous,0.128571428571429,Ahmet Arslaner (Retired) score=0.13 | Ahmet Arslan (Retired) score=0.13 | Ahmet Arslan (Manisa 1965 Nurlupinar Genclergücü Spor) score=0.07,Retired,https://www.transfermarkt.com/ahmet-arslan/profil/spieler/209686
Filip Kurto,Macarthur FC,ambiguous,0.158823529411765,Filip Kurto (Sydney Olympic FC) score=0.16 | Filip Kurtovic (Unknown) score=0.00,Sydney Olympic FC,https://www.transfermarkt.com/filip-kurto/profil/spieler/104376
Santos,Melbourne Victory,ambiguous,0.158823529411765,Andrey Santos (Manchester United) score=0.16 | Aldair (Retired) score=0.16 | Rui Patrício (Retired) score=0.16,Manchester United,https://www.transfermarkt.com/santos/profil/spieler/697520
Andreas Kuen,Melbourne City,ambiguous,0.257142857142857,Andreas Kuen (Without Club) score=0.26 | Andreas Kuen (Retired) score=0.19,Without Club,https://www.transfermarkt.com/andreas-kuen/profil/spieler/186798
Seung-bin Kim,Slovácko,ambiguous,0.18,Seung-bin Kim (Bucheon FC 1995) score=0.18 | Seung-bin Kim (Without Club) score=0.15,Bucheon FC 1995,https://www.transfermarkt.com/seung-bin-kim/profil/spieler/658874
Eric Ramirez,Bohemians 1905,ambiguous,0.15,Eric Ramírez (CA Unión (Santa Fe)) score=0.15 | Eric Ramirez (Little Rock Rangers) score=0.09 | Eric Ramírez (Carabobo FC) score=0.06,CA Unión (Santa Fe),https://www.transfermarkt.com/eric-ramirez/profil/spieler/428746
Obinaiia Samuel,FK Jablonec,not_found,NA,NA,NA,https://www.transfermarkt.com/samuel-obinaya/profil/spieler/1237999
Ivan Varfolomejev,Slovan Liberec,not_found,NA,NA,NA,https://www.transfermarkt.com/ivan-varfolomeev/profil/spieler/779244
Yevhenii Skyba,Karviná,not_found,NA,NA,NA,https://www.transfermarkt.com/yevgeniy-skyba/profil/spieler/1052374
Yusuf,Bohemians 1905,ambiguous,0.25,Yusuf Yazıcı (Olympiacos Piraeus) score=0.25 | Tyrique George (Everton FC) score=0.19 | Alhassan Yusuf (New England Revolution) score=0.16,Olympiacos Piraeus,https://www.transfermarkt.com/yusuf/profil/spieler/351181
Aboubacar Traoré,Karviná,ambiguous,0.225,Aboubacar Traore (Vancouver FC) score=0.23 | Aboubacar Traoré (CF Mounana) score=0.18 | Aboubacar Traore (FC Banik Ostrava) score=0.17,Vancouver FC,https://www.transfermarkt.com/aboubacar-traore/profil/spieler/1071300
Mouhamed Traore,Dukla Praha,not_found,NA,NA,NA,https://www.transfermarkt.com/mouhamed-tidjane-traore/profil/spieler/1063475
Ermal Krasniqi,Sparta Praha,ambiguous,0.2,Ermal Krasniqi (Art. Ind. Larcianese) score=0.20 | Ermal Krasniqi (Amed SK) score=0.15 | Ermal Krasniqi (TSV Havelse) score=0.08,Art. Ind. Larcianese,https://www.transfermarkt.com/ermal-krasniqi/profil/spieler/606893
Elmedin Rama,FK Pardubice,ambiguous,0.15,Elmedin Rama (Arka Gdynia) score=0.15 | Elmedin Ramadani (TuS Middels) score=0.08,Arka Gdynia,https://www.transfermarkt.com/elmedin-rama/profil/spieler/1152207
H.Kante,Baník Ostrava,ambiguous,0.192857142857143,José Kanté (CF Noia) score=0.19 | Cédric Kanté (Retired) score=0.13 | Mohamed Kanté (FC Dila Gori) score=0.13,CF Noia,https://www.transfermarkt.com/hamidou-kante/profil/spieler/1379813
Ange N'Guessan,Slovan Liberec,ambiguous,0.225,Ange N'Guessan (SK Slavia Prague) score=0.23 | Archange N'Guessan (AL Déville Maromme) score=0.14,SK Slavia Prague,http://transfermarkt.com/ange-nguessan/profil/spieler/804799
Jakub Pesek,Zlín,ambiguous,0.15,Jakub Pesek (TJ Dalnice Sperice) score=0.15 | Jakub Pesek (AC Sparta Prague B) score=0.05,TJ Dalnice Sperice,https://www.transfermarkt.com/jakub-pesek/profil/spieler/346840
Michal Sevcik,Mladá Boleslav,ambiguous,0.36,Michal Sevcik (FC Miroslav) score=0.36 | Michal Sevcik (Legia Warszawa) score=0.24,FC Miroslav,https://www.transfermarkt.com/michal-sevcik/profil/spieler/651731
Josef Kolářík,Mladá Boleslav,profile_fetch_failed,0.688235294117647,Josef Kolarik (FK Mlada Boleslav) score=0.69,FK Mlada Boleslav,https://www.transfermarkt.com/josef-kolarik/profil/spieler/1122556
Filip Lehký,Mladá Boleslav,not_found,NA,NA,NA,https://www.transfermarkt.com/filip-lehky/profil/spieler/580117
Nicolas Penner,Mladá Boleslav,not_found,NA,NA,NA,https://www.transfermarkt.com/nicolas-penner/profil/spieler/486628
Filip Matousek,Mladá Boleslav,not_found,NA,NA,NA,https://www.transfermarkt.com/filip-matousek/profil/spieler/658873
Jiri Klima,Mladá Boleslav,not_found,NA,NA,NA,https://www.transfermarkt.com/jiri-klima/profil/spieler/260038
Michal Surzyn,FK Pardubice,ambiguous,0.192857142857143,Michal Surzyn (1.SK Prostejov) score=0.19 | Michał Surzyn (Podhale Nowy Targ) score=0.05,1.SK Prostejov,https://www.transfermarkt.com/michal-surzyn/profil/spieler/523509
Dominik Mašek,FK Pardubice,ambiguous,0.333333333333333,Dominik Masek (FK Kosor) score=0.33 | Dominik Masek (FK Arsenal Ceska Lipa) score=0.26 | Dominik Masek (Retired) score=0.15,FK Kosor,https://www.transfermarkt.com/dominik-masek/profil/spieler/817174
Jakub Elbel,Hradec Králové,profile_fetch_failed,0.1125,Jakub Elbel (SK Sigma Olomouc) score=0.11,SK Sigma Olomouc,https://www.transfermarkt.com/jakub-elbel/profil/spieler/673450
Lukáš Hůlka,Bohemians 1905,ambiguous,0.160714285714286,Lukas Hulka (TJ Lokomotiva Hradec Kralove) score=0.16 | Lukas Hulka (FC Slovan Liberec) score=0.11,TJ Lokomotiva Hradec Kralove,https://www.transfermarkt.com/lukas-hulka/profil/spieler/198607
T.Jelínek,Slavia Praha,ambiguous,0.3,Jan Jelinek (FK Slavoj Stara Boleslav) score=0.30 | Erwin Jelinek (Retired) score=0.15 | Jan Jelinek (Retired) score=0.15,FK Slavoj Stara Boleslav,https://www.transfermarkt.com/tomas-jelinek/profil/spieler/1034738
Michal Beran,FK Jablonec,ambiguous,0.3375,Michal Beran (SK Sigma Olomouc) score=0.34 | Michal Beran (FK Viagem Usti nad Labem B) score=0.21,SK Sigma Olomouc,https://www.transfermarkt.com/michal-beran/profil/spieler/664456
Jakub Martinec,FK Jablonec,ambiguous,0.25,Jakub Martinec (FK Melnik 1909) score=0.25 | Jakub Martinec (AC Sparta Prague) score=0.11 | Jakub Martinec (Retired) score=0.08,FK Melnik 1909,https://www.transfermarkt.com/jakub-martinec/profil/spieler/293360
Jan Navrátil,Sigma Olomouc,ambiguous,0.166666666666667,Jan Navratil (Tatran Zdirec nad Doubravou) score=0.17 | Jan Navratil (SK Artis Brno) score=0.07,Tatran Zdirec nad Doubravou,https://www.transfermarkt.com/jan-navratil/profil/spieler/95802
Stanislav Dostal,Zlín,ambiguous,0.385714285714286,Stanislav Dostal (FC Zlin) score=0.39 | Stanislav Dostal (Retired) score=0.13,FC Zlin,https://www.transfermarkt.com/stanislav-dostal/profil/spieler/82477
Tomáš Ulbrich,Zlín,not_found,NA,NA,NA,https://www.transfermarkt.com/tom-ulbrich/profil/spieler/539377
Jakub Kolar,Zlín,ambiguous,0.385714285714286,Jakub Kolar (FC Zlin) score=0.39 | Jakub Kolarczyk (IFK Lidingö) score=0.23 | Jakub Kolarsky (SK Slany) score=0.23,FC Zlin,https://www.transfermarkt.com/jakub-kolar/profil/spieler/668323
Jan Suchan,Slovácko,ambiguous,0.138461538461538,Jan Suchan (TJ ZD Kovarov) score=0.14 | Jan Suchan (FK Jablonec) score=0.08,TJ ZD Kovarov,https://www.transfermarkt.com/jan-suchan/profil/spieler/270791
Adam Kadlec,Bohemians 1905,ambiguous,0.0642857142857143,Adam Kadlec (Sokol Obrnice) score=0.06 | Adam Kadlec (FC Viktoria Plzen) score=0.05,Sokol Obrnice,https://www.transfermarkt.com/adam-kadlec/profil/spieler/889437
Jan Fiala,Karviná,ambiguous,0.128571428571429,Jan Fiala (TJ Dynamo Nelahozeves) score=0.13 | Jan Fiala (Retired) score=0.11 | Jan Fiala (SK Sigma Olomouc) score=0.11,TJ Dynamo Nelahozeves,https://www.transfermarkt.com/jan-fiala/profil/spieler/723528
Jan Peterka,Dukla Praha,ambiguous,0.15,Jan Peterka (FK Viagem Usti nad Labem) score=0.15 | Jan Peterka (Retired) score=0.08 | Jan Peterka (Retired) score=0.08,FK Viagem Usti nad Labem,https://www.transfermarkt.com/jan-peterka/profil/spieler/129661
Filip Matousek,Dukla Praha,ambiguous,0.211764705882353,Filip Matousek (FK Mlada Boleslav) score=0.21 | Filip Matousek (FC SILON Taborsko B) score=0.14 | Filip Matousek (FK Spartak Sobeslav) score=0.14,FK Mlada Boleslav,https://www.transfermarkt.com/filip-matousek/profil/spieler/658873
Tomáš Jedlička,Dukla Praha,ambiguous,0.245454545454545,Tomas Jedlicka (FK Pribram) score=0.25 | Tomas Jedlicka (AFK Horni Jeleni) score=0.11 | Tomas Jedlicka (Retired) score=0.08,FK Pribram,https://www.transfermarkt.com/tomas-jedlicka/profil/spieler/826098
Lukas Hruska,Hradec Králové,ambiguous,0.16875,Lukas Hruska (Retired) score=0.17 | Lukas Hruska (FK Jesenske) score=0.11 | Lukas Hruska (FC SILON Taborsko) score=0.11,Retired,https://www.transfermarkt.com/lukas-hruska/profil/spieler/942980
Ewerton,Baník Ostrava,ambiguous,0.192857142857143,Éwerton Páscoa (Unknown) score=0.19 | Ewerton Potiguar (Sampaio Corrêa Futebol e Esporte (RJ)) score=0.15 | Bruno Quadros (Retired) score=0.13,Unknown,https://www.transfermarkt.com/ewerton/profil/spieler/456893
Ivan Krajčírik,Slovan Liberec,profile_fetch_failed,0.192857142857143,Ivan Krajcirik (MFK Ruzomberok) score=0.19,MFK Ruzomberok,https://www.transfermarkt.com/ivan-krajcirik/profil/spieler/489854
Dominik Holec,Baník Ostrava,ambiguous,0.238235294117647,Dominik Holec (SFK Vrchovina Nove Mesto na Morave) score=0.24 | Dominik Holec (Garudayaksa FC) score=0.06,SFK Vrchovina Nove Mesto na Morave,https://www.transfermarkt.com/dominik-holec/profil/spieler/181611
Ladislav Almasi,Baník Ostrava,ambiguous,0.171428571428571,Ladislav Almasi (Bohemians Prague 1905) score=0.17 | Ladislav Almasi (SK Hamuliakovo) score=0.06,Bohemians Prague 1905,https://www.transfermarkt.com/ladislav-almasi/profil/spieler/412638
Milan Ristovski,Bohemians 1905,ambiguous,0.12,Milan Ristovski (Bhayangkara Presisi Lampung FC) score=0.12 | Milan Ristovski (Unknown) score=0.06,Bhayangkara Presisi Lampung FC,https://www.transfermarkt.com/milan-ristovski/profil/spieler/344968
Yevhenii Skyba,Baník Ostrava,not_found,NA,NA,NA,https://www.transfermarkt.com/yevgeniy-skyba/profil/spieler/1052374
Kaka,Zbrojovka Brno,ambiguous,0.257142857142857,Otar Kakabadze (Cracovia) score=0.26 | Ibrahim Sulemana (Atalanta BC) score=0.19 | Kaká (Retired) score=0.13,Cracovia,https://www.transfermarkt.com/kaka/profil/spieler/1109889
Mouhamed Traore,FK Pardubice,not_found,NA,NA,NA,https://www.transfermarkt.com/mouhamed-tidjane-traore/profil/spieler/1063475
Moustapha Toure,Zlín,ambiguous,0.3,Moustapha Toure (FC Zlin B) score=0.30 | Moustapha Toure (Unknown) score=0.13 | Moustapha Touré (Niendorfer TSV II) score=0.11,FC Zlin B,https://www.transfermarkt.mx/moustapha-toure/profil/spieler/1523194
Marko Soldo,Sigma Olomouc,ambiguous,0.105882352941176,Marko Soldo (GNK Dinamo Zagreb) score=0.11 | Marko Soldo (ATUS Velden) score=0.07,GNK Dinamo Zagreb,https://www.transfermarkt.com/marko-soldo/profil/spieler/623825
Mark O’Mahony,Reading,not_found,NA,NA,NA,https://www.transfermarkt.com/mark-omahony/profil/spieler/943549
Neill Byrne,Bradford City,ambiguous,0.207692307692308,Neill Byrne (Without Club) score=0.21 | Neill Byrne (Doncaster Rovers) score=0.11,Without Club,https://www.transfermarkt.com/neill-byrne/profil/spieler/121536
Johnny Kenny,Bolton Wanderers,ambiguous,0.16875,Johnny Kenny (Celtic FC) score=0.17 | Johnny Kenny (Retired) score=0.17,Celtic FC,https://www.transfermarkt.com/johnny-kenny/profil/spieler/875208
Ciarán Kelly,Bradford City,ambiguous,0.192857142857143,Ciarán Kelly (Bristol Rovers) score=0.19 | Ciaran Kelly (Bonagee United) score=0.19 | Ciarán Kelly (Retired) score=0.14,Bristol Rovers,https://www.transfermarkt.com/ciaran-kelly/profil/spieler/403437
Joseph Rafferty,Rotherham United,not_found,NA,NA,NA,https://www.transfermarkt.com/joe-rafferty/profil/spieler/175740
Joshua Kayode,Rotherham United,ambiguous,0.16875,Joshua Kayode (Without Club) score=0.17 | Joshua Kayode (Without Club) score=0.17,Without Club,https://www.transfermarkt.com/joshua-kayode/profil/spieler/532195
Ian Lawlor,Doncaster Rovers,ambiguous,0.05625,Ian Lawlor (Crewe Alexandra) score=0.06 | Florian Lawlor (WAF Brigittenau) score=0.06,Crewe Alexandra,https://www.transfermarkt.com/ian-lawlor/profil/spieler/183166
Neil Farrugia,Barnsley,ambiguous,0.18,Neil Farrugia (Rabat Ajax) score=0.18 | Neil Farrugia (Kirkop United FC) score=0.17 | Neil Farrugia (Dundee United FC) score=0.11,Rabat Ajax,https://www.transfermarkt.com/neil-farrugia/profil/spieler/491578
Onel Hernández,Port Vale,ambiguous,0.225,Onel Hernández (Without Club) score=0.23 | Danny Hernández (Without Club) score=0.23 | Ulises Hernández (Independiente FC San Vicente) score=0.16,Without Club,https://www.transfermarkt.es/onel-hernandez/profil/spieler/109751
Dylan Williams,Burton Albion,ambiguous,0.276923076923077,Dylan Williams (Royston Town) score=0.28 | Dylan Williams (Afan Lido) score=0.28 | Dylan Williams (Airdrieonians FC) score=0.23,Royston Town,https://www.transfermarkt.com/dylan-williams/profil/spieler/732117
Andre Garcia,Reading,ambiguous,0.257142857142857,Alex García Canedo (Retired) score=0.26 | Alexandre Pedalada (Retired) score=0.26 | Alexandre Garcia (Retired) score=0.26,Retired,https://www.transfermarkt.com/andre-garcia/profil/spieler/1225835
Seb Campbell,Plymouth Argyle,not_found,NA,NA,NA,https://www.transfermarkt.com/sebastian-campbell/profil/spieler/1353034
Hakeem Odofin,Luton Town,not_found,NA,NA,NA,https://www.transfermarkt.com/hakeem-odofin/leistungsdaten/spieler/399340
Teagan Finn,Plymouth Argyle,not_found,NA,NA,NA,https://www.transfermarkt.com/tegan-finn/profil/spieler/1211277
Jamie Paterson,Plymouth Argyle,ambiguous,0.24,Jamie Paterson (Without Club) score=0.24 | Jamie Paterson (Retired) score=0.12 | Jamie Paterson (Unknown) score=0.06,Without Club,https://www.transfermarkt.com/jamie-paterson/profil/spieler/156886
Joe White,Leyton Orient,ambiguous,0.207692307692308,Joe White (Unknown) score=0.21 | Joe White (University of New South Wales FC) score=0.20 | Joe White (Without Club) score=0.07,Unknown,https://www.transfermarkt.com/joe-white/profil/spieler/470415
Jack Simpson,Leyton Orient,ambiguous,0.138461538461538,Jac Simpson (Taffs Well) score=0.14 | Jack Simpson (Chesterfield FC) score=0.12 | Jack Simpson (Ayr United FC U18) score=0.11,Taffs Well,https://www.transfermarkt.com/jack-simpson/profil/spieler/419930
Anthony Evans,Huddersfield Town,ambiguous,0.158823529411765,Richard Evans (Retired) score=0.16 | Paul Evans (Retired) score=0.16 | Tony Evans (Retired) score=0.16,Retired,https://www.transfermarkt.com/antony-evans/profil/spieler/374283
Cameron Humphreys,Huddersfield Town,ambiguous,0.370588235294118,Cameron Humphreys (Ipswich Town) score=0.37 | Cameron Humphreys (Port Vale FC) score=0.16,Ipswich Town,https://www.transfermarkt.com/cameron-humphreys/profil/spieler/871335
Cameron Dawson,Rotherham United,ambiguous,0.16875,Cameron Dawson (Without Club) score=0.17 | Cameron Dawson (Edinburgh South FC) score=0.15,Without Club,https://www.transfermarkt.com/cameron-dawson/profil/spieler/251056
Kyle Edwards,Northampton Town,ambiguous,0.225,Kyle Edwards (Without Club) score=0.23 | Kyle Edwards (Sacramento Republic FC) score=0.12,Without Club,https://www.transfermarkt.com/kyle-edwards/profil/spieler/314366
Jake Evans,Northampton Town,ambiguous,0.1875,Jake Evans (Brighton & Hove Albion U18) score=0.19 | Jake Evans (Gloucester City) score=0.11 | Jake Evans (Retired) score=0.11,Brighton & Hove Albion U18,https://www.transfermarkt.com/jake-evans/profil/spieler/1171764
Tom Lees,Peterborough United,ambiguous,0.189473684210526,Tom Lees (Without Club) score=0.19 | Tom Leesch (SV Küsten) score=0.19,Without Club,https://www.transfermarkt.com/tom-lees/profil/spieler/121333
Brad Ihionvien,Peterborough United,not_found,NA,NA,NA,https://www.transfermarkt.com/bradley-ihionvien/profil/spieler/974111
Kyle Dempsey,Bolton Wanderers,ambiguous,0.28125,Kyle Dempsey (Port Vale FC) score=0.28 | Kyle Dempsey (North End United) score=0.17,Port Vale FC,https://www.transfermarkt.com/kyle-dempsey/profil/spieler/308388
Richard Taylor,Bolton Wanderers,ambiguous,0.16875,Richard Taylor (Bromley FC) score=0.17 | Richard Taylor (Retired) score=0.17,Bromley FC,https://www.transfermarkt.com/richard-taylor/profil/spieler/696893
Jake Young,Stevenage,ambiguous,0.3,Jake Young (St. Mirren FC) score=0.30 | Jake Young (Unknown) score=0.10 | Jake Young (Pill AFC) score=0.10,St. Mirren FC,https://www.transfermarkt.com/jake-young/profil/spieler/794437
George Abbott,Wycombe Wanderers,ambiguous,0.105882352941176,George Abbott (Without Club) score=0.11 | George Abbott (Tottenham Hotspur U21) score=0.09,Without Club,https://www.transfermarkt.com/george-abbott/profil/spieler/907215
Callum Connolly,Stockport County,ambiguous,0.3375,Callum Connolly (Bradford City) score=0.34 | Callum Connolly (Bonnyrigg Rose FC) score=0.11,Bradford City,https://www.transfermarkt.com/callum-connolly/profil/spieler/308632
James Clarke,Rotherham United,ambiguous,0.28125,James Clarke (Derry City) score=0.28 | Adrian Clarke (Retired) score=0.28 | Darrell Clarke (Retired) score=0.28,Derry City,https://www.transfermarkt.com/james-clarke/profil/spieler/1225863
Paul Mullin,Bradford City,ambiguous,0.225,Paul Mullin (Rotherham United) score=0.23 | Paul Mullin (Retired) score=0.14,Rotherham United,https://www.transfermarkt.com/paul-mullin/profil/spieler/278501
Joe White,Bradford City,ambiguous,0.207692307692308,Joe White (Without Club) score=0.21 | Joe White (University of New South Wales FC) score=0.11 | Joe White (Unknown) score=0.07,Without Club,https://www.transfermarkt.com/joe-white/profil/spieler/614811
Lino Sousa,Rotherham United,ambiguous,0.28125,Lino (Retired) score=0.28 | Rivelino (Retired) score=0.28 | Lino Sousa (Aston Villa U21) score=0.06,Retired,https://www.transfermarkt.com/lino-sousa/profil/spieler/743414
C.Warren,Bolton Wanderers,ambiguous,0.189473684210526,Warren Zaïre-Emery (Paris Saint-Germain) score=0.19 | Shavy Babicka (United FC (UAE)) score=0.17 | Warren Barton (Retired) score=0.17,Paris Saint-Germain,https://www.transfermarkt.com/charlie-warren/profil/spieler/1416999
Sam Bell,Wycombe Wanderers,ambiguous,0.105882352941176,Sam Bellis (Without Club) score=0.11 | Sam Bell (Bristol City) score=0.05 | Sam Bell (---) score=0.00,Without Club,https://www.transfermarkt.com/sam-bell/profil/spieler/801425
Mohamed Keita,Wycombe Wanderers,ambiguous,0.214285714285714,Mohamed Kéita (JS Centre Salif Keita) score=0.21 | Mohamed Keita (Sologne Football Romorantin 41) score=0.18 | Mohamed Keita (Horoya AC) score=0.16,JS Centre Salif Keita,https://www.transfermarkt.com/mohamed-keita/profil/spieler/1173832
Nathan Lowe,Stockport County,ambiguous,0.135,Nathan Lowe (Broadbeach United SC) score=0.14 | Nathan Lowe (Hibernian FC) score=0.06,Broadbeach United SC,https://www.transfermarkt.com/nathan-lowe/profil/spieler/980417
Ryan Doherty,Stevenage,ambiguous,0.18,Ryan Dougherty (Northern Rovers) score=0.18 | Ryan Doherty (Foyle Harps YFC) score=0.12 | Ryan Doherty (Ipswich Town U21) score=0.11,Northern Rovers,https://www.transfermarkt.com/ryan-doherty/profil/spieler/1336995
Tommy Leigh,Bradford City,ambiguous,0.192857142857143,Tommy Leigh (Bristol Rovers) score=0.19 | Tommy Leigh (---) score=0.00 | Tommy Leigh (---) score=0.00,Bristol Rovers,https://www.transfermarkt.com/tommy-leigh/profil/spieler/907464
Andy Cook,Bradford City,ambiguous,0.138461538461538,Andrew Cooke (Retired) score=0.14 | Andy Cook (Grimsby Town) score=0.14 | Andy Cook (Retired) score=0.14,Retired,https://www.transfermarkt.com/andy-cook/profil/spieler/133397
Dan Gore,Rotherham United,ambiguous,0.385714285714286,Dan Gore (Manchester United U21) score=0.39 | Idan Goren (Retired) score=0.28 | Idan Goren (Retired) score=0.28,Manchester United U21,https://www.transfermarkt.com/dan-gore/profil/spieler/747153
Harry Gray,Rotherham United,ambiguous,0.28125,Harry Gray (Retired) score=0.28 | Harrison Gray (Coventry City U21) score=0.16 | Harry Gray (Sheffield Wednesday) score=0.14,Retired,https://www.transfermarkt.com/harry-gray/profil/spieler/1108476
Chris Forino-Joseph,Bolton Wanderers,not_found,NA,NA,NA,https://www.transfermarkt.com/chris-forino/profil/spieler/906254
Harvey White,Stevenage,ambiguous,0.18,Harvey White (Plymouth Argyle) score=0.18 | Harvey White (Without Club) score=0.08 | Harvey Whiteman (Without Club) score=0.08,Plymouth Argyle,https://www.transfermarkt.com/harvey-white/profil/spieler/581598
Dan Sweeney,Stevenage,ambiguous,0.192857142857143,Dan Sweeney (Worcester City) score=0.19 | Brendan Sweeney (Retired) score=0.10 | Aidan Sweeney (Retired) score=0.10,Worcester City,https://www.transfermarkt.com/dan-sweeney/profil/spieler/440112
Nathan Lowe,Wycombe Wanderers,ambiguous,0.18,Nathan Lowe (Broadbeach United SC) score=0.18 | Nathan Lowe (Hibernian FC) score=0.16,Broadbeach United SC,https://www.transfermarkt.com/nathan-lowe/profil/spieler/980417
Ben Hinchliffe,Stockport County,ambiguous,0.1125,Ben Hinchliffe (Beverley Town FC) score=0.11 | Ben Hinchliffe (Retired) score=0.06,Beverley Town FC,https://www.transfermarkt.com/ben-hinchliffe/profil/spieler/49597
Jack Hunt,Stockport County,ambiguous,0.3375,Jack Hunt (York City) score=0.34 | Jack Hunter (Without Club) score=0.28 | Jack Hunter (Hartlepool United) score=0.21,York City,https://www.transfermarkt.com/jack-hunt/profil/spieler/135038
Danny Andrew,Stockport County,ambiguous,0.225,Danny Andrew (Fleetwood Town) score=0.23 | Danny Andrews (Retired) score=0.06,Fleetwood Town,https://www.transfermarkt.com/danny-andrew/profil/spieler/95245
Benjamin Woods,Peterborough United,not_found,NA,NA,NA,https://www.transfermarkt.com/ben-woods/profil/spieler/733424
Callum Wright,Wigan Athletic,ambiguous,0.192857142857143,Callum Wright (Hibernian FC) score=0.19 | Callum Wright (Unknown) score=0.06 | Callum Wright (Ynysygerwn FC) score=0.06,Hibernian FC,https://www.transfermarkt.com/callum-wright/profil/spieler/502830
Danny Andrew,Exeter City,ambiguous,0.245454545454545,Danny Andrews (Retired) score=0.25 | Danny Andrew (Fleetwood Town) score=0.19,Retired,http://transfermarkt.com/danny-andrew/profil/spieler/95245
James Husband,Blackpool,ambiguous,0.1125,James Husband (Doncaster Rovers) score=0.11 | James Husband (Retired) score=0.00,Doncaster Rovers,https://www.transfermarkt.com/james-husband/profil/spieler/167393
Paul Mullin,Wigan Athletic,ambiguous,0.128571428571429,Paul Mullin (Retired) score=0.13 | Paul Mullin (Rotherham United) score=0.11,Retired,https://www.transfermarkt.com/paul-mullin/profil/spieler/278501
T. Bondo,Blackpool,ambiguous,0.156521739130435,Tom Bondon (FC La Chaux-de-Fonds II) score=0.16 | Alexi Koum (Olympique de Marseille B) score=0.11 | Warren Bondo (AC Milan) score=0.10,FC La Chaux-de-Fonds II,https://www.transfermarkt.com/terry-bondo/profil/spieler/1255295
George Abbott,Mansfield Town,ambiguous,0.0857142857142857,George Abbott (Tottenham Hotspur U21) score=0.09 | George Abbott (Without Club) score=0.06,Tottenham Hotspur U21,https://www.transfermarkt.com/george-abbott/profil/spieler/907215
Ben Amos,Port Vale,ambiguous,0.225,Ben Amos (Without Club) score=0.23 | Nir Ben Amos (Retired) score=0.10,Without Club,https://www.transfermarkt.com/ben-amos/profil/spieler/73472
Marvin Johnson,Port Vale,ambiguous,0.225,Marvin Johnson (Without Club) score=0.23 | Marvin Johnson (Retired) score=0.10,Without Club,https://www.transfermarkt.com/marvin-johnson/profil/spieler/216564
Joe Gardner,Mansfield Town,ambiguous,0.192857142857143,Joe Gardner (Falkirk FC) score=0.19 | Joe Gardner (Without Club) score=0.06,Falkirk FC,https://www.transfermarkt.com/joe-gardner/profil/spieler/921513
Liam Roberts,Mansfield Town,ambiguous,0.257142857142857,William Roberts (Unknown) score=0.26 | Liam Roberts (Hereford FC) score=0.19 | Will Roberts-Morris (Llanrhaeadr FC) score=0.19,Unknown,https://www.transfermarkt.com/liam-roberts/profil/spieler/249164
Jordan Gibson,Doncaster Rovers,ambiguous,0.16875,Jordan Gibson (Retired) score=0.17 | Jordan Gibson (Without Club) score=0.11 | Jordan Gibson (Unknown) score=0.11,Retired,https://www.transfermarkt.com/jordan-gibson/profil/spieler/379666
Marc Roberts,Barnsley,ambiguous,0.1125,Mark Roberts (Retired) score=0.11 | Marc Roberts (Without Club) score=0.08,Retired,https://www.transfermarkt.com/marc-roberts/profil/spieler/284959
Jack Hunt,Wigan Athletic,ambiguous,0.192857142857143,Jack Hunter (Without Club) score=0.19 | Jack Hunt (York City) score=0.13 | Jack Empson (FC Marlow) score=0.13,Without Club,https://www.transfermarkt.com/jack-hunt/profil/spieler/135038
Christain Saydee,Wigan Athletic,not_found,NA,NA,NA,https://www.transfermarkt.com/christian-saydee/profil/spieler/655835
Ed Francis,Exeter City,ambiguous,0.245454545454545,Jared Borgetti (Retired) score=0.25 | Amos Anointed Francis (Without Club) score=0.15 | Jed Drew (TSV Hartberg) score=0.08,Retired,https://www.transfermarkt.com/ed-francis/profil/spieler/332327
Ivan Varfolomejev,Lincoln City,not_found,NA,NA,NA,https://www.transfermarkt.com/ivan-varfolomeev/profil/spieler/779244
Jordan Amissah,Burton Albion,ambiguous,0.1125,Jordan Amissah (Dundee United FC) score=0.11 | Jordan Amissah (Asante Kotoko SC) score=0.11,Dundee United FC,https://www.transfermarkt.es/jordan-amissah/profil/spieler/385412
Mamadi Camará,Reading,ambiguous,0.189473684210526,Mamadi Kamara (Adelaide Olympic FC) score=0.19 | Mamadi Camara (Without Club) score=0.00 | Mamadi Camará (Without Club) score=0.00,Adelaide Olympic FC,https://www.transfermarkt.com/mamadi-camara/profil/spieler/845297
Carlos Gomes,Bolton Wanderers,ambiguous,0.245454545454545,Roberto Gomes (Sporting Club Escaldes) score=0.25 | Alanzinho (Retired) score=0.17 | Carlos Gomes Fernandez (Unknown) score=0.17,Sporting Club Escaldes,https://www.transfermarkt.com/carlos-mendes/profil/spieler/588412
Carlos Gomes,Exeter City,ambiguous,0.245454545454545,Alanzinho (Retired) score=0.25 | Carlos Gomes (Retired) score=0.25 | Zé Carlos (Retired) score=0.25,Retired,https://www.transfermarkt.com/carlos-mendes/profil/spieler/588412
Josh Kelly,AFC Wimbledon,ambiguous,0.135,Josh Kelly (Drumchapel United FC) score=0.14 | Josh Kelly (Queen of the South FC U18) score=0.11 | Josh Kelly (Woking FC) score=0.07,Drumchapel United FC,https://www.transfermarkt.com/josh-kelly/profil/spieler/526852
Michael Forbes,Northampton Town,ambiguous,0.1125,Michael Forbes (Cavalier FC) score=0.11 | Michael Forbes (Dundee United FC) score=0.06,Cavalier FC,https://www.transfermarkt.com/michael-forbes/profil/spieler/701006
Tom James,Leyton Orient,ambiguous,0.257142857142857,Tom James (Bristol Rovers) score=0.26 | Tom James (Without Club) score=0.07,Bristol Rovers,https://www.transfermarkt.com/tom-james/profil/spieler/325105
Lee Evans,Bradford City,ambiguous,0.25,Josh Evans (Brickfield Rangers) score=0.25 | Lee Evans (Without Club) score=0.21 | Ricky Evans (Without Club) score=0.21,Brickfield Rangers,https://www.transfermarkt.com/lee-evans/profil/spieler/221446
Luke Harris,Wycombe Wanderers,ambiguous,0.105882352941176,Luke Harrison (Wellington Rec. FC) score=0.11 | Luke Harris (Without Club) score=0.11 | Luke Harris (Morriston Town) score=0.11,Wellington Rec. FC,https://www.transfermarkt.com/luke-harris/profil/spieler/817612
Lee Evans,Blackpool,ambiguous,0.2,Lee Evans (Unknown) score=0.20 | Josh Evans (Brickfield Rangers) score=0.20 | Lee Evans (Without Club) score=0.08,Unknown,https://www.transfermarkt.com/lee-evans/profil/spieler/221446
Tom Bradshaw,Barnsley,ambiguous,0.075,Tom Bradshaw (Without Club) score=0.08 | Tom Bradshaw (---) score=0.00,Without Club,https://www.transfermarkt.com/tom-bradshaw/profil/spieler/139781
Mitchell Clark,Port Vale,ambiguous,0.075,Mitch Clark (Swindon Town) score=0.08 | Mitchell Clarke (Chasetown FC) score=0.08 | Mitchell Clarke (Unknown) score=0.00,Swindon Town,https://www.transfermarkt.com/mitch-clark/profil/spieler/390693
Aaron Lewis,Mansfield Town,ambiguous,0.192857142857143,Aaron Martin (Guiseley AFC) score=0.19 | Aaron Lewis (Without Club) score=0.06 | Aaron Henry (Wealdstone FC) score=0.06,Guiseley AFC,https://www.transfermarkt.com/aaron-lewis/profil/spieler/344014
Oliver Cooper,Wigan Athletic,ambiguous,0.192857142857143,Oliver Cooper (Swansea City) score=0.19 | Oliver Beckles (Unknown) score=0.06,Swansea City,https://www.transfermarkt.com/oliver-cooper/profil/spieler/504617
Joe Taylor,Wigan Athletic,ambiguous,0.192857142857143,Joe Taylor (Without Club) score=0.19 | Bobby-Joe Taylor (Farnham Town) score=0.13 | Joe Taylor (Herne Bay FC) score=0.13,Without Club,https://www.transfermarkt.com/joe-taylor/profil/spieler/944551
Matthew Garbett,Peterborough United,profile_fetch_failed,1,Matthew Garbett (Peterborough United) score=1.00,Peterborough United,https://www.transfermarkt.com/matthew-garbett/profil/spieler/617019
George Johnston,Bolton Wanderers,ambiguous,0.225,George Johnston (Luton Town) score=0.23 | George Johnston (Retired) score=0.17 | George Johnston (Retired) score=0.17,Luton Town,https://www.transfermarkt.com/george-johnston/profil/spieler/318549
Ben House,Lincoln City,profile_fetch_failed,1,Ben House (Lincoln City) score=1.00,Lincoln City,https://www.transfermarkt.com/ben-house/profil/spieler/503759
Lewis Fiorini,Stockport County,not_found,NA,NA,NA,https://www.transfermarkt.com/lewis-fiorini/profil/spieler/566802
Liam Kelly,Rotherham United,ambiguous,0.28125,Liam Kelly (Retired) score=0.28 | Liam Kelly (Retired) score=0.28 | Liam Kelly (Derry City) score=0.28,Retired,https://www.transfermarkt.com/liam-kelly/profil/spieler/106643
Ethan Erhahon,Bolton Wanderers,profile_fetch_failed,1,Ethan Erhahon (Bolton Wanderers) score=1.00,Bolton Wanderers,https://www.transfermarkt.com/ethan-erhahon/profil/spieler/463760
Matt Phillips,Stevenage,ambiguous,0.1,Matt Phillips (Retired) score=0.10 | Matt Phillips (Without Club) score=0.08,Retired,https://www.transfermarkt.com/matt-phillips/profil/spieler/77274
Ethan Hamilton,Lincoln City,ambiguous,0.15,Ethan Hamilton (Dundee FC) score=0.15 | Ethan Hamilton (Kelty Hearts FC U20) score=0.14,Dundee FC,https://www.transfermarkt.com/ethan-hamilton/profil/spieler/396286
Ryan One,Lincoln City,ambiguous,0.225,Ryan Oné (Sheffield United) score=0.23 | Bryan Oneil (Cavalier FC) score=0.08,Sheffield United,https://www.transfermarkt.com/ryan-one/profil/spieler/1031293
James Maxwell,Doncaster Rovers,ambiguous,0.211764705882353,James Maxwell (Valley Rangers FC) score=0.21 | James Maxwell (Northampton Town) score=0.17 | James Maxwell (Purdue Fort Wayne Mastadons) score=0.17,Valley Rangers FC,https://www.transfermarkt.com/james-maxwell/profil/spieler/606962
Jack McMillan,Exeter City,ambiguous,0.12,Jack McMillan (Wisbech Town FC) score=0.12 | Jack McMillan (Falkirk FC) score=0.08,Wisbech Town FC,https://www.transfermarkt.com/jack-mcmillan/profil/spieler/347617
Jordan Gabriel,Port Vale,profile_fetch_failed,1,Jordan Gabriel (Port Vale FC) score=1.00 | Gabriel Furtado (Tuna Luso Brasileira) score=0.18 | Jordan Agblemagnon (Valenciennes FC U19) score=0.05,Port Vale FC,https://www.transfermarkt.com/jordan-gabriel/profil/spieler/425900
Regan Hendry,Mansfield Town,not_found,NA,NA,NA,https://www.transfermarkt.com/regan-hendry/profil/spieler/285287
Luke Robinson,Wigan Athletic,not_found,NA,NA,NA,https://www.transfermarkt.com/luke-robinson/profil/spieler/647376
Jason Kerr,Wigan Athletic,not_found,NA,NA,NA,https://www.transfermarkt.com/jason-kerr/profil/spieler/340728
Kevin McDonald,Exeter City,ambiguous,0.245454545454545,Kevin McDonald (Retired) score=0.25 | Kevin McDonald (Retired) score=0.25 | Kevin McDonald (Without Club) score=0.15,Retired,https://www.transfermarkt.com/kevin-mcdonald/profil/spieler/36529
Corey Addai,Stockport County,profile_fetch_failed,0.1125,Corey Addai (Burton Albion) score=0.11,Burton Albion,https://www.transfermarkt.com/corey-addai/profil/spieler/424456
Brandon Cover,Rotherham United,profile_fetch_failed,1,Brandon Cover (Rotherham United) score=1.00,Rotherham United,https://www.transfermarkt.com/brandon-cover/profil/spieler/814526
Andre Gray,Port Vale,ambiguous,0.225,Andre Gray (Without Club) score=0.23 | Deandre Gray (AFC Academy B (Academy Eagles)) score=0.13,Without Club,https://www.transfermarkt.com/andre-gray/profil/spieler/120565
Ibou Touray,Bradford City,profile_fetch_failed,1,Ibou Touray (Bradford City) score=1.00,Bradford City,https://www.transfermarkt.com/ibou-touray/profil/spieler/204960
Adama Sidibeh,Stockport County,profile_fetch_failed,1,Adama Sidibeh (Stockport County) score=1.00,Stockport County,https://www.transfermarkt.com/adama-sidibeh/profil/spieler/1229924
Alexander Robertson,Cardiff City,not_found,NA,NA,NA,https://www.transfermarkt.com/alex-robertson/profil/spieler/609887
Aron Sasu,AFC Wimbledon,profile_fetch_failed,1,Aron Sasu (AFC Wimbledon) score=1.00,AFC Wimbledon,https://www.transfermarkt.com/aron-sasu/profil/spieler/874429
Sverre Sandal,Luton Town,profile_fetch_failed,1,Sverre Sandal (Luton Town) score=1.00,Luton Town,https://www.transfermarkt.com/sverre-sandal/profil/spieler/912481
Nigel Lonwijk,Luton Town,profile_fetch_failed,0.0692307692307692,Nigel Lonwijk (Maccabi Haifa) score=0.07,Maccabi Haifa,https://www.transfermarkt.com/nigel-lonwijk/profil/spieler/566043
Denzel Hall,Rotherham United,profile_fetch_failed,1,Denzel Hall (Rotherham United) score=1.00,Rotherham United,https://www.transfermarkt.com/denzel-hall/profil/spieler/412949
Aribim Pepple,Plymouth Argyle,profile_fetch_failed,1,Aribim Pepple (Plymouth Argyle) score=1.00,Plymouth Argyle,https://www.transfermarkt.com/aribim-pepple/profil/spieler/696502
Nicholas Akoto,Burton Albion,not_found,NA,NA,NA,https://www.transfermarkt.com/nick-akoto/profil/spieler/496484
Thimothée Lo-Tutala,Doncaster Rovers,profile_fetch_failed,0.05625,Thimothée Lo-Tutala (Hull City) score=0.06,Hull City,https://www.transfermarkt.com/thimothee-lo-tutala/profil/spieler/655877
Maël de Gevigney,Barnsley,profile_fetch_failed,1,Maël de Gevigney (Barnsley FC) score=1.00,Barnsley FC,https://www.transfermarkt.com/mael-de-gevigney/profil/spieler/735672
Bojan Radulovic,Huddersfield Town,profile_fetch_failed,1,Bojan Radulović (Huddersfield Town) score=1.00,Huddersfield Town,https://www.transfermarkt.com/bojan-radulovic/profil/spieler/516407
Victor Adeboyejo,Mansfield Town,profile_fetch_failed,0.128571428571429,Victor Adeboyejo (Bromley FC) score=0.13,Bromley FC,https://www.transfermarkt.com/victor-adeboyejo/profil/spieler/344987
Daniel Udoh,Wycombe Wanderers,ambiguous,0.105882352941176,Daniel Udoh (Unknown) score=0.11 | Daniel Udoh (Salford City) score=0.05,Unknown,https://www.transfermarkt.com/daniel-udoh/profil/spieler/428446
Fábio Tavares,Burton Albion,ambiguous,0.144,Fabio Tavares Varela (Cavigal Nice Football U17) score=0.14 | Fábio Tavares (Without Club) score=0.14 | Fábio Tavares (Without Club) score=0.14,Cavigal Nice Football U17,https://www.transfermarkt.com/fabio-tavares/profil/spieler/614086
Patrick Bauer,AFC Wimbledon,ambiguous,0.211764705882353,Patrick Bauer (Rot-Weiß Seebach) score=0.21 | Patrick Bauer (Retired) score=0.21 | Patrick Bauer (Retired) score=0.21,Rot-Weiß Seebach,https://www.transfermarkt.com/patrick-bauer/profil/spieler/94603
Marcus Forss,Bolton Wanderers,ambiguous,0.16875,Marcus Forsström (Unknown) score=0.17 | Marcus Forss (Without Club) score=0.06,Unknown,https://www.transfermarkt.com/marcus-forss/profil/spieler/404584
Klajdi Lolos,Peterborough United,not_found,NA,NA,NA,https://www.transfermarkt.com/klaidi-lolos/profil/spieler/565911
Emil Hansson,Blackpool,ambiguous,0.075,Emil Hansson (Without Club) score=0.08 | Emil Hansson (Without Club) score=0.08,Without Club,https://www.transfermarkt.com/emil-hansson/profil/spieler/276002
Robert Nkeng,AFC Wimbledon,not_found,NA,NA,NA,https://www.transfermarkt.com/junior-nkeng/profil/spieler/1201750
Frankie Brown,Oldham Athletic,not_found,NA,NA,NA,https://www.transfermarkt.com/frankie-mcmahon-brown/profil/spieler/1352708
Michael Kelly,Accrington Stanley,ambiguous,0.25,Michael Kelly (Spalding United) score=0.25 | Michael Kelly (Without Club) score=0.20 | Danny Kelly (Without Club) score=0.20,Spalding United,https://www.transfermarkt.com/michael-kelly/profil/spieler/315984
Connor O’Brien,Accrington Stanley,not_found,NA,NA,NA,https://www.transfermarkt.com/connor-obrien/profil/spieler/966649
Joe Murphy,Tranmere Rovers,ambiguous,0.24,Joe Murphy (Retired) score=0.24 | Joe Murphy (Retired) score=0.24 | Joe Murphy (Without Club) score=0.06,Retired,https://www.transfermarkt.com/joe-murphy/profil/spieler/3655
Glenn McConnell,Cambridge United,profile_fetch_failed,1,Glenn McConnell (Cambridge United) score=1.00,Cambridge United,https://www.transfermarkt.com/glenn-mcconnell/profil/spieler/961075
Anthony Scully,Shrewsbury Town,ambiguous,0.18,Anthony Scully (Retired) score=0.18 | Anthony Scully (Without Club) score=0.12 | Tom Scully (Prescot Cables FC) score=0.05,Retired,https://www.transfermarkt.com/anthony-scully/profil/spieler/325216
Ryan Delaney,Newport County AFC,ambiguous,0.286363636363636,Ryan Delaney (Carrigaline United AFC) score=0.29 | Ryan Delaney (St. Mary's FC) score=0.25 | Ryan Delaney (Oldham Athletic) score=0.10,Carrigaline United AFC,https://www.transfermarkt.com/ryan-delaney/profil/spieler/316554
Ryan Delaney,Swindon Town,ambiguous,0.163636363636364,Ryan Delaney (Carrigaline United AFC) score=0.16 | Ryan Delaney (St. Mary's FC) score=0.15 | Ryan Delaney (Oldham Athletic) score=0.06,Carrigaline United AFC,https://www.transfermarkt.com/ryan-delaney/profil/spieler/316554
Adam Murphy,Swindon Town,ambiguous,0.375,Adam Murphy (Unknown) score=0.38 | Adam Murphy (Bristol City) score=0.23 | Adam Murphy (Without Club) score=0.23,Unknown,https://www.transfermarkt.com/adam-murphy/profil/spieler/741270
Janoi Donacien,Chesterfield,profile_fetch_failed,0.1125,Janoi Donacien (Northampton Town) score=0.11,Northampton Town,https://www.transfermarkt.com/janoi-donacien/profil/spieler/197791
Kyle Scott,Crawley Town,ambiguous,0.15,Kyle Scott (Retired) score=0.15 | Kyle Scott (Las Vegas Lights FC) score=0.14 | Kyle Scott (Lothian Thistle Hutchison Vale FC) score=0.14,Retired,https://www.transfermarkt.com/kyle-scott/profil/spieler/258888
Ronny Stutter,Barnet,profile_fetch_failed,0.075,Ronnie Stutter (Without Club) score=0.08,Without Club,https://www.transfermarkt.com/ronnie-stutter/profil/spieler/825024
Fate Kotey,Crawley Town,profile_fetch_failed,1,Fate Kotey (Crawley Town) score=1.00,Crawley Town,https://www.transfermarkt.com/fate-kotey/profil/spieler/1433785
Sonny Aljofree,Notts County,profile_fetch_failed,0.15,Sonny Aljofree (Without Club) score=0.15,Without Club,https://www.transfermarkt.com/sonny-aljofree/profil/spieler/911431
Lucas Barnes ,Harrogate Town,profile_fetch_failed,1,Lucas Barnes (Harrogate Town) score=1.00,Harrogate Town,https://www.transfermarkt.com/lucas-barnes/profil/spieler/1209669
Kyle Jameson,Harrogate Town,not_found,NA,NA,NA,https://www.transfermarkt.com/kyle-jameson/profil/spieler/494684
Sam Waller,Harrogate Town,not_found,NA,NA,NA,https://www.transfermarkt.com/sam-waller/profil/spieler/733430
Lewis Cass,Harrogate Town,not_found,NA,NA,NA,https://www.transfermarkt.com/lewis-cass/profil/spieler/474382
Mason Bennett,Harrogate Town,not_found,NA,NA,NA,https://www.transfermarkt.com/mason-bennett/profil/spieler/195637
Reece Smith,Harrogate Town,ambiguous,0.3,Clive Smith (Warrington Rylands) score=0.30 | Reece Smith (Walsall FC) score=0.19,Warrington Rylands,https://www.transfermarkt.com/reece-smith/profil/spieler/738310
Liam Gibson,Harrogate Town,ambiguous,0.211764705882353,Liam Gibson (Hartlepool United) score=0.21 | Liam Gibson (Without Club) score=0.19 | Liam Gibson (Unknown) score=0.19,Hartlepool United,https://www.transfermarkt.com/liam-gibson/profil/spieler/312553
Jack Evans,Harrogate Town,ambiguous,0.45,Jack Evans (Abergavenny Town) score=0.45 | Jack Evans (Faversham Town FC) score=0.37 | Jack Evans (Merthyr Town FC) score=0.33,Abergavenny Town,https://www.transfermarkt.com/jack-evans/profil/spieler/504494
Joe Garner,Oldham Athletic,ambiguous,0.24,Joe Garner (Morecambe FC) score=0.24 | Joe Garner (Acton FC (-1889)) score=0.06,Morecambe FC,https://www.transfermarkt.com/joe-garner/profil/spieler/46111
Jack Powell,Crewe Alexandra,ambiguous,0.06,Jack Powell (Didcot Town FC) score=0.06 | Jack Powell (Hornchurch FC) score=0.00 | Jack Powell (---) score=0.00,Didcot Town FC,https://www.transfermarkt.com/jack-powell/profil/spieler/204684
Thomas Donaghy,Oldham Athletic,not_found,NA,NA,NA,https://www.transfermarkt.com/tom-donaghy/profil/spieler/800509
Charlie Daniel Brown,Accrington Stanley,not_found,NA,NA,NA,https://www.transfermarkt.com/charlie-brown/profil/spieler/445548
Jordan Thomas,Cheltenham Town,ambiguous,0.42,Jordan Worthington (Prestatyn Town) score=0.42 | Jordan Barnett (Brighouse Town FC) score=0.33 | Jordan Thomas (Unknown) score=0.24,Prestatyn Town,https://www.transfermarkt.com/jordan-thomas/profil/spieler/1165670
Benjamin Woods,Accrington Stanley,not_found,NA,NA,NA,https://www.transfermarkt.com/ben-woods/profil/spieler/733424
Dan Martin,Accrington Stanley,ambiguous,0.3,Aidan Martin (Livingston FC U18) score=0.30 | Adan Coronado (Without Club) score=0.20 | Aidan Martinez (Wisconsin Badgers (University of Wisconsin)) score=0.20,Livingston FC U18,https://www.transfermarkt.com/dan-martin/profil/spieler/719290
Brandon Powell,Barrow,ambiguous,0.225,Brandon Powell (Blackburn Rovers U21) score=0.23 | Brandon Powell (Treowen Stars) score=0.14,Blackburn Rovers U21,https://www.transfermarkt.com/brandon-powell/profil/spieler/936904
Harvey Davies,Crawley Town,ambiguous,0.075,Harvey Davies (Without Club) score=0.08 | Harvey Davies (Liverpool FC) score=0.00,Without Club,https://www.transfermarkt.com/harvey-davies/profil/spieler/706815
Reece Brown,Crawley Town,ambiguous,0.225,Reece Brown (Unknown) score=0.23 | Tyreece Brown (Molynes United FC) score=0.16 | Reece Brown (Retired) score=0.15,Unknown,https://www.transfermarkt.com/reece-brown/profil/spieler/236493
Jackson Smith,Grimsby Town,ambiguous,0.125581395348837,Jackson Smith (North Carolina State Wolfpack (NC State Univ.)) score=0.13 | Jackson Jaramillo (Without Club) score=0.08 | Jackson Smith (Retired) score=0.08,North Carolina State Wolfpack (NC State Univ.),https://www.transfermarkt.com/jackson-smith/profil/spieler/511964
Elliot Nevitt,Gillingham,not_found,NA,NA,NA,https://www.transfermarkt.com/elliott-nevitt/profil/spieler/906902
Adam Lewis,Chesterfield,ambiguous,0.375,Adam Lewis (Retired) score=0.38 | Adam Lewis (Retired) score=0.38 | Adam Lewis (AFC Fylde) score=0.15,Retired,https://www.transfermarkt.com/adam-lewis/profil/spieler/347481
Mike Fondop-Talum,Oldham Athletic,not_found,NA,NA,NA,https://www.transfermarkt.com/mike-fondop/profil/spieler/542439
Tom Taylor,Cheltenham Town,ambiguous,0.25,Tom Taylor (Ipswich Town U21) score=0.25 | Tom Taylor (Unknown) score=0.24 | Tom Taylor (Retired) score=0.12,Ipswich Town U21,https://www.transfermarkt.com/tom-taylor/profil/spieler/1099929
Sinclair,Accrington Stanley,ambiguous,0.2,Scott Sinclair (Without Club) score=0.20 | Sinclair Armstrong (Göztepe) score=0.20 | John Roberts (Without Club) score=0.20,Without Club,https://www.transfermarkt.com/isaac-sinclair/profil/spieler/1164610
Jake Leake,Oldham Athletic,ambiguous,0.211764705882353,Jake Leake (Colchester United) score=0.21 | Jake Leeker (Retired) score=0.12,Colchester United,https://www.transfermarkt.com/jake-leake/profil/spieler/746620
Charlie Finney,Crewe Alexandra,ambiguous,0.06,Charlie Finney (Without Club) score=0.06 | Charlie Finney (Alfreton Town) score=0.06,Without Club,https://www.transfermarkt.com/charlie-finney/profil/spieler/965742
Ryan Galvin,Barnet,ambiguous,0.24,Ryan Galvin (Carlisle United) score=0.24 | Ryan Galvin (Unknown) score=0.13,Carlisle United,https://www.transfermarkt.com/ryan-galvin/profil/spieler/647382
Luke Thomas,Bristol Rovers,ambiguous,0.257142857142857,Luke Simpson (Retired) score=0.26 | Luke Hyam (Retired) score=0.26 | Luke Little (Loughborough University) score=0.23,Retired,https://www.transfermarkt.com/luke-thomas/profil/spieler/399473
Oliver Wright,Accrington Stanley,ambiguous,0.2,Oliver Wright (Gillingham FC) score=0.20 | Oliver Wright (Retired) score=0.15 | Ollie Wright (Portland Hearts of Pine) score=0.12,Gillingham FC,https://www.transfermarkt.com/oliver-wright/profil/spieler/610690
James Brophy,Cambridge United,ambiguous,0.225,Jamie Brophy (Career break) score=0.23 | James Brophy (Gillingham FC) score=0.11,Career break,https://www.transfermarkt.com/james-brophy/profil/spieler/386505
Glenn Morris,Gillingham,ambiguous,0.211764705882353,Glenn Morris (Dorking Wanderers) score=0.21 | Glenn Morrison (Unknown) score=0.09,Dorking Wanderers,https://www.transfermarkt.com/glenn-morris/profil/spieler/48261
James Clarke,Newport County AFC,ambiguous,0.3,James Clarke (Derry City) score=0.30 | James Clarke (Without Club) score=0.25 | James Clarke (Boreham Wood FC) score=0.25,Derry City,https://www.transfermarkt.com/james-clarke/profil/spieler/67215
Josh Gordon,Barrow,ambiguous,0.1125,Joshua Gordon (Long Island Rough Riders) score=0.11 | Josh Gordon (Deveronvale FC U20) score=0.10 | Josh Gordon (Exeter City) score=0.08,Long Island Rough Riders,https://www.transfermarkt.com/josh-gordon/profil/spieler/426426
Jake Turner,Gillingham,ambiguous,0.0947368421052632,Jake Turner (Lower Hutt City AFC) score=0.09 | Jake Turner (Retired) score=0.09 | Jake Turner (Without Club) score=0.08,Lower Hutt City AFC,https://www.transfermarkt.com/jake-turner/profil/spieler/457128
Michael Morrison,Cambridge United,ambiguous,0.28125,Michael Morrison (Retired) score=0.28 | Mo Morrison (Retired) score=0.28 | Michael Morrison (Burntisland Shipyard FC) score=0.16,Retired,https://www.transfermarkt.com/michael-morrison/profil/spieler/66497
Will Gary,Shrewsbury Town,not_found,NA,NA,NA,https://www.transfermarkt.com/will-gray/profil/spieler/1441310
Max Clark,Gillingham,ambiguous,0.0947368421052632,Max Clarke (Greenock Juniors FC) score=0.09 | Louis Clark (Unknown) score=0.09 | Max Clark (Without Club) score=0.08,Greenock Juniors FC,https://www.transfermarkt.com/max-clark/profil/spieler/183291
Angus MacDonald,Barrow,ambiguous,0.075,Angus MacDonald (Without Club) score=0.08 | Angus Carmichael (---) score=0.00,Without Club,https://www.transfermarkt.com/angus-macdonald/profil/spieler/192364
Josh Hughson Flint,Crawley Town,not_found,NA,NA,NA,https://www.transfermarkt.com/josh-flint/profil/spieler/638666
Matthew Andrews,Gillingham,ambiguous,0.15,Josh Andrews (Grimsby Town) score=0.15 | Matthew Andrews (Retired) score=0.09 | Matthew Andrews (Unknown) score=0.09,Grimsby Town,https://www.transfermarkt.com/josh-andrews/profil/spieler/573054
Josh Powell,Colchester United,ambiguous,0.158823529411765,Josh Powell (Without Club) score=0.16 | Josh Powell (Nottingham Forest U21) score=0.13 | Josh Powell (Unknown) score=0.05,Without Club,https://www.transfermarkt.com/josh-powell/profil/spieler/855279
Max Jollife,Colchester United,not_found,NA,NA,NA,https://www.transfermarkt.com/max-jolliffe/profil/spieler/973241
Anthony Driscoll-Glennon,Newport County AFC,not_found,NA,NA,NA,https://www.transfermarkt.com/anthony-glennon/profil/spieler/503683
George Nurse,Shrewsbury Town,ambiguous,0.36,George Nurse (Cheltenham Town) score=0.36 | Mel Nurse (Retired) score=0.18,Cheltenham Town,https://www.transfermarkt.com/george-nurse/profil/spieler/633129
Harry Forster,Crawley Town,ambiguous,0.15,Harry Förster (Retired) score=0.15 | Harry Forster (Without Club) score=0.08,Retired,https://www.transfermarkt.com/harry-forster/profil/spieler/808428
Taylor Richards,Crawley Town,ambiguous,0.121621621621622,Taylor Richardson (UFV Cascades (University Fraser Valley)) score=0.12 | Taylor Richards (Without Club) score=0.08 | Taylor Richards (Without Club) score=0.08,UFV Cascades (University Fraser Valley),https://www.transfermarkt.com/taylor-richards/profil/spieler/484551
Conner Jennings,Tranmere Rovers,not_found,NA,NA,NA,https://www.transfermarkt.com/connor-jennings/profil/spieler/212426
Dylan Jones,Tranmere Rovers,ambiguous,0.24,Dylan Jones (Retired) score=0.24 | Dylan Jones (Taunton Town) score=0.24 | Dylan Jones (Llannefydd FC) score=0.18,Retired,https://www.transfermarkt.com/dylan-jones/profil/spieler/1372972
Nathan Smith,Tranmere Rovers,ambiguous,0.273913043478261,Nathan Smith (Cray Valley Paper Mills) score=0.27 | Jonathan Smith (Retired) score=0.24 | Adie Smith (Retired) score=0.24,Cray Valley Paper Mills,https://www.transfermarkt.com/nathan-smith/profil/spieler/321416
Tyler Walker,Barrow,ambiguous,0.075,Tyler Walker (Without Club) score=0.08 | Tyler Walker (Goole AFC) score=0.00,Without Club,https://www.transfermarkt.com/tyler-walker/profil/spieler/341295
Joseph Anderson,Barrow,ambiguous,0.1,Joe Anderson (Accrington Stanley) score=0.10 | William Anderson (---) score=0.00,Accrington Stanley,https://www.transfermarkt.com/joe-anderson/profil/spieler/511551
Jonny Smith,Gillingham,ambiguous,0.128571428571429,Jonny Smith (Wigan Athletic) score=0.13 | Jonny Smith (Inverurie Loco Works FC) score=0.08,Wigan Athletic,https://www.transfermarkt.com/jonny-smith/profil/spieler/424414
Cameron McJannett,Grimsby Town,not_found,NA,NA,NA,https://www.transfermarkt.com/cameron-mcjannet/profil/spieler/425715
Thomas Edwards,Salford City,ambiguous,0.225,Tom Edwards (Without Club) score=0.23 | Ryan Edwards (Without Club) score=0.23 | Thomas Edwards (Caersws FC) score=0.15,Without Club,https://www.transfermarkt.com/tom-edwards/profil/spieler/430788
Tommy McDermott,Shrewsbury Town,ambiguous,0.12,Tommy McDermott (Without Club) score=0.12 | Tommy McDermott (---) score=0.00,Without Club,https://www.transfermarkt.com/tommy-mcdermott/profil/spieler/1037996
Myles Roberts,Walsall,ambiguous,0.15,Myles Roberts (Without Club) score=0.15 | Quillan Roberts (Western Suburbs FC) score=0.10,Without Club,https://www.transfermarkt.com/myles-roberts/profil/spieler/531489
Elliot Nevitt,Cambridge United,not_found,NA,NA,NA,https://www.transfermarkt.com/elliott-nevitt/profil/spieler/906902
James Norwood,Fleetwood Town,ambiguous,0.225,Oliver Norwood (Stockport County) score=0.23 | James Norwood (Without Club) score=0.19,Stockport County,https://www.transfermarkt.com/james-norwood/profil/spieler/123198
Connor Barrett,Walsall,ambiguous,0.257142857142857,Connor Barrett (Wigan Athletic) score=0.26 | Connor Barratt (Galway United FC) score=0.17,Wigan Athletic,https://www.transfermarkt.com/connor-barrett/profil/spieler/610652
Will Wright,Swindon Town,ambiguous,0.15,Will Wright (Barnet FC) score=0.15 | Will Wright (Liverpool FC U21) score=0.11,Barnet FC,https://www.transfermarkt.com/will-wright/profil/spieler/601437
Josh Gordon,Walsall,ambiguous,0.1,Josh Gordon (Deveronvale FC U20) score=0.10 | Joshua Gordon (Long Island Rough Riders) score=0.08 | Josh Gordon (Exeter City) score=0.00,Deveronvale FC U20,https://www.transfermarkt.com/josh-gordon/profil/spieler/426426
Danny Rose,Grimsby Town,ambiguous,0.075,Danny Rose (Retired) score=0.08 | Danny Rose (Retired) score=0.08 | Danny Rose (Barrow AFC) score=0.08,Retired,https://www.transfermarkt.com/danny-rose/profil/spieler/185702
Mark Howard,Salford City,ambiguous,0.225,Mark Howard (Without Club) score=0.23 | Mark Howard (Retired) score=0.08,Without Club,https://www.transfermarkt.com/mark-howard/profil/spieler/25186
Matthew Young,Salford City,ambiguous,0.158823529411765,Matty Young (Huddersfield Town) score=0.16 | Ciaran Young (Nairn St. Ninian FC) score=0.15 | Matt Young (Haringey Borough FC) score=0.14,Huddersfield Town,https://www.transfermarkt.com/matty-young/profil/spieler/1018834
Josh Martin,Cheltenham Town,ambiguous,0.12,Josh Martin (Without Club) score=0.12 | Josh Martin (Without Club) score=0.12 | Josh Martinez (Orange County SC) score=0.11,Without Club,https://www.transfermarkt.com/josh-martin/profil/spieler/547534
Luke Young,Cheltenham Town,ambiguous,0.12,Luke Young (Retired) score=0.12 | Luke Young (Without Club) score=0.12,Retired,https://www.transfermarkt.com/luke-young/profil/spieler/175828
Liam Roberts,Fleetwood Town,ambiguous,0.257142857142857,Liam Roberts (Hereford FC) score=0.26 | William Roberts (Unknown) score=0.19 | William Roberts (Retired) score=0.19,Hereford FC,https://www.transfermarkt.com/liam-roberts/profil/spieler/1091014
Will Johnson,Fleetwood Town,ambiguous,0.257142857142857,Will Johnson (Waterford FC) score=0.26 | Will Johnson (Retired) score=0.19 | Will Johnson (Buxton FC) score=0.19,Waterford FC,https://www.transfermarkt.com/will-johnson/profil/spieler/1091010
Josh Powell,Fleetwood Town,ambiguous,0.192857142857143,Josh Powell (Unknown) score=0.19 | Josh Powell (Without Club) score=0.19 | Josh Powell (Nottingham Forest U21) score=0.09,Unknown,https://www.transfermarkt.com/josh-powell/profil/spieler/855279
Matthew Cox,Shrewsbury Town,ambiguous,0.18,Matthew Cox (Barnet FC) score=0.18 | Niall Cox (Lucky Mile) score=0.12 | Matthew Cox (AS Vence) score=0.06,Barnet FC,https://www.transfermarkt.com/matthew-cox/profil/spieler/741236
Brad Ihionvien,Shrewsbury Town,not_found,NA,NA,NA,https://www.transfermarkt.com/bradley-ihionvien/profil/spieler/974111
Rico Richards,Walsall,ambiguous,0.15,Rico Richards (Port Vale FC) score=0.15 | Rico Richards (New Inn) score=0.00,Port Vale FC,https://www.transfermarkt.com/rico-richards/profil/spieler/612748
Jake Batty,Swindon Town,ambiguous,0.385714285714286,Jake Batty (Fleetwood Town) score=0.39 | Dan Batty (Tottenham Hotspur U21) score=0.13,Fleetwood Town,https://www.transfermarkt.com/jake-batty/profil/spieler/866669
Nathaniel Opoku,Newport County AFC,ambiguous,0.3,Nathaniel Opoku (Hendon FC) score=0.30 | Nathaniel Opoku (Leicester City U21) score=0.25,Hendon FC,https://www.transfermarkt.com/nathaniel-opoku/profil/spieler/1103981
Stephen Negru,Bristol Rovers,not_found,NA,NA,NA,https://www.transfermarkt.com/stephan-negru/profil/spieler/882219
Stephen Negru,Tranmere Rovers,not_found,NA,NA,NA,https://www.transfermarkt.com/stephan-negru/profil/spieler/882219
Euan Williams,Gillingham,ambiguous,0.1125,Euan Williams-Noss (SpVgg EGC Wirges) score=0.11 | Euan Williams (Dover Athletic) score=0.06,SpVgg EGC Wirges,https://www.transfermarkt.com/euan-williams/profil/spieler/624268
James Connolly,Crewe Alexandra,ambiguous,0.24,David Connolly (Retired) score=0.24 | Adam Connolly (Cirencester Town FC) score=0.24 | James Connolly (Walsall FC) score=0.18,Retired,https://www.transfermarkt.com/james-connolly/profil/spieler/567102
Daniel Cox,Walsall,ambiguous,0.15,Nathan Cox (Without Club) score=0.15 | Daniel Cox (Southend United) score=0.00 | Dan Cox (Ruthin Town) score=0.00,Without Club,https://www.transfermarkt.com/daniel-cox/profil/spieler/885031
Owen Evans,Barnet,ambiguous,0.192857142857143,Gruff Evans (Llanrhaeadr FC) score=0.19 | Josh Evans (Llanerch-Y-Medd) score=0.18 | Owen Evans (Altrincham FC) score=0.14,Llanrhaeadr FC,https://www.transfermarkt.com/owen-evans/profil/spieler/300908
Jack Thompson,Barrow,ambiguous,0.128571428571429,Jack Thompson (Retired) score=0.13 | Jack Thompson (Cambridge City) score=0.13 | Jack Thompson (Derby County U21) score=0.11,Retired,https://www.transfermarkt.com/jack-thompson/profil/spieler/925093
Matthew Baker,Newport County AFC,ambiguous,0.45,Matthew Baker (Notts County) score=0.45 | Mathew Baker (Melbourne City FC) score=0.40 | Matthew Baker (Without Club) score=0.25,Notts County,https://www.transfermarkt.com/matthew-baker/profil/spieler/583991
Jonny Williams,Gillingham,ambiguous,0.09,Jonny Williams (Retired) score=0.09 | Jonny Williams (Without Club) score=0.08,Retired,https://www.transfermarkt.com/jonny-williams/profil/spieler/170322
Ben Lloyd,Newport County AFC,ambiguous,0.2,Ben Lloyd (Swansea City) score=0.20 | Ben Thomas (Treharris Athletic Western) score=0.17 | Ben Jones (Retired) score=0.10,Swansea City,https://www.transfermarkt.com/ben-lloyd/profil/spieler/732109
James Wilson,Cheltenham Town,ambiguous,0.204545454545455,James Wilson (Heart of Midlothian FC) score=0.20 | Kelvin Wilson (Retired) score=0.12 | James Wilson (Without Club) score=0.12,Heart of Midlothian FC,https://www.transfermarkt.com/james-wilson/profil/spieler/48098
Mitchell Clark,Fleetwood Town,ambiguous,0.385714285714286,Mitch Clark (Swindon Town) score=0.39 | Mitchell Clarke (Unknown) score=0.19 | Mitchell Clarke (Chasetown FC) score=0.19,Swindon Town,https://www.transfermarkt.com/mitch-clark/profil/spieler/390693
Jordan Davies,Fleetwood Town,ambiguous,0.15,Jordan Davies (Trefelin Boys & Girls Club) score=0.15 | Jordan Davies (Colwyn Bay) score=0.13 | Jordan Davies (Tranmere Rovers) score=0.06,Trefelin Boys & Girls Club,https://www.transfermarkt.com/jordan-davies/profil/spieler/427927
Kyle Cameron,Bromley,ambiguous,0.192857142857143,Kyle Cameron (Newport County) score=0.19 | Kyle Spence (Maccabi Petah Tikva) score=0.05,Newport County,https://www.transfermarkt.com/kyle-cameron/profil/spieler/258881
Sam Long,Bromley,ambiguous,0.15,Sam Long (Salford City) score=0.15 | Sam Long (Oxford United) score=0.14 | Sam Long (Unknown) score=0.00,Salford City,https://www.transfermarkt.com/sam-long/profil/spieler/732743
Michael Mellon,Oldham Athletic,ambiguous,0.12,Micky Mellon (Retired) score=0.12 | Michael Mellon (Burnley FC U21) score=0.00,Retired,https://www.transfermarkt.com/michael-mellon/profil/spieler/714459
Luke Butterfield,Accrington Stanley,ambiguous,0.2,Jacob Butterfield (Scunthorpe United) score=0.20 | Luke Butterfield (Chesterfield FC) score=0.10,Scunthorpe United,https://www.transfermarkt.com/luke-butterfield/profil/spieler/652635
Mo Faal,Cheltenham Town,ambiguous,0.12,Muhammadu Faal (Without Club) score=0.12 | Mo Faal (Port Vale FC) score=0.12,Without Club,https://www.transfermarkt.com/mo-faal/profil/spieler/741694
Kelly N’Mai,Salford City,not_found,NA,NA,NA,https://www.transfermarkt.com/kelly-nmai/profil/spieler/871692
Klajdi Lolos,Crawley Town,not_found,NA,NA,NA,https://www.transfermarkt.com/klaidi-lolos/profil/spieler/565911
Trey Ogunsugi,Shrewsbury Town,not_found,NA,NA,NA,https://www.transfermarkt.com/trey-samuel-ogunsuyi/profil/spieler/1081159
Pelly Mpanzu,Cambridge United,not_found,NA,NA,NA,https://www.transfermarkt.com/pelly-ruddock-mpanzu/profil/spieler/244338
Jordan,Stade de Reims,ambiguous,0.192857142857143,Jordan Veretout (Al-Arabi SC) score=0.19 | Joan Jordán (Sevilla FC) score=0.13 | Jordan Teze (AS Monaco) score=0.13,Al-Arabi SC,https://www.transfermarkt.com/jordan/profil/spieler/355369
Kenji Van Boto,Clermont Foot,not_found,NA,NA,NA,https://www.transfermarkt.com/kenji-van-boto/profil/spieler/229012
Cheick Konaté,Clermont Foot,ambiguous,0.160714285714286,Cheick Konaté (Voltigeurs de Châteaubriant) score=0.16 | Cheick Konate (Retired) score=0.14 | Cheick Konaté (Red Star FC B) score=0.14,Voltigeurs de Châteaubriant,https://www.transfermarkt.com/cheick-oumar-konate/profil/spieler/1108145
Mamadou Camara,Stade Lavallois,ambiguous,0.236842105263158,Mamadou Camara (AS Coteaux Mulhouse) score=0.24 | Mamadou Camara (FK Sutjeska Niksic) score=0.20 | Mamadou Camara (Olympique Grande-Synthe) score=0.12,AS Coteaux Mulhouse,https://www.transfermarkt.com/mamadou-camara/profil/spieler/857148
Arvin Appiah,Amiens,ambiguous,0,Arvin Appiah (Without Club) score=0.00 | Marvin Appiah (Without Club) score=0.00,Without Club,https://www.transfermarkt.com/arvin-appiah/profil/spieler/433257
Zurab Davitashvili,Saint-Étienne,not_found,NA,NA,NA,https://www.transfermarkt.com/zuriko-davitashvili/profil/spieler/427572
Bakari Camara,Nancy,ambiguous,0.0692307692307692,Bakari Camara (FC Rouen 1899) score=0.07 | Bakari Camara (HEBC Hamburg III) score=0.06,FC Rouen 1899,https://www.transfermarkt.com/bakari-camara/profil/spieler/603564
Mamadou Diop,Grenoble Foot,ambiguous,0.207692307692308,Mamadou Diop (Retired) score=0.21 | Mamadou Diop (Retired) score=0.21 | Mamadou Diop (Unknown) score=0.14,Retired,http://transfermarkt.com/mamadou-diop/profil/spieler/917147
Alexandre Mendy,Montpellier,ambiguous,0.163636363636364,Alexandre Mendy (Retired) score=0.16 | Alexandre Mendy (Al-Faisaly FC) score=0.07,Retired,https://www.transfermarkt.com/alexandre-mendy/profil/spieler/290561
Abdoulaye Kanté,Saint-Étienne,ambiguous,0.321428571428571,Abdoulaye Kanté (Austria Vienna) score=0.32 | Abdoulaye Kanté (Without Club) score=0.14 | Abdoulaye Kanté (Middlesbrough FC) score=0.06,Austria Vienna,https://www.transfermarkt.com/abdoulaye-kante/profil/spieler/1091219
Hervé Touré,US Boulogne,ambiguous,0.163636363636364,Hervé Touré (OFK Beograd) score=0.16 | Hamed Hervé Touré (Retired) score=0.00 | Hervé Touré (Retired) score=0.00,OFK Beograd,https://www.transfermarkt.com/herve-toure/profil/spieler/862996
Ibrahim Fofana,Amiens,ambiguous,0.15,Ibrahim Fofana (RFC Croatia Wandre) score=0.15 | Ibrahim Fofana (Hyères 83 FC) score=0.14 | Ibrahim Fofana (Ancienne de Château-Gontier) score=0.13,RFC Croatia Wandre,https://www.transfermarkt.com/ibrahim-fofana/profil/spieler/1001788
Saki Kouassi,US Boulogne,not_found,NA,NA,NA,https://www.transfermarkt.com/emmanuel-kouassi/profil/spieler/978613
Ibou Sané,Amiens,ambiguous,0.128571428571429,Sadibou Sané (FC Metz) score=0.13 | Ibou Sané (FC Metz) score=0.13 | Cheikhna Sané (AS Dakar Sacré Cœur) score=0.09,FC Metz,https://www.transfermarkt.com/ibou-sane/profil/spieler/1111776
Aboubacar Lô,Amiens,ambiguous,0.207692307692308,Aboubacar Loucoubar (Aris Limassol) score=0.21 | Aboubacar Lô (Stade Lavallois) score=0.12,Aris Limassol,https://www.transfermarkt.com/aboubacar-lo/profil/spieler/739076
Malick Diop,Dunkerque,ambiguous,0.1,Pape Malick Diop (Retired) score=0.10 | Malick Diop (Without Club) score=0.08,Retired,https://www.transfermarkt.com/malick-diop/profil/spieler/1334467
Amadou Sagna,Guingamp,ambiguous,0.142105263157895,Amadou Sagna (Ironi Kiryat Shmona) score=0.14 | Mamadou Sagna Tendeng (Without Club) score=0.08,Ironi Kiryat Shmona,https://www.transfermarkt.com/amadou-sagna/profil/spieler/649025
Omar Sadik,Pau,ambiguous,0.0818181818181818,Omar Sadik (AD Ceuta FC) score=0.08 | Mohamad Omar Sadek (Nejmeh SC) score=0.00,AD Ceuta FC,https://www.transfermarkt.com/omar-sadik/profil/spieler/869458
Souleymane Keita,US Boulogne,ambiguous,0.276923076923077,Souleymane Keita (USL Dunkerque) score=0.28 | Souleymane Keita (Without Club) score=0.15 | Souleymane Keita (Alanyaspor U19) score=0.06,USL Dunkerque,https://www.transfermarkt.com/souleymane-keita/profil/spieler/1176027
Jean Lambert Evans,Rodez,not_found,NA,NA,NA,https://www.transfermarkt.com/evans-jean-lambert/profil/spieler/543720
Abdoul Kone,Stade de Reims,ambiguous,0.257142857142857,Kialy Abdoul Kone (AD Ceuta FC) score=0.26 | Abdoul Koné (RB Leipzig) score=0.19 | Abdoul Koné (FC Saint-Julien) score=0.12,AD Ceuta FC,https://www.transfermarkt.com/abdoul-kone/profil/spieler/1130445
Oumar Sidibé,Nancy,ambiguous,0.075,Oumar Sidibe (Without Club) score=0.08 | Oumar Sidibé (Without Club) score=0.08 | Oumar Sidibé (Retired) score=0.00,Without Club,https://www.transfermarkt.com/oumar-sidibe/profil/spieler/948789
Yvan Dimi,Amiens,not_found,NA,NA,NA,https://www.transfermarkt.com/yvan-ikia-dimi/profil/spieler/1001785
I.Daf,Amiens,ambiguous,0.158823529411765,Giovanni Daffara (Parma Calcio 1913) score=0.16 | Christoph Daferner (SG Dynamo Dresden) score=0.16 | Mohammed Fuseini (Union Saint-Gilloise) score=0.14,Parma Calcio 1913,https://www.transfermarkt.com/ilan-daf/profil/spieler/1314528
Noa-Grace Mupemba,Stade Lavallois,not_found,NA,NA,NA,https://www.transfermarkt.com/noa-mupemba/profil/spieler/855025
Djylan N'Guessan,Saint-Étienne,not_found,NA,NA,NA,https://www.transfermarkt.com/djylian-nguessan/profil/spieler/1200419
Ange N’Gatta,Grenoble Foot,not_found,NA,NA,NA,https://www.transfermarkt.com/ange-loic-ngatta/profil/spieler/855215
R.Herard,Montpellier,ambiguous,0.257142857142857,Robin Thiland-Herard (Como Primavera) score=0.26 | Tom Gherardini (CSO Amnéville) score=0.19 | Vico Gherardi (Retired) score=0.16,Como Primavera,https://www.transfermarkt.com/robin-thiland-herard/profil/spieler/1200426
Hiang'a Mananga Mbock,Grenoble Foot,not_found,NA,NA,NA,https://www.transfermarkt.com/hiangaa-mbock/profil/spieler/684062
Paul Venot,FC Annecy,profile_fetch_failed,1,Paul Venot (FC Annecy) score=1.00,FC Annecy,https://www.transfermarkt.com/paul-venot/profil/spieler/804859
Alexis Casadei,FC Annecy,profile_fetch_failed,1,Alexis Casadei (FC Annecy) score=1.00,FC Annecy,https://www.transfermarkt.com/alexis-casadei/profil/spieler/1004483
Loïc Socka Bongué,Clermont Foot,profile_fetch_failed,0.156521739130435,Loïc Socka Bongué (FC Stade-Lausanne-Ouchy) score=0.16,FC Stade-Lausanne-Ouchy,https://www.transfermarkt.com/loic-socka-bongue/profil/spieler/800249
William Benard,Stade Lavallois,profile_fetch_failed,0.06,William Benard (Without Club) score=0.06,Without Club,https://www.transfermarkt.com/william-benard/profil/spieler/808316
Quentin Paris,FC Annecy,ambiguous,0.135,Quentin Parisy (Niort Saint-Liguaire) score=0.14 | Quentin Paris (Stade Reims B) score=0.07,Niort Saint-Liguaire,https://www.transfermarkt.com/quentin-paris/profil/spieler/1284766
Samy Benchama,Rodez,not_found,NA,NA,NA,https://www.transfermarkt.com/samy-benchamma/profil/spieler/627464
Jordan Correia,Rodez,not_found,NA,NA,NA,https://www.transfermarkt.com/jordan-mendes/profil/spieler/1138156
Dennis Appiah,Saint-Étienne,ambiguous,0.276923076923077,Dennis Appiah (SM Caen) score=0.28 | Dennis Appiah (Retired) score=0.21 | Dennis Appiah (Without Club) score=0.14,SM Caen,https://www.transfermarkt.com/dennis-appiah/profil/spieler/111038
M.Corredor,Rodez,ambiguous,0.257142857142857,Iván Corredor (Retired) score=0.26 | Diego Guerrero (Retired) score=0.26 | Óscar Cortés (Retired) score=0.26,Retired,https://www.transfermarkt.es/morgan-corredor/profil/spieler/1134211
Corentin Roubiou,Rodez,not_found,NA,NA,NA,https://www.transfermarkt.com/corentin-issanchou/profil/spieler/1143458
Joachim Sanda,Red Star FC,not_found,NA,NA,NA,https://www.transfermarkt.com/joachim-kayi-sanda/profil/spieler/986298
Samuel  Renel,Red Star FC,not_found,NA,NA,NA,https://www.transfermarkt.com/samuel-renel/profil/spieler/722739
Geoffrey Kondo,Dunkerque,ambiguous,0.207692307692308,Geoffrey Kondo (Cercle Brugge) score=0.21 | Geoffrey Kondogbia (Olympique Marseille) score=0.14,Cercle Brugge,https://www.transfermarkt.com/geoffrey-kondo/profil/spieler/1027253
N.Parravicini,Bastia,ambiguous,0.128571428571429,Francesco Parravicini (Retired) score=0.13 | Alessandro Parravicini (Retired) score=0.13 | Riccardo Parravicini (Retired) score=0.13,Retired,https://www.transfermarkt.com/nicolas-parravicini/profil/spieler/395020
Jimmy Evans,Nancy,ambiguous,0.1125,Jimmy Evans (CD Universidad Católica) score=0.11 | Jimmy Evans (---) score=0.00,CD Universidad Católica,https://www.transfermarkt.com/jimmy-evans/profil/spieler/801069
Amine Saïd,Clermont Foot,ambiguous,0.207692307692308,Amine Saidi (Without Club) score=0.21 | Amine Saïd (Without Club) score=0.21 | Mohamed Amine Saïdoune (MB Bouira) score=0.07,Without Club,https://www.transfermarkt.com/amine-said/profil/spieler/905942
Diogo Queirós,Dunkerque,ambiguous,0.075,Diogo Queirós (Without Club) score=0.08 | Diogo Queirós (AC Vila Meã) score=0.08,Without Club,https://www.transfermarkt.com/diogo-queiros/profil/spieler/357148
Saidou Sow,Clermont Foot,ambiguous,0.207692307692308,Mamadou Saidou Sow (Milo FC) score=0.21 | Saïdou Sow (RC Strasbourg Alsace) score=0.18 | Saidou Sow (Retired) score=0.14,Milo FC,https://www.transfermarkt.com/saidou-sow/profil/spieler/807128
Juan Guevara,Bastia,ambiguous,0.0692307692307692,Juan Guevara (Club León FC) score=0.07 | Juan Blanco (CD Municipal Limeño Reserve) score=0.06,Club León FC,https://www.transfermarkt.mx/juan-guevara/profil/spieler/857638
Sam Greenwood,Pogoń Szczecin,ambiguous,0.158823529411765,Sam Greenwood (Shotts Bon Accord) score=0.16 | Sam Greenwood (Bristol City) score=0.12,Shotts Bon Accord,https://www.transfermarkt.com/sam-greenwood/profil/spieler/532178
Depú,RKS Radomiak Radom,ambiguous,0.25,Guess Depuydt (SK Roeselare) score=0.25 | Stefan Depuydt (Retired) score=0.20 | Alain Vandeputte (Retired) score=0.20,SK Roeselare,https://www.transfermarkt.com/depu/profil/spieler/885694
Capita,RKS Radomiak Radom,ambiguous,0.2,Capi (Retired) score=0.20 | Capitão (Retired) score=0.20 | N. N. Capitano (Retired) score=0.20,Retired,https://www.transfermarkt.com/capita/profil/spieler/666545
Gísli Thórdarson,Lech Poznan,not_found,NA,NA,NA,https://www.transfermarkt.com/gisli-thordarson/profil/spieler/825960
Ermal Krasniqi,Legia Warszawa,ambiguous,0.25,Ermal Krasniqi (Art. Ind. Larcianese) score=0.25 | Ermal Krasniqi (Amed SK) score=0.13 | Ermal Krasniqi (FC Muri II) score=0.13,Art. Ind. Larcianese,https://www.transfermarkt.com/ermal-krasniqi/profil/spieler/606893
Ibrahima Seck,Raków Częstochowa,ambiguous,0.2,Ibrahima Seck (Teramo Calcio 1913) score=0.20 | Ibrahima Seck (Without Club) score=0.15 | Ibrahima Seck (Without Club) score=0.15,Teramo Calcio 1913,https://www.transfermarkt.com/ibrahima-seck/profil/spieler/1111775
Attila Szalai,Pogoń Szczecin,ambiguous,0.189473684210526,Attila Szalai (TSG 1899 Hoffenheim) score=0.19 | Attila Szalai (Retired) score=0.06,TSG 1899 Hoffenheim,https://www.transfermarkt.com/attila-szalai/profil/spieler/263380
Ousmane Sow,Górnik Zabrze,ambiguous,0.192857142857143,Ousmane Sow (Career break) score=0.19 | Ousmane Sow (Bröndby IF) score=0.13 | Ousmane Sow (ASC HLM Dakar) score=0.13,Career break,https://www.transfermarkt.com/ousmane-sow/profil/spieler/1071651
Yvan Dimi,Górnik Zabrze,not_found,NA,NA,NA,https://www.transfermarkt.com/yvan-ikia-dimi/profil/spieler/1001785
Vladimir Nikolov,Korona Kielce,ambiguous,0.138461538461538,Vladimir Nikolov (Slavia Sofia) score=0.14 | Vladimir Nikolovski (Retired) score=0.14 | Vladimir Nikolov (Retired) score=0.14,Slavia Sofia,https://www.transfermarkt.com/vladimir-nikolov/profil/spieler/475431
Viktor Popov,Korona Kielce,ambiguous,0.138461538461538,Viktor Popovych (Retired) score=0.14 | Viktor Popov (Retired) score=0.14 | Viktor Popovych (Retired) score=0.14,Retired,https://www.transfermarkt.com/viktor-popov/profil/spieler/634145
Ivan Brkić,Motor Lublin,ambiguous,0.2,Ivan Brkic (NK Vinogorac Slavonski Brod) score=0.20 | Ivan Brkic (Retired) score=0.15 | Ivan Brkic (Legia Warszawa) score=0.06,NK Vinogorac Slavonski Brod,https://www.transfermarkt.com/ivan-brkic/profil/spieler/274047
Luka Lučić,Zagłębie Lubin,ambiguous,0.192857142857143,Luka Lucic (Without Club) score=0.19 | Luka Lucic (ND Ilirija 1911 U19) score=0.14 | Luka Lucic (NK HASK Sokol Stari Jankovci) score=0.13,Without Club,https://www.transfermarkt.com/luka-lucic/profil/spieler/205929
Antonio Milić,Lech Poznan,ambiguous,0.214285714285714,Antonio Milicevic (FC Posavina Frankfurt) score=0.21 | Antonio Milic (Wieczysta Krakow) score=0.17 | Antonio Milic (FC Royal Persia) score=0.12,FC Posavina Frankfurt,https://www.transfermarkt.com/antonio-milic/profil/spieler/179896
Aleksandar Cirkovic,Lechia Gdańsk,ambiguous,0.192857142857143,Aleksandar Cirkovic (SC Minerva 93) score=0.19 | Aleksandar Cirkovic (Retired) score=0.19 | Aleksandar Cirkovic (Ferencvárosi TC) score=0.17,SC Minerva 93,https://www.transfermarkt.com/aleksandar-cirkovic/profil/spieler/452218
Milan Aleksic,Cracovia Kraków,ambiguous,0.135,Milan Aleksic (FK Partizan Belgrade) score=0.14 | Milan Aleksikj (Unknown) score=0.11,FK Partizan Belgrade,https://www.transfermarkt.com/milan-aleksic/profil/spieler/942738
Tomas Tavares,Wisła Płock,ambiguous,0.15,Tomás Tavares (CS Marítimo) score=0.15 | Tomás Silva (Académico Viseu FC) score=0.05,CS Marítimo,https://www.transfermarkt.com/tomas-tavares/profil/spieler/550549
Leonardo Rocha,Zagłębie Lubin,ambiguous,0.16875,Leonardo Rocha (JEF United Chiba) score=0.17 | Leonardo Rocha dos Santos (Retired) score=0.13 | Léo Reis (Trem DC) score=0.13,JEF United Chiba,https://www.transfermarkt.com/leonardo-rocha/profil/spieler/479675
Leonardo Rocha,Raków Częstochowa,ambiguous,0.25,Leonardo Rocha (JEF United Chiba) score=0.25 | Leonardo Rocha (AD Pontassolense) score=0.20 | Leonardo Rocha dos Santos (Retired) score=0.15,JEF United Chiba,https://www.transfermarkt.com/leonardo-rocha/profil/spieler/479675
Jesús Díaz,Zagłębie Lubin,ambiguous,0.192857142857143,Jesús Burdalo (Without Club) score=0.19 | Jordanny Díaz (Zamora FC B) score=0.19 | Jaime Diaz (Without Club) score=0.19,Without Club,https://www.transfermarkt.com/jesus-diaz/profil/spieler/1150073
Jean Nsame,Legia Warszawa,not_found,NA,NA,NA,https://www.transfermarkt.com/jean-pierre-nsame/profil/spieler/225055
Mathias Sauer,Górnik Zabrze,ambiguous,0.128571428571429,Mathias Sauer (Retired) score=0.13 | Mathias Sauer (Sandefjord Fotball) score=0.10,Retired,https://www.transfermarkt.com/mathias-sauer/profil/spieler/678277
Karol Szymanski,Piast Gliwice,ambiguous,0.156521739130435,Karol Szymanski (Korona Dobrzyniewo Duże) score=0.16 | Karol Szymański (Without Club) score=0.14,Korona Dobrzyniewo Duże,https://www.transfermarkt.com/karol-szymanski/profil/spieler/266269
Bartosz Wolski,Motor Lublin,ambiguous,0.160714285714286,Bartosz Wolski (Dolina Speranda Niepoględzie) score=0.16 | Bartosz Wolski (Unknown) score=0.08 | Bartosz Wolski (GKS Katowice) score=0.00,Dolina Speranda Niepoględzie,https://www.transfermarkt.com/bartosz-wolski/profil/spieler/272537
Filip Wójcik,Motor Lublin,ambiguous,0.257142857142857,Filip Wójcik (Stomil Olsztyn) score=0.26 | Filip Wójcik (Ruch Chorzow) score=0.00,Stomil Olsztyn,https://www.transfermarkt.com/filip-wojcik/profil/spieler/359030
Piotr Krawczyk,Wisła Płock,ambiguous,0.225,Piotr Krawczyk (Without Club) score=0.23 | Piotr Krawczyk (Without Club) score=0.23 | Piotr Krawczyk (Retired) score=0.00,Without Club,https://www.transfermarkt.com/piotr-krawczyk/profil/spieler/294191
Dominik Kun,Wisła Płock,ambiguous,0.225,Dominik Kunca (Without Club) score=0.23 | Dominik Kunz (FC Emmelshausen-Karbach II) score=0.14 | Dominik Kun (Arka Gdynia) score=0.08,Without Club,https://www.transfermarkt.com/dominik-kun/profil/spieler/201193
Wiktor Nowak,Wisła Płock,ambiguous,0.28125,Wiktor Nowak (SK Slavia Prague) score=0.28 | Wiktor Nowak (Polonia Warsaw II) score=0.11 | Wiktor Nowakowski (Partyzant Wodzisław) score=0.09,SK Slavia Prague,https://www.transfermarkt.com/wiktor-nowak/profil/spieler/1018224
Jakub Lis,Pogoń Szczecin,ambiguous,0.12,Jakub Lis (Legia Warsaw II) score=0.12 | Jakub Lis (LKS Lomza) score=0.12 | Jakub Lisek (Retired) score=0.06,Legia Warsaw II,https://www.transfermarkt.com/jakub-lis/profil/spieler/658113
Krzysztof Kamiński,Pogoń Szczecin,ambiguous,0.324,Krzysztof Kamiński (Pogon Grodzisk Mazowiecki) score=0.32 | Krzysztof Kaminski (Tempo Paniowki) score=0.12 | Krzysztof Kaminski (Retired) score=0.06,Pogon Grodzisk Mazowiecki,https://www.transfermarkt.com/krzysztof-kaminski/profil/spieler/172874
Jan Leszczyński,Legia Warszawa,ambiguous,0.18,Jan Leszczyński (Borussia Mönchengladbach) score=0.18 | Jan Leszczyński (---) score=0.00,Borussia Mönchengladbach,https://www.transfermarkt.com/jan-leszczynski/profil/spieler/1118874
Oscar Kubiak,Arka Gdynia,not_found,NA,NA,NA,https://www.transfermarkt.com/oskar-kubiak/profil/spieler/1292977
Sebastian Kowalczyk,Zagłębie Lubin,ambiguous,0.192857142857143,Sebastian Kowalczyk (Without Club) score=0.19 | Sebastian Kowalczyk (Garbarnia Krakow) score=0.17,Without Club,https://www.transfermarkt.com/sebastian-kowalczyk/profil/spieler/289168
Marcin Cebula,Korona Kielce,ambiguous,0.276923076923077,Marcin Cebula (Stal Mielec) score=0.28 | Marcin Cebula (Retired) score=0.14,Stal Mielec,https://www.transfermarkt.com/marcin-cebula/profil/spieler/239215
Bartosz Mazurek,Jagiellonia Białystok,ambiguous,0.171428571428571,Bartosz Mazurek (Red Bull Salzburg) score=0.17 | Bartosz Mazurek (Znicz Pruszkow) score=0.13,Red Bull Salzburg,https://www.transfermarkt.com/bartosz-mazurek/profil/spieler/1118873
Kacper Urbański,Legia Warszawa,ambiguous,0.192857142857143,Kacper Urbanski (Wilki Wilczyn) score=0.19 | Kacper Urbański (Górnik Zabrze) score=0.13 | Kacper Urbanski (Without Club) score=0.06,Wilki Wilczyn,https://www.transfermarkt.pl/kacper-urbanski/profil/spieler/699442
Jan Ziółkowski,Legia Warszawa,ambiguous,0.192857142857143,Jan Ziolkowski (AS Roma) score=0.19 | Jan Ziolkowski (---) score=0.00,AS Roma,https://www.transfermarkt.com/jan-ziolkowski/profil/spieler/1046867
Leândro,RKS Radomiak Radom,ambiguous,0.204545454545455,Leandro Cabrera (RCD Espanyol Barcelona) score=0.20 | Leandro Damião (Retired) score=0.20 | Leandro Castán (Retired) score=0.20,RCD Espanyol Barcelona,https://www.transfermarkt.com/leandro/profil/spieler/264870
João Pedro,RKS Radomiak Radom,ambiguous,0.2,João Pereira (Retired) score=0.20 | João Batxi (FC Krasnodar) score=0.20 | João Neves (Paris Saint-Germain) score=0.19,Retired,https://www.transfermarkt.com/joao-pedro/profil/spieler/876440
Adriano,Raków Częstochowa,ambiguous,0.15,Adriano (Retired) score=0.15 | Adriano (Retired) score=0.15 | Luiz Adriano (Retired) score=0.15,Retired,https://www.transfermarkt.com/adriano/profil/spieler/1046580
Filip Stojilković,Cracovia Kraków,ambiguous,0.1125,Filip Stojilkovic (Without Club) score=0.11 | Filip Stojilkovic (Pisa Sporting Club) score=0.05,Without Club,https://www.transfermarkt.com/filip-stojilkovic/profil/spieler/464195
João Oliveira,Arka Gdynia,ambiguous,0.2,João Oliveira (Académica Coimbra) score=0.20 | João Vitor (Dibba Al-Hisn SC) score=0.17 | Manuel Miranda (Leça FC) score=0.16,Académica Coimbra,https://www.transfermarkt.com/joao-oliveira/profil/spieler/195911
Dominik Holec,Piast Gliwice,ambiguous,0.158823529411765,Dominik Holec (SFK Vrchovina Nove Mesto na Morave) score=0.16 | Dominik Holec (Garudayaksa FC) score=0.00,SFK Vrchovina Nove Mesto na Morave,https://www.transfermarkt.com/dominik-holec/profil/spieler/181611
Matus Vojtko,Lechia Gdańsk,ambiguous,0.225,Matus Vojtko (Wieczysta Krakow) score=0.23 | Matus Vojtko (OFK Hlinik nad Hronom) score=0.21,Wieczysta Krakow,https://www.transfermarkt.com/matus-vojtko/profil/spieler/489865
Antoñín,Korona Kielce,ambiguous,0.276923076923077,Antonino Gallo (US Lecce) score=0.28 | Antonín Kinský (Tottenham Hotspur) score=0.21 | Antonín Panenka (Retired) score=0.14,US Lecce,https://www.transfermarkt.es/antonin/profil/spieler/610336
Matías Nahuel,Jagiellonia Białystok,ambiguous,0.186206896551724,Matías Salvo (CS Independiente Rivadavia II) score=0.19 | Matías Nahuel (Maccabi Haifa) score=0.17 | Matías Borgogno (Defensa y Justicia) score=0.17,CS Independiente Rivadavia II,https://www.transfermarkt.es/matias-nahuel/profil/spieler/263843
Alejandro Pozo,Jagiellonia Białystok,ambiguous,0.171428571428571,Álex Pozo (UD Almería) score=0.17 | Alejandro Pozos (Retired) score=0.09,UD Almería,https://www.transfermarkt.es/alex-pozo/profil/spieler/341272
Ivi López,Raków Częstochowa,ambiguous,0.27,Ivi López (Iraklis Thessaloniki) score=0.27 | Ivi López (Trival Valderas Alcorcón) score=0.22,Iraklis Thessaloniki,https://www.transfermarkt.com/ivi-lopez/profil/spieler/282371
Luis Perea,Arka Gdynia,ambiguous,0.128571428571429,Luis Perea (NK Olimpija Ljubljana) score=0.13 | Luis Perea-Friedmann (VfL Fontana Finthen) score=0.09 | Luis Amaranto Perea (Retired) score=0.08,NK Olimpija Ljubljana,https://www.transfermarkt.com/luis-perea/profil/spieler/396328
Marc Navarro,Arka Gdynia,ambiguous,0.204545454545455,Marc Navarro (CF Esperança d'Andorra) score=0.20 | Marc Navarro (Buriram United) score=0.19,CF Esperança d'Andorra,https://www.transfermarkt.com/marc-navarro/profil/spieler/335245
Ehor Matsenko,Śląsk Wrocław,not_found,NA,NA,NA,https://www.transfermarkt.com/yegor-matsenko/profil/spieler/699118
Paulinho,Wieczysta Krakow,ambiguous,0.225,Paulinho (Without Club) score=0.23 | Paulinho Dias (Without Club) score=0.23 | Paulinho (Sociedade Esportiva Palmeiras) score=0.19,Without Club,https://www.transfermarkt.com/paulinho/profil/spieler/842718
Rodrigo Conceição,Jagiellonia Białystok,ambiguous,0.128571428571429,Rodrigo Conceição (CD Tondela) score=0.13 | Rodri (CD Fátima) score=0.09,CD Tondela,https://www.transfermarkt.com/rodrigo-conceicao/profil/spieler/426213
Jean Nsame,Pogoń Szczecin,not_found,NA,NA,NA,https://www.transfermarkt.com/jean-pierre-nsame/profil/spieler/225055
Mohammadmehdi Mohazabieh,FK Akhmat Grozny,not_found,NA,NA,NA,https://www.transfermarkt.com/mohammadmehdi-zare/profil/spieler/1107993
Mohammad Mohebi,Rostov,ambiguous,0.15,Mohammad Mohebi (Without Club) score=0.15 | Muhammad Mohebbie (Without Club) score=0.15 | Mohammad Mohebieh (Unknown) score=0.13,Without Club,https://www.transfermarkt.com/mohammad-mohebi/profil/spieler/603149
Danila Savelyev,Krylya Sovetov,not_found,NA,NA,NA,
Evgeni Staver,Fk Rubin Kazan,not_found,NA,NA,NA,https://www.transfermarkt.com/evgeniy-staver/profil/spieler/389624
Evgeni Latyshonok,Zenit St. Petersburg,not_found,NA,NA,NA,https://www.transfermarkt.com/evgeniy-latyshonok/profil/spieler/312891
Yaroslav Mikhaylov,Zenit St. Petersburg,not_found,NA,NA,NA,https://www.transfermarkt.com/yaroslav-mikhailov/profil/spieler/701937
Vitali Gudiev,Akron,not_found,NA,NA,NA,https://www.transfermarkt.com/vitaliy-gudiev/profil/spieler/190188
Evgeni Frolov,Krylya Sovetov,not_found,NA,NA,NA,https://www.transfermarkt.com/evgeniy-frolov/profil/spieler/177350
Aleksandr Morozov,Akron,ambiguous,0.333333333333333,Aleksandr Morozov (Akron-2 Togliatti) score=0.33 | Aleksandr Morozov (Kuusalu JK Rada) score=0.18 | Aleksandr Morozov (VfB Auerbach) score=0.15,Akron-2 Togliatti,https://www.transfermarkt.com/aleksandr-morozov/profil/spieler/1037693
Yahya Marovedov,FK Akhmat Grozny,not_found,NA,NA,NA,https://www.transfermarkt.com/yakhya-magomedov/profil/spieler/1120351
Dmitri Vorobyev,Lokomotiv Moscow,not_found,NA,NA,NA,https://www.transfermarkt.com/dmitriy-vorobyov/profil/spieler/370287
Danila Kozlov,FK Krasnodar,ambiguous,0.15,Danila Kozlov (CSKA Moscow) score=0.15 | Danila Kozlov (FC 10) score=0.15 | Danila Kozlov (Retired) score=0.15,CSKA Moscow,https://www.transfermarkt.com/danila-kozlov/profil/spieler/720287
Shamil Gadzhiev,Dynamo Makhachkala,ambiguous,0.05,Shamil Gadzhiev (Naftan Novopolotsk) score=0.05 | Shamil Gadzhiev (Retired) score=0.00,Naftan Novopolotsk,https://www.transfermarkt.com/shamil-gadzhiev/profil/spieler/926945
Dmitri Chistyakov,Rostov,not_found,NA,NA,NA,https://www.transfermarkt.com/dmitriy-chistyakov/profil/spieler/235339
Irakli Kvekveskiri,Orenburg,not_found,NA,NA,NA,https://www.transfermarkt.com/irakliy-kvekveskiri/profil/spieler/125755
Georgi Sheliya,FK Akhmat Grozny,not_found,NA,NA,NA,
Matvey Lukun,CSKA Moscow,not_found,NA,NA,NA,https://www.transfermarkt.com/matvey-lukin/profil/spieler/624340
N.Vasilyev,Fk Rubin Kazan,ambiguous,0.257142857142857,Ivan Vasilyev (Akademia ABFF) score=0.26 | Vadim Vasilyev (Retired) score=0.13 | Denys Vasilyev (Retired) score=0.13,Akademia ABFF,https://www.transfermarkt.com/nikita-vasiljev/profil/spieler/995045
Dmitri Pestryakov,Akron,not_found,NA,NA,NA,https://www.transfermarkt.com/dmitriy-pestryakov/profil/spieler/1037971
Dmitri Skopintsev,Dinamo Moscow,not_found,NA,NA,NA,https://www.transfermarkt.com/dmitriy-skopintsev/profil/spieler/281917
Valeri Tsarukyan,Nizhny Novgorod,not_found,NA,NA,NA,https://www.transfermarkt.com/valeriy-tsarukyan/profil/spieler/686862
Vadim Lukjanov,Nizhny Novgorod,not_found,NA,NA,NA,https://www.transfermarkt.com/vadim-lukyanov/profil/spieler/743231
Yuri Koledin,Nizhny Novgorod,not_found,NA,NA,NA,https://www.transfermarkt.com/yuriy-koledin/profil/spieler/817386
Yuri Dyupin,Sochi,not_found,NA,NA,NA,http://transfermarkt.com/yuriy-dyupin/profil/spieler/228660
Aleksandr Kovalenko,Sochi,ambiguous,0.1125,Aleksandr Kovalenko (Lokomotiv Moscow) score=0.11 | Aleksandr Kovalenko (---) score=0.00 | Aleksandr Kovalenko (Retired) score=0.00,Lokomotiv Moscow,https://www.transfermarkt.com/aleksandr-kovalenko/profil/spieler/811544
Dmitri Vasiljev,Sochi,not_found,NA,NA,NA,https://www.transfermarkt.com/dmitriy-vasiljev/profil/spieler/649343
Sergey Volkov,Sochi,ambiguous,0.236842105263158,Sergey Volkov (Isloch Minsk Region) score=0.24 | Sergey Volkov (Rodina Moscow) score=0.14 | Sergey Volkov (FK Slutsk 2) score=0.08,Isloch Minsk Region,https://www.transfermarkt.com/sergey-volkov/profil/spieler/520060
Vladimir Iljin,Sochi,ambiguous,0.15,Vladimir Iljin (Without Club) score=0.15 | Vladimir Iljin (Retired) score=0.00 | Vladimir Iljin (---) score=0.00,Without Club,https://www.transfermarkt.com/vladimir-iljin/profil/spieler/220650
Maksim Mukhin,Sochi,ambiguous,0.15,Maksim Mukhin (Without Club) score=0.15 | Maksim Mukhin (FC Rostov) score=0.10,Without Club,https://www.transfermarkt.com/maksim-mukhin/profil/spieler/623274
Ivan Ignatjev,Orenburg,ambiguous,0.075,Ivan Ignatjev (Without Club) score=0.08 | Ivan Ignatjev (Iskra Smolensk) score=0.06,Without Club,https://www.transfermarkt.com/ivan-ignatjev/profil/spieler/318426
Georgi Zotov,Orenburg,not_found,NA,NA,NA,https://www.transfermarkt.com/georgiy-zotov/profil/spieler/113235
Dmitri Rybchinskiy,Orenburg,not_found,NA,NA,NA,https://www.transfermarkt.com/dmitriy-rybchinskiy/profil/spieler/362572
Evgeni Bolotov,Orenburg,not_found,NA,NA,NA,https://www.transfermarkt.com/evgeniy-bolotov/profil/spieler/575408
Aleksandr Lomakin,Orenburg,ambiguous,0.225,Aleksandr Lomakin (Retired) score=0.23 | Aleksandr Lomakin (Enisey Krasnoyarsk) score=0.15,Retired,https://www.transfermarkt.com/aleksandr-lomakin/profil/spieler/170625
Yuri Gorshkov,Zenit St. Petersburg,not_found,NA,NA,NA,https://www.transfermarkt.com/yuriy-gorshkov/profil/spieler/448983
Maksim Kuzmin,Akron,ambiguous,0.128571428571429,Maksim Kuzmin (Retired) score=0.13 | Maksim Kuzmin (FC Sochi) score=0.11,Retired,https://www.transfermarkt.com/maksim-kuzmin/profil/spieler/268427
Arseni Dmitriev,Akron,not_found,NA,NA,NA,https://www.transfermarkt.com/arseniy-dmitriev/profil/spieler/1160366
Vadim Ulianov,FK Akhmat Grozny,not_found,NA,NA,NA,https://www.transfermarkt.com/vadim-ulyanov/profil/spieler/799095
Dmitry Nikitin,Baltika,not_found,NA,NA,NA,https://www.transfermarkt.com/dmitriy-nikitin/profil/spieler/1151889
Vladislav Saus,Baltika,ambiguous,0.192857142857143,Vladislav Saus (Spartak Moscow) score=0.19 | Vladislav Saushkin (Metallurg Asha) score=0.19,Spartak Moscow,https://www.transfermarkt.com/vladislav-saus/profil/spieler/706618
Irakli Manelov,Baltika,not_found,NA,NA,NA,https://www.transfermarkt.com/irakliy-manelov/profil/spieler/667980
Aleksandr Tarasov,Rostov,ambiguous,0.28125,Aleksandr Tarasov (Spartak Kostroma) score=0.28 | Aleksandr Tarasov (Retired) score=0.13 | Aleksandr Tarasov (Retired) score=0.13,Spartak Kostroma,https://www.transfermarkt.com/aleksandr-tarasov/profil/spieler/963720
Oleg Ivanov,Fk Rubin Kazan,ambiguous,0.128571428571429,Oleg Ivanov (Retired) score=0.13 | Oleg Ivanov (Retired) score=0.13 | Oleg Ivanov-Demidov (Retired) score=0.13,Retired,https://www.transfermarkt.com/oleg-ivanov/profil/spieler/16756
Dmitri Aleksandrov,Dinamo Moscow,not_found,NA,NA,NA,https://www.transfermarkt.com/dmitriy-aleksandrov/profil/spieler/864621
Denis Makarov,Dinamo Moscow,ambiguous,0.385714285714286,Denis Makarov (CSKA Moscow II) score=0.39 | Denis Makarov (Krylya Sovetov Samara) score=0.17 | Denis Makarov (Baltika-2 Kaliningrad) score=0.13,CSKA Moscow II,https://www.transfermarkt.com/denis-makarov/profil/spieler/599203
Diego Luna,Baltika,ambiguous,0.189473684210526,Diego Luna (Real Salt Lake City) score=0.19 | Diego Luna (Zhetysu Taldykorgan) score=0.19 | Diego Luna (Caguas Sporting FC) score=0.15,Real Salt Lake City,https://www.transfermarkt.com/diego-luna/profil/spieler/490496
Uguchukwu Iwu,Fk Rubin Kazan,not_found,NA,NA,NA,https://www.transfermarkt.com/ugochukwu-iwu/profil/spieler/565852
Miro,Dynamo Makhachkala,ambiguous,0.192857142857143,Ramiro Funes Mori (Club Estudiantes de La Plata) score=0.19 | Álex Remiro (Real Sociedad) score=0.15 | Casemiro (Without Club) score=0.10,Club Estudiantes de La Plata,https://www.transfermarkt.com/miro/profil/spieler/1043831
Georgi Melkadze,FK Akhmat Grozny,not_found,NA,NA,NA,https://www.transfermarkt.com/georgiy-melkadze/profil/spieler/281552
Ruslan Myalkovsky,Lokomotiv Moscow,not_found,NA,NA,NA,
Yuriy Kovalev,Baltika,ambiguous,0.225,Yuriy Kovalev (BATE Borisov) score=0.23 | Yuriy Kovalev (---) score=0.00,BATE Borisov,http://transfermarkt.com/yuriy-kovalev/profil/spieler/203510
Edgardo Isaac Fariña Wynter,Nizhny Novgorod,not_found,NA,NA,NA,https://www.transfermarkt.com/edgardo-farina/profil/spieler/923177
Ousmane Ndong,FK Akhmat Grozny,not_found,NA,NA,NA,https://www.transfermarkt.com/ousmane-ndong/profil/spieler/829380
Papa Gadio,FK Akhmat Grozny,not_found,NA,NA,NA,https://www.transfermarkt.es/papa-amady-gadio/profil/spieler/1178485
El Mehdi Moubarik,Dynamo Makhachkala,not_found,NA,NA,NA,https://www.transfermarkt.com/mehdi-moubarik/profil/spieler/593432
Ifet Đakovac,Akron,not_found,NA,NA,NA,https://www.transfermarkt.com/ifet-djakovac/profil/spieler/645880
Srđan Babić,Spartak Moscow,not_found,NA,NA,NA,https://www.transfermarkt.com/srdjan-babic/profil/spieler/222805
Aleksa Đurasović,Akron,not_found,NA,NA,NA,https://www.transfermarkt.com/aleksa-djurasovic/profil/spieler/636601
François Kamano,Sochi,ambiguous,0.15,François Kamano (Without Club) score=0.15 | Jean-François Kamano (Unknown) score=0.00,Without Club,https://www.transfermarkt.com/francois-kamano/profil/spieler/333802
John Alex Palacios,Orenburg,not_found,NA,NA,NA,https://www.transfermarkt.com/jhon-alex-palacios/profil/spieler/653408
Kevin Andrade,Baltika,ambiguous,0.0857142857142857,Kevin de Andrade (FC Minière Lasauvage) score=0.09 | Kevin Andrade (Without Club) score=0.08 | Kevin Andrade (Zenit St. Petersburg) score=0.05,FC Minière Lasauvage,https://www.transfermarkt.com/kevin-andrade/profil/spieler/614898
Daniel Ruiz,CSKA Moscow,ambiguous,0.192857142857143,Daniel Ruiz (Millonarios FC) score=0.19 | Daniel Ruiz Martinez (Toukolan Teräs) score=0.18 | Guillermo Ruiz (Unknown) score=0.16,Millonarios FC,https://www.transfermarkt.com/daniel-ruiz/profil/spieler/650833
Alexis Duarte,Spartak Moscow,ambiguous,0.321428571428571,Alexis Duarte (Santos FC) score=0.32 | Alexis Duarte (CA Lanús II) score=0.26 | Leandro Alexis Duarte (Odisea FC) score=0.19,Santos FC,https://www.transfermarkt.com/alexis-duarte/profil/spieler/491587
Alexis Cantero,Orenburg,ambiguous,0.158823529411765,Alexis Cantero (Sportivo Luqueño) score=0.16 | Osmar Cantero (Without Club) score=0.08,Sportivo Luqueño,https://www.transfermarkt.com/alexis-cantero/profil/spieler/980773
Ignacio Saavedra,Sochi,ambiguous,0.0818181818181818,Felipe Saavedra (CD Cobreloa) score=0.08 | Ignacio Saavedra (Rubin Kazan) score=0.00 | Matías Saavedra (Unknown) score=0.00,CD Cobreloa,https://www.transfermarkt.es/ignacio-saavedra/profil/spieler/401706
Feyttullah Emircan Gürlük,Orenburg,not_found,NA,NA,NA,https://www.transfermarkt.com/emircan-gurluk/profil/spieler/858259
Diego,FK Krasnodar,ambiguous,0.15,Diego Milito (Retired) score=0.15 | Diego Costa (Retired) score=0.15 | Diego Carlos (Fenerbahce) score=0.15,Retired,https://www.transfermarkt.com/diego-costa/profil/spieler/546212
Douglas,FK Krasnodar,ambiguous,0.15,Maicon (Retired) score=0.15 | Douglas (Retired) score=0.15 | Alan (Retired) score=0.15,Retired,https://www.transfermarkt.com/douglas-augusto/profil/spieler/393621
João Victor,FK Krasnodar,ambiguous,0.24,João Souza (CR Flamengo U20) score=0.24 | João Gomes (Wolverhampton Wanderers) score=0.20 | Souza (Tottenham Hotspur) score=0.16,CR Flamengo U20,https://www.transfermarkt.com/victor-sa/profil/spieler/381724
Alerrandro,CSKA Moscow,ambiguous,0.15,Alerrandro (Sport Club Internacional) score=0.15 | Alerrandro (Retired) score=0.00,Sport Club Internacional,https://www.transfermarkt.com/alerrandro/profil/spieler/371996
Pedro,Zenit St. Petersburg,ambiguous,0.189473684210526,Pedro (Without Club) score=0.19 | Pedro Porro (Tottenham Hotspur) score=0.19 | Rui Patrício (Retired) score=0.14,Without Club,https://www.transfermarkt.es/pedro/profil/spieler/1004741
Gerson,Zenit St. Petersburg,ambiguous,0.245454545454545,Gerson (Cruzeiro Esporte Clube) score=0.25 | Gerson Acevedo (Without Club) score=0.19 | Jersson González (Independiente Santa Fe) score=0.16,Cruzeiro Esporte Clube,https://www.transfermarkt.com/gerson/profil/spieler/341705
David Loiola,Dinamo Moscow,not_found,NA,NA,NA,https://www.transfermarkt.com/david-ricardo/profil/spieler/985172
Braian Ezequiel Mansilla,FK Akhmat Grozny,not_found,NA,NA,NA,https://www.transfermarkt.mx/brian-mansilla/profil/spieler/373374
Rodrigo Villagra,CSKA Moscow,ambiguous,0.18,César Villagra (Club Sol de América) score=0.18 | Rodrigo Villagra (Sport Club Internacional) score=0.15,Club Sol de América,https://www.transfermarkt.com/rodrigo-villagra/profil/spieler/657220
Artem Meshchaninov,Rodina Moskva,not_found,NA,NA,NA,https://www.transfermarkt.com/artem-meshchaninov/profil/spieler/380349
Ruslan Fishchenko,Rodina Moskva,not_found,NA,NA,NA,https://www.transfermarkt.com/ruslan-fishchenko/profil/spieler/535968
Ivan Timoshenko,Rodina Moskva,not_found,NA,NA,NA,https://www.transfermarkt.com/ivan-timoshenko/profil/spieler/653776
Andrey Egorychev,Rodina Moskva,not_found,NA,NA,NA,https://www.transfermarkt.com/andrey-egorychev/profil/spieler/447257
Egor Nazarenko,Orenburg,not_found,NA,NA,NA,https://www.transfermarkt.com/egor-nazarenko/profil/spieler/697958
Yaroslav Mikhaylov,Rostov,not_found,NA,NA,NA,https://www.transfermarkt.com/yaroslav-mikhailov/profil/spieler/701937
Christian,FK Krasnodar,ambiguous,0.15,Christian Pulisic (AC Milan) score=0.15 | Christian Karembeu (Retired) score=0.15 | Cristian Chivu (Retired) score=0.15,AC Milan,https://www.transfermarkt.com/christian/profil/spieler/658678
Muhanad Al-Saad,FC Lausanne Sport,ambiguous,0.158823529411765,Muhanad Al-Saadi (Sohar SC) score=0.16 | Muhanad Al-Saad (Without Club) score=0.11,Sohar SC,https://www.transfermarkt.com/muhanad-al-saad/profil/spieler/1185707
Ousmane Doumbia,Lugano,ambiguous,0.257142857142857,Ousmane Doumbia (Unknown) score=0.26 | Ousmane Doumbia (Yverdon Sport FC) score=0.11 | Ousmane Doumbia (Arar FC) score=0.00,Unknown,https://www.transfermarkt.com/ousmane-doumbia/profil/spieler/286292
Christian Gomis,Winterthur,ambiguous,0.3,Christian Gomis (Without Club) score=0.30 | Jean-Christian Gomis (Without Club) score=0.30 | Christian Gomis (FC Schalke 04) score=0.00,Without Club,https://www.transfermarkt.com/christian-gomis/profil/spieler/357310
Damienus Reverson,FC Zürich,not_found,NA,NA,NA,https://www.transfermarkt.com/damienus-reverson/profil/spieler/675622
Dirk Abels,Grasshopper,ambiguous,0.163636363636364,Dirk Abels (Retired) score=0.16 | Dirk Abels (Without Club) score=0.00,Retired,https://www.transfermarkt.com/dirk-abels/profil/spieler/333815
Sékou Fofana,FC Lausanne Sport,ambiguous,0.264705882352941,Sékou Fofana (AJ Auxerre) score=0.26 | Sekou Fofana (CS Oberkorn) score=0.26 | Sekou Fofana (Entente Sannois Saint-Gratien B) score=0.23,AJ Auxerre,https://www.transfermarkt.com/sekou-fofana/profil/spieler/668941
Enzo Kana-Biyik,FC Lausanne Sport,ambiguous,0.156521739130435,Lorenzo Kana-Biyik (Paris Saint-Germain U19) score=0.16 | Enzo Kana-Biyik (Manchester United U21) score=0.09,Paris Saint-Germain U19,https://www.transfermarkt.com/enzo-kana-biyik/profil/spieler/1194813
A.Verinac,St. Gallen,ambiguous,0.28421052631579,Antonio Verinac (SC Austria Lustenau) score=0.28 | Bruno Verinac (Retired) score=0.10,SC Austria Lustenau,https://www.transfermarkt.com/antonio-verinac/profil/spieler/1025234
Juan Mendoza,FC Zürich,ambiguous,0.15,Juan Mendoza (CSD Flandria) score=0.15 | Victor Mendoza (Corazón de León Alto Rendimiento) score=0.11 | Francisco Mendoza (Retired) score=0.09,CSD Flandria,https://www.transfermarkt.com/juan-jose-perea/profil/spieler/496767
Nelson Palacio,FC Zürich,ambiguous,0.09,Jerry Palacios (Retired) score=0.09 | Nelson Palacios (Retired) score=0.09 | Nelson Palacio (Toronto FC) score=0.00,Retired,https://www.transfermarkt.com/nelson-palacio/profil/spieler/842357
Dominik Franke,Thun,ambiguous,0.128571428571429,Dominik Franke (Retired) score=0.13 | Dominik Franke (Unknown) score=0.13 | Dominik Franke (VfL Meiningen) score=0.07,Retired,https://www.transfermarkt.com/dominik-franke/profil/spieler/288348
Anton Kade,Basel,ambiguous,0.163636363636364,Anton Kade (FC Augsburg) score=0.16 | Jakob Anton Kadereit (TuS Untereschbach-Steinenbrück) score=0.12,FC Augsburg,https://www.transfermarkt.com/anton-kade/profil/spieler/654234
Lukas Mühl,Winterthur,ambiguous,0.3,Lukas Mühl (Without Club) score=0.30 | Lukas Mühlisch (Flechtinger SV) score=0.19 | Lukas Mühlberger (SG Breitenberg/Sonnen) score=0.17,Without Club,https://www.transfermarkt.com/lukas-muhl/profil/spieler/279079
Carbone,Lugano,ambiguous,0.15,Johan Carbonero (Sport Club Internacional) score=0.15 | Tomy Carbonell (Real Sociedad B) score=0.12 | Àlex Carbonell (FC Penafiel) score=0.08,Sport Club Internacional,https://www.transfermarkt.com/carbone/profil/spieler/1221548
Alexis Antunes,Servette,ambiguous,0.1125,Alexis Antunes (Göztepe) score=0.11 | Alexis Antunes (Without Club) score=0.08 | Alexis Antunes Soares (Unknown) score=0.00,Göztepe,https://www.transfermarkt.com/alexis-antunes/profil/spieler/346898
Michael Frey,Grasshopper,ambiguous,0.163636363636364,Michael Frey (Retired) score=0.16 | Michael Freyer (1.FC Neubrandenburg 04) score=0.08 | Michael Frey (Unknown) score=0.08,Retired,https://www.transfermarkt.com/michael-frey/profil/spieler/147043
Nicolas Glaus,Grasshopper,ambiguous,0.18,Nicolas Glaus (Rot-Weiß Oberhausen) score=0.18 | Nicolas Glauser (Retired) score=0.16,Rot-Weiß Oberhausen,https://www.transfermarkt.com/nicolas-glaus/profil/spieler/499319
Gabriel Gonzalez,Grasshopper,ambiguous,0.353571428571429,Gabriel Gonzalez (Grasshopper Club Zürich U21) score=0.35 | Gabriel González (CSD Central Ballester) score=0.17 | Gabriel González (Retired) score=0.16,Grasshopper Club Zürich U21,https://www.transfermarkt.com/gabriel-gonzalez/profil/spieler/932163
Noah Rupp,Thun,ambiguous,0.16875,Noah Rupp (TSG Tübingen II) score=0.17 | Noah Rupp (FC Wil 1900) score=0.00,TSG Tübingen II,https://www.transfermarkt.com/noah-rupp/profil/spieler/622023
Mariano Gómez,FC Zürich,ambiguous,0.225,Mariano Gómez (Ferencvárosi TC) score=0.23 | Mariano Gómez (Retired) score=0.09 | Mariano Gómez (Retired) score=0.09,Ferencvárosi TC,https://www.transfermarkt.com/mariano-gomez/profil/spieler/545409
Christian Kouam,Grasshopper,ambiguous,0.211764705882353,Christian Kouamé (Aris Thessaloniki) score=0.21 | Christian Kouam (K Lierse SK) score=0.00 | Christian Kouamé Koffi (Without Club) score=0.00,Aris Thessaloniki,https://www.transfermarkt.com/christian-kouam/profil/spieler/1038084
Kevin Carlos,Basel,ambiguous,0.192857142857143,Kevin Garay (CA Belgrano II) score=0.19 | Kevin Carlos (OGC Nice) score=0.00,CA Belgrano II,https://www.transfermarkt.com/kevin-carlos/profil/spieler/718201
Simon Simoni,Luzern,ambiguous,0.1125,Simon Simoni (FC St. Gallen 1879 Jugend) score=0.11 | Simon Simoni (Eintracht Frankfurt) score=0.09,FC St. Gallen 1879 Jugend,https://www.transfermarkt.com/simon-simoni/profil/spieler/726120
A. Sow,Basel,ambiguous,0.2,Kamal Sowah (NAC Breda) score=0.20 | Karim Sow (FC Lausanne-Sport) score=0.16 | Saïdou Sow (RC Strasbourg Alsace) score=0.14,NAC Breda,https://www.transfermarkt.com/asane-sow/profil/spieler/1317572
Nassim-Othmane Zoukit,Thun,not_found,NA,NA,NA,https://www.transfermarkt.com/nassim-zoukit/profil/spieler/628618
Mauro Rodrigues,Yverdon Sport FC,ambiguous,0.1125,Mauro Rodrigues (Botev Plovdiv) score=0.11 | Mauro Pastor (Retired) score=0.11 | Maurinho (Retired) score=0.11,Botev Plovdiv,https://www.transfermarkt.com/mauro-rodrigues/profil/spieler/514623
Sidiki Franck Camara,Yverdon Sport FC,not_found,NA,NA,NA,
Ogou Akichi,FC Stade Lausanne-Ouchy,not_found,NA,NA,NA,https://www.transfermarkt.com/edmond-akichi/profil/spieler/192714
K.Bah,FC Stade Lausanne-Ouchy,ambiguous,0.234782608695652,Trevoh Chalobah (Chelsea FC) score=0.23 | Hirving Lozano (San Diego FC) score=0.20 | Umar Sadiq (Valencia CF) score=0.20,Chelsea FC,https://www.transfermarkt.com/keasse-bah/profil/spieler/1380582
Florian Hoxha,Vaduz,ambiguous,0.105882352941176,Florian Hoxha (Etoile Carouge FC) score=0.11 | Florian Hoxha (Retired) score=0.00,Etoile Carouge FC,https://www.transfermarkt.com/florian-hoxha/profil/spieler/500748
N'Djoli,FC Wil 1900,ambiguous,0.12,Jean-Paul N'Djoli (Heracles Almelo) score=0.12 | Jean N'Djoli Mbongu (Unknown) score=0.00,Heracles Almelo,https://www.transfermarkt.com/jean-paul-ndjoli/profil/spieler/843728
Oumar Sarr,Stade Nyonnais,ambiguous,0.232258064516129,Oumar Sarr (ASC La Linguère de Saint-Louis) score=0.23 | Oumar Sarr (US Ouakam) score=0.13 | Oumar Sarr (Without Club) score=0.00,ASC La Linguère de Saint-Louis,https://www.transfermarkt.com/oumar-sarr/profil/spieler/905926
K.Quintana,Stade Nyonnais,ambiguous,0.192857142857143,David de Gea (ACF Fiorentina) score=0.19 | Carlos Quintana (Club Deportivo Riestra) score=0.16 | Hugo Quintana (Independiente del Valle) score=0.16,ACF Fiorentina,https://www.transfermarkt.mx/kevin-soro/profil/spieler/1404882
Victor Camille Petit-Viretti,FC Aarau,not_found,NA,NA,NA,https://www.transfermarkt.com/victor-petit-viretti/profil/spieler/729994
Moussa Baradji,Yverdon Sport FC,ambiguous,0.1125,Moussa Baradji (Unknown) score=0.11 | Moussa Baradji (Blackburn Rovers) score=0.06,Unknown,https://www.transfermarkt.com/moussa-baradji/profil/spieler/821542
Exaucé M'Badinga,FC Stade Lausanne-Ouchy,not_found,NA,NA,NA,
Samuel Bossiwa Bessolo,Étoile Carouge FC,not_found,NA,NA,NA,https://www.transfermarkt.com/samuel-bossiwa/profil/spieler/805825
Juan Ghia,Stade Nyonnais,not_found,NA,NA,NA,https://www.transfermarkt.com/juan-martin-ghia/profil/spieler/1376098
Sebastian Ogenna Osigwe,Bellinzona,not_found,NA,NA,NA,
S.So,Rapperswil-Jona,ambiguous,0.18,Hyok-chol So (Retired) score=0.18 | Ibraima Só (Retired) score=0.18 | Kwang-chol So (Amnokgang SC) score=0.12,Retired,https://www.transfermarkt.us/samba-so/profil/spieler/1124302
Angelo Campos,Vaduz,ambiguous,0.12,Angelo Campos (FC Schaffhausen) score=0.12 | Ángelo Campos (Universidad Técnica de Cajamarca) score=0.08,FC Schaffhausen,https://www.transfermarkt.com/angelo-campos/profil/spieler/421821
André Ribeiro,Rapperswil-Jona,ambiguous,0.24,André Almeida (Valencia CF) score=0.24 | Alexandre Ferrás (Chamois Niortais Saint-Florent) score=0.21 | Carrasqueira (Retired) score=0.18,Valencia CF,https://www.transfermarkt.com/andre-ribeiro/profil/spieler/342482
Mattia Valente,Neuchâtel Xamax,ambiguous,0.1125,Mattia Valente (Team BEJUNE U19) score=0.11 | Mattia Valente (CPR Ospitaletto) score=0.06,Team BEJUNE U19,
Diogo Mendes,Neuchâtel Xamax,ambiguous,0.28125,Diogo Gonçalves (CD Fátima) score=0.28 | Diogo Mendes (Without Club) score=0.17 | Diogo Mendes Teixeira (Without Club) score=0.17,CD Fátima,https://www.transfermarkt.com/diogo-carraco/profil/spieler/521444
Diogo Mendes,Étoile Carouge FC,ambiguous,0.211764705882353,Gabi (Retired) score=0.21 | João Diogo (Retired) score=0.21 | Diogo Mendes (CD Olivais e Moscavide) score=0.16,Retired,https://www.transfermarkt.com/diogo-neves/profil/spieler/1350069
Mamadou Diallo,Étoile Carouge FC,ambiguous,0.264705882352941,Adama Diallo (Hafia FC) score=0.26 | Mamadou Diallo (Grand Ouest Association Lyonnaise FC) score=0.23 | Mamadou Diallo (Retired) score=0.21,Hafia FC,https://www.transfermarkt.com/mussa-diallo/profil/spieler/455762
A.López Pérez,Bellinzona,ambiguous,0.18,Jonathan López (Retired) score=0.18 | José López Pérez (Retired) score=0.18 | Pedro López (Retired) score=0.18,Retired,https://www.transfermarkt.com/andres-lopez/profil/spieler/1007746
Simon Rottensteiner,FC Wil 1900,not_found,NA,NA,NA,https://www.transfermarkt.com/simon-tisch-rottensteiner/profil/spieler/1045966
Michael Goncalves,Bellinzona,ambiguous,0.18,Michael Gaspar (Retired) score=0.18 | Michael Goncalves Dantas (Retired) score=0.18 | Michael Goncalves (CS Ollon) score=0.18,Retired,https://www.transfermarkt.com/michael-goncalves/profil/spieler/183313
Felipe Borges,FC Wil 1900,ambiguous,0.138461538461538,Felipe Borges (SC Gaúcho (RS)) score=0.14 | Felipe Borges (Esporte Clube XV de Novembro de Jaú U20) score=0.09 | Kalu (Retired) score=0.08,SC Gaúcho (RS),https://www.transfermarkt.com/felipe-borges/profil/spieler/500760
Altin Berisha,FC Wil 1900,ambiguous,0.075,Altin Berisha (Career break) score=0.08 | Altin Berisha (Without Club) score=0.08,Career break,https://www.transfermarkt.com/altin-berisha/profil/spieler/728392
Hugo Parra,Stade Nyonnais,ambiguous,0.128571428571429,Hugo Parra (CD Guijuelo) score=0.13 | Hugo Parra (CA Pulpileño) score=0.06,CD Guijuelo,https://www.transfermarkt.com/hugo-parra/profil/spieler/866285
Ruben Machado,Stade Nyonnais,ambiguous,0.0642857142857143,Rúben Machado (Retired) score=0.06 | Ruben Correia (Without Club) score=0.00,Retired,https://www.transfermarkt.com/ruben-correia/profil/spieler/365103
Felipe Borges,Stade Nyonnais,ambiguous,0.192857142857143,Felipe Borges (SC Gaúcho (RS)) score=0.19 | Felipe Borges (Esporte Clube XV de Novembro de Jaú U20) score=0.18 | Kalu (Retired) score=0.06,SC Gaúcho (RS),https://www.transfermarkt.com/felipe-borges/profil/spieler/500760
N.Rakic,Rapperswil-Jona,ambiguous,0.2,Davor Rakic (Anagennisi Derynia) score=0.20 | Djordje Rakic (Retired) score=0.18 | Milan Rakic (Retired) score=0.18,Anagennisi Derynia,https://www.transfermarkt.mx/nikola-rakic/profil/spieler/1170362
Nathan Jacques García,FC Stade Lausanne-Ouchy,not_found,NA,NA,NA,https://www.transfermarkt.com/nathan-garcia/profil/spieler/443425
E.Avdic,Stade Nyonnais,ambiguous,0.211764705882353,Adem Avdic (Red Star Belgrade) score=0.21 | Mehmed Avdic (FK Tutin) score=0.13 | Denni Avdic (Retired) score=0.06,Red Star Belgrade,https://www.transfermarkt.com/ahmedin-avdic/profil/spieler/1182644
Nassim-Othmane Zoukit,FC Aarau,not_found,NA,NA,NA,https://www.transfermarkt.com/nassim-zoukit/profil/spieler/628618
Kevin Martin,Yverdon Sport FC,ambiguous,0.156521739130435,Kevin Martin (FC Stade-Lausanne-Ouchy) score=0.16 | Kevin Martínez (Deportivo Toluca U21) score=0.14 | Kevin Martins (AC Monza) score=0.11,FC Stade-Lausanne-Ouchy,https://www.transfermarkt.com/kevin-martin/profil/spieler/284695
Patrick Sutter,FC Stade Lausanne-Ouchy,ambiguous,0.234782608695652,Patrick Sutter (ASK Mannersdorf) score=0.23 | Patrick Sutter (FC Wil 1900) score=0.20,ASK Mannersdorf,https://www.transfermarkt.com/patrick-sutter/profil/spieler/410617
L.Oliveira,FC Stade Lausanne-Ouchy,ambiguous,0.195652173913043,Caio Henrique (Ajax Amsterdam) score=0.20 | Tiago Gabriel (US Lecce) score=0.20 | Vitinha (Genoa CFC) score=0.16,Ajax Amsterdam,https://www.transfermarkt.com/lion-de-oliveira/profil/spieler/923084
Yannick Marchand,Rapperswil-Jona,ambiguous,0.18,Yannick Marchand (Retired) score=0.18 | Yannick Marchand (Without Club) score=0.06,Retired,https://www.transfermarkt.com/yannick-marchand/profil/spieler/346882
F.Lentini,Neuchâtel Xamax,ambiguous,0.225,Ramón Lentini (CA Costa Brava) score=0.23 | Martin Salentinig (SV Übelbach) score=0.23 | Carlo Valentini (Monte Grimano Terme) score=0.14,CA Costa Brava,https://www.transfermarkt.com/francesco-lentini/profil/spieler/939979
Elmedin Schaller Zahaj,Neuchâtel Xamax,not_found,NA,NA,NA,https://www.transfermarkt.com/elmedin-schaller/leistungsdaten/spieler/1015819/saison//sort/rote
R.Madani,Neuchâtel Xamax,ambiguous,0.16875,Dorart Ramadani (Without Club) score=0.17 | Arbnor Ramadani (KF Llapi) score=0.17 | Ylber Ramadani (Corum FK) score=0.11,Without Club,https://www.transfermarkt.com/rayan-madani/profil/spieler/1163566
S.Cosic,Neuchâtel Xamax,ambiguous,0.1875,Ivan Cosic (NK Spartak Mala Subotica) score=0.19 | Mehmed Cosic (Without Club) score=0.17 | Uros Cosic (Glyfada FC) score=0.11,NK Spartak Mala Subotica,https://www.transfermarkt.com/senad-cosic/profil/spieler/980663
Edin Omeragic,Neuchâtel Xamax,ambiguous,0.195652173913043,Almedin Omeragic (Bosnien Hercegovinas SK) score=0.20 | Edin Omeragic (Stade Reims) score=0.17,Bosnien Hercegovinas SK,https://www.transfermarkt.com/edin-omeragic/profil/spieler/507391
T.Elsig,Neuchâtel Xamax,ambiguous,0.1125,Jean-Michael Elsig (Retired) score=0.11 | Andreas Elsig (Retired) score=0.11 | Theodore Elsig (Team BEJUNE U19) score=0.11,Retired,https://www.transfermarkt.com/theodore-elsig/profil/spieler/1163551
P.Ablanedo,Stade Nyonnais,ambiguous,0.18,Pablo Ablanedo (Adelphi Panthers (Adelphi University)) score=0.18 | Luca Marta Ablanedo (SV Türk Gücü Hildesheim) score=0.17 | Juan Carlos Ablanedo (Retired) score=0.06,Adelphi Panthers (Adelphi University),https://www.transfermarkt.com/pedro-rodriguez/profil/spieler/1091572
Manuel Polster,Stade Nyonnais,ambiguous,0.0642857142857143,Manuel Polster (ASK Voitsberg) score=0.06 | Manuel Polster (Retired) score=0.06,ASK Voitsberg,https://www.transfermarkt.com/manuel-polster/profil/spieler/488072
Ato,Bellinzona,ambiguous,0.18,Anatoliy Tymoshchuk (Retired) score=0.18 | Alexandre Pato (Retired) score=0.18 | Anatoliy Trubin (SL Benfica) score=0.18,Retired,https://www.transfermarkt.com/atotm/profil/spieler/718036
Borja López,Bellinzona,ambiguous,0.2,Borja López (CE Atlètic Lleida) score=0.20 | Borja López (Dalvík/Reynir) score=0.19 | Borja López (Retired) score=0.18,CE Atlètic Lleida,https://www.transfermarkt.com/borja-lopez/profil/spieler/214770
Jonan Amelibia,Bellinzona,not_found,NA,NA,NA,https://www.transfermarkt.com/jon-ander-amelibia/profil/spieler/330655
Umar Saho,FC Wil 1900,ambiguous,0.075,Umar Saho (Without Club) score=0.08 | Bikash Kumar Sahoo (Odisha FC II) score=0.08,Without Club,https://www.transfermarkt.com/umar-saho/profil/spieler/560976
Javier Navarro,Vaduz,ambiguous,0.09,Javi Navarro (Real Madrid Castilla) score=0.09 | Javi Navarro (Without Club) score=0.08 | Carlos Navarro (Without Club) score=0.08,Real Madrid Castilla,https://www.transfermarkt.mx/javi-navarro/profil/spieler/682500
Lucas Ribeiro,Stade Nyonnais,ambiguous,0.225,Lucas Marezi (Athletico Paranaense U20) score=0.23 | Lucas Ribeiro Ferreira (Vitória de Guimarães SC U17) score=0.22 | André Lucas (SE Palmeiras São Paulo U20) score=0.20,Athletico Paranaense U20,https://www.transfermarkt.com/lucas-ribeiro/profil/spieler/677310
Nathan Jacques García,Neuchâtel Xamax,not_found,NA,NA,NA,https://www.transfermarkt.com/nathan-garcia/profil/spieler/443425
F.Lentini,Stade Nyonnais,ambiguous,0.192857142857143,Nicolás Valentini (ACF Fiorentina) score=0.19 | Martin Salentinig (SV Übelbach) score=0.19 | Carlo Valentini (Monte Grimano Terme) score=0.14,ACF Fiorentina,https://www.transfermarkt.com/francesco-lentini/profil/spieler/939979
Ian Hoffmann,HamKam,ambiguous,0.163636363636364,Maximilian Hoffmann (SG Hochwald) score=0.16 | Ian Hoffmann (Mjällby AIF) score=0.15 | Florian Hoffmann (SG Rhens/Spay/Waldesch) score=0.12,SG Hochwald,https://www.transfermarkt.com/ian-hoffmann/profil/spieler/469852
Caleb Sery,Molde,not_found,NA,NA,NA,https://www.transfermarkt.com/caleb-zady-sery/profil/spieler/617699
Júlíus Júlíusson,Kristiansund,not_found,NA,NA,NA,https://www.transfermarkt.com/julius-mar-juliusson/profil/spieler/984628
Vidar Ari Jónsson,HamKam,ambiguous,0.36,Vidar Ari Jónsson (Hamarkameratene) score=0.36 | Vidar Ari Jónsson (ÍH Hafnarfjördur) score=0.16,Hamarkameratene,https://www.transfermarkt.com/vidar-ari-jonsson/profil/spieler/178918
Yildren Ibrahimaj,Lillestrøm,not_found,NA,NA,NA,https://www.transfermarkt.com/ylldren-ibrahimaj/profil/spieler/230845
Petter Strand,Vålerenga,ambiguous,0.352173913043478,Petter Strand (Vålerenga Fotball Elite) score=0.35 | Petter Nyhus (Korsvoll IL) score=0.00,Vålerenga Fotball Elite,https://www.transfermarkt.com/petter-strand/profil/spieler/319661
Jonas Hjorth,KFUM-Kameratene Oslo,not_found,NA,NA,NA,https://www.transfermarkt.com/jonas-lange-hjorth/profil/spieler/686005
Teodor Haltvik,KFUM-Kameratene Oslo,not_found,NA,NA,NA,https://www.transfermarkt.com/teodor-berg-haltvik/profil/spieler/464493
Oskar Spiten-Nysæter,Molde,not_found,NA,NA,NA,https://www.transfermarkt.com/oskar-spiten/profil/spieler/1007817
Jo Berget,Sarpsborg 08,not_found,NA,NA,NA,https://www.transfermarkt.com/jo-inge-berget/profil/spieler/73323
Bjørn Utvik,Sarpsborg 08,not_found,NA,NA,NA,https://www.transfermarkt.com/bjorn-inge-utvik/profil/spieler/226530
Markus Wæhler,Lillestrøm,not_found,NA,NA,NA,https://www.transfermarkt.com/markus-waehler/profil/spieler/1253577
Sander Foss,Lillestrøm,not_found,NA,NA,NA,https://www.transfermarkt.com/sander-moen-foss/profil/spieler/440972
Filip Lien,Start,not_found,NA,NA,NA,https://www.transfermarkt.com/filip-stromland-lien/profil/spieler/1473172
Vetle Skjærvik,Tromsø,not_found,NA,NA,NA,https://www.transfermarkt.com/vetle-skjaervik/profil/spieler/639327
Adrian Sæther,Kristiansund,not_found,NA,NA,NA,https://www.transfermarkt.com/adrian-saether/profil/spieler/946000
Dan Ulvestad,Kristiansund,not_found,NA,NA,NA,https://www.transfermarkt.com/dan-peter-ulvestad/profil/spieler/155555
Adrian Rønning,Kristiansund,not_found,NA,NA,NA,https://www.transfermarkt.com/adrian-kurd-ronning/profil/spieler/1006939
Gabriel Rajkovic,Vålerenga,ambiguous,0.352173913043478,Gabriel Rajković (Vålerenga Fotball Elite) score=0.35 | Gabriel Rajkovic (Vaasan Palloseura U18) score=0.21,Vålerenga Fotball Elite,https://www.transfermarkt.com/gabriel-rajkovic/profil/spieler/1470255
Ole Sæter,Vålerenga,not_found,NA,NA,NA,https://www.transfermarkt.com/ole-saeter/profil/spieler/664521
Erlend Reitan,Start,not_found,NA,NA,NA,https://www.transfermarkt.com/erlend-dahl-reitan/profil/spieler/369100
Johannes Hummelvoll-Nuñez,Fredrikstad,not_found,NA,NA,NA,https://www.transfermarkt.com/johannes-nunez/profil/spieler/501818
David Gyedu,KFUM-Kameratene Oslo,not_found,NA,NA,NA,https://www.transfermarkt.com/david-hickson/profil/spieler/410547
Tore Hagbø,KFUM-Kameratene Oslo,not_found,NA,NA,NA,
Håkon Hoseth,KFUM-Kameratene Oslo,not_found,NA,NA,NA,https://www.transfermarkt.com/hakon-helland-hoseth/profil/spieler/523052
Ruben Jenssen,Tromsø,not_found,NA,NA,NA,https://www.transfermarkt.com/ruben-yttergard-jenssen/profil/spieler/41335
Sander Håvik Innvær,Tromsø,not_found,NA,NA,NA,https://www.transfermarkt.com/sander-havik-innvaer/profil/spieler/1002038
Henrik Sælebakke Falchener,Viking,not_found,NA,NA,NA,https://www.transfermarkt.com/henrik-falchener/profil/spieler/743088
Kristian Eriksen,Molde,ambiguous,0.18,Kristian Eriksen (Marstal IF) score=0.18 | Lars-Kristian Eriksen (Retired) score=0.13 | Kristian Eriksen (Kjelsås IL) score=0.09,Marstal IF,https://www.transfermarkt.com/kristian-eriksen/profil/spieler/321644
Håkon Hammer,Aalesund,not_found,NA,NA,NA,https://www.transfermarkt.com/hakon-butli-hammer/profil/spieler/464478
Jakob Örsahl,Aalesund,not_found,NA,NA,NA,
Stian Kristiansen,Sandefjord,ambiguous,0.192857142857143,Stian Kristiansen Johnsen (IL Trønder-Lyn) score=0.19 | Stian Kristiansen (Lillestrøm SK) score=0.14 | Stian Kristiansen (Frøya FK) score=0.00,IL Trønder-Lyn,https://www.transfermarkt.com/stian-kristiansen/profil/spieler/519291
Ole Selnæs,Rosenborg BK,not_found,NA,NA,NA,https://www.transfermarkt.com/ole-selnaes/profil/spieler/175961
David Benjamin,HamKam,ambiguous,0.36,David Benjamin (Hamarkameratene) score=0.36 | David Benjamin (CA Taquaritinga (SP)) score=0.10 | Rhys Benjamin (MSUB Yellowjackets (Montana State Uni Billings)) score=0.06,Hamarkameratene,https://www.transfermarkt.com/david-benjamin/profil/spieler/1314154
Anders Bærtelsen,Viking,not_found,NA,NA,NA,https://www.transfermarkt.com/anders-baertelsen/profil/spieler/422947
Frederik Elkær,Lillestrøm,not_found,NA,NA,NA,https://www.transfermarkt.com/frederik-elkaer/profil/spieler/578926
Oskar Øhlenschlæger,Fredrikstad,not_found,NA,NA,NA,https://www.transfermarkt.com/oskar-ohlenschlaeger/profil/spieler/926953
Elias Sørensen,Vålerenga,ambiguous,0.1125,Elias Sørensen (TB Tvöroyri U21) score=0.11 | Elias Sørensen (PEC Zwolle) score=0.00,TB Tvöroyri U21,https://www.transfermarkt.com/elias-sorensen/profil/spieler/422930
Jakob Nielsen,Sandefjord,ambiguous,0.27,Jakob Nielsen (Varde IF) score=0.27 | Jakob Nielsen (BK Odense Chang) score=0.12 | Jakob Nielsen (Without Club) score=0.00,Varde IF,https://www.transfermarkt.com/jakob-vester/profil/spieler/898781
Aksel Potur,HamKam,not_found,NA,NA,NA,https://www.transfermarkt.com/aksel-baran-potur/profil/spieler/877320
Kennedy David Ikechukwu Okpaleke,Fredrikstad,not_found,NA,NA,NA,https://www.transfermarkt.com/kennedy-okpaleke/profil/spieler/1172437
Cheuk Pan Ngan,Qingdao Manatee,not_found,NA,NA,NA,https://www.transfermarkt.com/cheuk-pan-ngan/profil/spieler/832658
Tze Nam	Yue,Beijing Guoan,not_found,NA,NA,NA,https://www.transfermarkt.com/tze-nam-yue/profil/spieler/542228
Braunshtain Barak,Qingdao West Coast,not_found,NA,NA,NA,https://www.transfermarkt.com/barak-braunshtain/profil/spieler/481872
Orr Matthew Elliot Wing Kai,Shanghai Port,not_found,NA,NA,NA,https://www.transfermarkt.com/matt-orr/profil/spieler/605150
Park Jin-Sub,Zhejiang Professional,not_found,NA,NA,NA,https://www.transfermarkt.com/jin-seob-park/profil/spieler/557469
Chen Yuhao,Yunnan Yukun,not_found,NA,NA,NA,https://www.transfermarkt.com/yuhao-chen/profil/spieler/589598
Chen Binbin,Liaoning Tieren,not_found,NA,NA,NA,https://www.transfermarkt.com/binbin-chen/profil/spieler/363791
Yan Dinghao,Liaoning Tieren,not_found,NA,NA,NA,https://www.transfermarkt.com/dinghao-yan/profil/spieler/437947
Pan Ximing,Liaoning Tieren,not_found,NA,NA,NA,https://www.transfermarkt.com/ximing-pan/profil/spieler/269730
Huang Ruifeng,Henan Songshan Longmen,not_found,NA,NA,NA,https://www.transfermarkt.com/ruifeng-huang/profil/spieler/509000
He Chao,Henan Songshan Longmen,not_found,NA,NA,NA,https://www.transfermarkt.com/chao-he/profil/spieler/316317
Zhang Xiangshuo,Yunnan Yukun,not_found,NA,NA,NA,https://www.transfermarkt.com/xiangshuo-zhang/profil/spieler/589623
Zhao Honglüe,Qingdao West Coast,not_found,NA,NA,NA,https://www.transfermarkt.com/honglue-zhao/profil/spieler/156072
Wang Zhifeng,Yunnan Yukun,not_found,NA,NA,NA,https://www.transfermarkt.com/zhifeng-wang/profil/spieler/491272
Jin Pengxiang,Chongqing Tonglianglong,not_found,NA,NA,NA,https://www.transfermarkt.com/pengxiang-jin/profil/spieler/156506
Yue Xin,Shanghai Port,not_found,NA,NA,NA,https://www.transfermarkt.com/xin-yue/profil/spieler/288513
Iminqari Mutellip,Chengdu Rongcheng,not_found,NA,NA,NA,https://www.transfermarkt.com/mutallep-iminqari/profil/spieler/1014231
Han Pengfei,Chengdu Rongcheng,not_found,NA,NA,NA,https://www.transfermarkt.com/pengfei-han/profil/spieler/276523
Gao Jiarun,Liaoning Tieren,not_found,NA,NA,NA,https://www.transfermarkt.com/jiarun-gao/profil/spieler/279520
Zang Yifeng,Liaoning Tieren,not_found,NA,NA,NA,https://www.transfermarkt.com/yifeng-zang/profil/spieler/224622
Yang Yilin,Henan Songshan Longmen,not_found,NA,NA,NA,https://www.transfermarkt.com/yilin-yang/profil/spieler/492328
Du Changjie,Henan Songshan Longmen,not_found,NA,NA,NA,https://www.transfermarkt.com/changjie-du/profil/spieler/361752
Bao Shimeng,Shanghai Port,not_found,NA,NA,NA,https://www.transfermarkt.com/shimeng-bao/profil/spieler/1237516
Chen Pu,Shandong Taishan,not_found,NA,NA,NA,https://www.transfermarkt.com/pu-chen/profil/spieler/376597
Mirahmetjan Muzepper,Chengdu Rongcheng,not_found,NA,NA,NA,https://www.transfermarkt.com/murahmetjan-muzepper/profil/spieler/148170
He Yupeng,Beijing Guoan,not_found,NA,NA,NA,https://www.transfermarkt.com/yupeng-he/profil/spieler/527717
Che Shiwei,Qingdao Manatee,not_found,NA,NA,NA,https://www.transfermarkt.com/shiwei-che/profil/spieler/316122
Zhang Yufeng,Yunnan Yukun,not_found,NA,NA,NA,https://www.transfermarkt.com/yufeng-zhang/profil/spieler/316215
Zhang Xiuwei,Qingdao West Coast,not_found,NA,NA,NA,https://www.transfermarkt.com/xiuwei-zhang/profil/spieler/293375
Liu Jiashen,Qingdao Manatee,not_found,NA,NA,NA,https://www.transfermarkt.com/jiashen-liu/profil/spieler/211849
Kuang Zhaolei,Qingdao Manatee,not_found,NA,NA,NA,https://www.transfermarkt.com/zhaolei-kuang/profil/spieler/1281957
Lü Peng,Dalian Yingbo,not_found,NA,NA,NA,https://www.transfermarkt.com/peng-lu/profil/spieler/156057
Li Ang,Dalian Yingbo,ambiguous,0.0692307692307692,Alessio Galli Angeli (Retired) score=0.07 | Roberto Degli Angeli (Retired) score=0.07 | Fabio Degli Angeli (Retired) score=0.07,Retired,https://www.transfermarkt.com/ang-li/profil/spieler/277767
Tao Qianglong,Zhejiang Professional,not_found,NA,NA,NA,https://www.transfermarkt.com/qianglong-tao/profil/spieler/468284
Fang Hao,Zhejiang Professional,not_found,NA,NA,NA,https://www.transfermarkt.com/hao-fang/profil/spieler/809024
Sun Guowen,Zhejiang Professional,not_found,NA,NA,NA,https://www.transfermarkt.com/guowen-sun/profil/spieler/218235
Dong Chunyu,Zhejiang Professional,not_found,NA,NA,NA,https://www.transfermarkt.com/chunyu-dong/profil/spieler/217901
Xu Junchi,Zhejiang Professional,not_found,NA,NA,NA,https://www.transfermarkt.com/junchi-xu/profil/spieler/1089663
Zheng Haoqian,Wuhan Three Towns,not_found,NA,NA,NA,https://www.transfermarkt.com/haoqian-zheng/profil/spieler/491974
Li Shenyuan,Wuhan Three Towns,not_found,NA,NA,NA,https://www.transfermarkt.com/shenyuan-li/profil/spieler/448145
Chen Zhechao,Wuhan Three Towns,not_found,NA,NA,NA,https://www.transfermarkt.com/zhechao-chen/profil/spieler/267529
Liao Chengjian,Wuhan Three Towns,not_found,NA,NA,NA,https://www.transfermarkt.com/chengjian-liao/profil/spieler/254633
Fang Jingqi,Wuhan Three Towns,not_found,NA,NA,NA,https://www.transfermarkt.com/jingqi-fang/profil/spieler/236627
Wang Jinxian,Wuhan Three Towns,not_found,NA,NA,NA,https://www.transfermarkt.com/jinxian-wang/profil/spieler/267553
Zhong Jinbao,Wuhan Three Towns,not_found,NA,NA,NA,https://www.transfermarkt.com/jinbao-zhong/profil/spieler/259686
Guo Jiayu,Wuhan Three Towns,not_found,NA,NA,NA,https://www.transfermarkt.com/jiayu-guo/profil/spieler/884561
Zhang Xiaobin,Wuhan Three Towns,not_found,NA,NA,NA,https://www.transfermarkt.com/xiaobin-zhang/profil/spieler/302080
Wang Yu,Beijing Guoan,ambiguous,0.207692307692308,Il-Gwang Yun (Unknown) score=0.21 | Arif Wa'ie (Rimba Star) score=0.21 | Yue Wong (Retired) score=0.14,Unknown,https://www.transfermarkt.com/yu-wang/profil/spieler/911064
Tian Ziyi,Liaoning Tieren,not_found,NA,NA,NA,https://www.transfermarkt.com/ziyi-tian/profil/spieler/493532
Li Ang,Wuhan Three Towns,ambiguous,0.158823529411765,Alessio Galli Angeli (Retired) score=0.16 | Roberto Degli Angeli (Retired) score=0.16 | Fabio Degli Angeli (Retired) score=0.16,Retired,https://www.transfermarkt.com/ang-li/profil/spieler/277767
Ming Tian,Wuhan Three Towns,not_found,NA,NA,NA,https://www.transfermarkt.com/tian-ming/profil/spieler/312368
Xia Dalong,Shenzhen Peng City FC,not_found,NA,NA,NA,
Liu Xiaolong,Qingdao West Coast,not_found,NA,NA,NA,https://www.transfermarkt.com/xiaolong-liu/profil/spieler/996883
Song Yue,Dalian Yingbo,not_found,NA,NA,NA,https://www.transfermarkt.com/yue-song/profil/spieler/266874
Liu Weiguo,Dalian Yingbo,not_found,NA,NA,NA,https://www.transfermarkt.com/weiguo-liu/profil/spieler/218209
Bi Jinhao,Dalian Yingbo,not_found,NA,NA,NA,https://www.transfermarkt.com/jinhao-bi/profil/spieler/211841
Yang Zihao,Yunnan Yukun,not_found,NA,NA,NA,https://www.transfermarkt.com/zihao-yang/profil/spieler/811834
Xu Xin,Yunnan Yukun,not_found,NA,NA,NA,https://www.transfermarkt.com/xin-xu/profil/spieler/237852
Wang Zhenghao,Tianjin Jinmen Tiger,not_found,NA,NA,NA,https://www.transfermarkt.com/zhenghao-wang/profil/spieler/657129
Yang Fan,Tianjin Jinmen Tiger,ambiguous,0.225,Haiyang Fang (Guangdong Mingtu) score=0.23 | Zhengyang Fang (Beijing Pengrui) score=0.23 | Yang Fan (Chongqing Linxuan) score=0.18,Guangdong Mingtu,https://www.transfermarkt.com/fan-yang/profil/spieler/425206
Wang Qiuming,Tianjin Jinmen Tiger,not_found,NA,NA,NA,https://www.transfermarkt.com/qiuming-wang/profil/spieler/261247
Dong Yanfeng,Chengdu Rongcheng,not_found,NA,NA,NA,https://www.transfermarkt.com/yanfeng-dong/profil/spieler/267531
Wang Dongsheng,Chengdu Rongcheng,not_found,NA,NA,NA,https://www.transfermarkt.com/dongsheng-wang/profil/spieler/448475
Yang Shiyuan,Shanghai Port,not_found,NA,NA,NA,https://www.transfermarkt.com/shiyuan-yang/profil/spieler/254621
Fu Huan,Shanghai Port,ambiguous,0.346153846153846,Nanfu Huang (Shenzhen YPG) score=0.35 | Jinfu Huang (Guangxi Bushan) score=0.26 | Jiafu Huang (Clube Desportivo Lam Ieng) score=0.14,Shenzhen YPG,https://www.transfermarkt.com/huan-fu/profil/spieler/250199
Wu Wei,Zhejiang Professional,not_found,NA,NA,NA,https://www.transfermarkt.com/wei-wu/profil/spieler/359404
Abdusalam Ablikim,Zhejiang Professional,not_found,NA,NA,NA,https://www.transfermarkt.com/ablikim-abdusalam/profil/spieler/1015923
Zhang Jiaqi,Zhejiang Professional,not_found,NA,NA,NA,https://www.transfermarkt.com/jiaqi-zhang/profil/spieler/127104
Bao Shengxin,Zhejiang Professional,not_found,NA,NA,NA,https://www.transfermarkt.com/shengxin-bao/profil/spieler/946840
Ning Fangze,Zhejiang Professional,not_found,NA,NA,NA,https://www.transfermarkt.com/fangze-ning/profil/spieler/1089661
Min Zixi,Wuhan Three Towns,not_found,NA,NA,NA,https://www.transfermarkt.com/zixi-min/profil/spieler/1095612
He Guan,Wuhan Three Towns,not_found,NA,NA,NA,https://www.transfermarkt.com/guan-he/profil/spieler/236638
Xia Xiaoxi,Wuhan Three Towns,not_found,NA,NA,NA,https://www.transfermarkt.com/xiaoxi-xia/profil/spieler/1014269
Liu Binbin,Wuhan Three Towns,not_found,NA,NA,NA,https://www.transfermarkt.com/binbin-liu/profil/spieler/218268
Hou Sen,Beijing Guoan,not_found,NA,NA,NA,https://www.transfermarkt.com/sen-hou/profil/spieler/147782
Jiang Wenhao,Beijing Guoan,not_found,NA,NA,NA,https://www.transfermarkt.com/wenhao-jiang/profil/spieler/839306
Zhang Jianzhi,Beijing Guoan,not_found,NA,NA,NA,https://www.transfermarkt.com/jianzhi-zhang/profil/spieler/690671
Zhang Xizhe,Beijing Guoan,not_found,NA,NA,NA,https://www.transfermarkt.com/xizhe-zhang/profil/spieler/150163
Jiaao Wei,Beijing Guoan,not_found,NA,NA,NA,https://www.transfermarkt.com/jiaao-wei/profil/spieler/1251747
Zheng Kaimu,Wuhan Three Towns,not_found,NA,NA,NA,https://www.transfermarkt.com/kaimu-zheng/profil/spieler/218291
Chi Zhongguo,Beijing Guoan,not_found,NA,NA,NA,https://www.transfermarkt.com/zhongguo-chi/profil/spieler/252282
Yang Liyu,Beijing Guoan,not_found,NA,NA,NA,https://www.transfermarkt.com/yang-liu/profil/spieler/316041
Ding Haifeng,Qingdao West Coast,not_found,NA,NA,NA,https://www.transfermarkt.com/haifeng-ding/profil/spieler/150014
Yang Liu,Shandong Taishan,ambiguous,0.368181818181818,Kunyang Liu (Shanxi TYUT Changsheng) score=0.37 | Siyang Liu (Shijiazhuang Shangcheng) score=0.35 | Yiyang Liu (Changchun Yatai U21) score=0.33,Shanxi TYUT Changsheng,https://www.transfermarkt.com/yang-liu/profil/spieler/316041
Gao Zhunyi,Shandong Taishan,not_found,NA,NA,NA,https://www.transfermarkt.com/zhunyi-gao/profil/spieler/279521
Yang Li,Chengdu Rongcheng,ambiguous,0.409090909090909,Kunyang Liu (Shanxi TYUT Changsheng) score=0.41 | Liuyang Li (Wuhan Juxing Shanyao) score=0.27 | Chengyang Liu (Chongqing Benbiao) score=0.26,Shanxi TYUT Changsheng,https://www.transfermarkt.com/yang-li/profil/spieler/439770
Tang Chuang,Chengdu Rongcheng,not_found,NA,NA,NA,https://www.transfermarkt.com/chuang-tang/profil/spieler/633614
Zhang Linpeng,Shanghai Port,not_found,NA,NA,NA,https://www.transfermarkt.com/linpeng-zhang/profil/spieler/140437
Wei Zhen,Shanghai Port,ambiguous,0.207692307692308,Junwei Zheng (Foshan Nanshi) score=0.21 | Wei Zheng (Retired) score=0.07 | Kewei Zheng (Retired) score=0.07,Foshan Nanshi,https://www.transfermarkt.com/zhen-wei/profil/spieler/424939
Wu Xinghan,Tianjin Jinmen Tiger,not_found,NA,NA,NA,https://www.transfermarkt.com/xinghan-wu/profil/spieler/221670
Hujahmat Shahsat,Shenzhen Peng City FC,not_found,NA,NA,NA,https://www.transfermarkt.com/shahzat-ghojaehmet/profil/spieler/1054689
Du Yuezheng,Chongqing Tonglianglong,not_found,NA,NA,NA,https://www.transfermarkt.com/yuezheng-du/profil/spieler/1012801
Liu Yixin,Henan Songshan Longmen,not_found,NA,NA,NA,https://www.transfermarkt.com/yixin-liu/profil/spieler/1012834
Yang Kuo,Henan Songshan Longmen,not_found,NA,NA,NA,https://www.transfermarkt.com/kuo-yang/profil/spieler/252011
Peng Xinli,Qingdao West Coast,not_found,NA,NA,NA,https://www.transfermarkt.com/xinli-peng/profil/spieler/211062
Zhang Chengdong,Qingdao West Coast,not_found,NA,NA,NA,https://www.transfermarkt.com/chengdong-zhang/profil/spieler/138655
Asqer Afrden,Qingdao West Coast,not_found,NA,NA,NA,https://www.transfermarkt.com/afrden-asqer/profil/spieler/531398
Hu Ruibao,Yunnan Yukun,not_found,NA,NA,NA,https://www.transfermarkt.com/ruibao-hu/profil/spieler/316027
Qi Yuxi,Tianjin Jinmen Tiger,not_found,NA,NA,NA,https://www.transfermarkt.com/yuxi-qi/profil/spieler/468278
Ji Jiabao,Shenzhen Peng City FC,not_found,NA,NA,NA,https://www.transfermarkt.com/jiabao-ji/profil/spieler/945679
Yang Yiming,Shenzhen Peng City FC,not_found,NA,NA,NA,https://www.transfermarkt.com/yiming-yang/profil/spieler/424774
Yao Junsheng,Shenzhen Peng City FC,not_found,NA,NA,NA,https://www.transfermarkt.com/junsheng-yao/profil/spieler/316083
Jiang Zhipeng,Shenzhen Peng City FC,not_found,NA,NA,NA,https://www.transfermarkt.com/zhipeng-jiang/profil/spieler/211125
Song Long,Qingdao Manatee,not_found,NA,NA,NA,https://www.transfermarkt.com/long-song/profil/spieler/211680
Song Wenjie,Qingdao Manatee,not_found,NA,NA,NA,https://www.transfermarkt.com/wenjie-song/profil/spieler/211354
Mu Pengfei,Qingdao Manatee,not_found,NA,NA,NA,https://www.transfermarkt.com/pengfei-mu/profil/spieler/211161
Ruan Qilong,Chongqing Tonglianglong,not_found,NA,NA,NA,https://www.transfermarkt.com/qilong-ruan/profil/spieler/672454
Xu Haoyang,Shanghai Shenhua,not_found,NA,NA,NA,https://www.transfermarkt.com/haoyang-xu/profil/spieler/527754
Wen Jiabao,Dalian Yingbo,not_found,NA,NA,NA,https://www.transfermarkt.com/jiabao-wen/profil/spieler/419477
Tong Lei,Zhejiang Professional,not_found,NA,NA,NA,https://www.transfermarkt.com/lei-tong/profil/spieler/363584
Zhao Bo,Zhejiang Professional,not_found,NA,NA,NA,https://www.transfermarkt.com/bo-zhao/profil/spieler/281719
Xu Haofeng,Wuhan Three Towns,not_found,NA,NA,NA,https://www.transfermarkt.com/haofeng-xu/profil/spieler/587423
Yu Tianle,Wuhan Three Towns,not_found,NA,NA,NA,https://www.transfermarkt.com/tianle-yu/profil/spieler/1028329
Bai Yang,Beijing Guoan,not_found,NA,NA,NA,https://www.transfermarkt.com/yang-bai/profil/spieler/492289
Cao Yongjing,Beijing Guoan,not_found,NA,NA,NA,https://www.transfermarkt.com/yongjing-cao/profil/spieler/316120
Wang Peng,Qingdao West Coast,not_found,NA,NA,NA,https://www.transfermarkt.com/peng-wang/profil/spieler/287567
Duan Liuyu,Shandong Taishan,not_found,NA,NA,NA,https://www.transfermarkt.com/liuyu-duan/profil/spieler/571342
Peng Xiao,Shandong Taishan,not_found,NA,NA,NA,https://www.transfermarkt.com/xiao-peng/profil/spieler/789635
Yi Teng,Yunnan Yukun,not_found,NA,NA,NA,https://www.transfermarkt.com/teng-yi/profil/spieler/153214
Ye Chugui,Yunnan Yukun,not_found,NA,NA,NA,https://www.transfermarkt.com/chugui-ye/profil/spieler/269271
Mawlanyaz Dilmurat,Liaoning Tieren,not_found,NA,NA,NA,https://www.transfermarkt.com/dilmurat-mawlanniyaz/profil/spieler/449187
Han Rongze,Liaoning Tieren,not_found,NA,NA,NA,https://www.transfermarkt.com/rongze-han/profil/spieler/236521
Li Tixiang,Liaoning Tieren,not_found,NA,NA,NA,https://www.transfermarkt.com/tixiang-li/profil/spieler/150150
Tian Yinong,Liaoning Tieren,not_found,NA,NA,NA,https://www.transfermarkt.com/yinong-tian/profil/spieler/224160
Yuan Mincheng,Liaoning Tieren,not_found,NA,NA,NA,https://www.transfermarkt.com/mincheng-yuan/profil/spieler/365550
Zhang Yan,Liaoning Tieren,not_found,NA,NA,NA,https://www.transfermarkt.com/yan-zhang/profil/spieler/355783
Shi Yan,Tianjin Jinmen Tiger,ambiguous,0.18,Atsushi Yanagisawa (Retired) score=0.18 | Soshi Yanaba (Nippon Steel Kamaishi FC) score=0.15 | Atsushi Yanagisawa (Royal Blues (- 2018)) score=0.14,Retired,https://www.transfermarkt.com/yan-shi/profil/spieler/819843
Guo Hao,Tianjin Jinmen Tiger,not_found,NA,NA,NA,https://www.transfermarkt.com/hao-guo/profil/spieler/236635
Xie Weijun,Tianjin Jinmen Tiger,not_found,NA,NA,NA,https://www.transfermarkt.com/weijun-xie/profil/spieler/525911
Li Yongjia,Tianjin Jinmen Tiger,not_found,NA,NA,NA,https://www.transfermarkt.com/yongjia-li/profil/spieler/1015929
Zhang Xiaobin,Shenzhen Peng City FC,not_found,NA,NA,NA,https://www.transfermarkt.com/xiaobin-zhang/profil/spieler/302080
Hu Ruibao,Shenzhen Peng City FC,not_found,NA,NA,NA,https://www.transfermarkt.com/ruibao-hu/profil/spieler/316027
Nan Song,Shenzhen Peng City FC,ambiguous,0.214285714285714,Song Nan (Qingdao West Coast) score=0.21 | Sinan Songül (Unknown) score=0.13 | Adnan Songül (Retired) score=0.09,Qingdao West Coast,https://www.transfermarkt.com/song-nan/profil/spieler/456030
Yu Rui,Shenzhen Peng City FC,not_found,NA,NA,NA,https://www.transfermarkt.com/rui-yu/profil/spieler/224162
Zhang Yufeng,Shenzhen Peng City FC,not_found,NA,NA,NA,https://www.transfermarkt.com/yufeng-zhang/profil/spieler/316215
Zhao Jianfei,Shenzhen Peng City FC,not_found,NA,NA,NA,https://www.transfermarkt.com/jianfei-zhao/profil/spieler/437943
Long Li,Shenzhen Peng City FC,ambiguous,0.471428571428571,Xiaolong Liu (Shenzhen Juniors) score=0.47 | Zhilong Li (Shenzhen YPG) score=0.43 | Junlong Lin (Nanning Youth) score=0.21,Shenzhen Juniors,https://www.transfermarkt.com/long-li/profil/spieler/448423
Sun Zheng'ao,Qingdao Manatee,not_found,NA,NA,NA,https://www.transfermarkt.com/zhengao-sun/profil/spieler/231444
Liu Xinyu,Qingdao Manatee,not_found,NA,NA,NA,https://www.transfermarkt.com/xinyu-liu/profil/spieler/251188
Jin Yonghao,Qingdao Manatee,not_found,NA,NA,NA,https://www.transfermarkt.com/yonghao-jin/profil/spieler/993650
Liu Guobao,Qingdao Manatee,not_found,NA,NA,NA,https://www.transfermarkt.com/guobao-liu/profil/spieler/905183
Li Hailong,Qingdao Manatee,not_found,NA,NA,NA,https://www.transfermarkt.com/hailong-li/profil/spieler/337524
Zhang Wei,Qingdao Manatee,not_found,NA,NA,NA,https://www.transfermarkt.com/wei-zhang/profil/spieler/254642
Liu Junshuai,Qingdao Manatee,not_found,NA,NA,NA,https://www.transfermarkt.com/junshuai-liu/profil/spieler/337995
Lin Chuangyi,Qingdao Manatee,not_found,NA,NA,NA,https://www.transfermarkt.com/chuangyi-lin/profil/spieler/236647
Jin Yangyang,Qingdao Manatee,not_found,NA,NA,NA,https://www.transfermarkt.com/yangyang-liu/profil/spieler/218319
Wang Qiao,Qingdao Manatee,not_found,NA,NA,NA,https://www.transfermarkt.com/qiao-wang/profil/spieler/281516
He Xiaoqiang,Chongqing Tonglianglong,not_found,NA,NA,NA,https://www.transfermarkt.com/xiaoqiang-he/profil/spieler/839316
Wei Suowei,Chongqing Tonglianglong,not_found,NA,NA,NA,https://www.transfermarkt.com/suowei-wei/profil/spieler/1011413
Chen Chunxin,Chongqing Tonglianglong,not_found,NA,NA,NA,https://www.transfermarkt.com/chunxin-chen/profil/spieler/491968
Zhong Yihao,Henan Songshan Longmen,not_found,NA,NA,NA,https://www.transfermarkt.com/yihao-zhong/profil/spieler/317154
Wang Guoming,Henan Songshan Longmen,not_found,NA,NA,NA,https://www.transfermarkt.com/guoming-wang/profil/spieler/251168
Yin Congyao,Henan Songshan Longmen,not_found,NA,NA,NA,https://www.transfermarkt.com/congyao-yin/profil/spieler/325737
Liu Jiahui,Henan Songshan Longmen,not_found,NA,NA,NA,https://www.transfermarkt.com/jiahui-liu/profil/spieler/448269
Zheng Dalun,Henan Songshan Longmen,not_found,NA,NA,NA,https://www.transfermarkt.com/dalun-zheng/profil/spieler/236686
Xu Haofeng,Henan Songshan Longmen,not_found,NA,NA,NA,https://www.transfermarkt.com/haofeng-xu/profil/spieler/587423
Wang Shilong,Shanghai Shenhua,not_found,NA,NA,NA,https://www.transfermarkt.com/shilong-wang/profil/spieler/571410
Xue Qinghao,Shanghai Shenhua,not_found,NA,NA,NA,https://www.transfermarkt.com/qinghao-xue/profil/spieler/521129
Jin Shunkai,Shanghai Shenhua,not_found,NA,NA,NA,https://www.transfermarkt.com/shunkai-jin/profil/spieler/721094
Wang Haijian,Shanghai Shenhua,not_found,NA,NA,NA,https://www.transfermarkt.com/haijian-wang/profil/spieler/655476
Yang Shuai,Shanghai Shenhua,not_found,NA,NA,NA,https://www.transfermarkt.com/shuai-yang/profil/spieler/316458
Wu Xi,Shanghai Shenhua,not_found,NA,NA,NA,https://www.transfermarkt.com/xi-wu/profil/spieler/148891
Xie Pengfei,Shanghai Shenhua,not_found,NA,NA,NA,https://www.transfermarkt.com/pengfei-xie/profil/spieler/218247
Li Songyi,Shanghai Shenhua,not_found,NA,NA,NA,https://www.transfermarkt.com/songyi-li/profil/spieler/229719
Huang Zihao,Dalian Yingbo,not_found,NA,NA,NA,https://www.transfermarkt.com/zihao-huang/profil/spieler/589614
Lü Zhuoyi,Dalian Yingbo,not_found,NA,NA,NA,https://www.transfermarkt.com/zhuoyi-lu/profil/spieler/607991
Zhang Huachen,Dalian Yingbo,not_found,NA,NA,NA,https://www.transfermarkt.com/huachen-zhang/profil/spieler/424938
Luo Jing,Dalian Yingbo,not_found,NA,NA,NA,https://www.transfermarkt.com/jing-luo/profil/spieler/236650
Cao Haiqing,Dalian Yingbo,not_found,NA,NA,NA,https://www.transfermarkt.com/haiqing-cao/profil/spieler/218237
He Longhai,Qingdao West Coast,not_found,NA,NA,NA,https://www.transfermarkt.com/longhai-he/profil/spieler/587421
Liu Shibo,Qingdao West Coast,not_found,NA,NA,NA,https://www.transfermarkt.com/shibo-liu/profil/spieler/363246
Sun Jie,Qingdao West Coast,not_found,NA,NA,NA,https://www.transfermarkt.com/jie-sun/profil/spieler/147813
Mijiti Maiwulang,Shandong Taishan,not_found,NA,NA,NA,https://www.transfermarkt.com/mewlan-mijit/profil/spieler/789638
Wang Dalei,Shandong Taishan,not_found,NA,NA,NA,https://www.transfermarkt.com/dalei-wang/profil/spieler/143068
Li Yuanyi,Shandong Taishan,not_found,NA,NA,NA,https://www.transfermarkt.com/yuanyi-li/profil/spieler/265712
Shi Songchen,Shandong Taishan,not_found,NA,NA,NA,https://www.transfermarkt.com/songchen-shi/profil/spieler/1127611
Liao Lisheng,Chengdu Rongcheng,not_found,NA,NA,NA,https://www.transfermarkt.com/lisheng-liao/profil/spieler/251910
He Yiran,Chengdu Rongcheng,not_found,NA,NA,NA,https://www.transfermarkt.com/yiran-he/profil/spieler/1012737
Wang Ziming,Chengdu Rongcheng,not_found,NA,NA,NA,https://www.transfermarkt.com/ziming-wang/profil/spieler/317148
Li Songyi,Yunnan Yukun,not_found,NA,NA,NA,https://www.transfermarkt.com/songyi-li/profil/spieler/229719
Deng Hanwen,Yunnan Yukun,not_found,NA,NA,NA,https://www.transfermarkt.com/hanwen-deng/profil/spieler/269033
Zhao Yuhao,Yunnan Yukun,not_found,NA,NA,NA,https://www.transfermarkt.com/yuhao-zhao/profil/spieler/261342
John Hou Sæter,Yunnan Yukun,not_found,NA,NA,NA,https://www.transfermarkt.com/john-hou-saeter/profil/spieler/323446
Sun Xuelong,Yunnan Yukun,not_found,NA,NA,NA,https://www.transfermarkt.com/xuelong-sun/profil/spieler/492404
Bao Yaxiong,Yunnan Yukun,not_found,NA,NA,NA,https://www.transfermarkt.com/yaxiong-bao/profil/spieler/570188
Liu Ruofan,Shanghai Port,not_found,NA,NA,NA,https://www.transfermarkt.com/ruofan-liu/profil/spieler/465128
Wang Shenchao,Shanghai Port,not_found,NA,NA,NA,https://www.transfermarkt.com/shenchao-wang/profil/spieler/236672
Liu Zhurun,Shanghai Port,not_found,NA,NA,NA,https://www.transfermarkt.com/zhurun-liu/profil/spieler/589611
Wang Zhenao,Shanghai Port,not_found,NA,NA,NA,https://www.transfermarkt.com/zhenao-wang/profil/spieler/527720
Li Shuai,Shanghai Port,not_found,NA,NA,NA,https://www.transfermarkt.com/shuai-li/profil/spieler/279525
Aboubacar Konté,Beijing Guoan,not_found,NA,NA,NA,https://www.transfermarkt.com/boubacar-konte/profil/spieler/649017
Andrei Burcă Andonie,Yunnan Yukun,not_found,NA,NA,NA,https://www.transfermarkt.com/andrei-burca/profil/spieler/289308
Nemanja Anđelković,Qingdao Manatee,not_found,NA,NA,NA,https://www.transfermarkt.com/nemanja-andjelkovic/profil/spieler/509970
Pedro Delgado,Shandong Taishan,ambiguous,0.225,Pedro Delgado (Dalian Yingbo) score=0.23 | Pedro Delgado (Mineros de Guayana U20) score=0.16 | Pedro Delgado (Retired) score=0.11,Dalian Yingbo,https://www.transfermarkt.com/pedro-delgado/profil/spieler/258021
Maranhão,Henan Songshan Longmen,ambiguous,0.333333333333333,Maranhão (Henan FC) score=0.33 | Maranhão (CE Força e Luz) score=0.20 | Maranhão (FC Corinthian-Casuals) score=0.16,Henan FC,https://www.transfermarkt.com/maranhao/profil/spieler/642591
Lucas,Zhejiang Professional,ambiguous,0.160714285714286,Lucas Alario (Club Estudiantes de La Plata) score=0.16 | Lucas Ocampos (CF Monterrey) score=0.13 | Lucas Paquetá (CR Flamengo) score=0.13,Club Estudiantes de La Plata,https://www.transfermarkt.com/lucas-possignolo/profil/spieler/312123
Rezende,Qingdao West Coast,ambiguous,0.25,Lucas Villela (Without Club) score=0.25 | Pedro Bahia (Dorense FC) score=0.20 | David Bruno (SC União Torreense) score=0.19,Without Club,https://www.transfermarkt.com/rezende/profil/spieler/793815
Felipe,Liaoning Tieren,ambiguous,0.24,Filipe Luís (Retired) score=0.24 | Felipe (Retired) score=0.24 | Felipe Melo (Retired) score=0.24,Retired,https://www.transfermarkt.com/felipe/profil/spieler/508930
Iago Maidana,Henan Songshan Longmen,ambiguous,0.333333333333333,Iago Maidana (Henan FC) score=0.33 | Santiago Maidana (Without Club) score=0.08,Henan FC,https://www.transfermarkt.com/iago-maidana/profil/spieler/348261
Gustavo,Henan Songshan Longmen,ambiguous,0.217241379310345,Gustavo Gómez (Sociedade Esportiva Palmeiras) score=0.22 | Evertton Araújo (CR Flamengo) score=0.16 | Gustavo Hamer (Sheffield United) score=0.16,Sociedade Esportiva Palmeiras,https://www.transfermarkt.com/gustavo/profil/spieler/333913
Caio,Yunnan Yukun,ambiguous,0.12,Joshua (CR Flamengo U20) score=0.12 | Caio Vidal (Ludogorets Razgrad) score=0.10 | Caio Alexandre (Esporte Clube Bahia) score=0.09,CR Flamengo U20,https://www.transfermarkt.com/caio-vinicius/profil/spieler/565443
Leonardo,Shanghai Port,ambiguous,0.276923076923077,Leonardo Spinazzola (SSC Napoli) score=0.28 | Léo Duarte (Clube Atlético Mineiro) score=0.16 | Marcos Leonardo (Al-Hilal SFC) score=0.14,SSC Napoli,https://www.transfermarkt.com/leo-souza/profil/spieler/546292
Guy Carel Mbenza Mbenza Kamboleke,Liaoning Tieren,not_found,NA,NA,NA,https://www.transfermarkt.com/guy-mbenza/profil/spieler/506948
Abdiel Arroyo,UTC Cajamarca,ambiguous,0.354545454545455,Abdiel Arroyo (Universidad Técnica de Cajamarca) score=0.35 | Ariel Arroyo (FK Auda) score=0.21,Universidad Técnica de Cajamarca,https://www.transfermarkt.mx/abdiel-arroyo/profil/spieler/283472
Bryan Dennys Angulo Tenorio,Deportivo Moquegua,not_found,NA,NA,NA,https://www.transfermarkt.es/bryan-angulo/profil/spieler/319911
Adolfo Muñoz,UTC Cajamarca,ambiguous,0.354545454545455,Adolfo Muñoz (Universidad Técnica de Cajamarca) score=0.35 | Adolfo Muñoz (Retired) score=0.07,Universidad Técnica de Cajamarca,https://www.transfermarkt.es/adolfo-munoz/profil/spieler/368417
Carlos Montaño,Cusco,ambiguous,0.15,Carlos Montaño (Without Club) score=0.15 | Carlos Montaño (Without Club) score=0.15 | Juan Carlos Montaño (UC La Estrella) score=0.13,Without Club,https://www.transfermarkt.es/carlos-montano/profil/spieler/507653
Joao Rojas,ADT,ambiguous,0.1,Joao Rojas (Asociación Deportiva Tarma) score=0.10 | Joao Rojas (Barcelona SC Guayaquil) score=0.04,Asociación Deportiva Tarma,https://www.transfermarkt.com/joao-rojas/profil/spieler/92729
Luis Arce,UTC Cajamarca,ambiguous,0.354545454545455,Luis Arce (Universidad Técnica de Cajamarca) score=0.35 | Kener Arce (Técnico Universitario) score=0.16 | Luis Arce (Retired) score=0.07,Universidad Técnica de Cajamarca,https://www.transfermarkt.es/luis-arce/profil/spieler/653329
Sekou Gassama,Universitario,ambiguous,0.138461538461538,Sekou Gassama (Unknown) score=0.14 | Sekou Gassama (Without Club) score=0.07 | Sekou Gassama (Without Club) score=0.07,Unknown,https://www.transfermarkt.es/sekou-gassama/profil/spieler/337070
Paolo Fuentes,Juan Pablo II College,ambiguous,0.214285714285714,Paolo Fuentes (CD Lota Schwager) score=0.21 | Paolo Fuentes (Inter de San Carlos) score=0.17,CD Lota Schwager,https://www.transfermarkt.com/paolo-fuentes/profil/spieler/375178
Michel Abe Kaufman Gómez,Los Chankas,not_found,NA,NA,NA,https://www.transfermarkt.com/michael-kaufman/profil/spieler/893740
Manuel Alonso Ganoza Cacho-Sousa,UTC Cajamarca,not_found,NA,NA,NA,https://www.transfermarkt.pe/manuel-ganoza/profil/spieler/638929
Santiago Torres,Atlético Grau,ambiguous,0.27,Santiago Torres (Deportivo Toluca U19) score=0.27 | Edy Santiago Torres Morales (Retired) score=0.26 | Santiago Torres (CA San Lorenzo de Almagro II) score=0.19,Deportivo Toluca U19,https://www.transfermarkt.com/santiago-torres-gonzalez/profil/spieler/842604
Alexis Arias,Comerciantes Unidos,not_found,NA,NA,NA,https://www.transfermarkt.pe/alexis-arias/profil/spieler/325589
Josuee Herrera,Comerciantes Unidos,not_found,NA,NA,NA,https://www.transfermarkt.pe/josuee-herrera/profil/spieler/641826
Gu-rum Choi,Cusco,not_found,NA,NA,NA,https://www.transfermarkt.com/gu-rum-choi/profil/spieler/752999
Juan Carlos Gonzáles,Sport Boys,not_found,NA,NA,NA,https://www.transfermarkt.com/juan-carlos-gonzales/profil/spieler/981411
Aldair Salazar,Deportivo Garcilaso,not_found,NA,NA,NA,https://www.transfermarkt.pe/aldair-salazar/profil/spieler/279380
Adriano Espinoza,Juan Pablo II College,ambiguous,0.171428571428571,Diego Espinoza (Without Club) score=0.17 | Adriano Espinoza (Bentín Tacna Heroica) score=0.09,Without Club,https://www.transfermarkt.com/adriano-espinoza/profil/spieler/1308034
José Sánchez,Juan Pablo II College,ambiguous,0.171428571428571,Curro Sánchez (Burgos CF) score=0.17 | Juan José Purata (Atlas Guadalajara) score=0.13 | Emilio Sánchez (Retired) score=0.09,Burgos CF,https://www.transfermarkt.com/aron-sanchez/profil/spieler/662695
Michael Ademir Rasmussen Grados,FC Cajamarca,not_found,NA,NA,NA,https://www.transfermarkt.es/michel-rasmussen/profil/spieler/621031
Ángelo Campos,UTC Cajamarca,ambiguous,0.354545454545455,Ángelo Campos (Universidad Técnica de Cajamarca) score=0.35 | Angelo Campos (FC Schaffhausen) score=0.24,Universidad Técnica de Cajamarca,https://www.transfermarkt.pe/angelo-campos/profil/spieler/257991
Juan Peralta,Juan Pablo II College,ambiguous,0.128571428571429,Juanda Peralta (CF Fuenlabrada Promesas Madrid 2021) score=0.13 | Juan Peralta (Retired) score=0.09 | Juan Peralta (Retired) score=0.09,CF Fuenlabrada Promesas Madrid 2021,https://www.transfermarkt.com/martin-peralta/profil/spieler/1003846
Augusto Solís,Sport Boys,ambiguous,0.09,Carlos Solís (Retired) score=0.09 | Augusto Solís (---) score=0.00,Retired,https://www.transfermarkt.es/leonel-solis/profil/spieler/434955
Lisandro André Vásquez Pizarro,Sport Boys,not_found,NA,NA,NA,https://www.transfermarkt.pe/andre-vasquez/profil/spieler/894880
Sebastian Alvarado,Sport Boys,ambiguous,0.317647058823529,Orlando Alvarado (CSD Río Babahoyo) score=0.32 | David Alvarado (Bentín Tacna Heroica) score=0.13 | Sebastián Alvarado (Unknown) score=0.09,CSD Río Babahoyo,https://www.transfermarkt.com/david-alvarado/profil/spieler/1304659
Said Yurivilca,FC Cajamarca,not_found,NA,NA,NA,https://www.transfermarkt.com/said-peralta/profil/spieler/1149626
José Arrasco,FC Cajamarca,not_found,NA,NA,NA,https://www.transfermarkt.pe/mauricio-arrasco/profil/spieler/1096324
Alejandro Olazabal,FC Cajamarca,not_found,NA,NA,NA,https://www.transfermarkt.es/alejandro-posito/profil/spieler/981819
Juan Martínez,Sport Huancayo,ambiguous,0.192857142857143,Juan Martínez (Without Club) score=0.19 | Pablo Pascual Martínez (FC City Escaldes) score=0.11 | Juan Martínez (Real Frontera SC) score=0.11,Without Club,https://www.transfermarkt.pe/juan-martinez/profil/spieler/1168655
E.Callupe,Sport Huancayo,ambiguous,1,Leonardo Villar (Sport Huancayo) score=1.00 | Edu Villar (Sport Huancayo) score=1.00,Sport Huancayo,https://www.transfermarkt.mx/edu-villar/profil/spieler/1188205
Jorge Jiampiere Palomino Poma,Los Chankas,not_found,NA,NA,NA,https://www.transfermarkt.mx/jorge-palomino/profil/spieler/965449
Fredy Oncoy,Atlético Grau,not_found,NA,NA,NA,https://www.transfermarkt.com/freddy-oncoy/profil/spieler/491560
Christian Vásquez,Comerciantes Unidos,ambiguous,0.0947368421052632,Christian Rodríguez (Unknown) score=0.09 | Christian Vásquez (Club Atlético Grau) score=0.09,Unknown,https://www.transfermarkt.com/christian-vasquez/profil/spieler/639467
José Alí,Cusco,ambiguous,0.211764705882353,Nathan Ali (Club Cienciano II) score=0.21 | Alisson (AD Confiança) score=0.15 | Alisson (Without Club) score=0.15,Club Cienciano II,https://www.transfermarkt.pe/jose-ali/profil/spieler/1368957
Álvaro Rojas,Cienciano,ambiguous,0.192857142857143,Álvaro Rojas (Unión Iquique) score=0.19 | Álvaro Rojas (Santiago Morning) score=0.17 | Álvaro Rojas (Tipitapa FC) score=0.16,Unión Iquique,https://www.transfermarkt.mx/alvaro-rojas/profil/spieler/1074429
Diego Otoya,Sporting Cristal,ambiguous,0.1125,Diego Otoya (Without Club) score=0.11 | Diego Otoya (Monterey Bay FC) score=0.11,Without Club,https://www.transfermarkt.es/diego-otoya/profil/spieler/906400
Christian Cueva,Juan Pablo II College,ambiguous,0.214285714285714,Christian Cuevas (Club Garcia Agreda) score=0.21 | Christian Cueva (Sport Boys Association) score=0.08,Club Garcia Agreda,https://www.transfermarkt.com/christian-cueva/profil/spieler/95280
Héctor Rodrigo Bazán Cieza,Juan Pablo II College,not_found,NA,NA,NA,
Said Yurivilca,ADT,not_found,NA,NA,NA,https://www.transfermarkt.com/said-peralta/profil/spieler/1149626
José Leonardo Rugel Morán,ADT,not_found,NA,NA,NA,https://www.transfermarkt.com/leonardo-rugel/profil/spieler/738469
Carlos Solís,ADT,ambiguous,0.128571428571429,Carlos Solís (Retired) score=0.13 | Luis Carlos Solís (Retired) score=0.13 | Carlos Solís (Retired) score=0.13,Retired,https://www.transfermarkt.com/carlos-solis/profil/spieler/250672
Aldair Rodríguez,ADT,ambiguous,0.1,Aldair Rodríguez (Asociación Deportiva Tarma) score=0.10 | Johan Rodríguez (Cañoneros FC) score=0.07,Asociación Deportiva Tarma,https://www.transfermarkt.com/aldair-rodriguez/profil/spieler/249975
Ángel Ojeda,ADT,ambiguous,0.128571428571429,Ángel Ojeda (Retired) score=0.13 | Ángel Ojeda (Asociación Deportiva Tarma) score=0.10 | Miguel Ojeda (Unknown) score=0.00,Retired,https://www.transfermarkt.es/angel-ojeda/profil/spieler/149771
Alexander Hidalgo,ADT,ambiguous,0.128571428571429,Daniel Hidalgo (Retired) score=0.13 | Alex Hidalgo (Zamora CF) score=0.10 | Alexander Hidalgo (Asociación Deportiva Tarma) score=0.10,Retired,https://www.transfermarkt.com/alexander-hidalgo/profil/spieler/1227155
Emerson García,ADT,ambiguous,0.1,Emerson García (Asociación Deportiva Tarma) score=0.10 | Emerson García (Deportivo San Pedro) score=0.09 | Émerson Catarina (Olímpico EC (SE)) score=0.00,Asociación Deportiva Tarma,https://www.transfermarkt.com/emerson-garcia/profil/spieler/1410561
Kevin Moreno,Deportivo Moquegua,ambiguous,0.2,Kevin Moreno (Retired) score=0.20 | Kevin Moreno (Without Club) score=0.15 | Kevin Moreno (Without Club) score=0.15,Retired,https://www.transfermarkt.pe/kevin-moreno/profil/spieler/486264
Diego Ramírez,Deportivo Moquegua,ambiguous,0.236842105263158,Diego Ramirez (CD Santiago de Cuba) score=0.24 | Diego Ramírez (Retired) score=0.20 | Diego Ramírez (Retired) score=0.20,CD Santiago de Cuba,https://www.transfermarkt.mx/diego-ramirez/profil/spieler/325706
José López,Deportivo Moquegua,ambiguous,0.2,Juan José López (Retired) score=0.20 | José Luis López (Retired) score=0.20 | José Lopez (Retired) score=0.20,Retired,https://www.transfermarkt.mx/jose-lopez/profil/spieler/1071511
Yamir Misitich,Atlético Grau,not_found,NA,NA,NA,https://www.transfermarkt.com/yamir-ruidiaz/profil/spieler/869156
Rafael Guarderas Saravia,Atlético Grau,not_found,NA,NA,NA,https://www.transfermarkt.com/rafael-guarderas/profil/spieler/250737
Arnold Ruíz,Atlético Grau,not_found,NA,NA,NA,https://www.transfermarkt.com/arnold-flores/profil/spieler/1227749
Adrián Quiroz,Los Chankas,ambiguous,0.108,Adrián Quiroz (Universitario de Deportes) score=0.11 | Boris Quiroz (Without Club) score=0.00,Universitario de Deportes,http://transfermarkt.com/adrian-quiroz/profil/spieler/744083
Henry Bendezu,Cienciano,not_found,NA,NA,NA,https://www.transfermarkt.com/henry-caparo/profil/spieler/1239936
Luis Garro,UTC Cajamarca,ambiguous,0.354545454545455,Luis Garro (Universidad Técnica de Cajamarca) score=0.35 | Garro (AD Marco 09) score=0.14,Universidad Técnica de Cajamarca,https://www.transfermarkt.pe/luis-garro/profil/spieler/473579
Michael Ademir Rasmussen Grados,UTC Cajamarca,not_found,NA,NA,NA,https://www.transfermarkt.es/michel-rasmussen/profil/spieler/621031
Luis Ramos,Alianza Lima,ambiguous,0.28125,Diogo Gomes (SC Linda-a-Velha) score=0.28 | Luis Ramos (Hajdúsámsoni TTISZE) score=0.17 | Luis Ramos (CF América U17) score=0.12,SC Linda-a-Velha,https://www.transfermarkt.mx/luis-ramos/profil/spieler/687529
Geray Rossel,Alianza Lima,not_found,NA,NA,NA,https://www.transfermarkt.pe/geray-motta/profil/spieler/1339335
Pedro Aquino,Alianza Lima,ambiguous,0.207692307692308,Pedro Aquino (Santos Laguna) score=0.21 | Pedro Aquino (União Mogi FC U20) score=0.15 | Pedro Aquino (Retired) score=0.00,Santos Laguna,https://www.transfermarkt.pe/pedro-aquino/profil/spieler/273638
Juan Delgado,Club Alianza Atlético Sullana,ambiguous,0.21,Juan Delgado (Osuna Bote Club) score=0.21 | Carlos Sanjuán (CE Alberic Promeses) score=0.21 | Juan Delgado (Villafranco CF) score=0.18,Osuna Bote Club,https://www.transfermarkt.pe/juan-delgado/profil/spieler/1149628
Jhamir Adrián D´Arrigo Huanca,Melgar,not_found,NA,NA,NA,https://www.transfermarkt.com/jhamir-darrigo/profil/spieler/741728
David Camacho,UTC Cajamarca,ambiguous,0.354545454545455,David Camacho (Universidad Técnica de Cajamarca) score=0.35 | Luis Camacho (AD Carmelita) score=0.28 | Gonzalo Camacho (Club Ciclón de Tarija) score=0.25,Universidad Técnica de Cajamarca,https://www.transfermarkt.mx/david-camacho/profil/spieler/580632
Carlos López,Sport Boys,ambiguous,0.225,Carlos Lopez (Without Club) score=0.23 | Roberto Lopez (Moto Club) score=0.18 | Carlos Lopez (Retired) score=0.09,Without Club,https://www.transfermarkt.com/carlos-lopez/profil/spieler/579734
Carlos Mosquera,FC Cajamarca,ambiguous,0.155172413793103,Juan Mosquera (Génesis / Policía Nacional FC) score=0.16 | Carlos Mosquera (CD Elgoibar) score=0.15 | Carlos Mosquera (Alianza Universidad) score=0.14,Génesis / Policía Nacional FC,https://www.transfermarkt.es/carlos-mosquera/profil/spieler/253868
Luis Felipe Pérez Valencia,ADT,ambiguous,0.1,Luis Pérez (Asociación Deportiva Tarma) score=0.10 | Pipe (CD Ibiza Islas Pitiusas) score=0.08,Asociación Deportiva Tarma,https://www.transfermarkt.com/luis-perez/profil/spieler/656911
Juan Valencia,ADT,ambiguous,0.128571428571429,Juan Valencia (Retired) score=0.13 | Juan Valencia (Asociación Deportiva Tarma) score=0.10 | Juan Valencia (Club Necaxa) score=0.08,Retired,https://www.transfermarkt.com/juan-valencia/profil/spieler/255976
Joaquín Pereyra,ADT,ambiguous,0.0947368421052632,Joaquín Pereyra (Minnesota United FC) score=0.09 | Joaquín Pereyra (Danubio FC) score=0.09 | Joaquín Pereyra (Club Estudiantes de La Plata II) score=0.09,Minnesota United FC,https://www.transfermarkt.com/joaquin-pereyra/profil/spieler/358736
Agustín Rodríguez,Comerciantes Unidos,ambiguous,0.245454545454545,Agustín Rodríguez (Club Ciudad de Bolivar) score=0.25 | Lautaro Rodriguez (CA Huracán II) score=0.24 | Agustín (Retired) score=0.19,Club Ciudad de Bolivar,https://www.transfermarkt.es/agustin-rodriguez/profil/spieler/897924
Juan Rodríguez,Comerciantes Unidos,ambiguous,0.236842105263158,Juan Rodríguez (Cagliari Calcio) score=0.24 | Clemente Rodríguez (Retired) score=0.19 | Juan Rodríguez (Retired) score=0.19,Cagliari Calcio,https://www.transfermarkt.es/juan-rodriguez/profil/spieler/671846
Agustín González,Deportivo Garcilaso,ambiguous,0.236842105263158,Francisco González (CD O'Higgins) score=0.24 | Lisandro González (Club Atlético Villa San Carlos U20) score=0.21 | Juan Agustin González (Without Club) score=0.19,CD O'Higgins,https://www.transfermarkt.pe/agustin-gonzalez/profil/spieler/438000
Gabriel,Sporting Cristal,ambiguous,0.348387096774194,Gabriel Paulista (Sport Club Corinthians Paulista) score=0.35 | Gabriel Barbosa (Santos FC) score=0.17 | Gabriel Milito (Retired) score=0.17,Sport Club Corinthians Paulista,https://www.transfermarkt.com/gabriel/profil/spieler/174570
Juan González,Sporting Cristal,ambiguous,0.16875,Ignacio González (Retired) score=0.17 | Juan González (Retired) score=0.17 | Juan González (FC Racing) score=0.17,Retired,https://www.transfermarkt.pe/juan-gonzalez/profil/spieler/457536
Bruno Duarte,UTC Cajamarca,ambiguous,0.354545454545455,Bruno Duarte (Universidad Técnica de Cajamarca) score=0.35 | Bruno Negueba (Santa Catarina Clube (SC)) score=0.27 | Bruninho (União São João EC (SP)) score=0.23,Universidad Técnica de Cajamarca,https://www.transfermarkt.es/bruno-duarte/profil/spieler/873252
Nicolás Leguizamón,Juan Pablo II College,ambiguous,0.214285714285714,Valentín Leguizamón (CA Lanús U20) score=0.21 | Matías Leguizamon (Círculo Deportivo) score=0.17 | Nicolás Leguizamón (Deportivo Cuenca) score=0.13,CA Lanús U20,https://www.transfermarkt.es/nicolas-leguizamon/profil/spieler/437962
Tomás Andrade,FC Cajamarca,ambiguous,0.264705882352941,Tomás Andrade (Al-Quwa Al-Jawiya) score=0.26 | Tomás Andrade (Retired) score=0.08 | Tomás Oliveira (Without Club) score=0.00,Al-Quwa Al-Jawiya,https://www.transfermarkt.es/tomas-andrade/profil/spieler/389152
Emiliano Franco Pola,Atlético Grau,not_found,NA,NA,NA,https://www.transfermarkt.com/emiliano-franco/profil/spieler/422402
Gabriel Carabajal,Cusco,ambiguous,0.102857142857143,Gabriel Carabajal (Club Atlético San Martín (Tucumán)) score=0.10 | Néstor Carabajal (Retired) score=0.00,Club Atlético San Martín (Tucumán),https://www.transfermarkt.mx/gabriel-carabajal/profil/spieler/280157
Jonathan Jesús Bauman,ADT,not_found,NA,NA,NA,https://www.transfermarkt.com/jonatan-bauman/profil/spieler/130158
José Ingratti,Club Alianza Atlético Sullana,not_found,NA,NA,NA,https://www.transfermarkt.mx/jose-maria-ingratti/profil/spieler/696729
Franco Coronel,Club Alianza Atlético Sullana,ambiguous,0.27,Franco Coronel (CA San Martín (San Juan)) score=0.27 | Franco Coronel (Without Club) score=0.15,CA San Martín (San Juan),https://www.transfermarkt.mx/franco-coronel/profil/spieler/730119
Miguel Graneros,Deportivo Garcilaso,not_found,NA,NA,NA,https://www.transfermarkt.mx/agustin-graneros/profil/spieler/851121
Joshua O'Brien,Indy Eleven,not_found,NA,NA,NA,https://www.transfermarkt.com/josh-obrien/profil/spieler/928473
Kyle Lyndon Adonis Sanchez Edwards,Sacramento Republic,not_found,NA,NA,NA,https://www.transfermarkt.com/kyle-edwards/profil/spieler/344481
Tiago,San Antonio,ambiguous,0.3,Santiago Ascacíbar (CA Boca Juniors) score=0.30 | Santiago Gimenez (AC Milan) score=0.25 | Santiago Arias (CA Independiente) score=0.23,CA Boca Juniors,https://www.transfermarkt.com/tiago/profil/spieler/993685
Alexis Méndez,El Paso Locomotive,ambiguous,0.15,Mayer Méndez (Leones FC) score=0.15 | Alexis Méndez (Unknown) score=0.05 | Alan Méndez (Guaireña FC) score=0.05,Leones FC,https://www.transfermarkt.com/alex-mendez/profil/spieler/526111
Maximiliano Rodríguez,Detroit City,ambiguous,0.385714285714286,Agustín Rodríguez (Centro Atlético Lito) score=0.39 | Maximiliano Rodríguez (Without Club) score=0.38 | Maximiliano Rodríguez (Without Club) score=0.38,Centro Atlético Lito,https://www.transfermarkt.mx/maxi-rodriguez/profil/spieler/489935
Rhys Williams,Detroit City,ambiguous,0.375,Rhys Williams (Without Club) score=0.38 | Rhys Williamson (Without Club) score=0.38 | Rhys Williams (Retired) score=0.23,Without Club,https://www.transfermarkt.com/rhys-williams/profil/spieler/520186
Anthony Hernandez,Phoenix Rising,ambiguous,0.25,Anthony Hernández (Deportivo Italiano) score=0.25 | Antony Hernández (CD Victoria La Ceiba) score=0.14 | Gerall Hernández (Unknown) score=0.13,Deportivo Italiano,
Luis Enrique Jr Zamudio Lizardo,Charleston Battery,not_found,NA,NA,NA,https://www.transfermarkt.com/luis-zamudio/profil/spieler/564971
J.Garcia,Pittsburgh Riverhounds,ambiguous,0.204545454545455,Joan García (FC Barcelona) score=0.20 | Eric García (FC Barcelona) score=0.20 | Aleix García (Bayer 04 Leverkusen) score=0.20,FC Barcelona,https://www.transfermarkt.com/jorge-garcia/profil/spieler/1380146
Joshua Jones,Louisville City,ambiguous,0.236842105263158,Josh Jones (Caerphilly Athletic) score=0.24 | Josh Jones (Without Club) score=0.18 | Josh Jones (Llanidloes Town) score=0.18,Caerphilly Athletic,https://www.transfermarkt.com/josh-jones/profil/spieler/1366428
J.Wayne,Charleston Battery,ambiguous,0.2,Wayne Rooney (Retired) score=0.20 | Michael Duberry (Retired) score=0.20 | Graeme Rutjes (Retired) score=0.20,Retired,https://www.transfermarkt.es/jack-wayne/profil/spieler/1523494
Guillermo Diaz,El Paso Locomotive,ambiguous,0.214285714285714,Marcos Díaz (Deportivo Llacuabamba) score=0.21 | Guillermo Díaz (Retired) score=0.10 | Guillermo Díaz (Retired) score=0.10,Deportivo Llacuabamba,https://www.transfermarkt.com/memo-diaz/profil/spieler/654282
Omar Mora ,El Paso Locomotive,ambiguous,0.1,Omar Morales (Without Club) score=0.10 | Matías Morales (Without Club) score=0.10 | Omar Morales (Juventud Copalera) score=0.10,Without Club,https://www.transfermarkt.com/omar-mora/profil/spieler/1351880
John Scearce,Phoenix Rising,not_found,NA,NA,NA,https://www.transfermarkt.com/jp-scearce/profil/spieler/670165
Daniel Trejo Del Río,Oakland Roots SC,not_found,NA,NA,NA,https://www.transfermarkt.mx/danny-trejo/profil/spieler/857395
Roderick Epps,Lexington SC,not_found,NA,NA,NA,https://www.transfermarkt.com/marcus-epps/profil/spieler/482646
Samuel Williams,Colorado Springs,ambiguous,0.225,Sam Williams (Carno FC) score=0.23 | Jack Williams (Caernarfon Town Youth) score=0.17 | Sam Williams (Retired) score=0.11,Carno FC,https://www.transfermarkt.com/sam-williams/profil/spieler/905485
Daniel Barbir,San Antonio,not_found,NA,NA,NA,https://www.transfermarkt.es/danny-barbir/profil/spieler/330186
Dominick Hernandez,San Antonio,not_found,NA,NA,NA,https://www.transfermarkt.com/nicky-hernandez/profil/spieler/636487
A.Hughes,Charleston Battery,ambiguous,0.3,Will Hughes (Crystal Palace) score=0.30 | Charlie Hughes (Hull City) score=0.25 | Mark Hughes (Retired) score=0.20,Crystal Palace,https://www.transfermarkt.com/alec-hughes/profil/spieler/1305498
Jeremy Kelley,Charleston Battery,not_found,NA,NA,NA,
Pedro Guimaraes,Orange County SC,ambiguous,0.257142857142857,João Guimarães (CA Bandeirante (SP) U20) score=0.26 | Pedro Guimaraes (Eintracht Frankfurt II) score=0.20 | Primo (Retired) score=0.17,CA Bandeirante (SP) U20,https://www.transfermarkt.com/pedro-guimaraes/profil/spieler/1056294
E.Davila,Louisville City,ambiguous,0.225,Misael Dávila (Deportes Concepción) score=0.23 | Valentín Dávila (CA Talleres) score=0.18 | Andrés Solano (Without Club) score=0.18,Deportes Concepción,https://www.transfermarkt.com/evan-davila/profil/spieler/1244144
Thomas Roberts,Sporting JAX,ambiguous,0.380769230769231,Thomas Roberts (Sporting Club Jacksonville) score=0.38 | John Roberts (Retired) score=0.15 | Alun Roberts (Retired) score=0.15,Sporting Club Jacksonville,https://www.transfermarkt.com/thomas-roberts/profil/spieler/513967
A.Gomez,Sporting JAX,ambiguous,0.248275862068966,Gustavo Gómez (Sociedade Esportiva Palmeiras) score=0.25 | Mario Gómez (Retired) score=0.15 | Diego Gómez (Brighton & Hove Albion) score=0.14,Sociedade Esportiva Palmeiras,https://www.transfermarkt.us/antonio-gomez/profil/spieler/1238057
Christian Olivares,Sporting JAX,ambiguous,0.380769230769231,Christian Olivares (Sporting Club Jacksonville) score=0.38 | Christian Olivares (Retired) score=0.15,Sporting Club Jacksonville,https://www.transfermarkt.com/christian-olivares/profil/spieler/710802
Gunnar Sergei Studenhofft,Phoenix Rising,not_found,NA,NA,NA,https://www.transfermarkt.com/gunnar-studenhofft/profil/spieler/765535
Darius Johnson,Phoenix Rising,ambiguous,0.128571428571429,Darius Johnson (TSG Niederrad) score=0.13 | Darius Johnson (San Jose Earthquakes) score=0.09,TSG Niederrad,https://www.transfermarkt.com/darius-johnson/profil/spieler/672100
A J Paterson,Birmingham Legion,not_found,NA,NA,NA,https://www.transfermarkt.com/aj-paterson/profil/spieler/562537
Jacob Evans,Sporting JAX,ambiguous,0.380769230769231,Jacob Evans (Sporting Club Jacksonville) score=0.38 | Caleb Evans (Xavier Gold Rush (Xavier Uni. Louisiana)) score=0.15 | Jacob Evans (Llandarcy) score=0.08,Sporting Club Jacksonville,https://www.transfermarkt.com/jacob-evans/profil/spieler/987001
Mason Tunbridge,Miami FC,not_found,NA,NA,NA,https://www.transfermarkt.com/mason-tunbridge/profil/spieler/1214682
Hayden White,Indy Eleven,not_found,NA,NA,NA,https://www.transfermarkt.com/hayden-white/profil/spieler/270157
Kian Williams,Indy Eleven,not_found,NA,NA,NA,https://www.transfermarkt.com/kian-williams/profil/spieler/504936
Jack Gurr,Sacramento Republic,not_found,NA,NA,NA,https://www.transfermarkt.com/jack-gurr/profil/spieler/728500
Tom Brewitt,Orange County SC,not_found,NA,NA,NA,https://www.transfermarkt.com/tom-brewitt/profil/spieler/258880
Ryan Edwards,Sporting JAX,ambiguous,0.380769230769231,Ryan Edwards (Sporting Club Jacksonville) score=0.38 | Brian Edwards (Retired) score=0.15 | Neil Edwards (Retired) score=0.15,Sporting Club Jacksonville,https://www.transfermarkt.com/ryan-edwards/profil/spieler/173580
Tulu,Miami FC,ambiguous,0.4,Bleon Kurtulus (Malmö FF) score=0.40 | Thabang Matuludi (Polokwane City FC) score=0.26 | Yekta Kurtuluş (Retired) score=0.11,Malmö FF,https://www.transfermarkt.com/tulu/profil/spieler/621936
Elvis Amo Takyi,Loudoun United,not_found,NA,NA,NA,https://www.transfermarkt.com/elvis-amoh/profil/spieler/477506
Joseph Quiah,New Mexico United,not_found,NA,NA,NA,https://www.transfermarkt.com/joseph-melto-quiah/profil/spieler/941647
Bryant Farkarlun,El Paso Locomotive,not_found,NA,NA,NA,https://www.transfermarkt.com/jimmy-farkarlun/profil/spieler/1238056
Kadeem Cole Martínez,Birmingham Legion,not_found,NA,NA,NA,https://www.transfermarkt.com/kadeem-cole/profil/spieler/617290
Mohamed Traore,Sporting JAX,ambiguous,0.380769230769231,Mohamed Traore (Sporting Club Jacksonville) score=0.38 | Mohamed Traoré (US Langueux) score=0.23 | Mohamed Traoré (US Créteil Football B) score=0.20,Sporting Club Jacksonville,https://www.transfermarkt.com/mohamed-traore/profil/spieler/802341
Danny Wilson,Sporting JAX,ambiguous,0.15,Danny Wilson (Retired) score=0.15 | Danny Wilson (Retired) score=0.15 | Danny Wilson (Retired) score=0.15,Retired,
Zachary Duncan,Louisville City,not_found,NA,NA,NA,https://www.transfermarkt.com/zach-duncan/profil/spieler/659848
Mark-Anthony Kaye,Sacramento Republic,not_found,NA,NA,NA,https://www.transfermarkt.com/mark-anthony-kaye/profil/spieler/343553
M.Alexandre,Charleston Battery,ambiguous,0.2,Fábio Coentrão (Retired) score=0.20 | Alexandre Pato (Retired) score=0.20 | Alex Song (Retired) score=0.20,Retired,https://www.transfermarkt.com/medgy-alexandre/profil/spieler/1245154
Mohamed Omar,Indy Eleven,ambiguous,0.225,Amin Omar (Helsingin Palloseura) score=0.23 | Mohamed Omar (VV IJsselmeervogels U21) score=0.20 | Mohamed Emara (Retired) score=0.16,Helsingin Palloseura,https://www.transfermarkt.com/mohamed-omar/profil/spieler/637715
Jean Moursou,Phoenix Rising,not_found,NA,NA,NA,https://www.transfermarkt.com/jean-eric-moursou/profil/spieler/863782
E.Jääskeläinen,Sporting JAX,ambiguous,0.380769230769231,Emil Jääskeläinen (Sporting Club Jacksonville) score=0.38 | Will Jääskeläinen (Woking FC) score=0.38 | Markus Jääskeläinen (Kymin Palloilijat) score=0.16,Sporting Club Jacksonville,https://www.transfermarkt.com/emil-jaaskelainen/profil/spieler/564824
Gabriel Alves,Brooklyn FC,ambiguous,0.163636363636364,João Gabriel (Club Deportivo Colonia) score=0.16 | Gabriel Alves (Real Brasília Futebol Clube (DF) U20) score=0.15 | Tevis (Yokohama F. Marinos) score=0.15,Club Deportivo Colonia,https://www.transfermarkt.com/gabriel-alcides-alves/profil/spieler/1103084
Mattheus,Tampa Bay Rowdies,ambiguous,0.211764705882353,Mattheus (SC Farense) score=0.21 | Markus Mattheus (SC Gatow) score=0.21 | Mattheus Mayer (TSG Lützelsachsen) score=0.15,SC Farense,https://www.transfermarkt.com/mattheus/profil/spieler/226138
Ian,FC Tulsa,ambiguous,0.276923076923077,Christian Eriksen (VfL Wolfsburg) score=0.28 | Emiliano Martínez (Aston Villa) score=0.25 | Emiliano Buendía (Aston Villa) score=0.25,VfL Wolfsburg,https://www.transfermarkt.com/iantm/profil/spieler/884117
Gabriel Torres,El Paso Locomotive,ambiguous,0.25,Gabri Torres (Peña Sport FC) score=0.25 | João Torres (SE Palmeiras São Paulo U20) score=0.23 | Angel Torres (Guayama FC) score=0.15,Peña Sport FC,https://www.transfermarkt.com/gabi-torres/profil/spieler/712141
David García,Oakland Roots SC,ambiguous,0.3375,David García (Al-Rayyan SC) score=0.34 | David Garcia (Houston Dynamo FC 2) score=0.19 | David García (Retired) score=0.11,Al-Rayyan SC,https://www.transfermarkt.com/david-garcia/profil/spieler/1116449