"player_name","team_name"
"Mauricio Tévez","AA Estudiantes Río Cuarto"
"Scott McKenna","Dinamo Zagreb"
"James Tavernier","Rangers"
"Ovie Ejaria","Real Oviedo"
"Stevie May","Livingston"
"Franco Nicolás Torres","Los Chankas"
"Leart Paçarada","FC Heidenheim"
"Helaku Schmidt","Rapperswil-Jona"
"Carlos Alejandro Medina Castillo","Universidad Católica"
"Tennai Watson","Barnsley"
"Ghislain Konan","Gil Vicente"
"Shuto Machino","Borussia Mönchengladbach"
"Walter Gabriel Gaona Salinas","Club 2 de Mayo"
"Luis Alejandro Ortiz Franco","Sportivo Ameliano"
"Glenn Morris","Gillingham"
"Dominik Baumgartner","Cracovia Kraków"
"Albert Vallci","St. Gallen"
"Bryan Henning","Osnabrück"
"Fabio Delgado","Deportivo Pereira"
"Rodrigo Ramiro Perea Salazar","Guayaquil City"
"Roger Bismarck Arias Briones","Guayaquil City"
"James Brown","Kilmarnock"
"Yassin Maouche","Étoile Carouge FC"
"Alejandro Duarte","Alianza Lima"
"Accel Roberto Campos Segura","Los Chankas"
"Shane Blaney","Livingston"
"Guillermo Larios","Club Alianza Atlético Sullana"
"Michael Kelly","Accrington Stanley"
"Žan Kolmanič","Austin FC"
"David Brekalo","Orlando City"
"Sven Karič","Nizhny Novgorod"
"Dušan Stojinovič","Jagiellonia Białystok"
"Radu Boboc","Bruk-Bet Termalica Nieciecza"
"Alexandru Irinel Mățan","St. Louis City"
"George Alexandru Cîmpanu","Chongqing Tonglianglong"
"Octavian Popescu","FC FCSB"
"Sang-Bin Jeong","St. Louis City"
"Jimmy Pérez","Club Alianza Atlético Sullana"
"Yuber Quiñones","Deportivo Pereira"
"Lautaro Ríos","Banfield"
"Ramiro Sebastián Di Luciano","CSKA Moscow"
"Jordán Mohor","Macará"
"Alex Rangel","Barcelona"
"Manuel Alonso Ganoza Cacho-Sousa","UTC Cajamarca"
"Juan Augusto Barreda Bellido","Sport Huancayo"
"Ignacio Luis Barrios Hernández","UTC Cajamarca"
"Piero Joel Serra Aguilar","UTC Cajamarca"
"Yimy Manuel Gamero López","Melgar"
"Yerco Abraham Oyanedel Hernández","Universidad Concepción"
"Omar Carabalí","O'Higgins"
"Kolbeinn Finnsson","Vålerenga"
"Valgeir Lunddal","Fortuna Düsseldorf"
"Elías Ólafsson","FC Midtjylland"
"Thórir Helgason","Lecce"
"Ivan Lomaev","Sochi"
"Hákon Valdimarsson","Brentford"
"Giorgi Mamardashvili","Liverpool"
"Jorge Peña","O'Higgins"
"Nicolás Demartini","Barracas Central"
"Maicol Andrés León Muñoz","Huachipato"
"Joaquín García","Vélez Sarsfield"
"Cyrus Christie","Bolton Wanderers"
"Kevin McDonald","Exeter City"
"Tom Cairney","Fulham"
"Mohamed Elyounoussi","FC København"
"Fabián Balbuena","Grêmio"
"Ken Sema","Pafos"
"Luke Amos","Perth Glory"
"João Afonso","Tondela"
"Davidson","Qingdao West Coast"
"Felix Vá","Lillestrøm"
"Loide Augusto","Rizespor"
"Nicolás Vargas","Huachipato"
"Federico Mateos","Audax Italiano"
"Jovany Campusano","Deportivo Ñublense SADP"
"Robinson Manuel Rivera Zúñiga","Deportivo Ñublense SADP"
"Vicente Bernedo","Universidad Católica"
"Guillermo Celis","Junior"
"Pizzi","Estoril"
"João Carlos","Shanghai Shenhua"
"Gerald Jadiel Díaz Agrait","Miami FC"
"Nicolás Javier Cardona Ruiz","El Paso Locomotive"
"Tyler Boyd","LAFC"
"Gunnar Sergei Studenhofft","Phoenix Rising"
"Yordan Osorio","Deportes Tolima"
"Dimitar Mitov","Aberdeen"
"Dillon Phillips","Hull City"
"Greg Docherty","Charlton Athletic"
"Oalex Anderson","Las Vegas Lights"
"Omari Glasgow","Monterey Bay"
"Fabrizio Bagheria","Modena"
"Ignacio Pais","Banfield"
"Joaquín Moya","Everton"
"Cristopher Jesús Barrera Vergara","Everton"
"Carlos Luis Suárez Mendoza","San Antonio Bulo Bulo"
"Joaquin Gonzalez","Deportivo Ñublense SADP"
"Cristián Toro","Huachipato"
"Gabi Kanichowsky","Ferencvaros"
"César Yanis","Cobresal"
"Niall Reid-Stephen","New Mexico United"
"Ignacio Lemmo","Progreso"
"Dominic Gape","Colchester United"
"Tadeáš Vachoušek","Zbrojovka Brno"
"José Parodi","Comerciantes Unidos"
"Fikayo Tomori","AC Milan"
"Dion Lopy","Almería"
"Deniz Dilmen","Istanbul Basaksehir"
"Timothée Kolodziejczak","Paris FC"
"Aurélien Tchouaméni","Real Madrid"
"Ørjan Nyland","Sevilla"
"Tyler Blackett","New Mexico United"
"Jordan Thorniley","Northampton Town"
"Victor Alfredo Griffith Mullins","Emelec"
"Grant Ward","Port Vale"
"Nahuel Isaías Luján","Sport Huancayo"
"Christopher Lenz","Fortuna Düsseldorf"
"Mylian Jimenez","ADO Den Haag"
"Dorny Romero","Bolívar"
"Silvinho Esajas","FC Volendam"
"Craig Gordon","Hearts"
"Mikey Johnston","West Bromwich Albion"
"Olivier Ntcham","Samsunspor"
"Scott Pittman","Livingston"
"Craig Halkett","Hearts"
"Jason Holt","St Johnstone"
"Caio Secco","Moreirense"
"João Schmidt","Santos"
"Jesús Owono","FC Andorra"
"Léo Jardim","Vasco da Gama"
"Gabrielzinho","Shanghai Port"
"Tiago Silva","Vitória Guimarães"
"Williams Guzmán","Club Alianza Atlético Sullana"
"Chiquinho","Olympiacos"
"Nenê","AVS"
"João Aurélio","Nacional"
"Joe Sbarra","Doncaster Rovers"
"Harvey Gilmour","Rochdale"
"Valentin Jacob","FC Annecy"
"Djibril Diani","Charlotte"
"Rodrigo Huescas","FC København"
"Mamadou Fofana","New England Revolution"
"Laurent Jans","Beveren"
"Mons Bassouamina","Pafos"
"David Rodríguez","Atlético San Luis"
"Taha  Ali","Malmö FF"
"Jimmy Marín Vílchez","Krylya Sovetov"
"Vlad Chiricheș","FC FCSB"
"Frédéric Veseli","Südtirol"
"Jonathan Viera","Las Palmas"
"Daniel Vost","Huddersfield Town"
"Gustav Nordh","Lillestrøm"
"Edvin Kurtulus","Ludogorets Razgrad"
"Adam Hrdina","Zbrojovka Brno"
"Koke Vegas","Rhode Island"
"Kervin Arriaga","Levante UD"
"Jordan Willis","Northampton Town"
"Pietro Saio","Benevento"
"Tomás Moschión","Albion"
"Clifford Thomas","Mount Pleasant"
"Ethan Coleman","Gillingham"
"Rody Jossephe Zambrano Marcillo","Libertad"
"Chituru Odunze","Phoenix Rising"
"Patrick Kpozo","Baník Ostrava"
"Fernán Faerron","CS Cartaginés"
"Bernald Alfaro Alfaro","CS Cartaginés"
"Brandon Aguilera","Rio Ave"
"Justin Che","New York Red Bulls"
"Tómané","AVS"
"Fredy","Çorum"
"Jhon Murillo","América de Cali"
"Hélder Tavares","Tondela"
"Robin Dzabic","Sandefjord"
"Francis de Vries","Auckland FC"
"Cristian Arango","Atlético Nacional"
"Cláudio Ramos","FC Porto"
"Nikos Athanasiou","Rio Ave"
"Martín Luciano","Newell's Old Boys"
"Witi","Nacional"
"João Camacho","Fatih Karagümrük"
"Viktor Bergh","Karlsruher SC"
"Gino Santilli","Banfield"
"Lautaro Villegas","Banfield"
"Matheus","FK Crvena Zvezda"
"Xadas","Tianjin Jinmen Tiger"
"João Novais","Rio Ave"
"Nicky Cadden","Hibernian"
"Geancarlo Castro González","CS Cartaginés"
"Santiago van der Putten","LD Alajuelense"
"Josué Enrique Báez Castillo","Universidad O&M"
"Stefan Hierländer","Sturm Graz"
"Denis Alibec","FC FCSB"
"Noa Williams","Sarpsborg 08"
"Ethan Laidlaw","Falkirk"
"Marlon Steeven Quiñones Mendoza","Orense"
"Jonny Williams","Gillingham"
"Dominick Zator","Arka Gdynia"
"Mai Traore","Notts County"
"Aaron Ciammaglichella","Juve Stabia"
"Anthony Gordillo","Club Alianza Atlético Sullana"
"Carlos Daniel Meza Villa","FC Cajamarca"
"David Martín Gonzáles García","Los Chankas"
"Isaiah Parente","LA Galaxy"
"Jamie Vardy","Cremonese"
"Ben Elliott","Reading"
"Robert Brady","Preston North End"
"Mateo Bajamich","AA Estudiantes Río Cuarto"
"Jérémy Livolant","Casa Pia AC"
"Nabi Kibunguchy","Indy Eleven"
"Rio Hope-Gund","Detroit City"
"Álex Cardero","Mirandés"
"Calvin Harris","Sporting Kansas City"
"Taras Stepanenko","Eyüpspor"
"Edward Kizza","Indy Eleven"
"Jon Bell","Austin FC"
"Vuk Latinovich","Brooklyn FC"
"Kalil Elmedkhar","FC Tulsa"
"Oliver Larraz","Vancouver Whitecaps"
"Wikelman Carmona","CF Montreal"
"Edison Azcona","Las Vegas Lights"
"Santiago Moya","Aldosivi"
"Ángel Robles","Puebla"
"Kevin Čustović","Wisła Płock"
"Lukas Podolski","Górnik Zabrze"
"Daniil Khudyakov","Sturm Graz"
"Yilson Rosales","Alianza Valledupar"
"Juan Tello","Deportivo Cali"
"Giacomo Faticanti","US Avellino"
"Gonzalo Sosa","Deportes Limache"
"Nelson Alejandro Sepúlveda Moya","Deportes Concepcion"
"Florian Kamberi","Rapperswil-Jona"
"Andy Halliday","Motherwell"
"Carlos Herrera","Huachipato"
"Ponck","AVS"
"Bryan Reyna","Universitario"
"Marcão","Sevilla"
"Nikola Maraš","Mirandés"
"Jesús Orozco Chiquete","Cruz Azul"
"Diogo Leite","Union Berlin"
"Matti Peltola","DC United"
"Darren Smith","Detroit City"
"Lucas","Zhejiang Professional"
"Javain Brown","Lexington SC"
"Álvaro Quezada","El Paso Locomotive"
"Helton Leite","Fortaleza"
"Neris","EC Vitória"
"Alessio Besio","Wolfsburg"
"Rafael Barbosa","AVS"
"Wilson Manafá","Shanghai Shenhua"
"David Simão","FC Arouca"
"Freddy Kleemann","Sacramento Republic"
"Cao Yongjing","Beijing Guoan"
"Denny Wang Yi","Wuhan Three Towns"
"Bai Yang","Beijing Guoan"
"Chris Allan","Charleston Battery"
"Aiden McFadden","Louisville City"
"Bebeto","Tondela"
"Paolo Guajardo","Audax Italiano"
"Yann Kembo","Sporting Gijón"
"Fábio Cardoso","Sevilla"
"Amir Abedzadeh","CD Castellón"
"Maxime Estève","Burnley"
"Cristhoper Zambrano","Aucas"
"Rodrigo Pinho","Estrela Amadora"
"Alfred Caicedo","Cádiz"
"Jeremy Mina","Manta FC"
"Juan Cabrera","CA Sarmiento"
"Agustín Martegani","Independiente Medellín"
"Jean Gbamin","Metz"
"Karim Onisiwo","Salzburg"
"Valentino Lazaro","Torino"
"Vincenzo Grifo","Freiburg"
"François Mendy","FC Stade Lausanne-Ouchy"
"Toni Villa","Eibar"
"Fernando Calero","Espanyol"
"Óscar Plano","Leganés"
"Ricardinho","Kairat"
"Gabriel Grando","Grêmio"
"Serder Serderov","Dynamo Makhachkala"
"Patrick Yazbek","Nashville SC"
"Luis Hernán Franco Fariña","San Lorenzo"
"Pablo Jesús Camacho Figueira","Deportivo Táchira"
"Maurice Cova","Deportivo Táchira"
"Nelson Hernández","Deportivo Táchira"
"Mathías Nicolás Bernatene Carle","Liverpool"
"Maicol Sebastián Ferreira Soppi","Danubio"
"Fabinho","Red Bull Bragantino"
"Igor Cariús","Mirassol Futebol Clube"
"Julimar","Athletico Paranaense"
"Luis Rodrigo Banegas Cury","The Strongest"
"Rodrigo Vargas","San Antonio Bulo Bulo"
"Adriel Fernández","San Antonio Bulo Bulo"
"Ibrahim Amadou","Chongqing Tonglianglong"
"Otar Kiteishvili","Sturm Graz"
"Ethan Ingram","Dundee"
"Lino Sousa","Rotherham United"
"Zhang Xiangshuo","Yunnan Yukun"
"Oscar Lewicki","Malmö FF"
"Ablahan Haliq","Henan Songshan Longmen"
"Li Shenyuan","Wuhan Three Towns"
"Zhang Huachen","Dalian Yingbo"
"Luizão","Mirassol Futebol Clube"
"Agustín Pastoriza","CyD Leonesa"
"Matthias Zimmermann","Fortuna Düsseldorf"
"Carlos Lampe","Bolívar"
"Javier Andrés Sanguinetti","Sport Huancayo"
"Ruben Cordano Justiniano","Bolívar"
"Santi Cazorla","Real Oviedo"
"Néstor Araujo","América"
"Javi Puado","Espanyol"
"Borja Iglesias","Celta Vigo"
"Arthur Melo","Grêmio"
"Berkay Özcan","Fatih Karagümrük"
"Suat Serdar","Hellas Verona"
"Ramiro Vaca Ponce","Bolívar"
"José Sagredo","Bolívar"
"Jesus Sagredo","Bolívar"
"Agustín Lastra","AA Estudiantes Río Cuarto"
"José Flores","The Strongest"
"Hugo Fabián Franco Schlender","Sportivo Ameliano"
"Shandon Baptiste","Luton Town"
"Fran Supayabe","The Strongest"
"Alvaro Quiroga","The Strongest"
"Jon Gorenc Stankovic","Sturm Graz"
"Waldo Madrid","Querétaro"
"Christopher Brady","Chicago Fire"
"Andrea Seculin","Reggiana"
"Hugo Pérez","Huesca"
"Lamine Cissé","Stoke City"
"Filozofe Mabete","Swindon Town"
"Temple Ojinnaka","Shrewsbury Town"
"Max","Chapecoense"
"Matheus França","Vasco da Gama"
"Patricio Pernicone","CA Juventud"
"Dudu Teodora","Mazatlán"
"Ahmed Qasem","Nashville SC"
"Kamron Habibullah","Atlético Ottawa"
"Pedro Bravo","FC Midtjylland"
"Beñat Prados","Athletic Club"
"Darwin Machís","América de Cali"
"Leo Štulac","Reggiana"
"Myles Kenlock","Barnet"
"Angus MacDonald","Barrow"
"Miha Zajc","Dinamo Zagreb"
"Rade Krunić","FK Crvena Zvezda"
"Pietro Terracciano","AC Milan"
"Fang Jingqi","Wuhan Three Towns"
"Fang Hao","Zhejiang Professional"
"Yang Li","Chengdu Rongcheng"
"Isaac Babadi","Antwerp"
"Blake Pope","Las Vegas Lights"
"Raiko Arozarena","New Mexico United"
"Yeljan Shinar","Henan Songshan Longmen"
"Jean-Clair Todibo","West Ham United"
"Daniel Šmiga","Zlín"
"Sergi Palencia","LAFC"
"José Pozo","Pogoń Szczecin"
"Tao Qianglong","Zhejiang Professional"
"Guillaume Dietsch","Dender"
"Óscar Trejo","Rayo Vallecano"
"Vadim Lukjanov","Nizhny Novgorod"
"Jadel Katongo","Kayserispor"
"Daniel Aguirre","Guadalajara"
"Taylor Davila","Louisville City"
"Preston Judd","San Jose Earthquakes"
"Serginho","Beijing Guoan"
"Michael Joseph Edwards","Oakland Roots SC"
"Steven Echevarria","Colorado Springs"
"Wahab Ackwei","Sporting JAX"
"Jahshaun Anglin","Mount Pleasant"
"Abdellatif Aboukoura","Loudoun United"
"Adonijah Reid","Sporting JAX"
"Matteo Pessina","Monza"
"Juan Quiñones","Club Alianza Atlético Sullana"
"Jonathan Alexis Majao Aguayo","Técnico Universitario"
"Dzenis Burnic","Karlsruher SC"
"Manuel Alejandro Arteaga Rubianes","Las Vegas Lights"
"Lucas Soto","Everton"
"Nicolás Garrido","O'Higgins"
"Jordhy Thompson","Orenburg"
"Roald Mitchell","New York Red Bulls"
"Lewis Macari","Notts County"
"Lucas Bastián Alarcón Ancapi","La Serena"
"Gonzalo Melero","Leganés"
"Mirko Antonucci","Bari"
"Doron Lichtenstein","FC Zürich"
"Mateo Alcoba","Albion"
"Brandón Andrés Mejía Fajardo","Fortaleza CEIF"
"Lee Angol","Cheltenham Town"
"Rodney McDonald","Notts County"
"Junior Carlos Palacios","Boyacá Chicó"
"Griffin Dillon","Real Salt Lake"
"Julius Beck","Sturm Graz"
"Harry Wood","Stockport County"
"James Shea","Luton Town"
"Isak Hien","Atalanta"
"Brooklyn Ilunga","Bromley"
"Manuel Duarte","Barracas Central"
"Alexandro Calut","Standard Liège"
"Peru Nolaskoain","Eibar"
"Dani Ojeda","Huesca"
"Emil Engqvist","Aalesund"
"Jeremy Bokila","Livingston"
"Diego Luna","Real Salt Lake"
"Liu Jiahui","Henan Songshan Longmen"
"Obed Vargas","Atlético Madrid"
"Daniil Frolkin","Fakel"
"Gael Alonso","FC Andorra"
"Jamal Lewis","Preston North End"
"Daniel Johnson","Fatih Karagümrük"
"Marco Richter","Darmstadt 98"
"Kevin Danso","Tottenham Hotspur"
"Daniel Trejo Del Río","Oakland Roots SC"
"Frank Daroma","Colorado Springs"
"Louis Perez","Tampa Bay Rowdies"
"Jiang Wenhao","Beijing Guoan"
"Denver Hume","Fleetwood Town"
"Dane Murray","Celtic"
"Henning Matriciani","Schalke 04"
"Adriel","AVS"
"Sidney Raebiger","Eintracht Braunschweig"
"Diego García","Leganés"
"Antonio Ceza","Palestino"
"Jin Yangyang","Qingdao Manatee"
"Willian Oliveira","Coritiba Fbc"
"Harrison Reed","Fulham"
"Felipe Peña Biafore","Lanús"
"David Ramírez","Fortaleza CEIF"
"Roberto Mathías Martínez Pereira","San Lorenzo"
"Yang Zihao","Yunnan Yukun"
"Maxim Dekker","AZ Alkmaar"
"Harry Boyes","York City"
"Federico Alfredo Cristóforo Pepe","San Lorenzo"
"Youssouf Fofana","AC Milan"
"Gerónimo Bortagaray","Boston River"
"Mathías Tomás","Puebla"
"Santiago Etchebarne","Macará"
"Juan González","Boston River"
"Miguel Alejandro Villoldo Rueda","Central Español"
"Carlos Daniel Pimienta Cotto","Los Chankas"
"Esteban Santiago Da Silva Álvarez","Racing"
"Gian Cabezas","Alverca"
"Santiago Franca Ascarate","Cerro Largo"
"Kenji Cabrera","Vancouver Whitecaps"
"Ronald Briones","Independiente del Valle"
"Adson","Vasco da Gama"
"Ronaldo Damus","Birmingham Legion"
"Hugo Fauroux","Louisville City"
"Josip Mišić","Dinamo Zagreb"
"Kieran O'Hara","Dundee"
"Fernando Andrade","Erzurumspor"
"Florent Hanin","Angers"
"Ryan Watson","Tranmere Rovers"
"Grant Smith","Bromley"
"Chinonso Emeka","Dukla Praha"
"Sem Valk","Telstar"
"Frantisek Plach","Piast Gliwice"
"Carlos Moguel Jr.","Louisville City"
"Léider Berdugo","Cúcuta Deportivo"
"Colin Shutler","Colorado Springs"
"Rayan Aït Nouri","Manchester City"
"Solomon Owusu","Fredrikstad"
"Conrad Wallem","St. Louis City"
"Leopold Wahlstedt","Rosenborg BK"
"Snorre Strand Nilsen","HamKam"
"Sander Kartum","Wellington Phoenix"
"Elias Hadaya","Sandefjord"
"Niklas Jensen Wassberg","Brann"
"Jasper van der Werff","FC Aarau"
"Henrik Udahl","HamKam"
"Seedy Jatta","Sturm Graz"
"Nishan Velupillay","Melbourne Victory"
"Eric Kitolano","Lillestrøm"
"Casper Øyvann","Tromsø"
"Tomas Totland","St. Louis City"
"Vetle Walle Egeli","Sandefjord"
"Alexander Rando","Orange County SC"
"Houssou Landry","Charleston Battery"
"Mateusz Cichocki","RKS Radomiak Radom"
"Noah Cobb","Colorado Rapids"
"Diego Alexandre Segovia Hernández","Deportivo Maldonado"
"Alexios Kalogeropoulos","Nürnberg"
"Lucas Hey","RSC Anderlecht"
"Lee Burge","Northampton Town"
"Federico Accornero","Carrarese Calcio 1908"
"Amourricho Dongen","SC Heerenveen"
"Daniel Samek","SK Artis Brno"
"Luiggi Alburqueque","Club Alianza Atlético Sullana"
"Gabriele Indragoli","Empoli"
"Christian Flores","Juan Pablo II College"
"Kaan Kairinen","Sparta Praha"
"Tobias Svendsen","Kristiansund"
"Lars Ranger","Lillestrøm"
"Igoh Ogbu","Slavia Praha"
"Espen Garnås","Lillestrøm"
"Henrik Skogvold","Fredrikstad"
"Yuri Rocchetti","Cremonese"
"Filippo Missori","US Avellino"
"Sebastian Revan","Burton Albion"
"Denis Odoi","NAC Breda"
"João Basso","Santos"
"Andrés Sebastián Romero Fernández","Albion"
"Jesús Quintero","Deportivo Táchira"
"César Vásquez","Atlético Grau"
"Marquinhos","Cruzeiro"
"Nathan Mendes","EC Vitória"
"Liu Zhurun","Shanghai Port"
"Will Wilson","FC Tulsa"
"Rubén Sánchez","Espanyol"
"Bogdan Slyubyk","FK Pardubice"
"Milan de Haan","FC Volendam"
"Joaquín Lavega","Coritiba Fbc"
"Garcia","Famalicão"
"Michel","Moreirense"
"Busanello","Malmö FF"
"Fernandinho","Mirassol Futebol Clube"
"Tiago Cóser","Coritiba Fbc"
"Paulo Henrique","Vasco da Gama"
"Lucas Ramon","São Paulo"
"Eduardo Bauermann","Pachuca"
"Marlon","Clube do Remo"
"Agustín Javier Rodríguez","Rhode Island"
"Marcel Sobottka","Bochum"
"Claudio Gerardo Torres Gaete","Huachipato"
"He Longhai","Qingdao West Coast"
"Dario Grgic","Sigma Olomouc"
"Nikola Petković","Seattle Sounders"
"Mateo Gamarra","Olimpia"
"Gustavo Vargas","Olimpia"
"Dong-Won Ji","Macarthur FC"
"Alessandro Vinciguerra","Delfino Pescara 1936"
"Gonzalo Luján","Inter Miami"
"Cristhian Andrés Tizón Correa","Juan Pablo II College"
"Santiago Ramón Ramírez Debali","Olimpia"
"Florian Neuhaus","Borussia Mönchengladbach"
"Cedric Teuchert","St. Louis City"
"Abdul Rahman Baba","PAOK Thessaloniki"
"John Brooks","Hertha Berlin"
"Bruno Antonio López Giosa","Sportivo Ameliano"
"Roberto Carlos Ramírez Antúnez","Club Nacional"
"Santiago Homenchenko","Querétaro"
"Ignacio Vázquez","CA Platense"
"Jack Elliott","Chicago Fire"
"Keegan Rosenberry","Colorado Rapids"
"Cristian Penilla","Club Alianza Atlético Sullana"
"Brian Wright","Forge FC"
"Andre Blake","Philadelphia Union"
"Zachary Herivaux","Rhode Island"
"Fernando Delgado","Monterey Bay"
"Brandon Bye","Portland Timbers"
"Alejandro Bedoya","Philadelphia Union"
"Matt Turner","New England Revolution"
"Andrew Farrell","New England Revolution"
"Fafà Picault","Atlanta United"
"Guillermo Balzi","Holstein Kiel"
"Diego Fagúndez","New England Revolution"
"Nicolás Mezquida","Vancouver FC"
"Taisei Abe","Luzern"
"Sebastián Maldonado","Club Sportivo Luqueño"
"Matúš Hruška","Sigma Olomouc"
"Yordy Reyna","Rodina Moskva"
"Vitinho","Tijuana"
"Ricardo Bettocchi Matallana","UTC Cajamarca"
"Piero Estefano Guzmán Simbala","Comerciantes Unidos"
"Agustín Da Silveira Muñoa","Sportivo Trinidense"
"Santiago Arce Añazgo","San Antonio Bulo Bulo"
"Valeri Qazaishvili","Shandong Taishan"
"Ole Sæter","Vålerenga"
"Max Caputo","Melbourne City"
"Vini Paulista","Coritiba Fbc"
"Alan Gustavo Pereira Guillén","Club Sportivo Luqueño"
"Mariusz Malec","Śląsk Wrocław"
"Agustín Cayetano Arbelo","Liverpool"
"Tim Leibold","Sacramento Republic"
"Arne Maier","Augsburg"
"Eli Adams","Newcastle Jets"
"Lukas Mühl","Winterthur"
"Orr Matthew Elliot Wing Kai","Shanghai Port"
"Tsui Wang Kit","Yunnan Yukun"
"Sun Ming Him","Tianjin Jinmen Tiger"
"Chan Shinichi","Shanghai Shenhua"
"Frederik Rønnow","Union Berlin"
"Jadon Sancho","Aston Villa"
"Erwin Sánchez","San Antonio Bulo Bulo"
"Luis René Barboza Quiróz","San Antonio Bulo Bulo"
"Bryce Washington","Birmingham Legion"
"Jing Reec","Melbourne Victory"
"Federico Puente Arap","Albion"
"Mateo Cantera Marsiglia","Central Español"
"Rémi Cabral","FC Tulsa"
"Orji Okwonkwo","Delfino Pescara 1936"
"Nicolò Brighenti","Catanzaro"
"Homam Al Amin","CyD Leonesa"
"Christian Kouamé","Fiorentina"
"Emil Audero","Cremonese"
"Nicholas Opoku","Kasımpaşa"
"Aaron McGowan","Tranmere Rovers"
"Glenn Middleton","Doncaster Rovers"
"Allan Campbell","St Mirren"
"Tyler Miller","Bolton Wanderers"
"Walker Zimmerman","Toronto FC"
"Dave Romney","San Jose Earthquakes"
"Eduard Atuesta","Orlando City"
"Jan Oliveras Codina","Celta de Vigo B"
"Alessandro Sersanti","Modena"
"André Horta","Almería"
"Latif Blessing","Lexington SC"
"Sebastian Lletget","Monterey Bay"
"Lucas Fernández Almirón","Técnico Universitario"
"Ángel Gabriel Orelien González","Sporting San Miguelito"
"Okay Yokuşlu","Trabzonspor"
"Jimmy Maurer","Houston Dynamo"
"Khusniddin Alikulov","Rizespor"
"Cristian Colmán","San Lorenzo"
"Ryan Hollingshead","LAFC"
"Dominique Badji","Phoenix Rising"
"Memo Rodríguez","Sacramento Republic"
"Michael Barrios","Once Caldas"
"Reggie Cannon","Colorado Rapids"
"Ali Karimi","Kayserispor"
"Tomás Martínez","Barcelona"
"Peder Lervik","Molde"
"Julian Gressel","Minnesota United"
"Pierre Da Silva","Brooklyn FC"
"Christopher Mueller","Chicago Fire"
"Miles Robinson","Cincinnati"
"Miguel Almirón","Atlanta United"
"Dom Dwyer","Mansfield Town"
"Josué Colmán","Club Nacional"
"Romario Williams","Birmingham Legion"
"Borna Sosa","Crystal Palace"
"Mohammad Mohebi","Rostov"
"Erik Thommy","LA Galaxy"
"Claudinho","EC Vitória"
"Pedrinho","Konyaspor"
"Rhys Healey","Barrow"
"Filippo Melegoni","Carrarese Calcio 1908"
"Luca Valzania","Delfino Pescara 1936"
"Anwar Ben Rhouma","Mazatlán"
"João Victor","Mirassol Futebol Clube"
"Lucas Arcanjo","EC Vitória"
"Ewerton","Academico Viseu"
"Stênio","Modena"
"Héliton","Göztepe"
"Carvalheira","Chapecoense"
"Doma","Chapecoense"
"Ronaldo Afonso","RKS Radomiak Radom"
"Artur","Houston Dynamo"
"Djordje Mihailovic","Toronto FC"
"Zack Steffen","Colorado Rapids"
"Wil Trapp","Minnesota United"
"Brandt Bronico","Charlotte"
"Raheem Edwards","Toronto FC"
"Stefan Cleveland","Sporting Kansas City"
"Pedro Santos","Loudoun United"
"Jo Berget","Sarpsborg 08"
"Sean Johnson","DC United"
"Sebastien Ibeagha","FC Dallas"
"Alex Muyl","Nashville SC"
"Derrick Etienne Jr","Toronto FC"
"Jonathan Lewis","Lexington SC"
"Tim Parker","New York Red Bulls"
"Aaron Long","LAFC"
"Mamadou Mbacke","St. Louis City"
"Maxi Moralez","New York City FC"
"Chandrel Géraud Massanga Matondo","Eyüpspor"
"Daniel Lovitz","Nashville SC"
"Jonathan Osorio","Toronto FC"
"Rudy Camacho","Columbus Crew"
"Samuel Piette","CF Montreal"
"Jeisson Vargas","La Serena"
"Marco Delgado","LAFC"
"Ilie Sánchez","Austin FC"
"Michael Boxall","Minnesota United"
"Johnny Russell","Dundee United"
"Romario Ibarra","Deportivo Cuenca"
"Eric Miller","Portland Timbers"
"Xavi Moreno Layme","Deportivo Garcilaso"
"Diego Rubio","La Serena"
"Vítor Costa","San Jose Earthquakes"
"Emanuele Torrasi","Juve Stabia"
"Damian Rasak","Katowice"
"Mayk","Clube do Remo"
"Andrew Thomas","Seattle Sounders"
"Simen Kvia-Egeskog","Viking"
"Garven-Michee Metusala","Colorado Springs"
"Mo Babouli","Forge FC"
"Triston Henry","Las Vegas Lights"
"Kyle Edward Bekker","Forge FC"
"David Norman Jr.","Vancouver FC"
"Mohamed Farsi","Columbus Crew"
"Victor Loturi","CF Montreal"
"Barnabás Varga","Ferencvaros"
"Manny Aparicio","Atlético Ottawa"
"Terran Campbell","Vancouver FC"
"Alex Marshall","Mount Pleasant"
"Morey Doner","Vancouver FC"
"Lukas MacNaughton","St. Louis City"
"Sean Young","Loudoun United"
"Joy Mukena","Crawley Town"
"Leander Øy","Sarpsborg 08"
"Marcello  Polisi","Vancouver FC"
"Luis Enrique Jr Zamudio Lizardo","Charleston Battery"
"Jordan Holmes","Western Sydney Wanderers"
"Matheus Alexandre","Clube do Remo"
"Du Queiroz","Orenburg"
"Cristian Nava","New Mexico United"
"Diógenes","Santos"
"Jonantan Villal Ozuna","Atlético Ottawa"
"Luther Archimède","New Mexico United"
"Albert Rusnák","Seattle Sounders"
"Justen Glad","Real Salt Lake"
"Sebastián González","LDU Quito"
"Brooks Lennon","Columbus Crew"
"Yaliston Martínez","Boyacá Chicó"
"Jhow Banegas","Real España"
"Franklin Geovany Flores Sacaza","Real España"
"Aaron Herrera","DC United"
"Tyreek Magee","Colorado Springs"
"Sebastián Saucedo","Birmingham Legion"
"Ián Franco Rasso","La Serena"
"Carlos Gruezo","Libertad"
"Leonardo Díaz","Sporting Cristal"
"Gilmar Alonso Paredes Esquives","UTC Cajamarca"
"Johan Steven Bocanegra Mora","Técnico Universitario"
"Daniel Graovac","FC FCSB"
"Carlos Daniel Calzadilla Durán","Deportivo Táchira"
"Andres Dumitrescu","Sigma Olomouc"
"Marius Ștefănescu","Konyaspor"
"Viktor Ekblom","Tromsø"
"Franco Zapiola","CA Platense"
"Ezequiel Naya","Central Córdoba SdE"
"Alexandru Ișfan","Real Oviedo"
"Franco Torres","Gimnasia La Plata"
"Petar Stanic","Ludogorets Razgrad"
"Jesús Figueroa","Alianza Valledupar"
"Mateo Garavito","Deportivo Pasto"
"Jader Quiñónes","Once Caldas"
"Josip Ćalušić","Konyaspor"
"José Caldera","Deportivo Cali"
"Herman Johansson","FC Dallas"
"Mihai Lixandru","FC FCSB"
"Ascel Essengue","Loudoun United"
"Jonas Acevedo","Instituto"
"Stipe Vulikić","Sampdoria"
"Carlos Ordóñez","Jaguares de Córdoba"
"Luis Marquinez","Deportes Tolima"
"Carlos de las Salas","Atlético Bucaramanga"
"David Miculescu","FC FCSB"
"Marius Broholm","Lille"
"Wang Yu","Beijing Guoan"
"César Rigamonti","Gimnasia Mendoza"
"Ederson Cabezas","Deportivo Pasto"
"Rodrigo Márquez","Aldosivi"
"Matías Lugo","Barcelona"
"Bruno Leyes","Tigre"
"Santiago Aguilar","Deportivo Pereira"
"Luis Palacios","Santa Fe"
"Daniel Popa","Gençlerbirligi"
"Leândro","RKS Radomiak Radom"
"Michał Kaput","RKS Radomiak Radom"
"Adrián Parra","Deportes Tolima"
"Heine Bruseth","Kristiansund"
"Brian García","Pachuca"
"Daniel Paraschiv","CyD Leonesa"
"Shi Yan","Tianjin Jinmen Tiger"
"Dylan Duffy","Chesterfield"
"Mateusz Kochalski","Qarabağ FK"
"Sidi Cissé","Nancy"
"Anass Zaroury","Panathinaikos"
"Ameen Al-Dakhil","VfB Stuttgart"
"Lawrence Ennali","Houston Dynamo"
"Filip Panák","Sparta Praha"
"Théo Le Normand","FC Andorra"
"Matthis Riou","RAAL La Louvière"
"Mathias Fixelles","Westerlo"
"Tomás Canteros","Club Rubio Nu"
"Andrzej Trubeha","Bruk-Bet Termalica Nieciecza"
"Przemysław Banaszak","Śląsk Wrocław"
"Andrés Sánchez","Atlético San Luis"
"Louis Breunig","Eintracht Braunschweig"
"Tom Zimmerschied","SV 07 Elversberg"
"José Juan Manríquez","Juárez"
"Marco Pašalić","Orlando City"
"Cebrail Makreckis","Ferencvaros"
"Soufiane Messeguem","Academico Viseu"
"Yuri Zheleznov","Akron"
"Luka Gagnidze","Granada"
"Fernando Álvarez","Deportivo Cali"
"Illian Hernández","Pachuca"
"Konrad Matuszewski","Korona Kielce"
"Raniele","Corinthians"
"Higor Meritão","Chapecoense"
"Lukas Hubert Mondele Anzun","Cercle Brugge"
"Tim Oberdorf","Fortuna Düsseldorf"
"Kobamelo Kodisang","AVS"
"Ruslan Fishchenko","Rodina Moskva"
"Yuri Zhuravlev","Fakel"
"Iván Gonzalo Valenzuela","Cerro"
"Mihai Popa","Motor Lublin"
"Dion De Neve","Blackburn Rovers"
"Guillaume François","Union Saint-Gilloise"
"Alejandro Martínez","Huracán"
"Iver Fossum","Rosenborg BK"
"Dinis Almeida","Ludogorets Razgrad"
"Luka Malešević","Monterey Bay"
"Vicente Taborda","Panathinaikos"
"Nicolás Palavecino","Unión"
"Pavel Halouska","Slovácko"
"Jackson Hopkins","DC United"
"Patrik Vizek","Hradec Králové"
"Raúl Castillo","Puebla"
"Ronaldo Nájera","Atlético San Luis"
"Chen Yuhao","Yunnan Yukun"
"Lucas Masoero","Bruk-Bet Termalica Nieciecza"
"Leo Goglichidze","Rodina Moskva"
"Nikolay Kalinskiy","Nizhny Novgorod"
"Dmitri Vorobyev","Lokomotiv Moscow"
"Nikita Kakkoev","Nizhny Novgorod"
"Leonel Mosevich","Instituto"
"Kikas","Estrela Amadora"
"Alfonso Simarra","Independiente Medellín"
"Vladislav Sarveli","Lokomotiv Moscow"
"Anton Zinkovskiy","Sochi"
"Roman Ezhov","Sochi"
"Evgeni Frolov","Krylya Sovetov"
"José María Ataupillco Portal","Atlético Grau"
"Sascha Risch","Dynamo Dresden"
"Guillaume Ronan Furrer","FC Aarau"
"Lars Kehl","Darmstadt 98"
"Tolcay Ciğerci","Energie Cottbus"
"Mladen Cvjetinovic","Holstein Kiel"
"Haoran Li","Liaoning Tieren"
"Samuel Kozlovsky","Widzew Łódź"
"Moses David Cobnan","FK Krasnodar"
"Mateja Djordjević","Austin FC"
"Tin Plavotic","Motor Lublin"
"Boris Popović","FC Arouca"
"Abraham Okyere","Las Vegas Lights"
"Tai Baribo","DC United"
"Rodi David Ferreira","Club Rubio Nu"
"Martin Rymarenko","Zbrojovka Brno"
"Nicolás Marotta","Deportivo Recoleta"
"Diego Espinosa","Aucas"
"Koffi Kouao","Metz"
"Jonathan Daniel Benítez Benítez","Sportivo Ameliano"
"Derlis Nicolas Chávez Lezcano","Deportivo Moquegua"
"Yoan Koré","Amiens"
"Maurides","RKS Radomiak Radom"
"Kevin Andres Briceño Toruño","CS Cartaginés"
"James Penrice","Rangers"
"Umar Saho","FC Wil 1900"
"El Chadaille Bitshiabu","RB Leipzig"
"Max Anderson","Crawley Town"
"Jordan McGhee","Motherwell"
"Kevin Palacios","Santos Laguna"
"Lukas Kunze","Arminia Bielefeld"
"Prince Owusu","CF Montreal"
"Callum Hendry","Motherwell"
"Tunde Akinsola","AVS"
"Joe Shaughnessy","Newcastle Jets"
"Luis Alejandro Flores Cordero","CS Cartaginés"
"Rashir Shakir Parkins Harris","LD Alajuelense"
"Ștefan Târnovanu","FC FCSB"
"Rocco Romeo","Brooklyn FC"
"Shawn McCoulsky","Harrogate Town"
"Fernando José Piñar Piñar","LD Alajuelense"
"Jamilton Carcelen Moreira","Mushuc Runa"
"Veljko Ilic","Widzew Łódź"
"Daniel Grimshaw","Norwich City"
"Rudy Kohon","Kortrijk"
"Chem Campbell","Stevenage"
"Francis Momoh","Winterthur"
"Everson Jr","Montpellier"
"Franco Ravizzoli","Blackpool"
"Esey Gebreyesus","FC Aarau"
"Nuno Moreira","Vasco da Gama"
"Raphael Guzzo","Marítimo"
"Ricardo  Batista","Casa Pia AC"
"Igor Milioransa","Academico Viseu"
"Leonardo Lelo","Sporting Braga"
"Nico Serrano","Athletic Club"
"Jak Alnwick","Huddersfield Town"
"Artem Putivtsev","Bruk-Bet Termalica Nieciecza"
"Tiago Çukur","Fatih Karagümrük"
"Leonhard Luis Münst","Osnabrück"
"Dani Figueira","Gil Vicente"
"André","Academico Viseu"
"Rodrigo Andrade","Marítimo"
"Godfried Frimpong","Kasımpaşa"
"Brad Collins","Burton Albion"
"Paulo Henrique","Marítimo"
"Ricardinho","Juárez"
"Suhander Manuel Zúñiga Cordero","CS Cartaginés"
"Aarón Salazar","LD Alajuelense"
"Diego Armando Mesén Calvo","CS Cartaginés"
"Jérémy Oyono","Frosinone"
"Christián Frýdek","Baník Ostrava"
"Junxian Liu","Tianjin Jinmen Tiger"
"Bryan Goncalves","Dender"
"Yair González","Boston River"
"Ángel David Sayago","Real España"
"Hugo Fargues","FC Stade Lausanne-Ouchy"
"Kadeem Cole Martínez","Birmingham Legion"
"Aidan Denholm","Livingston"
"Anouar El Azzouzi","Fortuna Düsseldorf"
"Nick de Groot","Fortuna Sittard"
"Sekou Oumar Sylla","ADO Den Haag"
"Fernando José Román Torales","Sportivo Trinidense"
"Douglas López","CS Cartaginés"
"Steven Alonso Cárdenas Vargas","Xelaju"
"Alejandro Jesús Bran Flores","LD Alajuelense"
"Youstin Salas","Brisbane Roar"
"Luís Rocha","Santa Clara"
"João Correia","Pafos"
"Luís Silva","Academico Viseu"
"Adrien Julloux","Nancy"
"Amine Boutrah","Bastia"
"Renato Pantalon","FK Jablonec"
"Mamadou Sekou Traoré","Dalian Yingbo"
"Paulinho","Wieczysta Krakow"
"Pedro Barcelos","Academico Viseu"
"Mouhamed Belkheir","RAAL La Louvière"
"Tyrese Asante","Maccabi Tel Aviv"
"Sacha Komljenovic","SK Artis Brno"
"Stan Henderikx","Excelsior"
"Joelinton","Newcastle United"
"Kevin Akpoguma","Hoffenheim"
"Sivert Mannsverk","Sparta Praha"
"Jackson Ragen","Seattle Sounders"
"CJ dos Santos","San Diego FC"
"José Gomes","Nacional"
"Wendel","Santa Clara"
"Kiki Silva","Casa Pia AC"
"Ben Paton","Forge FC"
"Alessandro Burlamaqui Apaolaza","Alianza Lima"
"Felipe Vizeu","Sporting Cristal"
"Vasco José Cardoso Sousa","Moreirense"
"João Marcelo","Cruzeiro"
"Woobens Pacius","Nashville SC"
"Taşkın İlter","Eyüpspor"
"Nicholas Bilokapic","Peterborough United"
"Pablo Tomeo","Real Valladolid"
"Famara Diédhiou","Clermont Foot"
"Diant Ramaj","FC Heidenheim"
"Jędrzej Grobelny","Arka Gdynia"
"Michael Olakigbe","Swindon Town"
"Harvey Araujo","Colchester United"
"Roshaun Mathurin","Kilmarnock"
"Oliver Sanderson","Stevenage"
"Luc Rollet De Fougerolles","Dender"
"Devan Austin Tanton Pedraza","Chesterfield"
"Patrick Osterhage","Freiburg"
"Ellis Taylor","Harrogate Town"
"Ismael Koné","Sassuolo"
"Rory McKenzie","Kilmarnock"
"Charlie Veevers","Tranmere Rovers"
"Silas","FSV Mainz 05"
"Antoni Milambo","Brentford"
"Samet Akaydin","Rizespor"
"Kieran Morrison","Sheffield Wednesday"
"Kaito Mizuta","Le Havre"
"James McConnell","Ajax"
"Gökhan Değirmenci","Kocaelispor"
"Tiago Ribeiro","Santa Clara"
"Caio Roque","Botafogo"
"Pedro Ortiz","Córdoba CF"
"Miguel Crespo","Istanbul Basaksehir"
"Zak Johnson","York City"
"Henry Fieldson","St Mirren"
"Marvin Kaleta","Rotherham United"
"Hayden Carson","Salford City"
"Furkan Bayır","Göztepe"
"Lennard Maloney","FSV Mainz 05"
"José Copete","Valencia"
"Onurcan Piri","Kayserispor"
"Serginho","Fatih Karagümrük"
"Kenan Fakılı","Çorum"
"Ali Yanar","Kasımpaşa"
"Maiky Jordan De La Cruz Borja","Leones del Norte"
"Seydouba Cisse","Leganés"
"Iker Kortajarena","Huesca"
"Xeber Alkain","Eibar"
"Murat Cem Akpınar","Erzurumspor"
"Atakan Müjde","Kasımpaşa"
"Imanol García de Albéniz","FC Andorra"
"Guillaume Luc De Schryver","Beveren"
"Christophe Janssens","Beveren"
"Viktor Boone","Beveren"
"Lennart Mertens","Beveren"
"Kurt Abrahams","Beveren"
"Bafodé Dansoko","Winterthur"
"Gabri Martínez","Sporting Braga"
"Roger Fernandes","Sporting Braga"
"Frank Leidam Nodarse Chávez","Rhode Island"
"Facundo Altamira","Defensa y Justicia"
"Logan Rogerson","Auckland FC"
"Mehmet Yeşil","Amed SK"
"Sonny Finch","Grimsby Town"
"Arbër Hoxha","Dinamo Zagreb"
"Gilles Ruyssen","Kortrijk"
"Luciano Acosta","Fluminense"
"Paul Arriola","Seattle Sounders"
"Samy Baghdadi","Sochaux"
"Batuhan Şen","Galatasaray"
"Ahmet Sagat","Kocaelispor"
"Marcos Ibrahim Sevillano Herrera","Universidad Católica"
"Jesus Hernandez","Querétaro"
"Matthew Craig","Port Vale"
"Michael Craig","Leyton Orient"
"Yago Santiago","Elche"
"Declan Frith","Peterborough United"
"Diego González","Atlas"
"Sopuruchukwu Onyemaechi","Olympiacos"
"Will Jarvis","Notts County"
"Niek Schiks","PSV Eindhoven"
"Fuat Bavuk","Gazişehir Gaziantep"
"Gabriel Pereira","FC København"
"Fynn Otto","Nürnberg"
"Arturo Ortíz Martínez","El Paso Locomotive"
"Daniel González","Atlante"
"Guillermo Villalobos","LD Alajuelense"
"Nicholas Rizzo","Ascoli Calcio"
"Erhan Erentürk","Gençlerbirligi"
"Tuğbey Akgün","Fatih Karagümrük"
"Sam Curtis","Chesterfield"
"Arda Hilmi Şengül","Çorum"
"Erick Alexander Pluas Vera","Orense"
"Jonathan Ronaldo Arroyo","Leones del Norte"
"Johnny Rodriguez","Las Vegas Lights"
"Ashley Phillips","Stoke City"
"Federico Gatti","Juventus"
"Cihan Kahraman","Academico Viseu"
"Polat Yaldır","Samsunspor"
"Soner Gönül","Samsunspor"
"Ryan Howley","Bristol Rovers"
"Ben Radcliffe","Crawley Town"
"Samuel Mather","Kayserispor"
"Maximilano Oyedele","Strasbourg"
"Jonas Urbig","Bayern Munich"
"Tom Moustier","Estrela Amadora"
"Melih Bostan","Konyaspor"
"Ronny Stutter","Barnet"
"Zain Silcott-Duberry","Rochdale"
"Louis Flower","Crawley Town"
"Will Dickson","Chesterfield"
"Alessandro Zanoli","Udinese"
"Jhon Balanta","Fortaleza CEIF"
"Sinan Osmanoğlu","Gençlerbirligi"
"Lamine Diack","Sion"
"Max Dean","Gent"
"Nohan Kenneh","Tranmere Rovers"
"Davis Mensah","Mantova"
"Antony Iannarilli","US Avellino"
"Matteo Pisseri","Frosinone"
"Angelo Talia","Benevento"
"Paolo Ghiglione","Calcio Padova"
"Edoardo Pierozzi","Benevento"
"Tommaso Arrigoni","Cesena"
"Federico Baschirotto","Cremonese"
"Alvas Powell","Cincinnati"
"Michael Venturi","Venezia"
"Brynjar Bjarnason","Greuther Fürth"
"Diego Chará","Portland Timbers"
"Kelvin Ehibhatiomhan","Reading"
"Michael Stickland","Reading"
"Cristian Roldán León","Seattle Sounders"
"Diego Nahuel Soria Barcos","Cerro"
"Nicolás Lodeiro","Nacional"
"Stefan Frei","Seattle Sounders"
"Oliver Jack Hammond","Oldham Athletic"
"Kim Ki-Hee","Seattle Sounders"
"Nouhou","Seattle Sounders"
"João Oliveira","Arka Gdynia"
"Antony Papadopoulos","Crawley Town"
"João Resende","Estrela Amadora"
"Leandro Morgalla","Bochum"
"Taha Şahin","Rizespor"
"Julian Larsson","Burton Albion"
"Rezart Rama","Forge FC"
"Aaron Donnelly","Dundee"
"Ale García","Las Palmas"
"Ignacio Mosquera","Deportivo Cuenca"
"Joe Whitworth","Exeter City"
"Charlie Patiño","RC Deportivo La Coruña"
"Zane Monlouis","Toronto FC"
"Brian White","Vancouver Whitecaps"
"Archie Baptiste","Middlesbrough"
"Jake Batty","Swindon Town"
"Matty Litherland","Blackburn Rovers"
"Nicholas Michalski","Crawley Town"
"Leonard Duru","Birmingham Legion"
"Marlee Francois","Auckland FC"
"Mimeirhel Benita","Heracles Almelo"
"Carlos Luis Barahona Jiménez","CS Cartaginés"
"Téo Allix","Servette"
"Jorge Cardona","Once Caldas"
"Julien Astic","Clermont Foot"
"Mohamed-Amine Bouchenna","Clermont Foot"
"Matteo Campagna","Vancouver FC"
"Zico Kukuu Asare","Harrogate Town"
"Jajá","Clube do Remo"
"Joe Garner","Oldham Athletic"
"Franco Petroli","Lanús"
"Owen Maës","RAAL La Louvière"
"Alán Bautista","Pachuca"
"Daniel Eid","Fredrikstad"
"Nelson Palacio","FC Zürich"
"Tyrell Warren","Grimsby Town"
"Musah Mohammed","Göztepe"
"Mahmoud Jaber","Saint-Étienne"
"Tommy Chamba","Macará"
"Erkin Tapalov","Kairat"
"Camil Jebara","Lillestrøm"
"Juan Feliú","Club Nacional"
"Marko Farji","Venezia"
"Rayan Kadima","FC Stade Lausanne-Ouchy"
"Osher Davida","Maccabi Tel Aviv"
"Ido Shahar","Maccabi Tel Aviv"
"Ben Whitfield","Barrow"
"Santiago Ocampos Ibarra","Club Sportivo Luqueño"
"Daniel Moss","Rochdale"
"Maximiliano González","Deportivo Maldonado"
"Sam Walker","Bradford City"
"Rihards Matrevics","Dukla Praha"
"Pablo Marín","Real Sociedad"
"Yvandro Sanches","Heracles Almelo"
"Marc Roberts","Barnsley"
"Willy Agada","Real Zaragoza"
"Jorge Gutiérrez","Universitario"
"Nélson Luz","Qingdao West Coast"
"Emiliano Marcondes","Norwich City"
"Kelsey Mooney","Accrington Stanley"
"Bobosi Byaruhanga","Oakland Roots SC"
"Héctor Bobadilla","CA Platense"
"Aurélien Nguiamba","Arka Gdynia"
"Gonzalo Ritacco","Real España"
"Richard King","St Mirren"
"Antony Siaha","Hartford Athletic"
"Junior Robinson","Livingston"
"Jordan Smith","Hibernian"
"Karim Konaté","Salzburg"
"Antony Vásquez","Rionegro"
"Carlos Garcés","LA Galaxy"
"Pêpê","Pafos"
"Éder Militão","Real Madrid"
"Patito Rodríguez","Bolívar"
"Trigueira","AVS"
"Dániel Sallói","Toronto FC"
"Guille Bueno","Real Valladolid"
"Giorgi Zaria","Kairat"
"Tiago Sá","Sporting Braga"
"Carlos Vinícius","Grêmio"
"Alex Balboa","Real Valladolid"
"Luca Moisa","Real Salt Lake"
"Alberto Herrera","Mazatlán"
"Anthony Partipilo","Bari"
"Kelvin Abrefa","Reading"
"Joseph Rosales","Austin FC"
"Zach Abbott","Nottingham Forest"
"Jack Thompson","Barrow"
"Ben Perry","Colchester United"
"Burak Kapacak","Kayserispor"
"Hamza El Kaouakibi","Südtirol"
"Raffaele Celia","Cesena"
"Jacob Montes","Monterey Bay"
"Lisandru Olmeta","Bastia"
"Dan Sinaté","Angers"
"Pablo Bennevendo","Pumas UNAM"
"Dylan Morgan","Crawley Town"
"Ben Lloyd","Newport County AFC"
"Adrian Akande","Colchester United"
"Luca Jaquenoud","Stade Nyonnais"
"Heine Åsen Larsen","Tromsø"
"Cristiano","Sporting Cristal"
"Jason Sraha","Burton Albion"
"Sebastiano Desplanches","Delfino Pescara 1936"
"Antonio Gala","CD Castellón"
"Andrea Bozzolan","Reggiana"
"Luca D'Andrea","US Avellino"
"Riccardo Stivanello","Südtirol"
"Gennaro Iaccarino","Arezzo"
"Riccardo Turricchia","Virtus Entella"
"Rob Nizet","Gazişehir Gaziantep"
"Mats Lemmens","Willem II"
"Samuel Grygar","Mladá Boleslav"
"Giovanni Daffara","US Avellino"
"Silas Andersen","Sporting CP"
"Moussa Mané","Bari"
"Roi Mishpati","Maccabi Tel Aviv"
"Philipp Strompf","Bochum"
"Charlie Finney","Crewe Alexandra"
"Owen Lunt","Crewe Alexandra"
"Alfie Pond","Crewe Alexandra"
"Cheick Diabate","St Johnstone"
"Domen Gril","Piast Gliwice"
"Jorge Meireles","Estrela Amadora"
"Salim El Jebari","Mirandés"
"Josh Wilson-Esbrand","RKS Radomiak Radom"
"Sergey Volkov","Sochi"
"Irakli Manelov","Baltika"
"Christopher Conn-Clarke","Peterborough United"
"Ulrich Meleke","Gazişehir Gaziantep"
"Cristhian Paredes","Cerro Porteño"
"Alan Godoy","Estrela Amadora"
"Bill Tuiloma","Wellington Phoenix"
"Dan Sassi","Newport County AFC"
"James Debayo","Swindon Town"
"Franco Javier Caballero","Sport Huancayo"
"Emmanuel Danso","Livingston"
"Franklin Uchenna","FK Crvena Zvezda"
"Tristan Blackmon","Vancouver Whitecaps"
"Nick Hagglund","Cincinnati"
"Arnau Ortiz","Atlético Madrid"
"Kady Borges","Qarabağ FK"
"Adrian Șut","FC FCSB"
"Aleksandar Radovanovic","Real Zaragoza"
"Mbouri Basile Yamkam","Wuhan Three Towns"
"Quentin Lecoeuche","Wisła Płock"
"Jesús Bueno","Philadelphia Union"
"Tom Flanagan","Colchester United"
"Alex Williams","West Bromwich Albion"
"Kaden Rodney","Crystal Palace"
"David Ozoh","Derby County"
"Djibril Thialaw Diop","Yverdon Sport FC"
"Zach Clough","Newcastle Jets"
"El Mehdi Maouhoub","Dinamo Moscow"
"Santiago Mosquera","Cerro Porteño"
"Ruben Emanuel Carlos González","Cerro"
"Jackson Yueill","New England Revolution"
"Cristopher Antonio Núñez González","CS Cartaginés"
"Kevin Rosero","Necaxa"
"Darling Bladi","SC Heerenveen"
"Pierre Mbemba","Sporting Gijón"
"Youssef Njoya","Guingamp"
"Ayman Aiki","Bastia"
"Jokin Gabilondo","Málaga"
"Cephas Malele","Dalian Yingbo"
"Carlos José Sosa Moreno","Deportivo Táchira"
"Oliver O'Neill","Leyton Orient"
"Alfie McNally","York City"
"Alexander Shirobokov","Kairat"
"Antonio Espigares","Gil Vicente"
"Davide Pio Stabile","Virtus Entella"
"Yiğit Çeltik","Kayserispor"
"David Jiménez","Real Madrid"
"Manuel Ángel","Real Madrid"
"Javi Villar","Albacete"
"Alan Nicolás García Pereyra","Wanderers"
"Philipp Schulze","Górnik Zabrze"
"Diego Hormigo","Granada"
"Darío Benavides","RAAL La Louvière"
"Samson Baidoo","Lens"
"Frans Krätzig","Salzburg"
"Arijon Ibrahimovic","FC Heidenheim"
"Ander Astralaga","Granada"
"Behar Neziri","St. Gallen"
"Yusuf Kabadayi","Gazişehir Gaziantep"
"Jorge Alastuey","Austin FC"
"Tom Hülsmann","Stade de Reims"
"Marc Casadó","Barcelona"
"Nicksoen Gomis","Toronto FC"
"Jordan Amissah","Burton Albion"
"Dawid Bugaj","CF Montreal"
"Bartosz Mrozek","Lech Poznan"
"Julian Brandes","Delfino Pescara 1936"
"Oualid Agougil","FC Utrecht"
"Emanuel Fernandes","Santa Clara"
"Prince Adu-Addae Aning","Telstar"
"Chico Lamba","Saint-Étienne"
"Andrew Oluwabori","Exeter City"
"Leo Shahar","Newcastle United"
"Oisin Gallagher","Barnet"
"Jemiah Umolu","Bromley"
"Tommaso Del Lungo","Virtus Entella"
"Regan Booty","Barrow"
"Mohamed Amoura","Wolfsburg"
"Mohamed Belhadj Mahmoud","Lugano"
"Yago Cantero","AD Ceuta FC"
"Nicolás Meriano","Banfield"
"Mataeo Bunbury","Orange County SC"
"Joshua O'Brien","Indy Eleven"
"Djamal Moussadek","FC Stade Lausanne-Ouchy"
"Owen Wolff","Austin FC"
"João Graça","Rio Ave"
"Siebe Wylin","Fortuna Sittard"
"Adel Lembezat","Dijon"
"Tom Louchet","OGC Nice"
"Jonas Fjeldberg","Colorado Springs"
"Hilan Hamzaoui","Olympique de Marseille"
"Gaël Lafont","Genoa"
"Sagiv Jehezkel","Maccabi Tel Aviv"
"Ettson Ayón","Juárez"
"Josh Stephenson","Crewe Alexandra"
"Gabriele De Donno","Vaduz"
"Noah Elia Jakob","FC Aarau"
"Medon Berisha","Lecce"
"Jacques Bomo","Bellinzona"
"Carlos Alberto Saldaña Moreno","Detroit City"
"Mathías Alejandro Solís Jaramillo","Deportivo Cuenca"
"Madison Ariel Mina Ibarra","Emelec"
"Denil Castillo","FC Midtjylland"
"Jairón Andrés Charcopa Cabezas","Atlante"
"Dalisson de Almeida","Córdoba CF"
"Hugo Larsson","Eintracht Frankfurt"
"Jay Mingi","Crewe Alexandra"
"Christian Mawissa","AS Monaco"
"Bonota Traoré","Étoile Carouge FC"
"João Tomé","Rio Ave"
"Diego Moreira","Strasbourg"
"Franculino","FC Midtjylland"
"Gabin Capuano","US Boulogne"
"Enzo Leopold","Hannover 96"
"Ilay Feingold","New England Revolution"
"Romualdas Jansonas","FC Arouca"
"Noha Lemina","Yverdon Sport FC"
"Brooklyn Raines","New England Revolution"
"Willy Kambwala","Villarreal"
"Mátyás Kovács","RAAL La Louvière"
"Zalán Vancsa","Lommel"
"Tomáš Schánělec","Sparta Praha"
"Emiliano Viveros","Argentinos Juniors"
"Anton Tsarenko","Lechia Gdańsk"
"Samuel Kopásek","FK Pardubice"
"Viktor Radojević","Chicago Fire"
"Stefan Pirgić","Viktoria Plzen"
"Darius Lipsiuc","Notts County"
"El Mehdi Moubarik","Dynamo Makhachkala"
"Nicky Hogarth","Falkirk"
"Gustave Akueson","Bastia"
"Lynnt Audoor","Club Brugge"
"Sanoussy Ba","Eintracht Braunschweig"
"Manuel Serrano","Real Madrid"
"Andreas Nibe","Sarpsborg 08"
"Gustav Ørsøe Christensen","Kristiansund"
"Valdemar Byskov","FC Midtjylland"
"Zidan Sertdemir","Preußen Münster"
"Manu Rico","Huesca"
"Emran Soglo","Zulte Waregem"
"Szymon Weirauch","Lechia Gdańsk"
"Juan Montenegro","San Antonio Bulo Bulo"
"Filip Krovinovic","Grêmio"
"Emrecan Terzi","Beşiktaş"
"Tom de Graaff","PEC Zwolle"
"Willy Kumado","San Diego FC"
"Eli King","Cardiff City"
"Owen Gene","Minnesota United"
"Heriberto Jurado","Cercle Brugge"
"Luke Brennan","Atlanta United"
"Filip Horský","Slovácko"
"Fabio Ferraro","Dender"
"Coke Carrillo","Celta de Vigo B"
"Rosaire Longelo","Salford City"
"Matías Núñez","Carabobo"
"Daniel Hernández","Mazatlán"
"Tim Spycher","Thun"
"Simon Scherder","Preußen Münster"
"Marcel Hoffmeier","Paderborn"
"Kacper Duda","Wisła Kraków"
"James Golding","Crewe Alexandra"
"Alessandro Renzi","Arezzo"
"Walid Ould-Chikh","Heracles Almelo"
"Nicola Patanè","Juve Stabia"
"Isaac Moore","Walsall"
"Dylan Lozano","Rionegro"
"Estiven Andrés Sarria Olano","Boyacá Chicó"
"Raúl Asencio","Real Madrid"
"Domingos Andrade","Botafogo"
"Ayman Benarous","Plymouth Argyle"
"Temirlan Anarbekov","Kairat"
"Travis Akomeah","Gillingham"
"Tobi Adeyemo","Crawley Town"
"Jack Grieves","Watford"
"Osaze De Rosario","Seattle Sounders"
"Juan Andrés Castilla Lozano","Llaneros"
"Dion Kacuri","Basel"
"Matthew Turner","Cardiff City"
"Fernando Iván Rodríguez","AA Estudiantes Río Cuarto"
"Dion Malone","Telstar"
"Jayce Fitzgerald","Rotherham United"
"Nehemiah Oriola","Brighton & Hove Albion"
"Adrián Dalmau","Piast Gliwice"
"Janis Blaswich","Bayer Leverkusen"
"Alexandru Ioniță","Yunnan Yukun"
"Luís Semedo","Moreirense"
"Daniel Cox","Walsall"
"Vimoj Muntu Wa Mungu","Guingamp"
"Wilson Odobert","Tottenham Hotspur"
"Hugo Lamy","Nantes"
"Julian Rijkhoff","FC Andorra"
"Samuel Bamba","Marítimo"
"Nnamdi Collins","Eintracht Frankfurt"
"Antonio Tikvic","Preußen Münster"
"Claudio Kammerknecht","Dynamo Dresden"
"Anes Krdzalic","Tenerife"
"Martin Moormann","Motherwell"
"Denis Genreau","Melbourne Victory"
"Moïse Adilehou","Stade Lavallois"
"Felipe Pardo","Alianza Valledupar"
"Daniel Podence","Olympiacos"
"Roderick Miranda","Melbourne Victory"
"Dominik Biniek","Bruk-Bet Termalica Nieciecza"
"Agustín Palavecino","Aldosivi"
"James Crole","Newport County AFC"
"Cole Bassett","Portland Timbers"
"Jeremy Ebobisse","LAFC"
"John Méndez","Deportivo Pasto"
"Jose Gomez","Central Córdoba SdE"
"Sepp van den Berg","Brentford"
"Lalas Abubakar","FC Dallas"
"Tommy McNamara","Brooklyn FC"
"Ronald Matarrita","LD Alajuelense"
"Juan Danilo Santacruz González","Club Nacional"
"Chris Durkin","St. Louis City"
"Ian Harkes","San Jose Earthquakes"
"Diego Palacios","Universidad Católica"
"James McGarry","Brisbane Roar"
"Timon Wellenreuther","Feyenoord"
"Warren Madrigal","Nashville SC"
"Karol Niemczycki","Śląsk Wrocław"
"Luka Ilić","Real Oviedo"
"Hervé Matthys","Motor Lublin"
"Jerdy Schouten","PSV Eindhoven"
"Jessé Hautier","Neuchâtel Xamax"
"Samy Chouchane","Dijon"
"Glenn Bijl","Antwerp"
"Ayoub Mouloua","Aberdeen"
"Matus Bero","Bochum"
"Dante Rigo","Beveren"
"Marcus Dackers","Kilmarnock"
"Álex Oyón","Sporting Gijón"
"Dani Queipo","Sporting Gijón"
"Víctor Narro","Sampdoria"
"Dorin Rotariu","Eyüpspor"
"Myron Boadu","PSV Eindhoven"
"Antonin Cartillier","Rodez"
"Malamine Efekele","St. Gallen"
"Daniel Mesenhöler","Dynamo Dresden"
"Daniël van Vianen","Excelsior"
"Andrés Gómez","Vasco da Gama"
"Mike Penders","Strasbourg"
"Lenn De Smet","Kortrijk"
"Rômulo","RB Leipzig"
"Bernard","Atlético Mineiro"
"Matthias Bader","Darmstadt 98"
"Dale Taylor","Blackpool"
"Luka Gugeshashvili","Göztepe"
"Filip Benkovic","Shenzhen Peng City FC"
"Taylor Moore","Bristol Rovers"
"Liam Kelly","Rotherham United"
"Killian Basba Geeke Nikiéma","ADO Den Haag"
"Henry Hore","Brisbane Roar"
"Francisco Sierralta","Auxerre"
"Fabian Herbers","CF Montreal"
"Daryl van Mieghem","ADO Den Haag"
"Oumar Sidibé","Nancy"
"Virgil Misidjan","NEC"
"Matheus Pereira","Cruzeiro"
"Fabio Chiarodia","Borussia Mönchengladbach"
"Jochem van de Kamp","Telstar"
"Fisnik Asllani","Hoffenheim"
"Erick Gutiérrez","Guadalajara"
"Christian Theoharous","Central Coast Mariners"
"Eddie Beach","Kilmarnock"
"Darwin Quintero","Millonarios"
"Roony Bardghji","Barcelona"
"Juan Nicolás Carrera Zarzar","Atlante"
"Timi Elšnik","FK Crvena Zvezda"
"Alexander Badolato","Newcastle Jets"
"Timothy Ouma","Lech Poznan"
"Jordan Morel","Dunkerque"
"Nazareno Manuel Fúnez","Central Córdoba SdE"
"Jimmy Medranda","Llaneros"
"Juan José Córdoba Zapata","Independiente Medellín"
"Ignacio Rodríguez Elduayen","Central Español"
"Richard Sánchez","San Antonio"
"Milan Rodić","FC Zürich"
"Bernardo Oliveira","Macarthur FC"
"Mohamed Al-Taay","Western Sydney Wanderers"
"Harrison Steele","Central Coast Mariners"
"Henry Onyekuru","Gençlerbirligi"
"Maicon","Coritiba Fbc"
"Martin Linnes","Molde"
"Emre Akbaba","Eyüpspor"
"Fernando Reges","Internacional"
"Moumi Ngamaleu","Dinamo Moscow"
"Bill Antonio","Mechelen"
"Damian Las","Austin FC"
"Mohamed Camara","Maccabi Tel Aviv"
"Kevin Mbabu","FC Midtjylland"
"Lukáš Hejda","Viktoria Plzen"
"Arnór Sigurðsson","Malmö FF"
"Ilzat Akhmetov","Krylya Sovetov"
"Michael Krmenčík","Slovácko"
"Isaiah Dada-Mascoll","Lommel"
"Giorgos Giakoumakis","PAOK Thessaloniki"
"Depú","RKS Radomiak Radom"
"Erik Palmer-Brown","Panathinaikos"
"Alessandro Ciranni","Willem II"
"Ahmed El Messaoudi","Qingdao Manatee"
"Lisandro Semedo","Wieczysta Krakow"
"Andrija Novaković","Reggiana"
"Chriso","Qarabağ FK"
"Giannis Kotsiras","Panathinaikos"
"Riccardo Sottil","Lecce"
"Cam Lindley","Indy Eleven"
"Richie Laryea","Toronto FC"
"Kevin Molino","Defence Force"
"Sam Nicholson","Motherwell"
"Nicholas Pennington","Perth Glory"
"Omar Jebali","Start"
"Finn Stokkers","Go Ahead Eagles"
"Luis Sinisterra","Cruzeiro"
"Khayon Edwards","Estoril"
"Amani Richards","Barnsley"
"Amario Cozier-Duberry","Bolton Wanderers"
"Rasmus Kristensen","Eintracht Frankfurt"
"Mohamed Hamdaoui","Telstar"
"Simo Bouzaidi","Marítimo"
"Antonio Casas","Venezia"
"Jamie Gittens","Chelsea"
"Niclas Dühring","Karlsruher SC"
"Caleb Sery","Molde"
"Axel Borgmann","Energie Cottbus"
"Jordan Teze","AS Monaco"
"Antony","Portland Timbers"
"Jesús Medina","Atlético San Luis"
"Mark-Anthony Kaye","Sacramento Republic"
"Nicolás Guillermo Fuica Collazzi","Deportivo Maldonado"
"Matías Morello","Aldosivi"
"Ben Mines","Las Vegas Lights"
"Kyle Duncan","Minnesota United"
"Otto Rosengren","Malmö FF"
"Thibault Vlietinck","OH Leuven"
"Jelle Vossen","Zulte Waregem"
"Stefano Denswil","Kayserispor"
"Mats Rits","RSC Anderlecht"
"Wesley Moraes","Shenzhen Peng City FC"
"Anton Zabolotny","Spartak Moscow"
"Robert Skov","Union Berlin"
"Denis Vavro","Wolfsburg"
"Jesse Joronen","Palermo"
"Chiheb Labidi","Nacional"
"Leandro Paredes","Boca Juniors"
"Pieter Gerkens","Cercle Brugge"
"Francis Amuzu","Grêmio"
"Jaden Warner","Newport County AFC"
"Andy Najar","Nashville SC"
"Joe Worrall","Burnley"
"Hazem Mastouri","Dynamo Makhachkala"
"Jonathan Levi","Ferencvaros"
"Anders Trondsen","HamKam"
"Birger Meling","FC København"
"Adilet Sadybekov","Kairat"
"Vegar Hedenstad","Vålerenga"
"Leo Sauer","Feyenoord"
"Nor Maviram","Tondela"
"Artem Smolyakov","LAFC"
"Jordan Bos","Feyenoord"
"Rome-Jayden Owusu-Oduro","AZ Alkmaar"
"Josué","Coritiba Fbc"
"Filippo Alessio","Vicenza Virtus"
"Alessandro Circati","Parma Calcio 1913"
"Güray Vural","Antalyaspor"
"Mustafa Yumlu","Erzurumspor"
"Sergey Petrov","FK Krasnodar"
"Mauricio Pereyra","Nacional"
"Wanderson","Cruzeiro"
"Aleksandr Martynovich","Kairat"
"Uros Spajic","Beijing Guoan"
"Cristian Ramírez","Lokomotiv Moscow"
"Necip Uysal","Beşiktaş"
"Kristoffer Zachariassen","Ferencvaros"
"Aleksandr Vasyutin","Akron"
"Gary Medel","Universidad Católica"
"Tarek Buchmann","Nürnberg"
"Matěj Hanousek","Gençlerbirligi"
"Rúben Pereira","Academico Viseu"
"Badavi Hüseynov","Qarabağ FK"
"Alexandros Paschalakis","Olympiacos"
"Dimitris Pelkas","PAOK Thessaloniki"
"Viktor Tsygankov","Girona"
"Tomasz Kędziora","PAOK Thessaloniki"
"Sergiy Sydorchuk","Westerlo"
"Nazarii Rusyn","Arka Gdynia"
"Ivan Šunjić","Pafos"
"Mislav Oršić","Pafos"
"Petar Stojanović","Legia Warszawa"
"Roman Neustädter","Westerlo"
"Cian Hayes","Peterborough United"
"İsmail Köybaşı","Göztepe"
"Diego Reyes","Querétaro"
"Marcus Ingvartsen","San Diego FC"
"Joseph Paintsil","LA Galaxy"
"Joseph Aidoo","Celta Vigo"
"Jackson Izquierdo","Crawley Town"
"Anders Christiansen","Malmö FF"
"Ondřej Kolář","Slavia Praha"
"Mikhail Ignatov","Sochi"
"Giordano Colli","FC Tulsa"
"Artem Timofeev","Lokomotiv Moscow"
"Chris Donnell","Central Coast Mariners"
"Pedro Rocha","Coritiba Fbc"
"Keke Topp","Werder Bremen"
"Habeeb Ogunneye","Newport County AFC"
"Jack Moorhouse","Leyton Orient"
"Rubén Iranzo","Valencia"
"Victor Pálsson","Plymouth Argyle"
"Kevin Rüegg","Basel"
"Yanick Brecher","FC Zürich"
"Igor Silva","Lorient"
"Connor McLeod","Falkirk"
"Axel Guéguin","Montpellier"
"Junior Ndiaye","Montpellier"
"Anton Nedyalkov","Ludogorets Razgrad"
"Ángel Algobia","AVS"
"Dirk Asare","Zulte Waregem"
"Max Aarons","Rangers"
"Mousslim Youssouf","OGC Nice"
"Charlie Dressel","Grenoble Foot"
"Hedy Bechar","Stade Nyonnais"
"Derrickson Quirós Sánchez","Xelaju"
"Mauro Díaz","Universidad Católica"
"Mirko Ivanic","FK Crvena Zvezda"
"Loïc Négo","Le Havre"
"Juan María Alcedo","Córdoba CF"
"Alex Roldán","Seattle Sounders"
"Magnus Wolff Eikrem","KFUM-Kameratene Oslo"
"Handwalla Bwana","Las Vegas Lights"
"Rijk Janse","NEC"
"Kamil Zapolnik","Bruk-Bet Termalica Nieciecza"
"Marcin Cebula","Korona Kielce"
"Lorenzo Romani","Carrarese Calcio 1908"
"Samuel Mbangula","Werder Bremen"
"Henry Wingo","Toronto FC"
"Alexander Crognale","San Antonio"
"Maycon","Atlético Mineiro"
"Taison","PAOK Thessaloniki"
"William Clem","FC København"
"Emil Winther Højlund","Schalke 04"
"Rômulo","Sporting CP"
"Alexandar Popovic","Sydney"
"Tyrese Hall","Notts County"
"Soungoutou Magassa","West Ham United"
"Vyacheslav Yakimov","Fakel"
"Elias Myrlid","Aalesund"
"Lewis Morgan","San Diego FC"
"Bekir Turaç Böke","Göztepe"
"Maxime Pau","RAAL La Louvière"
"Luca Antony Jaquez","VfB Stuttgart"
"Michał Król","Motor Lublin"
"Marcos Martinich","Cienciano"
"Hugo Javier Benítez","Sportivo Ameliano"
"Óscar Rigoberto Romero Adorno","Club 2 de Mayo"
"Sergi Guardiola","Córdoba CF"
"Kaique Pereira","Nacional"
"Fermín Antonini","Gimnasia Mendoza"
"Jacob Christensen","Molde"
"Magnus Kofod Andersen","Sparta Praha"
"Ulrik Yttergård Jenssen","Lillestrøm"
"Victor Nelsson","Hellas Verona"
"Brad Stuver","Austin FC"
"Emiliano Velázquez","Danubio"
"Zachary Hemming","Chesterfield"
"Charlie McArthur","York City"
"Filip Loftesnes-Bjune","Sandefjord"
"João Pedro","RKS Radomiak Radom"
"Isaac","Santa Clara"
"Alessandro Lopane","Melbourne City"
"Jairo O'Neil","Boston River"
"Juanpa Palomares","Mirandés"
"John Olav Norheim","Start"
"Håkon Krogelien","Sandefjord"
"Marc Llinares Barragán","Śląsk Wrocław"
"Noel López","Tenerife"
"Hugo Félix","Tondela"
"Joshua Zimmerman","Livingston"
"Brandon Vázquez","Austin FC"
"JT Marcinkowski","LA Galaxy"
"Nélson Monte","Almería"
"Miller Thomson","Dundee United"
"Filip Manojlović","Start"
"Diego González","AD Ceuta FC"
"Álex  Pastor","Málaga"
"Nico Ratti","FC Andorra"
"Ruan Qilong","Chongqing Tonglianglong"
"Tim Rossmann","Fortuna Düsseldorf"
"Andy Escudero","AD Ceuta FC"
"Seny Dieng","Sheffield Wednesday"
"Sam Lavelle","Grimsby Town"
"Yayo González","CyD Leonesa"
"Christopher Ibayi","Thun"
"Maël de Gevigney","Barnsley"
"Kapit Djoco","Sochaux"
"Ryan Edmondson","Central Coast Mariners"
"William Saliba","Arsenal"
"Jesús de Miguel","Tenerife"
"Mattheus","Tampa Bay Rowdies"
"Elías Rubén Sarquis Vargas","Club Rubio Nu"
"Petr Jaron","Baník Ostrava"
"Nehuén Paz","Huracán"
"Florian Valot","Oakland Roots SC"
"Rhys Browne","Barnet"
"Corey Hollman","Sydney"
"Enes Mahmutovic","NAC Breda"
"Kodjo Jean Claude Aziangbe","Shanghai Port"
"Mehdi Boukamir","Sporting Charleroi"
"Or Israelov","Estoril"
"Miguel Sousa","Casa Pia AC"
"Egoitz Arana","Real Sociedad B"
"Javi Moreno","Albacete"
"Henry Merson Leonard Gray","Harrogate Town"
"Finn Surman","Portland Timbers"
"Joel Tabiner","Crewe Alexandra"
"Tomás Mendes","Alverca"
"Arnau Comas","RC Deportivo La Coruña"
"Joel Roca","Girona"
"Sebastian Polter","Eintracht Braunschweig"
"Moudjatovic","Tondela"
"Johaneko Jean","Athletic Club"
"Trésor Matondo","Guingamp"
"Byron Webster","Bromley"
"Ibrahima Keita","Neuchâtel Xamax"
"Luca Pellegrini","Lazio"
"Malik Dijksteel","St Mirren"
"Jili Buyabu","Rotherham United"
"Tommy McDermott","Shrewsbury Town"
"Azamat Uriev","US Boulogne"
"Sadik Fofana","Lecce"
"Taine Anderson","Cheltenham Town"
"Iván Márquez","Fortuna Sittard"
"Miguel Pedroza","Necaxa"
"Mauro Zaleta","Mazatlán"
"Jimi Gower","Moreirense"
"Jayden Meghoma","Rangers"
"Juanjo Sánchez","Tenerife"
"Jesús Bernal","Sporting Gijón"
"Sebastián Pérez-Bouquet","Atlético San Luis"
"Tommy Backwell","Cheltenham Town"
"Tim Ream","Charlotte"
"Grady Diangana","Elche"
"Ibrahim Kone","US Boulogne"
"Maarten Paes","Ajax"
"Antonio Prisco","Benevento"
"Mohamed Achi","Rodez"
"Jodi Jones","Notts County"
"Santiago Trigos","Pumas UNAM"
"Louis Mouton","Angers"
"Rafael Leão","AC Milan"
"Jens Castrop","Borussia Mönchengladbach"
"Levis Pitan","Piast Gliwice"
"Abraham Villegas","León"
"Danley Jean Jacques","Philadelphia Union"
"Noah Zilliox","Bastia"
"Donovan Basset","Bastia"
"Justin Hoogma","Willem II"
"Omar Mascarell","Mallorca"
"Dimitrios Limnios","Fortuna Sittard"
"Florent Muslija","Fortuna Düsseldorf"
"Álvaro Zamora","Academico Viseu"
"Eduardo Armenta","Querétaro"
"Connor Barron","Rangers"
"Feifan Jia","Beijing Guoan"
"Aleksandar Jovanovic","Kocaelispor"
"Hillel Konaté","Troyes"
"Felix Götze","Paderborn"
"André Luis","Mirassol Futebol Clube"
"Germán Conti","Gimnasia La Plata"
"Peter Ambrose","Neuchâtel Xamax"
"Kendall Burks","Lexington SC"
"Eber Moreno","Deportivo Pereira"
"Joider Micolta","Deportivo Pasto"
"Henry Mosquera","Red Bull Bragantino"
"Thomas Donaghy","Oldham Athletic"
"Anastasios Bakasetas","Panathinaikos"
"Fernando","Red Bull Bragantino"
"Sergio Reguilón","Inter Miami"
"Arthur Vitelli","Sochaux"
"Nicolás Lara","Rionegro"
"Juan Avalo","Rionegro"
"Víctor Mejía","Cúcuta Deportivo"
"Mathieu Choinière","LAFC"
"Benjamin Kimpioka","Tondela"
"Zlatan Alomerovic","Zagłębie Lubin"
"Carlos Mané","Kayserispor"
"Daniel Eduardo Polanco García","Boyacá Chicó"
"Washington Ortega","LD Alajuelense"
"Juan Roa","Rionegro"
"Stiwar Mena","Técnico Universitario"
"Mateo García","Millonarios"
"Rafael Bustamante","Jaguares de Córdoba"
"Law McCabe","Plymouth Argyle"
"Royscer Colpa","Jaguares de Córdoba"
"Edwin Martínez","Jaguares de Córdoba"
"Léider Berrío","Independiente Medellín"
"Yeison Suárez","Junior"
"Rifat Zhemaletdinov","FK Akhmat Grozny"
"Michael Spellman","Newport County AFC"
"Sasa Kalajdzic","Wolverhampton Wanderers"
"Tomas Kalinauskas","Burton Albion"
"Dumè Guidi","Bastia"
"Max Clark","Gillingham"
"Ryan Porteous","LAFC"
"Erlend Reitan","Start"
"Alex Gersbach","Western Sydney Wanderers"
"Zexiang Yang","Shanghai Shenhua"
"Sun Zheng'ao","Qingdao Manatee"
"Yue Xin","Shanghai Port"
"Jin Cheng","Zhejiang Professional"
"Di Gao","Zhejiang Professional"
"Dong Yu","Qingdao West Coast"
"Wang Yang","Zhejiang Professional"
"Long Wei","Wuhan Three Towns"
"Zhao Bo","Zhejiang Professional"
"Wang Dongsheng","Chengdu Rongcheng"
"Adriano","Raków Częstochowa"
"Gabriel Delfim","Atlético Mineiro"
"Téo Barišić","Lyon"
"Jaime Diaz","Boyacá Chicó"
"Duván Rodríguez","Jaguares de Córdoba"
"Bojan Nastić","Wisła Płock"
"Leonardo Koutris","Pogoń Szczecin"
"Matías Nahuel","Jagiellonia Białystok"
"Mauricio Isla","Colo Colo"
"Baktiyor Zainutdinov","Dinamo Moscow"
"Rafael Santos","Chapecoense"
"Everton Galdino","Mirassol Futebol Clube"
"Shapi Suleymanov","Sporting Kansas City"
"Nelson Blanco","San Antonio"
"Frank Magri","Toulouse"
"Aymane Nassiri","US Boulogne"
"Tiquinho Soares","Mirassol Futebol Clube"
"Daniel Mosquera","Hellas Verona"
"Telasco Segovia","Inter Miami"
"Ousmane Kanté","Pau"
"Jason Adigun","Stockport County"
"Euan Williams","Gillingham"
"Jesper Reitan-Sunde","Rosenborg BK"
"Ariel Lassiter","Portland Timbers"
"Yeison Daniel Moreno Murillo","AA Estudiantes Río Cuarto"
"Admir Bristrić","Leicester City"
"Davíd Jóhannsson","Aalesund"
"Agustín Auzmendi","Gimnasia La Plata"
"Michele Pezzolato","Modena"
"Lorenzo Villa","Calcio Padova"
"Victor Aznar","Cádiz"
"Kyle Edwards","Northampton Town"
"Massamba Ndiaye","Clermont Foot"
"Oisin Smyth","St Mirren"
"Dylan Lawlor","Cardiff City"
"Islamdine Halifa","Red Star FC"
"David Nykrin","FK Jablonec"
"Brunallergene Junior Etou","Pittsburgh Riverhounds"
"Devron Kiber García Ducker","Real España"
"Antonio Oviedo Cortizo","San Lorenzo"
"Jules Mouton","Grenoble Foot"
"Bruno Cabrera","Newell's Old Boys"
"Facundo Bruera","Barracas Central"
"Gastón Kevin Benítez Ibarra","Club Nacional"
"Jhosep Núñez","UTC Cajamarca"
"Darixon Eniel Vuelto Pérez","Real España"
"Francisco Barrios","Boston River"
"Alan Matturro","Levante UD"
"Matías Abaldo","Independiente"
"Lucas de los Santos","Defensor Sporting"
"Ariel Muñoz","Club Alianza Atlético Sullana"
"Lucas Leonel Correa Sebben","Cerro Largo"
"Felipe Ogaz","O'Higgins"
"Diego Ulloa","Colo Colo"
"Marcelo Estigarribia","Unión"
"Richard Ortiz","Deportivo Recoleta"
"Manuel Romero Galeano","Xelaju"
"Orlando Junior Barreto Viera","Olimpia"
"Alexander Antonio Oroz Huerta","La Serena"
"Mateo Joseph","Mallorca"
"Alejo Cruz","CA Juventud"
"Rodrigo Agustín Saravia Salvia","Boston River"
"Jamie Gullan","St Johnstone"
"Yakup Kırtay","Erzurumspor"
"Alis Maximiliano Noble Sequeira","Deportivo Maldonado"
"Sergio Andrés Carrasco Espinoza","Cobresal"
"Ignacio Arce","Deportivo Riestra"
"Finn Stam","Willem II"
"Jayden Addai","Como"
"Luis Riveros","Coquimbo Unido"
"Daniel Piña","Audax Italiano"
"Alejandro Samudio Ramírez","Club Nacional"
"Robbie Ure","Sevilla"
"Connor Allan","Falkirk"
"Connor McLennan","Livingston"
"Jorge González","Club Rubio Nu"
"Hugo Iván Valdez Medina","Club Nacional"
"Renan Ribeiro","Estrela Amadora"
"Ronal Domínguez","Deportivo Recoleta"
"Leonard Costa","Independiente Rivadavia"
"Emiliano Rodríguez Rosales","Cerro"
"Derlis Joel Mereles Mora","Club Rubio Nu"
"Valentín Nicolás Adamo Reyes","Boston River"
"Matías Iván Alfonso Colina","San Lorenzo"
"Sebastián Figueredo","Leganés"
"Ousmane Diomande","Sporting CP"
"Raf Smekens","Westerlo"
"Abdoulaye Ouattara","Vancouver FC"
"Gustavo Marques","Red Bull Bragantino"
"Arthur","Bayer Leverkusen"
"Nicolás Gaitán","Aldosivi"
"Matheuzinho","EC Vitória"
"Sebastián Medina","Tigre"
"Tomás Silva","CA Platense"
"Tadeo Allende","Inter Miami"
"Mateo Cáceres","Talleres de Córdoba"
"Gonzalo Flores","Deportivo Riestra"
"Lucas Blondel","Huracán"
"Julián Fernández","Rosario Central"
"Patricio Boolsen","Deportivo Cuenca"
"Kevin Ortiz","Atlético Tucumán"
"Juan Díaz","Universidad Católica"
"Iván Tapia","Barracas Central"
"Carlos Arce","Barracas Central"
"Maximiliano Puig","Barracas Central"
"Rodrigo Emanuel Saracho","San Antonio Bulo Bulo"
"Gonzalo Ríos","Independiente Rivadavia"
"Perr Schuurs","NEC"
"Thomas Buitink","PEC Zwolle"
"Tomasz Makowski","Zagłębie Lubin"
"Jamal Thiaré","Columbus Crew"
"Brahian Cuello","Unión"
"Jean-Ricner Bellegarde","Wolverhampton Wanderers"
"Samuel Alejandro Careaga","Hartford Athletic"
"Mateo Sanabria","Bahia"
"Pablo Ezequiel Calderón","Deportivo Ñublense SADP"
"Tomás Muro","Club Sportivo Luqueño"
"Eric Calvillo","El Paso Locomotive"
"Aldo González","Deportivo Recoleta"
"Benjamin Kabeya","BSC Young Boys"
"Dani Barcia","RC Deportivo La Coruña"
"Rubén López","RC Deportivo La Coruña"
"Dominik Prpić","FC Porto"
"Fernando Juárez","Central Córdoba SdE"
"Francisco Álvarez","Argentinos Juniors"
"Juan Pablo Pignani","Central Córdoba SdE"
"Kevin Pereira","Club Sportivo Luqueño"
"Rodrigo Garro","Corinthians"
"A.Borza","Çorum"
"Óscar García","León"
"Dario Kreiker","Dukla Praha"
"Kevin Mantilla","Independiente Medellín"
"Pipe Gómez","Once Caldas"
"Pedro Pedraza","Pachuca"
"Valentino Ybrahin Sandoval Sánchez","FC Cajamarca"
"Álvaro Ampuero","Cusco"
"Sebastián Alexandre Aranda Vallumbrosio","Sport Boys"
"Nikolas Veratschnig","FSV Mainz 05"
"Juan Carlos Ortiz Hernández","Deportivo Táchira"
"Emmanuel Gómez Riga","Independiente Rivadavia"
"Paul Pogba","AS Monaco"
"Franklin Mosquera","Jaguares de Córdoba"
"Nikola Stankovic","FK Crvena Zvezda"
"Andrej Djuric","Malmö FF"
"Marcelinho","Clube do Remo"
"Luuk de Jong","FC Porto"
"Jetro Willems","NEC"
"Adrián Fernández","Atlético Grau"
"David Kiki","FC FCSB"
"Javi Ontiveros","Cádiz"
"Leandro Andrade","Qarabağ FK"
"Manuel Antonio Gamboa","Mushuc Runa"
"Juan Luis Anangonó León","Leones del Norte"
"Lasse Rieß","FSV Mainz 05"
"Nélson Oliveira","Vitória Guimarães"
"David Poreba","Chicago Fire"
"Tom Wilson-Brown","Swindon Town"
"Alex Moreno","Millonarios"
"Theo Vassell","Crawley Town"
"Franco Ezequiel Aragón","San Lorenzo"
"Sota Kitano","Salzburg"
"Creichel Pérez","LD Alajuelense"
"Edinson Manuel Mero Figueroa","Guayaquil City"
"Facundo Queiroz Martínez","Olimpia"
"Leroy Janpol Morales Napa","Cobresal"
"Hancel Javier Batalla Carreño","Libertad"
"José Luis Angulo Angulo","Leones del Norte"
"Tomáš Pekhart","Dukla Praha"
"Fidel Brice Ambina","Vålerenga"
"Matías Ruiz Díaz","AA Estudiantes Río Cuarto"
"Álvaro López","Albion"
"Kaiyne Woolery","Tranmere Rovers"
"Stalin Morocho","Deportivo Cuenca"
"Edwin Ernesto Mesa Mercado","Técnico Universitario"
"Joaquín Azzem Vergés Collazo","Manta FC"
"Nectarios Triantis","Minnesota United"
"Tom Knowles","Barnet"
"Vaughn Elber Chase Villanueva Siguas","Juan Pablo II College"
"Clementino González Martínez","Sportivo Trinidense"
"Darío Osorio","FC Midtjylland"
"Mateo Seoane","Gimnasia La Plata"
"Milan Petržela","Slovácko"
"Kevin Serna","Fluminense"
"Gu-rum Choi","Cusco"
"Ademar Robles","Cienciano"
"Christian Martín Velarde Arrunátegui","Los Chankas"
"Will Sands","New England Revolution"
"Noah Allen","Inter Miami"
"Cristian Romero","Tottenham Hotspur"
"Ben Bender","Philadelphia Union"
"Sofiane Djeffal","New Mexico United"
"Deandre Kerr","Toronto FC"
"Luca Petrasso","CF Montreal"
"Kipp Keller","New Mexico United"
"Ryan Spaulding","Sacramento Republic"
"Jacob Jackson","Monterey Bay"
"Tim Trummer","Salzburg"
"Artem Makarchuk","Sochi"
"Vanja Savić","Napoli"
"Matt Dench","Brisbane Roar"
"Thomas Williams","Nashville SC"
"Miguel Gómez","Guadalajara"
"Ivan Provedel","Lazio"
"Moustapha Cissé","Carrarese Calcio 1908"
"Alessandro Tripaldelli","Reggiana"
"Þorleifur Úlfarsson","Loudoun United"
"Marcus Godinho","Sporting JAX"
"Danny Batth","Derby County"
"Sam Vines","Houston Dynamo"
"Alexis Cuello","San Lorenzo de Almagro"
"Matthew Polster","New England Revolution"
"Sergio Akieme","Stade de Reims"
"Alejandro Jesús Santander Caro","Cobresal"
"Christoffer Jensen","Forge FC"
"Krépin Diatta","AS Monaco"
"Joel Ordóñez","Club Brugge"
"Steven Skrzybski","Holstein Kiel"
"Killian Cahill","Leyton Orient"
"Jordan Rossiter","Sporting JAX"
"Mauricio Sebastián Alonso Pereda","Universidad Católica"
"Brayan Medina","Tondela"
"Ivan Ignatjev","Orenburg"
"Tchê Tchê","Vasco da Gama"
"José Tapia","La Serena"
"Harol Salgado","Universidad Concepción"
"Camil Mmaee","Sarpsborg 08"
"Jonathan Perlaza","Deportivo Pasto"
"Daniel Emiliano Clavijo Romero","Universidad Católica"
"Junior Jimar Ayovi Caicedo","Guayaquil City"
"Hidajet Hankic","Rostov"
"Mounaïm El Idrissy","Troyes"
"Amankwah Forson","Norwich City"
"Santiago Milano Larrosa","Liverpool"
"Scott Hogan","Milton Keynes Dons"
"Jakub Vinarčík","FC Arouca"
"Alessandro Milesi","Miami FC"
"Wilfrido Báez","Deportivo Recoleta"
"Bruno Duarte","UTC Cajamarca"
"Alonso Ramírez","Puebla"
"Yohan Tavares","Stade Lavallois"
"Juan Musso","Atlético Madrid"
"Atakan Karazor","VfB Stuttgart"
"Piotr Samiec-Talar","Śląsk Wrocław"
"Dominik Fitz","Minnesota United"
"Jérôme Onguéné","Eyüpspor"
"Matthias Verreth","Bari"
"Óscar Estupiñán","Juárez"
"Tomasz Neugebauer","Lechia Gdańsk"
"Niko Tsakiris","San Jose Earthquakes"
"Ousseni Bouda","San Jose Earthquakes"
"Christian Zawieschitzky","Salzburg"
"Claude Gonçalves","Legia Warszawa"
"Juan Cruz de los Santos","Nacional"
"Kai Payne","Oldham Athletic"
"Christy Grogan","Stockport County"
"Daniel Ihendu","FC Zürich"
"Strahinja Tanasijević","New York City FC"
"Butta Magomedov","Fakel"
"Matheus Bidu","Corinthians"
"Alan Lescano","Argentinos Juniors"
"Timo Jansink","Heracles Almelo"
"Sem Scheperman","Heracles Almelo"
"Matt Real","Hartford Athletic"
"Josh Dasilva","Brentford"
"Jorge Luis Yriarte González","Śląsk Wrocław"
"Maximiliano Romero","Colo Colo"
"Dirk Abels","Grasshopper"
"Abiel Osorio","Defensa y Justicia"
"Jesús Muñoz","Alianza Valledupar"
"Nicolás Paz","Unión"
"Javi Montero","Málaga"
"Sergi Samper","Motor Lublin"
"Rubén Ramírez","Bolívar"
"Carl Jenkinson","Bromley"
"Leon Jensen","Hertha Berlin"
"Jonas Wind","Wolfsburg"
"Peter Olayinka","FK Crvena Zvezda"
"Dorukhan Toköz","Kayserispor"
"Franco Saavedra","Gimnasia Mendoza"
"Axel Bamba","Pau"
"Lucas Sasha","Fortaleza"
"Radoslaw Majecki","Stade Brestois"
"Noah Bazee","Arminia Bielefeld"
"Sean Mackie","Falkirk"
"Roderick Epps","Lexington SC"
"Bruno Miranda","Aucas"
"Carlos Strandberg","Qingdao Manatee"
"Luca Ashby-Hammond","Plymouth Argyle"
"Tomás Molina","Argentinos Juniors"
"Alex Andrés Rodríguez Reascos","Universidad Católica"
"Benoît Badiashile","Chelsea"
"Sinclair Osnar García Quezada","ADT"
"Andriy Lunin","Real Madrid"
"Noah Sahsah","Rosenborg BK"
"Oscar Verhoeven","San Diego FC"
"Elton Kabangu","Hearts"
"Görkem Sağlam","Kayserispor"
"Lucas Colitto","Cusco"
"Aitor Cantalapiedra","EC Vitória"
"Olivier Mbaizo","Philadelphia Union"
"Dimitri Lavalée","Sturm Graz"
"Luuk Koopmans","Fortuna Sittard"
"Luc Mares","HamKam"
"Mateus Pivô","AVS"
"Lewis Montsma","Port Vale"
"Bas Langenbick","Cercle Brugge"
"Kevin O’Toole","New York City FC"
"Damon Mirani","Heracles Almelo"
"Diego Augusto Rodríguez Carreño","Atlético Grau"
"Ragnar Oratmangoen","Dender"
"Ricky Ruiz","El Paso Locomotive"
"Charlie Dennis","Phoenix Rising"
"Wolfgang Prentice","Oakland Roots SC"
"Jay Williams","Crawley Town"
"Pablo Ruiz","Real Salt Lake"
"Rayan Kolli","Queens Park Rangers"
"Victor Jensen","FC Utrecht"
"Nicolas Kühn","Como"
"Mitchel Bakker","Atalanta"
"Tomás Palacios","Estudiantes"
"Tijjani Reijnders","Manchester City"
"Carl Sainté","El Paso Locomotive"
"Cristhian Ocampos","Sportivo Ameliano"
"Alex Plat","FC Volendam"
"Tiago","San Antonio"
"Nathan Dossantos","Tampa Bay Rowdies"
"Marc Ybarra","Las Vegas Lights"
"Arturo Osuna","Lexington SC"
"Palmer Ault","St. Louis City"
"Nicky Souren","Cambuur Leeuwarden"
"Luis López","Real España"
"Agustín Ojeda","New York City FC"
"Isaiah Foster","Colorado Springs"
"Ayo Akinola","Vaduz"
"Jay Enem","FK Crvena Zvezda"
"Patrickson Delgado","FC Dallas"
"Dominik Kotarski","FC København"
"Eniss Shabani","Śląsk Wrocław"
"Hobie Verhulst","AZ Alkmaar"
"Vilington Germán Branda Merlín","Libertad"
"Thomas Verheydt","Willem II"
"Jari Vlak","CD Castellón"
"César Pérez","Defensa y Justicia"
"Greg Hurst","New Mexico United"
"Jesse Maldonado","Oakland Roots SC"
"Adrian Rebollar","Monterey Bay"
"Kevin Partida","Orange County SC"
"Rhys Williams","Detroit City"
"Connor Rutz","Detroit City"
"Maximiliano Rodríguez","Detroit City"
"Devon Amoo-Mensah","Detroit City"
"Jurriën Timber","Arsenal"
"Mike Kleijn","Sparta Rotterdam"
"Emmanuel Johnson","San Antonio"
"Francesco Conti","Sampdoria"
"Dylan Mertens","Telstar"
"Gavin Turner","DC United"
"Facundo Lescano","US Avellino"
"Justin Devenny","Crystal Palace"
"Gijs Smal","Feyenoord"
"Ché Nunnely","RKS Radomiak Radom"
"Xavier Mbuyamba","FC Volendam"
"Eros Maddy","Stade Lavallois"
"Anthony Markanich Jr","Minnesota United"
"Travis Patterson","FC Annecy"
"Alex Palmer","Ipswich Town"
"Alexandre Dias Patrício","Étoile Carouge FC"
"Ayman El Wafi","Lugano"
"Edhy Zuliani","Pau"
"Senan Mullen","Mantova"
"Haji Wright","Coventry City"
"Ajay Matthews","Leyton Orient"
"Joaquín Fernández","Huesca"
"Patrick Kammerbauer","Osnabrück"
"Kevin Vázquez","Sporting Gijón"
"Yuning Zhang","Beijing Guoan"
"Bryan Leonardo Quiñonez Mendoza","Orense"
"Trent Kone-Doherty","Molde"
"Khéphren Thuram","Juventus"
"Carlos Esparragoza","Alianza Valledupar"
"Saulo Decarli","Grasshopper"
"Denzell Arturo García Bojorquez","Juárez"
"Azor Matusiwa","Ipswich Town"
"Fatih Aksoy","Alanyaspor"
"Mirlind Kryeziu","Winterthur"
"Cameron Howieson","Auckland FC"
"Dennis Appiah","Saint-Étienne"
"Fatih Kaya","Samsunspor"
"Valery Fernández","Real Zaragoza"
"Mauro Goicoechea","Danubio"
"Yohann Magnin","Grenoble Foot"
"Domingos Quina","Pafos"
"Theodoros Tsirigotis","Górnik Zabrze"
"Kevin Höög Jansson","Estrela Amadora"
"Bafodé Diakité","AFC Bournemouth"
"Bobby Allain","Grenoble Foot"
"João Mendes","Kayserispor"
"Kwame Awuah","Loudoun United"
"Luke Berry","Charlton Athletic"
"Matthias Phaëton","FC Zürich"
"Kieren Flavell","Barnsley"
"Saïd Bakari","Sparta Rotterdam"
"Nordin Bakker","SC Heerenveen"
"Evan Conway","Tampa Bay Rowdies"
"Luan Peres","Santos"
"Abel Hernández","Peñarol"
"Kostas Lamprou","NAC Breda"
"Erik Botheim","Malmö FF"
"Alexander Franco","Deportivo Recoleta"
"Félix Tomi","Bastia"
"Harry Politidis","Macarthur FC"
"Giorgi Tsitaishvili","Metz"
"Joe Kizzi","Barnet"
"Salvador Ichazo","Independiente Medellín"
"Charlie Raglan","Barrow"
"Duncan Watmore","Rotherham United"
"Stefano Fernández","Club Alianza Atlético Sullana"
"Kamari Doyle","Reading"
"Owen Dale","Plymouth Argyle"
"Ollie Kensdale","Barnet"
"Filip Marchwinski","Cracovia Kraków"
"Anthony Ralston","Celtic"
"Paul Delecroix","Dijon"
"Eliot Goldthorp","Pittsburgh Riverhounds"
"Daniel Michael Green","Mount Pleasant"
"Meritan Shabani","Bellinzona"
"Tomasz Mokwa","Piast Gliwice"
"Luke Biasi","Phoenix Rising"
"Lorenzo Dickmann","Bari"
"James Rowswell","Tottenham Hotspur"
"Charles","Vitória Guimarães"
"Lyanco","Atlético Mineiro"
"Kayne Ramsay","Charlton Athletic"
"Antony Alonso","Deportivo Riestra"
"Jaylin Lindsey","Orange County SC"
"Matthew Corcoran","Nashville SC"
"Arvin Appiah","Amiens"
"Francisco Trincão","Sporting CP"
"Wan Kuzain","Sporting JAX"
"Graham Smith","Charleston Battery"
"Cabral Carter","LAFC"
"Trent Ostler","Perth Glory"
"Earl William Edwards Jr.","San Jose Earthquakes"
"Jesus Ferreira","Seattle Sounders"
"Snyder Brunell","Seattle Sounders"
"Javier Otero","Orlando City"
"Sergio Oregel","Chicago Fire"
"Justin Reynolds","Sporting Kansas City"
"Charlie Ostrem","Tampa Bay Rowdies"
"Blaine Ferri","Lexington SC"
"Collin Samuel Smith","Phoenix Rising"
"Bernard Kamungo","FC Dallas"
"Hope Avayevu","Phoenix Rising"
"Nolan Norris","FC Dallas"
"Devin Padelford","Minnesota United"
"Diogo Pacheco","San Antonio"
"Alec Smir","Minnesota United"
"Jon-Talen Maples","Colorado Springs"
"Ali Ahmed","Norwich City"
"Simon Becher","St. Louis City"
"Thierno Elage Bah","Vancouver FC"
"Dida Armstrong","Sporting JAX"
"Miguel Perez","St. Louis City"
"Célio Pompeu","St. Louis City"
"Max Schneider","Tampa Bay Rowdies"
"Pedro Dolabella","Tampa Bay Rowdies"
"Roman Celentano","Cincinnati"
"Gerardo Valenzuela","Cincinnati"
"Nelson Pierre","FC Tulsa"
"Frankie Westfield","Philadelphia Union"
"Jackson Gilman","Toronto FC"
"Stefan Stojanovic","Brooklyn FC"
"Christopher Donovan","Louisville City"
"Marco Micaletto","Tampa Bay Rowdies"
"Noah Fuson","Rhode Island"
"Quinton Elliot","Monterey Bay"
"Nolan Miller","Orlando City"
"David Ruiz","Inter Miami"
"Philip Quinton","Real Salt Lake"
"Jordan Knight","Nashville SC"
"Abdoul Razack Guiebre","Ascoli Calcio"
"Kévin Denkey","Cincinnati"
"Dwayne Atkinson","Rhode Island"
"Emmanuel Ochoa","Cruz Azul"
"Ethan Kohler","New England Revolution"
"Julian Bravo","Oakland Roots SC"
"Jamin Gogo Peters","Rhode Island"
"Eduardo Blancas","Monterey Bay"
"Liam Gibson","Harrogate Town"
"Rafael Cabral","Real Salt Lake"
"Massimo Zilli","Frosinone"
"Crysencio Summerville","West Ham United"
"Carlos Baleba","Brighton & Hove Albion"
"Anıl Yiğit Çınar","Fatih Karagümrük"
"Charlie Kelman","Charlton Athletic"
"Nicholas Enrique Benalcazar","Orange County SC"
"Ethan Bandré","Loudoun United"
"Yosuke Hanya","Colorado Springs"
"Jackson Travis","Colorado Rapids"
"Kobe Franklin","Toronto FC"
"Sean Zawadzki","Columbus Crew"
"Jahmali Waite","Tampa Bay Rowdies"
"Íker Moreno","Puebla"
"Matvey Lukun","CSKA Moscow"
"Samuel Leach Holm","Fredrikstad"
"Jonathan Leko","Milton Keynes Dons"
"Jesper Ceesay","Antalyaspor"
"Taylan Harris","Tranmere Rovers"
"Maciej Kikolski","Widzew Łódź"
"Junnosuke Suzuki","FC København"
"Peter Amoran","Cesena"
"Nicolas Binder","Cambuur Leeuwarden"
"Brad Tapp","Central Coast Mariners"
"Harrison Jones","Peterborough United"
"Gabriel Díaz","CA Sarmiento"
"Aaron Ramsdale","Newcastle United"
"Mohamad Sylla","Livingston"
"Nigel Thomas","ADO Den Haag"
"Justin Lonwijk","Fortuna Sittard"
"Ezequiel Herrera","San Lorenzo de Almagro"
"Roberto López","Leganés"
"Mikkel Rakneberg","Bochum"
"Vetle Skjærvik","Tromsø"
"Halvor Rødølen","HamKam"
"Morten Bjørlo","Konyaspor"
"Benjamin Faraas","Fredrikstad"
"Daniel Karlsbakk","Sarpsborg 08"
"Dimitry Bertaud","Forge FC"
"Sean Fusire","Sheffield Wednesday"
"Mackenzie Maltby","Sheffield Wednesday"
"Sander Håvik Innvær","Tromsø"
"Luis Toomey","Vancouver FC"
"Riley Bidois","Monterey Bay"
"Anthony Herbert","Indy Eleven"
"Anders Børset","Kristiansund"
"Jeison Joaquín Fuentealba Vergara","Universidad Concepción"
"Oualid Mhamdi","FC Heidenheim"
"Luka Gavran","Toronto FC"
"Paul Rothrock","Seattle Sounders"
"Themi Antonoglou","Las Vegas Lights"
"Alonso Coello","Toronto FC"
"Flabián Londoño","Carabobo"
"Stav Lemkin","Twente"
"Lucas Bartlett","DC United"
"Tarik Scott","Lexington SC"
"Franco González","Peñarol"
"Nicolás Ferreira","Clube do Remo"
"Jack Panayotou","Loudoun United"
"Matej Zitny","Dukla Praha"
"Jorge Jiampiere Palomino Poma","Los Chankas"
"Jake Francis Morris","Louisville City"
"Miguel Freckleton","St Mirren"
"Lucas Barbosa","Red Bull Bragantino"
"Igor Miladinovic","Saint-Étienne"
"Noel Buck","San Jose Earthquakes"
"Marcos Victor","Bahia"
"Rio Shipston","Sheffield Wednesday"
"Daniel Borges","Mirassol Futebol Clube"
"George Lapslie","Bradford City"
"Maedine Makhloufi","Dunkerque"
"Michael Zetterer","Eintracht Frankfurt"
"Mathis Amougou","Strasbourg"
"Enzo Mayilla","Dunkerque"
"Alef Manga","Clube do Remo"
"Matheus Piauí","Clube do Remo"
"Martín Merquelanz","FC Andorra"
"Enric Gallego","Tenerife"
"Axel Gnapi","Fakel"
"Edan Diop","Cercle Brugge"
"Alessandro Buongiorno","Napoli"
"Fabian de Keijzer","Heracles Almelo"
"Hércules","Fluminense"
"Nick Olij","PSV Eindhoven"
"Camutanga","EC Vitória"
"Jean Carlos","Chapecoense"
"Mihailo Ristic","Celta Vigo"
"Scott Tiffoney","Kilmarnock"
"Tobías Andre Moriceau","The Strongest"
"Martín Chiatti","The Strongest"
"Jordy Ortiz","Orense"
"Brahim Ghalidi","NAC Breda"
"Havard Nielsen","Hannover 96"
"Thalisson","Gençlerbirligi"
"Benjamin Gomel","Sochaux"
"Keiber Lamadrid","West Ham United"
"Leandro Brey","Boca Juniors"
"Mihai Popescu","FC FCSB"
"Anders Dreyer","San Diego FC"
"Yuri Lara","Mirassol Futebol Clube"
"Ryan Gauld","Vancouver Whitecaps"
"MT","Santa Clara"
"Esteban Kirkman","Everton"
"Raúl Rangel","Guadalajara"
"Alonzo Engwanda","FC Utrecht"
"Santiago Mera","Boyacá Chicó"
"Topi Keskinen","Aberdeen"
"Frederico Venâncio","Santa Clara"
"Wilson Quiñónez","San Lorenzo"
"Leandro Zazpe","Wanderers"
"Facundo Suárez","Instituto"
"Dan Scarr","Wrexham"
"Aaron Lewis","Mansfield Town"
"Kiki Kouyaté","Antwerp"
"Raymond Roan Nogha Nogha","Baník Ostrava"
"Kerim Mrabti","Mechelen"
"Lei Wu","Shanghai Port"
"Aitor Fernández","Osasuna"
"Berkan Taz","Bochum"
"Callum Roberts","Notts County"
"Rafael Tavares","Marítimo"
"Alex Bangura","Middlesbrough"
"Lucas Piazon","Wieczysta Krakow"
"Sory Kaba","OH Leuven"
"Nikolas Nartey","VfB Stuttgart"
"Anthony Evans","Huddersfield Town"
"Kieran Sadlier","Sporting JAX"
"Kiril Despodov","PAOK Thessaloniki"
"Gabriel Poveda","Clube do Remo"
"Mateus Silva","EC Vitória"
"Nicolás Watson","Deportivo Riestra"
"Alan","Moreirense"
"Bruno Matias","Chapecoense"
"Willian Machado","Mirassol Futebol Clube"
"Zé Ricardo","Clube do Remo"
"Lubambo Musonda","Magdeburg"
"Luciano Pegolo","The Strongest"
"Rezende","Qingdao West Coast"
"Mats Knoester","Aberdeen"
"Jack Warshawsky","Melbourne Victory"
"Romeo Benítez","Olimpia"
"Mbaye Diagne","Amed SK"
"Alex Král","Union Berlin"
"Petr Sevcik","Zbrojovka Brno"
"Martin Pečar","Tenerife"
"Jacob Evans","Sporting JAX"
"Bryan Adinany","Kortrijk"
"Mitchell Taintor","San Antonio"
"Bruno Jordão","RKS Radomiak Radom"
"Lewis Shipley","Barrow"
"Michael Reindorf","Newport County AFC"
"Bradley Hills","Stockport County"
"Dominic Iorfa","Sheffield Wednesday"
"Fernando","Chapecoense"
"Harry McKirdy","Crawley Town"
"Nordin Jackers","Club Brugge"
"Dries Wouters","Lommel"
"Bruno Santos","Mirassol Futebol Clube"
"George McCormick","Middlesbrough"
"Danielzinho","São Paulo"
"Leon Musaev","Rodina Moskva"
"Jojea Kwizera","Rhode Island"
"Ivan","Clube do Remo"
"Gaby Jean","Lecce"
"Bilal Boutobba","Eyüpspor"
"Marcus Caldeira","Minnesota United"
"Marcel Benger","Preußen Münster"
"Birk Risa","Molde"
"Filip Slavicek","Sigma Olomouc"
"Chris Führich","VfB Stuttgart"
"Marko Jankovic","Qarabağ FK"
"Brecht Dejaegere","Kortrijk"
"Sigurd Rosted","Sarpsborg 08"
"Giorgi Chakvetadze","Watford"
"Jérémy Doku","Manchester City"
"Tobías Gabriel Portillo Ávalos","Club 2 de Mayo"
"Simen Jukleröd","Sint-Truiden"
"Federico Agazzi","Cremonese"
"Elias Cobbaut","Sparta Praha"
"Neto Moura","Mirassol Futebol Clube"
"José Francisco Cevallos Jr","Emelec"
"Francesco Forte","Virtus Entella"
"Maximiliano Caufriez","Clermont Foot"
"Daam Foulon","Antwerp"
"Gastón Hernández","San Lorenzo de Almagro"
"Louis Verstraete","Auckland FC"
"Peter-Lee Vassell","Birmingham Legion"
"Eddie Segura","LAFC"
"Anderson Duarte","Mazatlán"
"Ortwin De Wolf","Mechelen"
"Logan Ndenbe","Nancy"
"Wataru Endo","Liverpool"
"Jacob Erlandson","Loudoun United"
"Yohan Boli","Antalyaspor"
"Efraín Álvarez","Guadalajara"
"Emil Cuello","San Antonio"
"Johan Bakke","Rosenborg BK"
"Marcelo","Moreirense"
"Thomas Kaminski","Charlton Athletic"
"Mario Domínguez","Excelsior"
"Sergio Santos","Atlanta United"
"Zachary Brault-Guillard","Lugano"
"Cristian Espinoza","Nashville SC"
"Judson","Monterey Bay"
"Rodrigo Rodrigues","Coritiba Fbc"
"Marcos López","FC København"
"Igor Strzałek","Bruk-Bet Termalica Nieciecza"
"Matías Vera","Central Córdoba SdE"
"Gonzalo Martínez","Tigre"
"Lucas Rodríguez","Querétaro"
"Hassani Dotson","Seattle Sounders"
"Maxime Crépeau","Orlando City"
"Érik Godoy","Argentinos Juniors"
"Martin Gjone","HamKam"
"Eduardo Melo","Clube do Remo"
"Alexandros Katranis","Real Salt Lake"
"Bruno Godeau","Beveren"
"Frantzdy Pierrot","Rizespor"
"Chris Bedia","BSC Young Boys"
"Lorenzo Scipioni","Olympiacos"
"Théo Bongonda","Spartak Moscow"
"Jordan Morris","Seattle Sounders"
"Diego Abitia","El Paso Locomotive"
"Dani Jiménez","Huesca"
"Marco Sangalli","Racing Santander"
"Éric Curbelo","Sporting Gijón"
"Yuliwes Bellache","Clermont Foot"
"Rafa Mir","Elche"
"Harrison Murray-Campbell","Kortrijk"
"Fidel","CD Eldense"
"Thibault De Smet","Paris FC"
"Keaton Parks","New York City FC"
"Kamal Miller","Portland Timbers"
"Kyle Smith","Cincinnati"
"Alexandru Mitrita","Zhejiang Professional"
"Yaw Yeboah","Qingdao Manatee"
"André Sousa","Nacional"
"Carlos Herrera","Detroit City"
"Cristian Salvador","Tianjin Jinmen Tiger"
"Julio Soler","AFC Bournemouth"
"Fran Villalba","Santos Laguna"
"Mathieu Peybernes","Sochaux"
"Nicolas Brown","Birmingham Legion"
"Bryan Acosta","Nashville SC"
"Sean Nealis","DC United"
"Omir Guadalupe Fernandez Mosso","Portland Timbers"
"João Klauss","LA Galaxy"
"Maximiliano Viera","Pittsburgh Riverhounds"
"Ali Gholizadeh","Lech Poznan"
"Cristian Benavente","Sporting Cristal"
"Brendan Hines-Ike","Austin FC"
"Mohamed Omar","Indy Eleven"
"Hannes Van der Bruggen","Cercle Brugge"
"Gary Kagelmacher","Torque"
"Dawson McCartney","Birmingham Legion"
"Manuel Benson","Swansea City"
"Frank Boya","Tijuana"
"Silas Gnaka","Magdeburg"
"Rocky Bushiri","Hibernian"
"Hendrik Van Crombrugge","KRC Genk"
"Mamadou Fall","Kasımpaşa"
"Juan Soriano","Leganés"
"Yigit Karademir","Bochum"
"Kevin Wiethaup","Karlsruher SC"
"Luis Gilberto Martínez Soto","Club Guaraní"
"Pipa Ávila","CE Sabadell FC"
"Dominick Hernandez","San Antonio"
"Henrik Bjørdal","Vålerenga"
"Jean Thierry Lazare Amani","Cercle Brugge"
"Andreas Kuen","Melbourne City"
"Ballou Tabla","Atlético Ottawa"
"Mickaël Malsa","Mirandés"
"Álex Fernández","Cádiz"
"Ezekiel Soto","Sporting JAX"
"Jairo Izquierdo","Elche"
"Niko Koulis","Preußen Münster"
"Salvi Sánchez","AD Ceuta FC"
"Manu Vallejo","AD Ceuta FC"
"Álvaro Tejero","Leganés"
"Leonardo Flores","Atlético San Luis"
"Santiago Garcia","Atlante"
"Bernardo Parra","Tigres UANL"
"Isac Galván","Tigres UANL"
"Keidi Bare","Real Zaragoza"
"Matty Connelly","Motherwell"
"Paul Nardi","Queens Park Rangers"
"Justin Rennicks","New Mexico United"
"Ruan","Göztepe"
"Marc Gual","Rio Ave"
"James Igbekeme","Wisła Kraków"
"Ethan Zubak","Orange County SC"
"Joe Corona","Tijuana"
"Aaron Rowe","Gillingham"
"Abdón Prats","Mallorca"
"Viti","Las Palmas"
"Javier Muñoz","Getafe"
"Iddrisu Baba","Almería"
"Joan Sastre","PAOK Thessaloniki"
"Fabián Noguera","Newell's Old Boys"
"Dylan Batubinsika","Saint-Étienne"
"Amin Nouri","KFUM-Kameratene Oslo"
"Gonzalo Piñeiro","Tigre"
"Nico Schlotterbeck","Borussia Dortmund"
"Omar Govea","Guadalajara"
"Samy Mmaee","Qarabağ FK"
"Antonio Puertas","Albacete"
"Gilberto Mora","Tijuana"
"Alex Douglas","Lech Poznan"
"Timothy Tillman","LAFC"
"Alfie Kilgour","Bristol Rovers"
"Morgan Williams","York City"
"Edgar Badía","CyD Leonesa"
"David Otorbi","Valencia"
"Noah Chilvers","Oldham Athletic"
"Juan José Mera","Deportes Tolima"
"Gustavo Sauer","Wuhan Three Towns"
"Davide Merola","Delfino Pescara 1936"
"Sebastiano Esposito","Cagliari"
"Alexis Gamboa","LD Alajuelense"
"Aridane Hernández","Almería"
"Ryan East","Rochdale"
"Mads Sørensen","FC Midtjylland"
"Tyler Magloire","Port Vale"
"John Nelson","LA Galaxy"
"Santiago Patiño","San Antonio"
"Julián Araujo","Celtic"
"Adrien Perez","Colorado Springs"
"Juan Muñiz","Adelaide United"
"José Lazo","Albacete"
"Tor Erik Larsen","Aalesund"
"Cristian Herrera","RC Deportivo La Coruña"
"Idan Toklomati","Charlotte"
"Jorge Sáenz","Leganés"
"Giorgi Kvilitaia","Metz"
"Thibaud Verlinden","OH Leuven"
"Emmanuel Sabbi","Vancouver Whitecaps"
"Mathias Kristensen","Aalesund"
"Íñigo Eguaras","Dunkerque"
"Ryan Sailor","Seattle Sounders"
"Pep Biel","Charlotte"
"Robin Lod","Chicago Fire"
"Iza Carcelén","Cádiz"
"Adrián Ramos","América de Cali"
"Bjarke Jacobsen","Osnabrück"
"Louka Prip","Jagiellonia Białystok"
"Sivert Nilsen","Aberdeen"
"Jeppe Tverskov","San Diego FC"
"Patryk Szysz","Arka Gdynia"
"Carlos Pomares","Real Zaragoza"
"Andrew Rick","Philadelphia Union"
"Wessam Abou Ali","Columbus Crew"
"Oliver Abildgaard","Sampdoria"
"Kamil Grabara","Wolfsburg"
"Casper Höjer","Rizespor"
"Gustaf Nilsson","Club Brugge"
"Mads Roerslev","Southampton"
"Hany Mukhtar","Nashville SC"
"Malte Amundsen","Columbus Crew"
"Erik Sviatchenko","Houston Dynamo"
"Miguel Ángel Brau","Coventry City"
"Joel Andersson","Ludogorets Razgrad"
"Awer Denis Bul Mabil","CD Castellón"
"Evander","Cincinnati"
"Abdul Mumin","Rayo Vallecano"
"Albert Eames","Watford"
"Higinio Marín","Albacete"
"Mikkel Desler","Austin FC"
"Julius Eskesen","Dundee United"
"Javi Hernández","Panathinaikos"
"Raúl Guti","Real Zaragoza"
"Tristan van Gilst","Heracles Almelo"
"Jens Stage","Werder Bremen"
"Victor Lebas","Bastia"
"Robert Renan","Vasco da Gama"
"Agustín Bernardo Vera Flores","Albion"
"Peter Christiansen","Viking"
"Jonas Mortensen","Rosenborg BK"
"Rodrigo Atencio","Independiente Rivadavia"
"José García","Atlético Bucaramanga"
"Manjrekar James","Wellington Phoenix"
"Salva Ruiz","CD Castellón"
"Didier Moreno","Independiente Medellín"
"Thomas Roberts","Sporting JAX"
"Óscar Whalley","Guadalajara"
"Ryan Mmaee","Atlas"
"Robin Jansson","Orlando City"
"Niko Hämäläinen","New Mexico United"
"Tate Schmitt","Phoenix Rising"
"JJ Williams","Rhode Island"
"Alejandro Pozo","Jagiellonia Białystok"
"Wang Zhenao","Shanghai Port"
"DeJuan Jones","San Jose Earthquakes"
"José Carlos Martínez Garzón","San Antonio Bulo Bulo"
"Joshua Edwards","Charlton Athletic"
"Matty Todd","St Johnstone"
"Yannick Thoelen","Antwerp"
"Bozhidar Kraev","Western Sydney Wanderers"
"Kamil Vacek","FK Pardubice"
"Ibrahim Sadiq","AZ Alkmaar"
"Martin Rossignol","Le Mans"
"Terrence Douglas","Juve Stabia"
"Zane Albarus","Gillingham"
"Christian Cappis","FC Dallas"
"Dani Escriche","Albacete"
"Giovanni Pavani","Clube do Remo"
"Brian Oliván","Sporting Gijón"
"Arif Kocaman","Kayserispor"
"Ken Nkuba","KRC Genk"
"Duran Ferree","San Diego FC"
"Tyrell Sellars-Fleming","Grimsby Town"
"Frankie Amaya","CF Montreal"
"Luis Perea","Arka Gdynia"
"Bradly van Hoeven","Motor Lublin"
"Marcos Lavín","Dunkerque"
"Kiki","AVS"
"Tommy St. Jago","Mechelen"
"Marcos Dias","Loudoun United"
"Markus Cimermancic","Toronto FC"
"Lazar Stefanović","Toronto FC"
"Michael Woud","Auckland FC"
"Lucas Silva","EC Vitória"
"Nuno Santos","Sporting CP"
"Victor Hugo","Atlético Mineiro"
"Amando Moreno","El Paso Locomotive"
"Joni Montiel","Qarabağ FK"
"Brandon Servania","DC United"
"Gedion Zelalem","New Mexico United"
"Paolo Gozzi","Troyes"
"Aaron Connolly","Leyton Orient"
"Ryan George Carr","St Mirren"
"Dimitrios Nikolaou","Bari"
"Dani Silva","FC Midtjylland"
"Johan Hinestroza","Jaguares de Córdoba"
"Adrián Pelayo","Phoenix Rising"
"Jack Stevens","Reading"
"Adrian Šemper","Pisa"
"Matthew Freese","New York City FC"
"Paul Marie","San Jose Earthquakes"
"Daniel Butterworth","Swindon Town"
"Boubacar Fofana","Sochaux"
"Matheus Pereira","Corinthians"
"Juan Mina","New York Red Bulls"
"Sebastian Anderson","Hartford Athletic"
"Joe Gelhardt","Hull City"
"Felipe Mosquera","Deportivo Pereira"
"Júnior Brumado","FC Midtjylland"
"Mads Frøkjær","Preston North End"
"Fabricio Iacovich","Estudiantes"
"Giacomo Poluzzi","Südtirol"
"Milan Majstorović","Dinamo Moscow"
"Tom Barlow","Cincinnati"
"Raul","Botafogo"
"Gabriele Corbo","Delfino Pescara 1936"
"Christoph Baumgartner","RB Leipzig"
"Jack Earing","Barrow"
"Akeem Ward","San Antonio"
"Donovan Léon","Auxerre"
"Peter Ouaneh","Stade Lavallois"
"Favio Álvarez","Banfield"
"Stuart Ritchie","Monterey Bay"
"Sekou Gassama","Universitario"
"Diego César Carabaño Molero","Sport Huancayo"
"Nathan Ngoumou","OGC Nice"
"Imrân Louza","Watford"
"Manolo Portanova","Reggiana"
"Michee Ngalina","Hartford Athletic"
"Xavier Arreaga","Barcelona"
"Kaio Jorge","Cruzeiro"
"Eduardo Sasha","Red Bull Bragantino"
"Antônio Carlos","Houston Dynamo"
"Gustavo Henrique","Corinthians"
"Gustavo Scarpa","Atlético Mineiro"
"Gustavo Ferrareis","Atlas"
"Lucas Verissimo","Santos"
"Owen Damm","FC Tulsa"
"Alex Santana","Corinthians"
"Rodrygo","Real Madrid"
"Luiz Fernando","Athletico Paranaense"
"Nonato","Fluminense"
"Zé Rafael","Santos"
"Jean Mota","Sporting JAX"
"Thiago Santos","Coritiba Fbc"
"Yeferson Soteldo","Fluminense"
"Víctor Cuesta","CA Platense"
"Dudu","Atlético Mineiro"
"Diogo Barbosa","Fortaleza"
"Simone Pafundi","Sampdoria"
"Rodinei","Olympiacos"
"Vitinho","Corinthians"
"Tomás Andrade","FC Cajamarca"
"Gabriel Barbosa","Santos"
"Willian Arão","Santos"
"Kelsey Egwu","Monterey Bay"
"Renê","Fluminense"
"Santos","Athletico Paranaense"
"Lucas Halter","Houston Dynamo"
"Matheus Rossetto","Fortaleza"
"Dodô","Clube do Remo"
"Osvaldo","EC Vitória"
"Junior Santos","Botafogo"
"Juan Quintero","Santa Fe"
"Felipe","Liaoning Tieren"
"Jonathan Gómez","Albacete"
"David","Vasco da Gama"
"Lucas Silva","Cruzeiro"
"Fábio","Fluminense"
"Dylan Lobban","Aberdeen"
"Lucas Romero","Cruzeiro"
"Fernando Sobral","Coritiba Fbc"
"Samuel Xavier","Fluminense"
"Matys Donavin","Clermont Foot"
"Caio Paulista","Grêmio"
"Thaciano","Santos"
"Yimmi Chará","Junior"
"Jair","Vasco da Gama"
"Juninho Capixaba","Red Bull Bragantino"
"Rodrigues","Mirassol Futebol Clube"
"Igor Rabello","Fluminense"
"Daniel Arcila","León"
"Juan Cazares","Independiente del Valle"
"Stuart Hawkins","Seattle Sounders"
"Marcinho","Chapecoense"
"Rodolfo","Central Español"
"Dawhan","Beijing Guoan"
"Yony González","Independiente Medellín"
"Gregore","Botafogo"
"Michael","Flamengo"
"Eric Ramires","Red Bull Bragantino"
"Giovanni Augusto","Chapecoense"
"Frederic Leroi Soelle Soelle","Sint-Truiden"
"Jan-Carlo Simić","RSC Anderlecht"
"Yago Felipe","Chapecoense"
"Bailey Rice","Kilmarnock"
"Leonardo Barroso","Chicago Fire"
"Rafael Luís","Strasbourg"
"Vasconcelos","Sporting Braga"
"Dinis Pinto","Sion"
"Tiago Andrade","Moreirense"
"Ramiro","FC Dallas"
"Manuel Mendonça","Moreirense"
"Gustavo","Henan Songshan Longmen"
"Mateus Vital","Shanghai Port"
"Igor Gomes","Atlético Mineiro"
"Cássio","Cruzeiro"
"Tiago Volpi","Red Bull Bragantino"
"Reinaldo","Mirassol Futebol Clube"
"Vitor Bueno","Clube do Remo"
"Léo Duarte","Istanbul Basaksehir"
"Gustavo Cuéllar","Deportivo Cali"
"Bruno Melo","Coritiba Fbc"
"Talles Magno","New York City FC"
"Nelson Khumbeni","Gillingham"
"Brenner","Vasco da Gama"
"Igor Julião","Marítimo"
"Rony","Santos"
"Marco Ruben","Rosario Central"
"Renato Kayzer","EC Vitória"
"Danny Leyva","Necaxa"
"Justin Haak","LA Galaxy"
"Bruno Nazário","Henan Songshan Longmen"
"Matteo Pérez Vinlöf","Dinamo Zagreb"
"Ludwig Malachowski Thorell","Basel"
"Jardell Kanga","Motherwell"
"Markus Gustav Jensen","Nacional"
"Dennis Seimen","Paderborn"
"Tim Hoffmann","Hertha Berlin"
"Samuele Di Benedetto","Eintracht Braunschweig"
"Nelson Weiper","FSV Mainz 05"
"Jason van Duiven","Lommel"
"Fabiano Francisco Rust","Telstar"
"Patrick","Clube do Remo"
"Richard","Internacional"
"Jádson","Athletico Paranaense"
"Ofek Melika","Maccabi Tel Aviv"
"Karem Zoabi","Rio Ave"
"Noam Ben Harush","Maccabi Tel Aviv"
"Walter","Mirassol Futebol Clube"
"Marllon","Clube do Remo"
"Ji-Soo Kim","Kaiserslautern"
"Felipe Jonatan","Coritiba Fbc"
"Éverson","Atlético Mineiro"
"Felipe Aguilar","Deportivo Cali"
"Jocelyn Janneh","Bastia"
"Martín Boselli","CA Juventud"
"Jonathan Gómez","CA Sarmiento"
"Miguel Carvalho","Chapecoense"
"Nader Ghandri","FK Akhmat Grozny"
"Bruno Lourenço","AVS"
"Christian Joel","Sporting Gijón"
"Karol Borys","Westerlo"
"Álvaro Ferllo","RC Deportivo La Coruña"
"Samuel Sigut","Karviná"
"Hernán Menosse","Deportivo Maldonado"
"Sergi Cardona","Villarreal"
"Célestin De Schrevel","RAAL La Louvière"
"Patrick Leal","Las Vegas Lights"
"Hilmir Rafn Mikaelsson","Viking"
"Elyaz Zidane Fernández","Red Star FC"
"Luzolo Vangi Vungele","Rodez"
"Tom Saettel","Pau"
"Tommaso Guercio","Carrarese Calcio 1908"
"Noah Raveyre","Pau"
"Gustavo Klismahn","Santa Clara"
"Franco Nicola","Atlético Tucumán"
"Bruno Daniel Morales Rodríguez","Cerro"
"Batuhan Yavuz","Alanyaspor"
"Berkay Yılmaz","Nürnberg"
"Halil Özdemir","Mechelen"
"Ali-Eren Ersungur","Karlsruher SC"
"Poyraz Yıldırım","Antalyaspor"
"Thomas Gillier","CF Montreal"
"Álvaro Matías Martínez Cubilla","Club Sportivo Luqueño"
"Mika","Moreirense"
"Wellington Silva","Chengdu Rongcheng"
"Shaylon","Mirassol Futebol Clube"
"Darlan","Santa Clara"
"João Lucas","Clube do Remo"
"César","Deportes Concepcion"
"Cherif Ndiaye","Samsunspor"
"Tobías Morinigo","Sportivo Trinidense"
"Erick Patricio Ladines Calvache","Guayaquil City"
"Brandon Baiye","Erzurumspor"
"Yaw Ackah","Kayserispor"
"Rodrigo Daniel Amarilla Rodas","San Lorenzo"
"Aziz Yakubu","Qingdao West Coast"
"Douglas Aurélio","CD Castellón"
"Jean","América de Cali"
"Karamoko Dembélé","Queens Park Rangers"
"Irakli Kvekveskiri","Orenburg"
"Leo Greiml","NAC Breda"
"Vicente Vega","Everton"
"Kelvin Arase","Phoenix Rising"
"Tate Johnson","Vancouver Whitecaps"
"Caíque Gonçalves","EC Vitória"
"Kacper Śmiglewski","Cracovia Kraków"
"Riyad Idrissi","Cagliari"
"Mihailo Ivanović","Millwall"
"Lautaro Di Lollo","Boca Juniors"
"Melvin Zinga","Angers"
"Azarías Londoño","Universidad Católica"
"Edgardo Isaac Fariña Wynter","Nizhny Novgorod"
"Kevin Nahuel Altez Moyano","Huachipato"
"Vladimir Lucic","FK Crvena Zvezda"
"Jens Cajuste","Ipswich Town"
"Aaron Essel","Sacramento Republic"
"Alex Opoku Sarfo","Nizhny Novgorod"
"Isaac Pappoe","Dundee United"
"David Nemeth","St. Pauli"
"Kota Takai","Borussia Mönchengladbach"
"Mounsef Bakrar","Dinamo Zagreb"
"Niko Takahashi","Holstein Kiel"
"Emiliano Maximo Ramos Avilés","Everton"
"Cristóbal Alejandro Chadwick Bosco","Everton"
"Jacob Shaffelburg","LAFC"
"Juan Castillo","Vitória Guimarães"
"Daniel Pedrozo","Deportes Tolima"
"Carlos Eduardo Cantillo Villalobos","Jaguares de Córdoba"
"Édier Ocampo","Vancouver Whitecaps"
"Ben-Chayeel Hamada","Dijon"
"Justin Ferizaj","Crawley Town"
"Christian Hector McFarlane","Leicester City"
"Sebastián Jurado","Juárez"
"Alexis Peña","Necaxa"
"Ventura Alvarado","Sporting JAX"
"Rodolfo Pizarro","Juárez"
"Luis Felipe Gallegos","Auckland FC"
"Gabriel Achilier","Orense"
"Javier Salas","Melgar"
"Sebastián Rodríguez","Danubio"
"Orbelín Pineda","Monterrey"
"Ray Sandoval","Cienciano"
"Joe Abrigo","Palestino"
"Jonathan Rodríguez","Peñarol"
"Javier Güemez","Santos Laguna"
"Li Yongjia","Tianjin Jinmen Tiger"
"Bryan Carrasco","Palestino"
"Cristian Calderón","Necaxa"
"Fernando Meza","Palestino"
"Adrián Mora","Atlas"
"Sebastián Sosa","CA Juventud"
"Aldo Rocha","Atlas"
"Julio Domínguez","Atlético San Luis"
"Asqer Afrden","Qingdao West Coast"
"Abdusalam Ablikim","Zhejiang Professional"
"Zhang Jiaqi","Zhejiang Professional"
"Abdurasul Abudulam","Henan Songshan Longmen"
"Xu Haoyang","Shanghai Shenhua"
"Fernando González","Guadalajara"
"Lucas Cavallini","Puebla"
"Jaime Gómez","Querétaro"
"Facundo Castro","Defensor Sporting"
"Ángel Sepúlveda","Cruz Azul"
"Edson Gutiérrez","Santos Laguna"
"Avilés Hurtado","Deportivo Cali"
"Christian Tabó","Deportivo Maldonado"
"Luciano Paredes","Gimnasia Mendoza"
"Manuel Mónaco","CA Sarmiento"
"Jordan Sierra","Mazatlán"
"Yang Yilin","Henan Songshan Longmen"
"Chisom Charles Egbuchulam","Detroit City"
"Fernando Tobio","Barracas Central"
"Sebastián Ferreira","Olimpia"
"Roberto Alvarado","Guadalajara"
"Ronaldo Prieto","Santos Laguna"
"Nebijan Muhmet","Henan Songshan Longmen"
"Cao Haiqing","Dalian Yingbo"
"Jordi Cortizo","León"
"Luis Romo","Guadalajara"
"José Corona","Tijuana"
"Conor McMenamin","St Mirren"
"Agustín Marchesín","Boca Juniors"
"Carlos Vargas","Necaxa"
"Hetao Hu","Chengdu Rongcheng"
"Du Yuezheng","Chongqing Tonglianglong"
"Xu Dong","Liaoning Tieren"
"Luca Langoni","New England Revolution"
"Iago Maidana","Henan Songshan Longmen"
"Guga","Fluminense"
"Lisav Eissat","Bristol City"
"Luciano Cosentino","Wanderers"
"Lamine Ba","Śląsk Wrocław"
"He Yiran","Chengdu Rongcheng"
"Fabricio Oviedo","Rosario Central"
"Kevin Silva","Torque"
"Tomás O'Connor","Gimnasia Mendoza"
"Shavy Babicka","Fatih Karagümrük"
"Facundo De La Vega","Aldosivi"
"Raúl Cáceres","Olimpia"
"Renan Lodi","Atlético Mineiro"
"Pedro Henrique","Red Bull Bragantino"
"Carlos Augusto","Inter Milan"
"Matheus Henrique","Cruzeiro"
"Wálter Kannemann","Grêmio"
"Styopa Mkrtchyan","Nürnberg"
"Rodrigo Moledo","Coritiba Fbc"
"Chico Kim","Mirassol Futebol Clube"
"Aleksander Buksa","Katowice"
"Pablo Sisniega","San Diego FC"
"Martin Frese","Hellas Verona"
"Tommy McCabe","Oakland Roots SC"
"Griffin Dorsey","Orlando City"
"Óscar Sielva","Huesca"
"Emmanuel Samadia","Hartford Athletic"
"Haofan Liu","Zhejiang Professional"
"Liu Yixin","Henan Songshan Longmen"
"Alan Barrionuevo","Tigre"
"Wei Suowei","Chongqing Tonglianglong"
"Marco Pérez","Deportivo Pereira"
"Vladan Bubanja","Orenburg"
"Zhang Jianzhi","Beijing Guoan"
"Edward Davis","Loudoun United"
"Pablo Barrera","Querétaro"
"Andrés Marsengo","Deportivo Recoleta"
"Sebastián Fernández","Danubio"
"Lewis Temple","Oldham Athletic"
"Dino Islamovic","Rosenborg BK"
"Anton Salétros","Chicago Fire"
"Alexandru Pantea","FC FCSB"
"Denis Radu","Eyüpspor"
"Franco Jara","Instituto"
"Stefano Vecchia","Malmö FF"
"Per Kristian Bratveit","Aberdeen"
"Dor Turgeman","New England Revolution"
"Nikola Knezevic","Wieczysta Krakow"
"Tay Abed","Levante UD"
"Oliver Berg","Malmö FF"
"Peter Wilson","Oakland Roots SC"
"Jordi Sánchez","Wisła Kraków"
"Luis Manuel Orejuela","Deportivo Cali"
"Alexander Jeremejeff","PAOK Thessaloniki"
"Favian Loyola","Audax Italiano"
"Aslak Witry","Rosenborg BK"
"Roy Revivo","Maccabi Tel Aviv"
"Carl Johansson","Holstein Kiel"
"Gabriel Taliari","Clube do Remo"
"Ian","FC Tulsa"
"Maurício Garcez","Chapecoense"
"Edson Carioca","Mirassol Futebol Clube"
"José León","Tenerife"
"Sead Haksabanovic","Malmö FF"
"Jordan Larsson","FC København"
"Stian Gregersen","Atlanta United"
"Carlos Eduardo","Mirassol Futebol Clube"
"David Silva","Millonarios"
"Wuilker Fariñez","Inter Bogotá"
"Jean Carlos Blanco","Manta FC"
"Matías de los Santos","Albion"
"Perotti","Chapecoense"
"Alper Demirol","Fatih Karagümrük"
"Curtis Edwards","Notts County"
"Youssef El Arabi","Nantes"
"Gabriel","Red Bull Bragantino"
"Iminqari Mutellip","Chengdu Rongcheng"
"Cleiton","Red Bull Bragantino"
"Rómulo Otero","Nacional"
"Tobías Cervera","Club 2 de Mayo"
"Ramón Martínez","Deportes Limache"
"Lucca","Internacional"
"Heitor","Chapecoense"
"Felipe Andrade","Houston Dynamo"
"Ryan Carlos","Estrela Amadora"
"Kauan Faria","Chapecoense"
"Javier Aquino","Tigres UANL"
"Gustavo Martins","Grêmio"
"Rubens","Chapecoense"
"Thiago Beltrame","Grêmio"
"Matheus Machado","Ludogorets Razgrad"
"Ageu","Hearts"
"Robson Matheus","Bolívar"
"Alex Castro","Millonarios"
"Daniel Borges","Santa Clara"
"Jáminton Campaz","Rosario Central"
"Danovis Banguero","Millonarios"
"Juan Pablo Vargas","Puebla"
"Thiago Dombroski","Bruk-Bet Termalica Nieciecza"
"Sergio Mosquera","Millonarios"
"Rafael Carrascal","América de Cali"
"Tchoca","Corinthians"
"Enrique Serje","Deportivo Pasto"
"Nilson Castrillón","Atlético Bucaramanga"
"Robert Santos","Chapecoense"
"Kauã Santos","Eintracht Frankfurt"
"Alexsander","Atlético Mineiro"
"Hiago Souza Lima Santos","Santa Clara"
"Felippe Cardoso","Zhejiang Professional"
"Vinicius Nogueira","Ludogorets Razgrad"
"Bryan Rabello","O'Higgins"
"Joaquín Larrivey","Deportes Concepcion"
"Kauê","Corinthians"
"Felipe Negrucci","São Paulo"
"Guilherme Liberato","Moreirense"
"Cauan Barros","Vasco da Gama"
"Yan Phillipe","Atlético San Luis"
"Erick Marcus","Ludogorets Razgrad"
"Eduardo Fernandes Rodrigues de Souza","Akron"
"Déiber Caicedo","Junior"
"Fabian Mosquera","Jaguares de Córdoba"
"Camilo Vargas","Atlas"
"Kevin Velasco","Puebla"
"Richard Rentería","Deportivo Pereira"
"Dany Rosero","América de Cali"
"Jeison Angulo","Santa Fe"
"Christian Rivera","Pachuca"
"Ythallo","Botafogo"
"Jonathan Marulanda","Fortaleza CEIF"
"Cristian Barrios","Junior"
"Steven Rodríguez","Deportivo Cali"
"Bryan Castrillón","Junior"
"David Camacho","UTC Cajamarca"
"Kelvin Osorio","Llaneros"
"Jáider Riquett","Once Caldas"
"Eder Chaux","Independiente Medellín"
"Diego Novoa","Millonarios"
"Jhon Fredy Salazar","Atlético Bucaramanga"
"Walmer Pacheco","Deportivo Pereira"
"John García","Rionegro"
"Leonardo Castro","Millonarios"
"Andrés Ricaurte","Rionegro"
"Santiago Nicolás Costa Harreguy","Albion"
"Róger Torres","Deportivo Moquegua"
"Jesús Murillo","Juárez"
"Dairon Mosquera","Deportivo Recoleta"
"Lü Zhuoyi","Dalian Yingbo"
"Rodrigo González","Aldosivi"
"Germán Cano","Fluminense"
"Lorenzo Reyes","Deportivo Ñublense SADP"
"Ricky van Wolfswinkel","Twente"
"F.Díaz","Club Nacional"
"Johan Caballero","Inter Bogotá"
"Gabriel López","Mazatlán"
"Sherman Cárdenas","Atlético Bucaramanga"
"Breno Bidon","Corinthians"
"Baldomero Perlaza","Independiente Medellín"
"Orlando Jeampaul Herrera Martinez","Emelec"
"Fáiner Torijano","Deportivo Pasto"
"Geovanni Banguera","Deportivo Pasto"
"Jhon Velásquez","Fortaleza CEIF"
"Edwin Herrera","Junior"
"Daniel Giraldo","Deportivo Cali"
"Fabián Viáfara","Deportivo Cali"
"Neto Volpi","Deportes Tolima"
"Edwin Torres","Once Caldas"
"Jesús Rivas","Junior"
"Juan Valencia","ADT"
"Juan David Ríos","Junior"
"Jeisson Palacios","Nashville SC"
"Jáder Obrian","Santa Fe"
"Alhassan Yusuf","New England Revolution"
"Nicolás Gil","Deportivo Pasto"
"Arley Rodríguez","FC Cajamarca"
"Luis Miranda","Llaneros"
"Juan Camilo Chaverra","Alianza Valledupar"
"Juan Martín Ginzo","Deportivo Maldonado"
"Mauricio Duarte","Cúcuta Deportivo"
"Jhonatan Agudelo","Cúcuta Deportivo"
"Harrinson Mancilla","Deportivo Pasto"
"Julián Cuesta","Antalyaspor"
"Pablo Ceppelini","Alianza Lima"
"Christian Mafla","Santa Fe"
"Nicolás Hernández","América de Cali"
"Brayan Rovira","Deportes Tolima"
"Sebastián Gómez","Coritiba Fbc"
"Helibelton Palacios","Santa Fe"
"Aderllan Santos","AVS"
"Yilton Díaz","Xelaju"
"Paul Bellón","León"
"Jerson Malagón","Jaguares de Córdoba"
"Yeison Guzmán","América de Cali"
"Carlos Baltazar","Puebla"
"Raúl Martínez","Necaxa"
"Diego Campillo","Guadalajara"
"Michelle Jonathan Benítez Valenzuela","Sacramento Republic"
"Cristian Arrieta","Deportes Tolima"
"Nicolás Giraldo","Jaguares de Córdoba"
"Alexis Zapata","Santa Fe"
"Neyder Moreno","Banfield"
"Jefersson Martínez","Junior"
"Wilfrido De la Rosa","Jaguares de Córdoba"
"Dilan Salgado","Palestino"
"Carlos Terán","Athletico Paranaense"
"Jhojan Valencia","Universidad Católica"
"Fabián Cantillo","Alianza Valledupar"
"Yulián Gómez","Inter Bogotá"
"Dane Jacomen","FC Tulsa"
"Rafael Durán","Macarthur FC"
"Junior Moreira","Hartford Athletic"
"Miguel García","Atlético San Luis"
"Ulises Torres","Puebla"
"César Eduardo Miño Amarilla","Club Guaraní"
"Aitor Buñuel","Burgos"
"Iván Tona","Tijuana"
"Jesper Lindstrøm","Wolfsburg"
"Tobias Börkeeiet","Sandefjord"
"Mads Emil Madsen","FC København"
"Nico Campuzano","Pittsburgh Riverhounds"
"Oscar Hedvall","Vålerenga"
"Emiliano Franco Pola","Atlético Grau"
"Jean Carlos Pestaña","Junior"
"Daniel Guillén","Atlético San Luis"
"Carlos Mosquera","FC Cajamarca"
"Víctor Moreno","Santa Fe"
"Diego Barreto","Atlético Grau"
"Andrés Amaya","Fortaleza CEIF"
"Eloy Room","Miami FC"
"Nelson Ishiwatari","Sint-Truiden"
"Juan Domínguez","León"
"Fernando Monárrez","Puebla"
"Patrik Žitný","Zbrojovka Brno"
"Michal Reichl","Bohemians 1905"
"Abu Francis","Toulouse"
"Michael Lansing","Kristiansund"
"Peter Therkildsen","Widzew Łódź"
"Rodrigo Chagas","CA Juventud"
"Diego Ruíz","Boyacá Chicó"
"Sebastián Guzmán","Deportes Tolima"
"Oscar Wallin","Peterborough United"
"Teófilo Gutiérrez","Junior"
"Damian Węglarz","Arka Gdynia"
"Rafael Santos","St. Louis City"
"Fabrício Bruno","Cruzeiro"
"Cacá","EC Vitória"
"Ismael Cortez","Gimnasia Mendoza"
"Alix","Red Bull Bragantino"
"Bao Shengxin","Zhejiang Professional"
"Youri Ochoa","Independiente del Valle"
"Johar Mejía","Jaguares de Córdoba"
"Rafael Delgado","La Serena"
"Nicolás Tripichio","San Lorenzo de Almagro"
"Nicolás Fernández","Belgrano"
"Ji Jiabao","Shenzhen Peng City FC"
"Héctor Fértoli","Universitario"
"Daniel Mantilla","Llaneros"
"Cristian Álvarez","Jaguares de Córdoba"
"Carlos López","Sport Boys"
"Yesús Cabrera","Boyacá Chicó"
"David Vazquez","San Diego FC"
"Christopher Olney Jr.","Brooklyn FC"
"Marlon Torres","América de Cali"
"Carlos Sierra","América de Cali"
"Huang Xuheng","Chongqing Tonglianglong"
"Jiri Fleisman","Karviná"
"Lucas Souto","Defensa y Justicia"
"Viktor Budinsky","Baník Ostrava"
"Milan Rundic","Slovácko"
"Ondrej Lingr","Houston Dynamo"
"Borja Sánchez","Real Oviedo"
"Maciej Wolski","Bruk-Bet Termalica Nieciecza"
"Esteban Andrada","Real Zaragoza"
"Carlos Izquierdoz","Lanús"
"Emmanuel Mas","CA Juventud"
"Iván Marcone","Independiente"
"Ramón Ábila","AA Estudiantes Río Cuarto"
"Nahuel Barrios","San Lorenzo de Almagro"
"Juan Cavallaro","Delfin"
"Lucas Rodríguez","Aldosivi"
"Lucas Menossi","Unión"
"Diego Vera","Central Español"
"Andrés Rentería","Jaguares de Córdoba"
"Andrés Herrera","Columbus Crew"
"Maksymilian Pingot","Górnik Zabrze"
"Miguel Torrén","Bolívar"
"Matías Romero","Miami FC"
"Brayan Garnica","Puebla"
"César Huerta","RSC Anderlecht"
"Antonio Rodríguez","Tijuana"
"Ulises Rivas","Pumas UNAM"
"Isaac Brizuela","Guadalajara"
"Carlos Orrantía","Atlas"
"Alan Pulido","Guadalajara"
"Alejandro Mayorga","Juárez"
"Javier Eduardo López","Pachuca"
"Franco Cristaldo","Talleres de Córdoba"
"Pablo Magnin","CA Sarmiento"
"Hernán Da Campo","Sport Boys"
"Gianluca Ferrari","Atlético Tucumán"
"Manuel Insaurralde","San Lorenzo de Almagro"
"Yonatan Goitía","Deportivo Riestra"
"Gianni Daniel Rodríguez Fernández","Cerro"
"Andrés Chávez","Aldosivi"
"Tahir Reid-Brown","Orlando City"
"Nikita Ermakov","Nizhny Novgorod"
"Andrés Roa","Once Caldas"
"Saúl Salcedo","Newell's Old Boys"
"Agustín Arce","Universidad de Chile"
"Lucas Gamba","Barracas Central"
"Ryoga Kida","Argentinos Juniors"
"Iván Rossi","Danubio"
"Kevin Escamilla","Querétaro"
"Dominik Kun","Wisła Płock"
"Alan Mozo","Pachuca"
"Daniel Elfadli","Hamburger SV"
"Carlos González","Independiente del Valle"
"Luca Bolay","Preußen Münster"
"Unai Bilbao","Tijuana"
"Arkadiusz Woźniak","Zagłębie Lubin"
"Matías Catalán","Talleres de Córdoba"
"Ruslan Magal","Sochi"
"Ilnur Alshin","Fakel"
"Arkadiusz Kasperkiewicz","Bruk-Bet Termalica Nieciecza"
"Ranko Veselinović","Vancouver Whitecaps"
"Artem Meshchaninov","Rodina Moskva"
"Ravil Netfullin","Fakel"
"Kirill Ushatov","Rodina Moskva"
"Andrés Alfonso","Jaguares de Córdoba"
"Merabi Uridia","Fakel"
"Amir Mokhammad","Baltika"
"Patrik Čavoš","Zbrojovka Brno"
"Nemanja Mijušković","Wisła Płock"
"Gabriel Kobylak","Katowice"
"Albert Posiadala","Molde"
"Petr Reinberk","Slovácko"
"Vyacheslav Bardybakhin","Akron"
"Germán Ferreyra","Melbourne City"
"Jan Kalabiska","Zlín"
"Vlastimil Danicek","Slovácko"
"Jan Navrátil","Sigma Olomouc"
"Mamadou Maiga","Nizhny Novgorod"
"Ilya Agapov","Akron"
"Ruben Machado","Stade Nyonnais"
"Jindrich Stanek","Slavia Praha"
"Petar Musa","FC Dallas"
"Maksim Kuzmin","Akron"
"Aleksandr Osipov","Sochi"
"Jakub Pesek","Zlín"
"Radim Breite","Sigma Olomouc"
"Oscar","Slavia Praha"
"Juan Castro","Atlético Ottawa"
"Fernando Zuqui","Universidad Católica"
"Tomás Chancalay","Minnesota United"
"Emmanuel Olivera","Santa Fe"
"Gonzalo Escobar","Santos"
"Valeri Tsarukyan","Nizhny Novgorod"
"Konstantin Savichev","Akron"
"Astemir Gordyushenko","Rodina Moskva"
"Albert Gabaraev","Fakel"
"Alexis Serna","Independiente Medellín"
"Ivan Timoshenko","Rodina Moskva"
"Martín Ortega","Newell's Old Boys"
"Cristián Camilo Mosquera Rivas","Boyacá Chicó"
"Stefan Kovač","Baltika"
"Slobodan Tedić","Akron"
"Andrej Ilic","Union Berlin"
"Ariel Castro","Cruz Azul"
"Matty Foulds","St Johnstone"
"Bruno Pittón","Unión"
"Claudio Corvalán","Unión"
"Yeimar Gómez Andrade","Seattle Sounders"
"Mauro Pittón","Unión"
"Franco Fragapane","Unión"
"Damián Martínez","Barracas Central"
"Diego Zabala","Liverpool"
"Franco Troyansky","Audax Italiano"
"Baba Alhassan","FC FCSB"
"Maikel Valencia","Manta FC"
"Mads Kikkenborg","Molde"
"Tobias Storm","NEC"
"Vaclav Jemelka","Viktoria Plzen"
"Juan Pablo Freytes","Fluminense"
"Abakar Gadzhiev","FK Akhmat Grozny"
"Idar Shumakhov","Dynamo Makhachkala"
"Jerónimo Cacciabue","Universidad Católica"
"Stefano Callegari","Orense"
"Juan Escobar","Melgar"
"Tresor Samba","Étoile Carouge FC"
"Roland Galčík","Rio Ave"
"Samuel Gidi","Cincinnati"
"Federico Mancuello","Independiente"
"Lucas Matías Cano","Deportivo Táchira"
"Miloš Šatara","FK Akhmat Grozny"
"Antonio López","Xelaju"
"Alasana Manneh","Hibernian"
"Michał Marcjanik","Arka Gdynia"
"Ismajl Beka","Grasshopper"
"Jaroslav Svozil","Dukla Praha"
"Haris Tabakovic","Borussia Mönchengladbach"
"Marian Huja","Pogoń Szczecin"
"Leonel Di Plácido","Atlético Tucumán"
"Marcelino Moreno","Lanús"
"Tomás Belmonte","Boca Juniors"
"Bautista Merlini","CA Platense"
"Mihail Gherasimencov","Vancouver Whitecaps"
"Uros Radakovic","Nantes"
"Dominik Pleštil","Bohemians 1905"
"Yusuf","Bohemians 1905"
"Jan Reznicek","FK Pardubice"
"Ezequiel Cerutti","San Lorenzo de Almagro"
"Martín Benítez","Atlético Tucumán"
"Gastón Silva","Progreso"
"Carlos Rentería","Cúcuta Deportivo"
"Larry Vásquez","Inter Bogotá"
"Mohamed  El Boukammiri","Lommel"
"Noah Solheid","Sporting Charleroi"
"Jakub Fulnek","Mladá Boleslav"
"Tornike Gaprindashvili","Arka Gdynia"
"Pavel Bucha","Cincinnati"
"Tomáš Wiesner","Hradec Králové"
"Nikolay Komlichenko","Lokomotiv Moscow"
"Antonín Vaníček","Zbrojovka Brno"
"Matěj Koubek","Zlín"
"Sebastián da Silva","Racing"
"Stéphane Diarra","Alverca"
"Pierre Lemonnier","Red Star FC"
"Victor Gonçalves Andersson","Vitória Guimarães"
"Darijo Grujčić","Wisła Kraków"
"Indrit Tuci","Kayserispor"
"Luka Ivanušec","PAOK Thessaloniki"
"Myrto Uzuni","Austin FC"
"Anthony William Hernández González","LD Alajuelense"
"Daniel Cataño","Independiente Medellín"
"Kristijan Kahlina","Charlotte"
"Nicolás Vallejo","León"
"Robert Hruby","Bohemians 1905"
"Camilo Saiz","Club 2 de Mayo"
"Moussa Djitté","Grenoble Foot"
"Leny Remo Meyer","Famalicão"
"Charles Pickel","Espanyol"
"Daniel Aguilar","Atlético Ottawa"
"Jairo Torres","Juárez"
"Jorge Segura","FC Zürich"
"Jesús Angulo","Tigres UANL"
"Edgar Zaldívar","Atlas"
"Hugo Nervo","Huracán"
"Jamerson","EC Vitória"
"Pelle Boevink","Greuther Fürth"
"Torge Paetow","Preußen Münster"
"Wilson Morelo","Deportivo Pasto"
"Dardo Miloc","Barracas Central"
"Lautaro Comas","Club Sportivo Luqueño"
"Aleksandr Zotov","Fk Rubin Kazan"
"Aleksandr Lomakin","Orenburg"
"Lucas Mancinelli","Deportivo Cuenca"
"Gabriel Compagnucci","Atlético Tucumán"
"Noel Eichinger","Karlsruher SC"
"Alexander Díaz","Deportivo Riestra"
"Richard Prieto","Club Nacional"
"Ariel Borja","Leones del Norte"
"Neto Pessôa","Chapecoense"
"Néstor Breitenbruch","Aldosivi"
"Horacio Tijanovich","Central Córdoba SdE"
"Leonardo Morales","Belgrano"
"Juan Pablo Ludueña","Unión"
"Matías Melluso","Gimnasia La Plata"
"Lucas Vera","Lokomotiv Moscow"
"Luis Gustavino","Aucas"
"Lautaro Valenti","Parma Calcio 1913"
"Yairo Moreno","Jaguares de Córdoba"
"Ángel Mena","Orense"
"Christian Pinzón Barajas","Las Vegas Lights"
"Rodrigo Rey","Independiente"
"Ramiro González","Everton"
"José Juan Macías","Pumas UNAM"
"Jean Meneses","Deportes Limache"
"Omar Fernández","Santa Fe"
"Gibrán Lajud","Atlético San Luis"
"Ignacio Rivero","Tijuana"
"Omar Mendoza","Querétaro"
"Eduardo Pérez","Querétaro"
"Juan Manuel Jorge Novino","Defensor Sporting"
"Germán Barrios","Defensor Sporting"
"Jair Díaz","Mazatlán"
"Luis Rodríguez","Pachuca"
"Lucas Zelarayán","Belgrano"
"Carlos Cuesta","Vasco da Gama"
"Felix Agu","Werder Bremen"
"Etienne Amenyido","Preußen Münster"
"Moritz Heyer","Fortuna Düsseldorf"
"Máximo Carrizo","New York City FC"
"Anouar Ait El Hadj","Union Saint-Gilloise"
"Ante Palaversa","Aberdeen"
"Dávid Gróf","Ferencvaros"
"Gökhan Gül","Amed SK"
"Daniel-Kofi Kyereh","Osnabrück"
"Makana Nsimba Baku","Kocaelispor"
"Dominik Steczyk","Academico Viseu"
"Federico Navarro","Rosario Central"
"Lucas Ríos","Cúcuta Deportivo"
"Junior Arias","Aldosivi"
"Jalil Elías","Tigre"
"Gabriel Carabajal","Cusco"
"Ezequiel Bonifacio","Independiente Rivadavia"
"Brian Blasi","Club Rubio Nu"
"Juan Méndez","Instituto"
"Ulrik Syversen","Aalesund"
"Leonardo Sigali","Aldosivi"
"Belmin Beganovic","Sturm Graz"
"Andrés Cubas","Vancouver Whitecaps"
"Augusto Solari","Unión"
"Dayro Moreno","Once Caldas"
"Taylor Steven","St Johnstone"
"Alexis Soto","Rosario Central"
"Tomás Guidara","Lanús"
"Iván Pillud","Central Córdoba SdE"
"Lucas Hoyos","Atlanta United"
"Luis Abram","Sporting Cristal"
"Miguel Brizuela","O'Higgins"
"Álvaro Barreal","Santos"
"Taylor Luvambo","Le Mans"
"Mehdi Baaloudj","Rodez"
"José Moya","Deportivo Cali"
"Ánderson Plata","Deportivo Pereira"
"Juan Fuentes","Cobresal"
"Diego García","Peñarol"
"Federico Gino","Aldosivi"
"Emanuel Iñiguez","Aldosivi"
"Lucas Villalba","Cruzeiro"
"Iván Erquiaga","Instituto"
"Mykhi Joyner","St. Louis City"
"Jovon Makama","Norwich City"
"Matías Pisano","Deportivo Pasto"
"Daniel Quiñones","Llaneros"
"Michał Mokrzycki","Śląsk Wrocław"
"Jhonier Viveros","Jaguares de Córdoba"
"Pedro Franco","Alianza Valledupar"
"Cristian Ferreira","Academico Viseu"
"Elías López","Aldosivi"
"Benjamín Rollheiser","Santos"
"Victorio Ramis","Independiente Rivadavia"
"Francis Mac Allister","La Serena"
"Nicolás Silva","Cusco"
"Marko Ilić","Kortrijk"
"Joaquín Laso","Tigre"
"Nathan Rôdes","Dender"
"Winners Osawe","Nürnberg"
"Cenny Neumann","FC Köln"
"Radovan Pankov","Legia Warszawa"
"Adrián Lapeña","AD Ceuta FC"
"Lucas Pirard","Standard Liège"
"Jakub Klíma","Zbrojovka Brno"
"Arnaud Bodart","Lille"
"Kevin Castañeda","Tijuana"
"Marco Meyerhöfer","Preußen Münster"
"Harold Rivera","Junior"
"Marin Šotiček","Basel"
"Johan Wallens","Alianza Valledupar"
"Diego Moreno","Independiente Medellín"
"Setigui Karamoko","Pau"
"Bruno Sávio","Bolívar"
"Mirko Marić","Monza"
"Danijel Loncar","Pogoń Szczecin"
"Claudio Iván González Landeros","Deportes Limache"
"Ever Valencia","Deportes Tolima"
"Anderson Angulo","Deportes Tolima"
"Nicolás Maná","Sportivo Trinidense"
"Juan Rodríguez","Talleres de Córdoba"
"Julio González","Sportivo Ameliano"
"Nicolás Figal","Boca Juniors"
"Diego Rodríguez","Banfield"
"Sebastián Palacios","Talleres de Córdoba"
"Martín Ojeda","Orlando City"
"Dominik Tapaj","Viktoria Plzen"
"Frank Fabra","Independiente Medellín"
"Lorenzo Faravelli","Necaxa"
"Juan Garro","AA Estudiantes Río Cuarto"
"Norberto Briasco","Barracas Central"
"Bruno Goda","Dinamo Zagreb"
"Roko Baturina","FC Aarau"
"Ivan Filipovic","Dinamo Zagreb"
"Lovro Majer","Wolfsburg"
"Lazar Tufegdžić","Qingdao Manatee"
"Leonardo Pico","Fortaleza CEIF"
"César Haydar","Atlético Nacional"
"Pajtim Kasami","Winterthur"
"Boris Cespedes","Étoile Carouge FC"
"Quentin Maceiras","Servette"
"Michael Goncalves","Bellinzona"
"Koro Koné","Neuchâtel Xamax"
"Jérémy Frick","Servette"
"Gaël Ondoua","Servette"
"Adrián Palacios","KRC Genk"
"Basil Stillhart","Winterthur"
"Simone Rapp","FC Wil 1900"
"David Edvardsson","Tromsø"
"Gísli Thórdarson","Lech Poznan"
"Mattia Bottani","Lugano"
"Fraser Bryden","Chesterfield"
"Kevin Bua","Étoile Carouge FC"
"Jonas Omlin","Basel"
"Rubén Lezcano","Olimpia"
"Ignacio Guerrico","Emelec"
"Jomaine Consbruch","Greuther Fürth"
"Viktor Gyökeres","Arsenal"
"Dion Versluis","NAC Breda"
"Luciano Gómez","Independiente Rivadavia"
"Sergio Vittor","Banfield"
"Matías Moya","Club 2 de Mayo"
"Claudio Bravo","Argentinos Juniors"
"Fabio Pereyra","Huracán"
"Facundo Pons","Coquimbo Unido"
"Matiás Mir García","Liverpool"
"Alejandro Moralez","Llaneros"
"Federico Anselmo","Banfield"
"Alexander Ahl-Holmström","Magdeburg"
"Juan Díaz","Boyacá Chicó"
"Edwin Mosquera","Santa Fe"
"Yesid Díaz","Fortaleza CEIF"
"Juan Manuel Cuesta","Sporting Cristal"
"Marko Jevremovic","Forge FC"
"Remi van Ekeris","Telstar"
"Hugo Moura","Vasco da Gama"
"Juan Cabal","Juventus"
"Tonio Teklić","Widzew Łódź"
"Basil Tuma","Reading"
"David Čolina","Zagłębie Lubin"
"Ivan Dolcek","Dundee United"
"Quilindschy Hartman","Burnley"
"Ivan Nevistic","Dinamo Zagreb"
"Jean-Mattéo Bahoya","Eintracht Frankfurt"
"Alfonso Parot","Deportes Limache"
"Joaquín Pereyra","Minnesota United"
"Gabriel Risso Patrón","Newell's Old Boys"
"Khalil Fayad","Montpellier"
"Leandro Díaz","Atlético Tucumán"
"Ramiro Carrera","Lanús"
"Marcelo Ortiz","Audax Italiano"
"Maximiliano Lovera","Santa Fe"
"Conan Ledesma","Rosario Central"
"Luca Erlein","Energie Cottbus"
"Leonardo Gil","Huracán"
"Timo Schlieck","Greuther Fürth"
"Kayne van Oevelen","FC Volendam"
"Michael Svoboda","Venezia"
"Tarkan Serbest","Kocaelispor"
"Edward Chilufya","FC Midtjylland"
"Floris Smand","CD Eldense"
"Angelo Campos","Vaduz"
"Miro Muheim","Hamburger SV"
"Denilson","Mirassol Futebol Clube"
"Silvan Hefti","DC United"
"Hamza Akman","Eyüpspor"
"Afimico Pululu","Jagiellonia Białystok"
"Robson Bambu","Atlético San Luis"
"Omar Bertel","América de Cali"
"Marius Müller","Aberdeen"
"Silvan Sidler","Winterthur"
"Marvin Schulz","Preußen Münster"
"Alexis Steimbach","Gimnasia La Plata"
"Rogelio Cortéz","Necaxa"
"Matheus Fernandes","Red Bull Bragantino"
"Victor Luis","Mirassol Futebol Clube"
"Woyo Coulibaly","Sassuolo"
"Lilian Brassier","Rennes"
"Felix Mambimbi","Le Havre"
"Maren Haile-Selassie","Chicago Fire"
"Nicolas Bürgy","Thun"
"Shon Weissman","Granada"
"Mateo Puerta","Santa Fe"
"Tomáš Ostrák","St. Louis City"
"Ewan Wilson","Motherwell"
"Dylan Chambost","Columbus Crew"
"Robbin Weijenberg","Go Ahead Eagles"
"Jhojan Torres","Santa Fe"
"Antonio Colak","Legia Warszawa"
"Marko Tolić","Zhejiang Professional"
"Ivo Grbić","Fatih Karagümrük"
"Bosko Sutalo","Cracovia Kraków"
"Stiven Vega","Millonarios"
"Duke Verduin","PEC Zwolle"
"Faitout Maouassa","Nancy"
"Andrés Perea","New York City FC"
"Darwin López","Jaguares de Córdoba"
"Rece Buckmaster","San Antonio"
"João Virginia","Sporting CP"
"Clayton","Internacional"
"Ihsan Sacko","Phoenix Rising"
"Dennis Politic","FC FCSB"
"Sebastian Holm Mathisen","Sandefjord"
"Fredrik Pålerud","Start"
"Nighte Pickering","Las Vegas Lights"
"Josh Eccles","Coventry City"
"Michael Rose","Salford City"
"Álvaro Djaló","Athletic Club"
"Mauro Valiente","AA Estudiantes Río Cuarto"
"Ismaïla Sarr","Crystal Palace"
"Facundo Barcelo","Liverpool"
"Sheldon Bateau","Defence Force"
"Dominik Franke","Thun"
"Enrique Triverio","The Strongest"
"Enis Çokaj","Bochum"
"Sime Grzan","Macarthur FC"
"Yoan Severin","Servette"
"Mirko Topić","Norwich City"
"Jakub Moder","Feyenoord"
"Augusto Lotti","CA Platense"
"Serginho","Santa Clara"
"Yuda Tian","Liaoning Tieren"
"Tiago Manso","Tondela"
"Daniel Parra","Querétaro"
"Luis Sandoval","Deportes Tolima"
"Loïc Mesanvi","Indy Eleven"
"Eirik Haugan","Molde"
"Leonel López","The Strongest"
"Óscar Jiménez","Atlante"
"Jonathan Shore","New York City FC"
"David Kopacz","Osnabrück"
"Nikki Havenaar","Union Saint-Gilloise"
"Papalélé","SK Artis Brno"
"Hevertton","Gil Vicente"
"Jordi Quintillà","St. Gallen"
"Gabriel Florentín","Argentinos Juniors"
"Edwar López","Deportes Tolima"
"Freddie Woodman","Liverpool"
"Liam Polworth","Kilmarnock"
"Sieben Dewaele","Beveren"
"Hugo Silveira","Danubio"
"Gabriel Ávalos","Independiente"
"Joel Soñora","Miami FC"
"Ezequiel Bullaude","Santos Laguna"
"Nahuel Arena","Cerro"
"Miguel Merentiel","Boca Juniors"
"Gabriel Gudmundsson","Leeds United"
"Rafael Fernández","Tijuana"
"Braian Ojeda","Orlando City"
"Guido Mainero","CA Platense"
"Aljaz Casar","Dynamo Dresden"
"Mattia Maita","Benevento"
"Hampus Finndell","Jagiellonia Białystok"
"Arjen van der Heide","Tondela"
"Abner Felipe","Dunkerque"
"Keito Nakamura","Stade de Reims"
"Reinier","Atlético Mineiro"
"Pavle Vagic","Liaoning Tieren"
"Besard Sabovic","Austin FC"
"Allen Aldair Obando Ayoví","Nacional"
"Brian Graham","Falkirk"
"Aaron Zehnter","Wolfsburg"
"Manuel Polster","Stade Nyonnais"
"Elias Kachunga","Cambridge United"
"Andrea Silipo","Ascoli Calcio"
"Emil Bohinen","Venezia"
"Marcus Sandberg","HamKam"
"Ola Brynhildsen","Bodø"
"Ola Brynhildsen","Glimt"
"Andreas Hanche-Olsen","FSV Mainz 05"
"Thomas Lehne Olsen","Lillestrøm"
"Ronald Hernández","Atlanta United"
"Simen Rafn","Fredrikstad"
"Sondre Tronstad","Blackburn Rovers"
"Jakob Glesnes","LA Galaxy"
"Jakub Janetzký","Zbrojovka Brno"
"Vukadin Vukadinović","SK Artis Brno"
"Sam Adekugbe","Vancouver Whitecaps"
"Erhan Masovic","Bochum"
"Zachary Duncan","Louisville City"
"Kerfala Cissoko","Rodina Moskva"
"Petter Strand","Vålerenga"
"Kaio César","Corinthians"
"Fredrik Jensen","NAC Breda"
"Vebjørn Hoff","Molde"
"Charlie Lennon","Barnsley"
"Elbasan Rashani","Melbourne City"
"Fredrik Sjølstad","HamKam"
"Kristoffer Askildsen","Viking"
"Jimmy Sinclair","Nottingham Forest"
"Dannī Braians Ambato Aņisjko","Chesterfield"
"Fredrik Aursnes","Benfica"
"Eirik Hestad","Molde"
"Ruben Gabrielsen","Lillestrøm"
"Kristoffer Haugen","Viking"
"Fraser Horsfall","Blackpool"
"Owen Evans","Barnet"
"Mark Shelton","Barnet"
"Emmanuel Dieseruvwe","Rochdale"
"Bence Dárdai","Wolfsburg"
"Lukas Michelbrink","Energie Cottbus"
"Silas Prüfrock","Greuther Fürth"
"Rogan Ravenhill","Barnsley"
"Jon Gallagher","Austin FC"
"Stanko Juric","Real Valladolid"
"Callum Olusesi","Tottenham Hotspur"
"Logan Briggs","Northampton Town"
"Lyle Foster","Burnley"
"Viljar Vevatne","Viking"
"Zymer Bytyqi","Kristiansund"
"Sondre Björshol","Viking"
"Yildren Ibrahimaj","Lillestrøm"
"Zlatko Tripic","Viking"
"Carlos Sánchez","Pachuca"
"Dan Ulvestad","Kristiansund"
"Leon Chiwome","Colchester United"
"Memphis Depay","Corinthians"
"Vernon Masara","Peterborough United"
"Andy Dallas","Walsall"
"Bingliang Yan","Tianjin Jinmen Tiger"
"Jack Iredale","Hibernian"
"Aster Vranckx","Sassuolo"
"Diego Collado","CyD Leonesa"
"Killian Sardella","RSC Anderlecht"
"Amin Chiakha","Rosenborg BK"
"Olaus Skarsem","Sarpsborg 08"
"Pau Casadesús","Granada"
"Philip Zinckernagel","Chicago Fire"
"Gustavo Sá","Famalicão"
"Brede Moe","Bodø"
"Brede Moe","Glimt"
"Arild Østbø","Viking"
"David Akintola","Hull City"
"Daniele Casiraghi","Südtirol"
"Matteo Rover","Reggiana"
"Raphael Chidi Odogwu","Südtirol"
"Giovanni Zaro","Cesena"
"Ángel Di María","Rosario Central"
"Håkon Lorentzen","Start"
"Artem Sokol","Rodina Moskva"
"Onni Valakari","San Diego FC"
"Andrew Gutman","Chicago Fire"
"Nathanaël Mbuku","Montpellier"
"Simone Ghidotti","Sampdoria"
"Nunzio Lella","Venezia"
"Martim","Nacional"
"Chico Gonçalves","Nacional"
"Bryan Soumaré","RAAL La Louvière"
"Gabriel Martinelli","Arsenal"
"Junior Hernández","Deportes Tolima"
"José Bizama","Palestino"
"Cristian Blanco","Boyacá Chicó"
"Warner Brown","Mount Pleasant"
"Willyan Rocha","CSKA Moscow"
"Martin Hongla","Granada"
"Alejandro Gómez","Tijuana"
"Benny","Moreirense"
"Adrian Pereira","Rosenborg BK"
"Oscar Pettersson","Go Ahead Eagles"
"Riccardo Gagno","Vicenza Virtus"
"Pedro Augusto","Fortaleza"
"Amadou Ba-Sy","Hearts"
"Oleksandr Svatok","Austin FC"
"Nils De Wilde","Cercle Brugge"
"Chris Lokesa","Beveren"
"Jonathan Ikoné","Paris FC"
"Liam Kitching","Coventry City"
"Riccieli","EC Vitória"
"Anderson Silva","Pafos"
"Pedro Gonçalves","Sporting CP"
"Gustavo Assunção","AVS"
"Fábio Silva","Borussia Dortmund"
"Erick","EC Vitória"
"Léandre Kuavita","Standard Liège"
"Boubou Diallo","Dukla Praha"
"Rodrigão","FK Crvena Zvezda"
"Sandro Lima","Alverca"
"Alex Pinto","FC Arouca"
"Ayberk Karapo","Kasımpaşa"
"Fábio Abreu","Beijing Guoan"
"Amine Et-Taibi","Willem II"
"Félix Torres","Internacional"
"Kristoffer Klaesson","Aalesund"
"Brayan Joel Peña Preciado","Delfin"
"Ivan Näsberg","Vålerenga"
"Aron Dønnum","Toulouse"
"Bartłomiej Smolarczyk","Korona Kielce"
"Emil Ceide","Rosenborg BK"
"Sondre Sørli","Sarpsborg 08"
"Samet Yalçın","Kocaelispor"
"Ogün Özçiçek","Gazişehir Gaziantep"
"Marlon","Grêmio"
"Boubakary Soumaré","Leicester City"
"Bilal Ould-Chikh","FC Volendam"
"Aboubacar Konté","Beijing Guoan"
"Ismaila Coulibaly","RAAL La Louvière"
"Luis Cordova","Técnico Universitario"
"Amar Gerxhaliu","Erzurumspor"
"Modibo Camara","Neuchâtel Xamax"
"Sondre Sørløkk","Fredrikstad"
"Kevin Krygård","Lillestrøm"
"Kristoffer Velde","Portland Timbers"
"Junior Sambia","Clermont Foot"
"Ángel Ramón Sánchez Chávez","Sportivo Ameliano"
"Zeki Yavru","Samsunspor"
"Hugo Rodallega","Santa Fe"
"Ilay Camara","RSC Anderlecht"
"Doug Tharme","Grimsby Town"
"Sefa Akgün","Erzurumspor"
"Hugo Cuenca","Celta de Vigo B"
"Innes Cameron","Barrow"
"Tobias Lauritsen","Sparta Rotterdam"
"Aaron Appindangoyé","Kocaelispor"
"Erdoğan Yeşilyurt","Antalyaspor"
"Callum Perry","Cambridge United"
"David Schnegg","Charlotte"
"Gökhan Akkan","Gençlerbirligi"
"Ahmet Oğuz","Kocaelispor"
"Fabrice N'Sakala","FC Annecy"
"Manolis Siopis","Panathinaikos"
"Efecan Karaca","Alanyaspor"
"Iker Losada","Levante UD"
"Simone Cinquegrano","Sassuolo"
"Edin Visca","Trabzonspor"
"Soner Aydoğdu","Samsunspor"
"Christopher Jullien","Montpellier"
"Robin Yalçın","Eyüpspor"
"Teenage Hadebe","Cincinnati"
"Steeve Kango","Lyon"
"Brandon Borrello","Western Sydney Wanderers"
"Joris Manquant","Stade Nyonnais"
"Sander Christiansen","Sarpsborg 08"
"Ufuk Akyol","Konyaspor"
"Nazim Sangaré","Gazişehir Gaziantep"
"Bahadır Öztürk","Antalyaspor"
"Doğukan Sinik","Antalyaspor"
"Halil Akbunar","Eyüpspor"
"Titi","Fortaleza"
"Omar Fayed","FC Arouca"
"Veysel Sarı","Antalyaspor"
"Abdülkadir Ömür","Antalyaspor"
"Anthony Nwakaeme","Trabzonspor"
"Alexis Blin","Palermo"
"Lucas Kubr","Hradec Králové"
"Martial Godo","Strasbourg"
"Stefan Schimmer","FC Heidenheim"
"Piotr Krawczyk","Wisła Płock"
"Lubomir Satka","Samsunspor"
"Zakaria Taifi","Orlando City"
"Babacar Fati","Livingston"
"Yanis Rahmani","CE Sabadell FC"
"Brent Gabriël","Zulte Waregem"
"Lautaro Guzmán","Melgar"
"Ismael Konate","Empoli"
"Agustín José Urzi","Universidad Concepción"
"Owen Bevan","Dundee"
"Iván Colman","Cusco"
"Tachi","Real Zaragoza"
"Víctor Campuzano","Sydney"
"Matías Vargas","Gimnasia Mendoza"
"Ibán Salvador","Wisła Płock"
"Christian Eriksen","Wolfsburg"
"Patrick Amoako Nuamah","Catanzaro"
"Cícero","Tondela"
"Chancel Mbemba","Lille"
"Altay Bayındır","Manchester United"
"Günay Güvenç","Galatasaray"
"Fernando Beltrán","León"
"José González","Atlético San Luis"
"David Martínez","Defensa y Justicia"
"Enric Franquesa","Leganés"
"Martín Pascual","Mirandés"
"Borja López","Bellinzona"
"Josué Escartin","Red Star FC"
"Jasser Chamakh","Guingamp"
"Edgar Saúl Jiménez Sánchez","Atlante"
"Jaime Seoane","Huesca"
"Kike Hermoso","Arka Gdynia"
"Matt Ritchie","Reading"
"Son","Ludogorets Razgrad"
"Javier Navarro","Vaduz"
"Sergey Volkov","Rodina Moskva"
"Ruslan Bart","Sochi"
"Souffian El Karouani","FC Utrecht"
"Jellert Van Landschoot","Kortrijk"
"Dani Martín","Tenerife"
"Mohamed Salisu","AS Monaco"
"Antonio David","Cesena"
"Leonardo Graziani","Delfino Pescara 1936"
"João Costa","Cruzeiro"
"Ivan Prtajin","Kaiserslautern"
"Joshua Smits","Adelaide United"
"Jacopo Seghetti","Empoli"
"Francesco Vallarelli","Reggiana"
"Marco Palestra","Cagliari"
"Richard Ledezma","Guadalajara"
"Filip Mielke","Hradec Králové"
"Anderson Mishael Villacorta Beltrán","Sporting Cristal"
"Martín Cauteruccio","Sporting Cristal"
"Tomás Cuello","Atlético Mineiro"
"Gabriel Alanís","AA Estudiantes Río Cuarto"
"Brahian Alemán","Cerro"
"Chicharito","Guadalajara"
"Ran Binyamin","FC Dallas"
"Deabeas Owusu-Sekyere","Shenzhen Peng City FC"
"Cihat Celik","Kocaelispor"
"Dani Gómez","Real Zaragoza"
"Kevin Tshiembe","Vålerenga"
"Duje Dujmović","Wieczysta Krakow"
"Moatasem Al-Musrati","Hellas Verona"
"André Almeida","Valencia"
"Harvey Knibbs","Charlton Athletic"
"Jack Roles","Crawley Town"
"Sam Beukema","Napoli"
"Aaron Cresswell","Stoke City"
"Ömer Faruk Gümüş","Fatih Karagümrük"
"Alberto Dossena","Cagliari"
"Francisco Venegas","Querétaro"
"Thomás Chacón","FC Aarau"
"Devlan Moses","Sheffield Wednesday"
"Lucas Scicluna","Newcastle Jets"
"Joe Wollacott","Crawley Town"
"Mycael","Athletico Paranaense"
"Léo Derik","Athletico Paranaense"
"Jesper Isaksen","Kristiansund"
"Martin François","SC Kriens"
"Ali Abdi","OGC Nice"
"Majeed Ashimeru","RAAL La Louvière"
"Sekou Sidibe","RAAL La Louvière"
"Tom Brewitt","Orange County SC"
"José Esquivel","Mazatlán"
"Brendan Galloway","Plymouth Argyle"
"Stone Mambo","Grenoble Foot"
"Pierrick Capelle","Angers"
"Abdula Bagamaev","Fakel"
"Nurettin Korkmaz","Kayserispor"
"Yasir Subasi","Konyaspor"
"Edoardo Duca","Juve Stabia"
"Matteo Piacentini","Cesena"
"Keyliane Abdallah","Olympique de Marseille"
"Tadjidine Mmadi","Olympique de Marseille"
"Mathys Niflore","Dunkerque"
"Dayann Methalie","Toulouse"
"José Abella","Santos Laguna"
"Yankuba Minteh","Brighton & Hove Albion"
"Eren Tozlu","Erzurumspor"
"Ylies Aradj","Stade Lavallois"
"Hüseyin Türkmen","Antalyaspor"
"Ruben Beliandjou","Bastia"
"Oğulcan Çağlayan","Kocaelispor"
"Yanis Da Rocha","Sporting Braga"
"Adrien Lebeau","Dunkerque"
"Solly March","Brighton & Hove Albion"
"Marash Kumbulla","Mallorca"
"Fabian Nürnberger","Darmstadt 98"
"Jhon Chancellor","Universidad Católica"
"Stefano Sabelli","Genoa"
"Marwan Al-Sahafi","Antwerp"
"Ansu Fati","AS Monaco"
"Elías Cabrera","Tigre"
"Juanjo Nieto","CD Castellón"
"Gabriel","EC Vitória"
"Žan Majer","Mantova"
"Soner Dikmen","Antalyaspor"
"Federico Illanes","Sport Boys"
"Magnar Ødegaard","Sarpsborg 08"
"Alec Van Hoorenbeeck","Heracles Almelo"
"Ángel Romero","Boca Juniors"
"Johan Martínez","Deportivo Cali"
"Thomas Hödl","Willem II"
"Matko Miljevic","Racing Club"
"Fausto Vera","River Plate"
"David Pech","Mladá Boleslav"
"Oleg Reabciuk","Spartak Moscow"
"Simão","AVS"
"Renat Dadashov","Motor Lublin"
"Nicolò Casale","Bologna"
"Son Heung-Min","LAFC"
"Luca Lezzerini","Fiorentina"
"Paul Bellon","Dijon"
"Luca Ravanelli","Monza"
"Michele Castagnetti","Cesena"
"Mauro Laínez","Mazatlán"
"Marcos Zambrano","New England Revolution"
"Ben Davies","Tottenham Hotspur"
"Patrick Ciurria","Monza"
"Guido Vadalá","Coquimbo Unido"
"Connor Barratt","Barnsley"
"Roberto Insigne","US Avellino"
"Lorenzo Montipò","Hellas Verona"
"Moussa Sissoko","Watford"
"Marius Marin","Pisa"
"Francesco Belli","Calcio Padova"
"Leonardo Mancuso","Mantova"
"Stefano Moreo","Pisa"
"Filippo Bandinelli","Spezia"
"Jure Balkovec","Fatih Karagümrük"
"Johan Marvin Kury","Bellinzona"
"Tze Nam	Yue","Beijing Guoan"
"Léo","Athletico Paranaense"
"Julian Pou","Cerro Largo"
"Amahl Pellegrino","San Diego FC"
"Hugo Lloris","LAFC"
"Víctor García","CyD Leonesa"
"Bruno Duarte","FK Crvena Zvezda"
"Cameron Ashia","Huddersfield Town"
"Fabrizio Angileri","Corinthians"
"Lincoln","Alverca"
"Tobias Christensen","Wieczysta Krakow"
"Valentín Antonio Vidal Tapia","Everton"
"Nando Toggenburger","Luzern"
"Salis Abdul Samed","OGC Nice"
"Tristan Wagner","Eintracht Braunschweig"
"David Barbona","Defensa y Justicia"
"Eugenio Mena","Universidad Católica"
"Andrés Mosquera","Santa Fe"
"Óscar Macías","Atlético San Luis"
"Bryan Dennys Angulo Tenorio","Deportivo Moquegua"
"Santiago Giménez","AC Milan"
"Mattéo Commaret","Stade Lavallois"
"Amine Saïd","Clermont Foot"
"Magnus Knudsen","Holstein Kiel"
"Ales Mateju","Spezia"
"Ernesto Torregrossa","Carrarese Calcio 1908"
"Billy Gilmour","Napoli"
"Leandro Sosa","Danubio"
"Baptiste Santamaría","Valencia"
"Orhan Ovacıklı","Erzurumspor"
"Jan Mlakar","Amiens"
"Cristian Núñez","Club Rubio Nu"
"Daniil Zorin","Spartak Moscow"
"Zak Rudden","Livingston"
"Gennaro Michael Nigro","Tampa Bay Rowdies"
"Sebastian Klaas","Paderborn"
"Ryan Rodin","Auxerre"
"Telli Siwe","Auxerre"
"Rayan Mandengue","Auxerre"
"Juan Manuel García","Club Guaraní"
"Benjamin Lhassine Kone","Frosinone"
"Fabio Maistro","Juve Stabia"
"Alessandro Micai","Reggiana"
"Jean-Daniel Akpa Akpro","Hellas Verona"
"Jordan Ferri","Sampdoria"
"Jaime Báez","Peñarol"
"Bilal Njie","KFUM-Kameratene Oslo"
"Diogo Queirós","Dunkerque"
"Marcelo Esponda","Newell's Old Boys"
"Alex Méndez","El Paso Locomotive"
"Danijel Aleksic","Konyaspor"
"David Terans","Peñarol"
"Aleksander Hammer Kjelsen","Aalesund"
"Vincenzo Fiorillo","Carrarese Calcio 1908"
"Cristian Buonaiuto","Calcio Padova"
"Fabio Blanco","Vitória Guimarães"
"Manu Sánchez","AD Ceuta FC"
"Marco Carraro","Vicenza Virtus"
"Vlad Dragomir","Pafos"
"Michele Rigione","US Avellino"
"Massimo Bertagnoli","Reggiana"
"Maxime Leverbe","Vicenza Virtus"
"Marcos André","Real Valladolid"
"Hatim Essaoubi","Gent"
"Hamza Igmane","Lille"
"Sadat Happy Anaku","Hartford Athletic"
"Luca Ross","Motherwell"
"Jordan Marié","Dijon"
"Lukas Zima","FC FCSB"
"Maximiliano Zalazar","Gimnasia La Plata"
"Mauricio Benítez","Antwerp"
"Nikita Contini","Napoli"
"Claudio Morra","Vicenza Virtus"
"Augusto Max","Gimnasia La Plata"
"Yahia Attiyat allah","Sochi"
"Bjørn Martin Kristensen","KFUM-Kameratene Oslo"
"Aldo Cruz","Atlético San Luis"
"Gilberto Sepúlveda","Guadalajara"
"Charles-Andreas Brym","NAC Breda"
"Giulio Maggiore","Bari"
"Juan Ramos","Deportivo Maldonado"
"Matteo Ricci","Sampdoria"
"Giacomo Vrioni","Cesena"
"Giuseppe Panico","US Avellino"
"Alberto Paleari","Torino"
"Davide Adorni","Modena"
"Valentin Rosier","Osasuna"
"Manolis Saliakas","St. Pauli"
"Alexis Casadei","FC Annecy"
"Sokratis Dioudis","Gazişehir Gaziantep"
"Ghayas Zahid","Vålerenga"
"Stefano Scognamillo","Benevento"
"Raffaele Pucino","Bari"
"Abdoulaye Touré","Le Havre"
"Jordan Kadiri","Dender"
"Kelvin Yeboah","Minnesota United"
"Giuseppe Cuomo","Vicenza Virtus"
"Frederico Duarte","Wisła Kraków"
"Ignacio Andrés Gonella Hernández","Central Español"
"Dimitrios Giannoulis","Augsburg"
"Rik Mulders","Cambuur Leeuwarden"
"Raymundo Fulgencio","Juárez"
"Joel Contreras","Llaneros"
"Colin Rösler","Malmö FF"
"Keita Baldé","Monza"
"Shamar Nicholson","Tijuana"
"Romario Rösch","Bochum"
"Jordi Valadon","Melbourne Victory"
"Sebastian Esposito","Melbourne Victory"
"José Rodríguez","Necaxa"
"Ahmet Muhamedbegovic","Dynamo Dresden"
"Luke Leahy","Wycombe Wanderers"
"Giorgos Kiriakopoulos","Panathinaikos"
"Matteo Bignetti","Sturm Graz"
"Kieron Morris","Oldham Athletic"
"Mahamadou Diawara","Antwerp"
"Ilyes Housni","Nancy"
"Yoram Zague","FC København"
"Michell Rodríguez","Monterrey"
"Caio","Yunnan Yukun"
"Beto da Silva","Deportivo Garcilaso"
"Adrián Niño","Málaga"
"Max Sanders","Crewe Alexandra"
"Grayson Dettoni","Darmstadt 98"
"Ethan Amundsen-Day","HamKam"
"Thomas Jørgensen","Toulouse"
"Tamás Szűcs","Famalicão"
"Alessandro Mallamo","Südtirol"
"Matthew Anderson","Kortrijk"
"Bakari Camara","Nancy"
"Jesús Clemente","CD Eldense"
"Alejandro Rego","Athletic Club"
"Alex Padilla","Athletic Club"
"Pavel Meleshin","Sochi"
"Riccardo Brosco","Delfino Pescara 1936"
"Jay O'Shea","Brisbane Roar"
"Christian Kouan","Benevento"
"Greg Leigh","Oxford United"
"Nicholas Mickelson","SV 07 Elversberg"
"Fabinho","Coritiba Fbc"
"Fran Topić","Dinamo Zagreb"
"Kiano Dyer","FC Volendam"
"Jermein Peña","Junior"
"Héctor Fort","Elche"
"Jan Paluska","Viktoria Plzen"
"Pavel Gaszczyk","Dukla Praha"
"Maxwel Cornet","Genoa"
"Isak Alemayehu","Queens Park Rangers"
"Soumaela Traore","RAAL La Louvière"
"Douglas Martínez","Charleston Battery"
"Marcus McGuane","Huddersfield Town"
"Jakov Medic","Norwich City"
"Aji Alese","Portsmouth"
"Amir Hadziahmetovic","Hull City"
"Wai-Tsun Dai","Shenzhen Peng City FC"
"Edoardo Masciangelo","Frosinone"
"Simone Bastoni","Cesena"
"Michele Di Gregorio","Juventus"
"Sebastián Salazar","Boyacá Chicó"
"Romano Postema","Viking"
"Efraín Navarro","Once Caldas"
"Chris Gloster","New Mexico United"
"Claudio Gomes","Palermo"
"Valentín Burgoa","Orense"
"Andrés Mehring","Progreso"
"Brooklyn Kabongolo","Livingston"
"João Costa","FC Porto"
"David Gil","Cádiz"
"Manuel Marras","Reggiana"
"Andreaw Gravillon","Delfino Pescara 1936"
"Neal Viereck","Tenerife"
"Skye Vink","Cambuur Leeuwarden"
"Marco Varnier","Juve Stabia"
"Noel Aseko","Hannover 96"
"Adrian Sæther","Kristiansund"
"Álex Centelles","Almería"
"César Ibáñez","Huracán"
"Maximiliano Villa","Atlético Tucumán"
"Kobe Cools","Dender"
"Mohamed Bouchouari","Rodez"
"Tommaso Barbieri","Cremonese"
"Dragan Mihajlovic","Bellinzona"
"Nicolas Ioannou","Sampdoria"
"Andraz Sporar","Alanyaspor"
"Dénes Dibusz","Ferencvaros"
"Oleksandr Zubkov","Trabzonspor"
"Andrei Burcă Andonie","Yunnan Yukun"
"Ramy Bensebaini","Borussia Dortmund"
"Nicolás Avellaneda","Unión La Calera"
"David Sotelo","Newell's Old Boys"
"Ygor Nogueira","Rostov"
"Robinho","Academico Viseu"
"Tomás Ribeiro","CyD Leonesa"
"Devante Rodney","Rochdale"
"Ignace Van der Brempt","Como"
"Dodi","Grêmio"
"Jakub Kaminski","FC Köln"
"Martín Rodríguez","Erzurumspor"
"Amar Sejdić","Columbus Crew"
"Adam Gnezda Cerin","Panathinaikos"
"Dante","OGC Nice"
"Jhon Córdoba","Instituto"
"Antoñín","Korona Kielce"
"Santiago Colombatto","Real Oviedo"
"Ramón Arias","Tigre"
"Niklas Gunnarsson","Neuchâtel Xamax"
"Bjørn Utvik","Sarpsborg 08"
"Carlos Ballestero García","Deportivo Alavés"
"Roy Steur","FC Volendam"
"Noah Pesch","Magdeburg"
"Ken Izekor","Eintracht Braunschweig"
"Nicolás Colazo","Banfield"
"Óscar Sanz Naval","CE Sabadell FC"
"Danilo Ortíz","Deportivo Pereira"
"Rafael Romo","Universidad Católica"
"Hicham Boudaoui","OGC Nice"
"Gabriel Jesus","Arsenal"
"Leonardo Godoy","Independiente"
"Germán Guiffrey","Gimnasia Mendoza"
"Bicho","CyD Leonesa"
"Álvaro Leiva","Real Madrid"
"Nedim Bajrami","Rangers"
"Samuele Ricci","AC Milan"
"David Voûte","PEC Zwolle"
"Lucas Ahijado","Real Oviedo"
"Kevin Moreno","Alianza Valledupar"
"Franck Fomeyem","Córdoba CF"
"Ato","Bellinzona"
"Tincho Conde","CD Castellón"
"Harald Tangen","Notts County"
"Manu Justo","CyD Leonesa"
"Vincent Rüfli","Étoile Carouge FC"
"Jon García","Albacete"
"Manuel Romero","Instituto"
"Bingourou Kamara","Lorient"
"Malang Sarr","Lens"
"Marcelo Rangel","Clube do Remo"
"José Aldo","Mirassol Futebol Clube"
"Nabil Aberdin","Sochi"
"Paulinho Paula","Internacional"
"Tom Edozie","Wolverhampton Wanderers"
"Borja Calvo","CD Eldense"
"Marcos Bustillo","CD Eldense"
"Eduardo Aguirre","Atlas"
"Nuno Da Costa","Istanbul Basaksehir"
"Rony Lopes","Tondela"
"Darian Males","BSC Young Boys"
"Joe Knight","Brighton & Hove Albion"
"Liam Kinsella","Cheltenham Town"
"Ari Contreras","Pachuca"
"Shane Duffy","Norwich City"
"Harvey St. Clair","FC Tulsa"
"Kamil Çörekçi","Kasımpaşa"
"Arturo González","Atlas"
"Sékou Fofana","FC Lausanne Sport"
"Matías Miranda","Macará"
"Leonel Picco","Clube do Remo"
"André Ribeiro","Rapperswil-Jona"
"Isaac Obeng","Cádiz"
"Domen Črnigoj","Südtirol"
"Pasquale Mazzocchi","Napoli"
"Nicolás Cordero","Aldosivi"
"Rodrigo Cabral","Audax Italiano"
"Karl-Johan Johnsson","Strasbourg"
"Cristian Rodríguez","AD Ceuta FC"
"Raheem Sterling","Feyenoord"
"Patrick Burner","Colorado Springs"
"Michael Golding","Shrewsbury Town"
"Mamadou Coulibaly","Südtirol"
"Brandon Williams","Hull City"
"Edvard Tagseth","Nashville SC"
"Vladyslav Kopotun","Cádiz"
"Aimar Sher","Sarpsborg 08"
"Heinz Lindner","FC Zürich"
"João Pedro","Clube do Remo"
"Yilmar Velázquez","Santa Fe"
"Franck Tsadjout","Delfino Pescara 1936"
"Matty Longstaff","CF Montreal"
"Brayan Vera","CF Montreal"
"Noah Katterbach","Eintracht Braunschweig"
"Eric Dick","Indy Eleven"
"Thomas Lemar","Girona"
"Hujahmat Shahsat","Shenzhen Peng City FC"
"Eneko Aguilar","CE Sabadell FC"
"Xabi Huarte","Tondela"
"Fabinho","Trabzonspor"
"Alejandro Ibarrondo","CD Eldense"
"Cédric Nuozzi","Alverca"
"Misael Martínez","Alianza Valledupar"
"Yeison Tolosa","Deportivo Pasto"
"Ewerton","Baník Ostrava"
"Giannis Masouras","Nürnberg"
"Gabriel Ernesto Alfaro Martinez","Atlético Grau"
"Alessandro Plizzari","Südtirol"
"Jan Stejskal","FK Pardubice"
"Yorbe Vertessen","Salzburg"
"Christos Mandas","Lazio"
"Nicolas Pallois","Stade de Reims"
"Oliver Velich","Zbrojovka Brno"
"Bruno Gomes","Internacional"
"Steve Mounié","Alanyaspor"
"Adilson","Córdoba CF"
"Jonan Amelibia","Bellinzona"
"Nikolay Obolskiy","Córdoba CF"
"Eduardo Tercero","Atlante"
"João Pedro","Grêmio"
"Joe Edwards","Plymouth Argyle"
"James Plant","Tranmere Rovers"
"Miquel Codina Sayol","CE Sabadell FC"
"Kristijan Jakić","Augsburg"
"Miguel Bañuz","CyD Leonesa"
"Joseph Okumu","Stade de Reims"
"João Ricardo","Fortaleza"
"Nicolás Nahuel Campos Mieres","Central Español"
"Víctor Valverde da Silva","Albacete"
"Zé Marcos","EC Vitória"
"Louicius Deedson","FC Dallas"
"Emre Taşdemir","Kasımpaşa"
"Christian Kabasele","Udinese"
"Maciej Rosołek","Katowice"
"Cristian Tovar","América de Cali"
"Mauricio Martínez","CA Sarmiento"
"Joel Latibeaudiere","Coventry City"
"Jordi Tur Antonio","FC Stade Lausanne-Ouchy"
"Arthur Bonaldo","CE Sabadell FC"
"Dani Sánchez","Málaga"
"Martin Erlić","FC Midtjylland"
"Elhan Kastrati","Eintracht Braunschweig"
"Oscar Salomón","Newell's Old Boys"
"Dominik Hasek","Dukla Praha"
"Alexis Maldonado","Belgrano"
"Oriol Romeu","Southampton"
"Filip Kaloc","Ludogorets Razgrad"
"Francisco Nevarez","Juárez"
"Kartal Yilmaz","Beşiktaş"
"Armando González Alba","Guadalajara"
"Henrikh Mkhitaryan","Inter Milan"
"Rafael Ratão","Shanghai Shenhua"
"Sotiris Alexandropoulos","Fortuna Düsseldorf"
"Nicholas Gioacchini","CE Sabadell FC"
"Boyd Lucassen","NAC Breda"
"Hassane Bandé","Mechelen"
"Pedro Amaral","Estoril"
"Zlatan Sehovic","Dukla Praha"
"Amad Diallo","Manchester United"
"Gonzalo Morales","Barracas Central"
"Ángel Saavedra","Mazatlán"
"Matteo Cotali","Modena"
"Sergio Bermejo","Gil Vicente"
"Diego Murillo","Málaga"
"Nicolás Delgadillo","Atlético Grau"
"Juan Miritello","Defensa y Justicia"
"Áron Yaakobishvili","FC Andorra"
"Joaquín Panichelli","Strasbourg"
"Max Jollife","Colchester United"
"Carlos Villanueva","Querétaro"
"Ignacio Chicco","Aldosivi"
"Gabriele Biancheri","Rotherham United"
"Yimmi Congo","Carabobo"
"Prince Mbatshi Mukuba","Zlín"
"Cedric Gondo","Reggiana"
"Hernán De La Fuente","Instituto"
"Bryce Jamison","Colorado Springs"
"Matías Julian López Estigarribia","Club Guaraní"
"Diego de Buen","Necaxa"
"Carlos Acevedo","Santos Laguna"
"Zafer Görgen","Gazişehir Gaziantep"
"Jesse Lingard","Corinthians"
"Jack Taylor","Ipswich Town"
"David Tutonda","Accrington Stanley"
"Juan Mata","Melbourne Victory"
"Kacper Kostorz","Pogoń Szczecin"
"Luis Sequeira","Independiente Rivadavia"
"George Thomson","Harrogate Town"
"Andy Velasco","Independiente del Valle"
"Warren Burrell","Harrogate Town"
"Jack Muldoon","Harrogate Town"
"Ryan Fallowfield","York City"
"Josh Falkingham","Harrogate Town"
"Adam Petrák","SK Artis Brno"
"Maya Yoshida","LA Galaxy"
"Sebastián Jaume Méndez","Albion"
"Emmanuel Ojeda","Huracán"
"Gabriel Brazão","Santos"
"Ralph Orquin","América"
"Alfie Doughty","Millwall"
"Hiang'a Mananga Mbock","Grenoble Foot"
"Lucão","Chongqing Tonglianglong"
"Jack Howland","Barnet"
"Julián Palacios","Unión"
"Salvador Reyes","León"
"José Luis Rodríguez","Vasco da Gama"
"Luke Southwood","Bristol Rovers"
"Daley Blind","Girona"
"Facundo Almada","Mazatlán"
"Caín Fara","Universitario"
"Emiliano García","Atlético Ottawa"
"Luis Calzadilla","Atlante"
"Giovani Lo Celso","Real Betis"
"Largie Ramazani","Valencia"
"Idjessi Metsoko","Dundee United"
"Yair Jaén","Xelaju"
"Nelson Insfrán","Gimnasia La Plata"
"Yanis Rafii","Amiens"
"Mohamed Bechikh","Grenoble Foot"
"Iván Maggi","Club Sportivo Luqueño"
"Stefano Turati","Sassuolo"
"Miguel Araujo","Sporting Cristal"
"Maximiliano Centurión","Sportivo Trinidense"
"Kelian Nsona","Casa Pia AC"
"Ibrahim El Kadiri","Darmstadt 98"
"Samuel Lucero","Defensa y Justicia"
"Fausto Grillo","Deportes Concepcion"
"Stefan Mitrović","Excelsior"
"Patrick van Aanholt","Sparta Rotterdam"
"Gabriel Veron","Nacional"
"Omari Kellyman","Cardiff City"
"Luccas Claro","Eyüpspor"
"Óscar Gil","CD Castellón"
"Tanguy Nianzou","Sevilla"
"Kian Harratt","Oldham Athletic"
"Leonardo Balerdi","Olympique de Marseille"
"Kwadwo Baah","Watford"
"Max Watters","Dundee United"
"Clarke Oduor","Grimsby Town"
"Djed Spence","Tottenham Hotspur"
"Sam Cleall-Harding","Dundee United"
"Marko Arnautovic","FK Crvena Zvezda"
"Lucas Piton","Vasco da Gama"
"Yannick Marchand","Rapperswil-Jona"
"Alan Velasco","Boca Juniors"
"Rarmani Edmonds-Green","Leyton Orient"
"Brian Negro","Mushuc Runa"
"Grant Horton","Harrogate Town"
"Pascal Struijk","Leeds United"
"Luca de la Torre","Charlotte"
"Joshua Zirkzee","Manchester United"
"Paul Nsio","St Mirren"
"Franco Ibarra","Rosario Central"
"David Ayala","Inter Miami"
"Sam Clucas","Shrewsbury Town"
"Philip Billing","FC Midtjylland"
"Bruno Souza","Pafos"
"Baran Moğultay","Alanyaspor"
"Geraldo Bajrami","Crawley Town"
"Mattia Viviani","Arezzo"
"Harvey Saunders","Northampton Town"
"Sarpreet Singh","Wellington Phoenix"
"Josef Bursik","Portsmouth"
"Dominik Kother","Dynamo Dresden"
"Mike van der Hoorn","FC Utrecht"
"August Mikkelsen","Bodø"
"August Mikkelsen","Glimt"
"Asmir Begovic","Leicester City"
"Ivan Zhelizko","Lechia Gdańsk"
"Milan Knobloch","Zlín"
"Somto Boniface","Leyton Orient"
"Lisandru Tramoni","FC Zürich"
"Amine Adli","AFC Bournemouth"
"Kristian Popovic","Macarthur FC"
"Chris Ikonomidis","Macarthur FC"
"Omar Valencia","New York Red Bulls"
"Alex Grant","Sydney"
"Ramy Najjarine","Wellington Phoenix"
"Joshua Brillante","Western Sydney Wanderers"
"Lawrence Thomas","Western Sydney Wanderers"
"Adama Traoré","Melbourne Victory"
"Dean Bouzanis","Brisbane Roar"
"Storm Roux","Central Coast Mariners"
"James Donachie","Central Coast Mariners"
"Lachlan Wales","Perth Glory"
"Harrison Delbridge","Melbourne City"
"Anthony Cáceres","Macarthur FC"
"Paulo Retre","Wellington Phoenix"
"Luke Brattan","Macarthur FC"
"Brandon O'Neill","Perth Glory"
"Joel King","Sydney"
"Kosta Barbarouses","Western Sydney Wanderers"
"Ryan Kitto","Adelaide United"
"André Ayew","NAC Breda"
"Nikola Mileusnic","Wellington Phoenix"
"Al Hassan Touré","Sydney"
"Ben Halloran","Brisbane Roar"
"Louis D'Arrigo","Melbourne Victory"
"Kosta Grozos","Newcastle Jets"
"Daniel Wilmering","Newcastle Jets"
"Matthew Jurman","Macarthur FC"
"Keanu Baccus","St Mirren"
"Mitchell Duke","Macarthur FC"
"Kye Rowles","DC United"
"Gianni Stensness","Viking"
"Liberato Cacace","Wrexham"
"Alex Rufer","Wellington Phoenix"
"Stefan Colakovski","Perth Glory"
"Dylan Pierias","Adelaide United"
"Max Burgess","Newcastle Jets"
"Filip Kurto","Macarthur FC"
"Angus Thurgate","Western Sydney Wanderers"
"Steven Ugarkovic","Western Sydney Wanderers"
"Raymond Asante","Sporting Charleroi"
"Jamie Allen","Coventry City"
"Halldor Stenevik","Molde"
"Reno Piscopo","Melbourne Victory"
"Walter Scott","Macarthur FC"
"Sebastian Jarl","Vålerenga"
"Andrew Redmayne","Central Coast Mariners"
"Kevin Parzajuk","Deportivo Recoleta"
"Rhyan Grant","Sydney"
"Ruon Tongyik","Western Sydney Wanderers"
"Baptiste Guillaume","Le Mans"
"Nicholas D'Agostino","Brisbane Roar"
"Nathaniel Atkinson","Melbourne City"
"Dieudonné Gaucho Debohi","Raków Częstochowa"
"Lucas Perri","Leeds United"
"Lachlan Brook","Auckland FC"
"Yanis Massolin","Modena"
"Walter Benítez","Crystal Palace"
"Jesper Löfgren","Luzern"
"Magnus Grödem","KFUM-Kameratene Oslo"
"Alcides Benítez","Belgrano"
"Bryan Fiabema","Lech Poznan"
"Odin Holm","Vålerenga"
"Jordan Courtney-Perkins","Sydney"
"Kaiden Wilson","Rochdale"
"Boris Mamuzah Lum","Hertha Berlin"
"Jake Brimmer","Auckland FC"
"Brendan Hamill","Melbourne Victory"
"Lewis Miller","Blackburn Rovers"
"Gabriel Popovic","Perth Glory"
"Albert Millgramm","Magdeburg"
"Lachlan Jackson","Melbourne Victory"
"Diego Carlos","Como"
"Jay Barnett","Adelaide United"
"Javi Mier","Huesca"
"Miguelito","Santos"
"Ollie Banks","York City"
"Sam Rogers","Chicago Fire"
"Tabort Etaka Preston","Detroit City"
"Hendry Blank","Hannover 96"
"Antonee Burke-Gilroy","Brisbane Roar"
"Zeshi Chen","Shandong Taishan"
"Liu Guobao","Qingdao Manatee"
"Jack Blake","Indy Eleven"
"Rachid Ghezzal","Lyon"
"Sékou Doucouré","Nantes"
"Anthony Carter","Santa Clara"
"Kevon Jamar Lambert","Louisville City"
"Ethan Alagich","Adelaide United"
"Amadou Dia","Louisville City"
"Edson Partida","Querétaro"
"Tom Dean","Exeter City"
"Nick Ross","Monterey Bay"
"Yerlin Quiñónez","LDU Quito"
"Boluwatife Akinyode","Loudoun United"
"Triston Hodge","Defence Force"
"Caleb Roberts","Plymouth Argyle"
"Isaac Mbenza","Sporting Charleroi"
"Yiğit Efe Demir","Fenerbahçe"
"Mirco Salvatore Mazzeo","Stade Nyonnais"
"Óscar Manzanárez","Querétaro"
"Daniel Ríos","CF Montreal"
"David Akpan Ankeye","Virtus Entella"
"Matheus Gonçalves","Flamengo"
"Miłosz Strzeboński","Korona Kielce"
"Alphonse Areola","West Ham United"
"Rodrigo Da Costa","Miami FC"
"Diesel Herrington","Central Coast Mariners"
"Tom Taylor","Cheltenham Town"
"Samuel Velásquez","Atlético Nacional"
"Sydney Agina","Stoke City"
"Harry Sawyer","Macarthur FC"
"Tyler Gibson","Oakland Roots SC"
"Wilson Harris","New England Revolution"
"Erawan Garnier","Lens"
"Emerson Pedro Vanga","Estrela Amadora"
"Khalis Merah","Lyon"
"Daryll Benlahlou","Montpellier"
"Mohamed Soumah","US Boulogne"
"Neveal Irwin Hackshaw","Oakland Roots SC"
"Tyler Geoffrey Pasher","Birmingham Legion"
"Ibrahim Raache","FC Annecy"
"Lamar Batista","FC Tulsa"
"Jeciel Cedeño","Detroit City"
"Daniel Johan Skaarud","Sandefjord"
"Brian Kaltak","Perth Glory"
"Ryan Williams","Detroit City"
"Edgardo Rito","Sporting JAX"
"Preston Alexander Kilwien Yee","Miami FC"
"Jared Stroud","DC United"
"Jaiden Kucharski","Perth Glory"
"Ezra Mayers","West Ham United"
"Amara Nallo","Liverpool"
"Adrián Diz","Hartford Athletic"
"Cristian Parano","San Antonio"
"Zyen Jones","El Paso Locomotive"
"Manny Perez","Louisville City"
"D.J. Taylor","Minnesota United"
"Eduardo Agüero","Torque"
"Lucas Pino García","Central Español"
"Lucas Acosta Moreno","Liverpool"
"Aarón Guillén","Las Vegas Lights"
"Robbie Muirhead","Livingston"
"José López","Deportivo Moquegua"
"Alexander Tambakis","FC Tulsa"
"Albert Dikwa","Pittsburgh Riverhounds"
"Nicolas Glaus","Grasshopper"
"Thomas Georges Vancaeyezeele","Brooklyn FC"
"Lewis Hilton","Tampa Bay Rowdies"
"Russell Cicerone","Tampa Bay Rowdies"
"Thiago Adrián Servín Aguilar","Club Guaraní"
"Alcides Javier Barbotte Fariña","Club Guaraní"
"Phanuel Kavita","Birmingham Legion"
"Tristan Crama","Millwall"
"Will Seymore","New Mexico United"
"Thomas Woodward","Swansea City"
"Duke Lacroix","Colorado Springs"
"Sahmkou Camara","Karviná"
"Ollie Harrison","AFC Wimbledon"
"Anthony Munda","Swindon Town"
"Sean Neave","Newcastle United"
"Matteo Petrignani","Bastia"
"Aodhan Quinn","Indy Eleven"
"Leland Archer","Tampa Bay Rowdies"
"Fran Castillo","CD Castellón"
"Tah Anunga","Cincinnati"
"Peter Kingston","Seattle Sounders"
"Noa Kotto Kotto Mouyema","Sochaux"
"Mauricio González","Minnesota United"
"Yefrei Rodríguez","Tondela"
"Lucas Palavecino","Banfield"
"Maalique Foster","Charleston Battery"
"Luke Browne","Notts County"
"Wilmer Cabrera","Charleston Battery"
"Robert Coronado","El Paso Locomotive"
"Alexandre Mendy","Montpellier"
"Kyle Adams","Louisville City"
"Alexis Souahy","San Antonio"
"Sean Totsch","Louisville City"
"Ben Lundt","St. Louis City"
"Paco Craig","Indy Eleven"
"Devon Williams","Colorado Springs"
"François Kamano","Sochi"
"Callum Irving","Vancouver FC"
"Kenan Bilalovic","Aberdeen"
"Augustine Williams","Hartford Athletic"
"Abraham Romero","El Paso Locomotive"
"Bienvenue Kanakimana","Zbrojovka Brno"
"Jimmy Rangell Jiménez Cárdenas","Deportivo Moquegua"
"Laurence Wyke","Tampa Bay Rowdies"
"Théo Pellenard","Stade Lavallois"
"Juan Tejada","Colorado Springs"
"Danny Crisostomo","Sacramento Republic"
"Josh Atencio","Colorado Rapids"
"Ray Serrano","Louisville City"
"Evan Louro","Cincinnati"
"Jordan Scarlett","Hartford Athletic"
"Assane Dioussé","Auxerre"
"Paris Gee","Vancouver FC"
"Kévin Théophile-Catherine","Dinamo Zagreb"
"Charles Robbins Mertz Jr.","Pittsburgh Riverhounds"
"Vincent Pajot","FC Annecy"
"Carlos Harvey","Minnesota United"
"Danny Musovski","Seattle Sounders"
"Matt Mahoney","Colorado Springs"
"Austin Pack","Tampa Bay Rowdies"
"Sam Sutton","Perth Glory"
"Sam Gleadle","Louisville City"
"Conor Masterson","Gillingham"
"Delentz Pierre","FC Tulsa"
"Ayrton Preciado","Aucas"
"Rémy Cabella","Nantes"
"Osaze Urhoghide","FC Dallas"
"Djevencio van der Kust","Heracles Almelo"
"Anass Salah-Eddine","PSV Eindhoven"
"Shurandy Sambo","Sparta Rotterdam"
"Anthony Driscoll-Glennon","Newport County AFC"
"Jack Eduardo Jean-Baptiste Cruz","Real España"
"Tiago Gonçalves","Lyon"
"Ali Auglah","Central Coast Mariners"
"Cristian Souza","Cienciano"
"Elyh Harrison","Shrewsbury Town"
"Benjamin Ofeimu","Las Vegas Lights"
"Jorge Hernandez","San Antonio"
"William Mendieta","Club Rubio Nu"
"Panashe Madanha","Adelaide United"
"Fernando León","Emelec"
"A J Paterson","Birmingham Legion"
"Simone Colombi","Virtus Entella"
"Luismi Sánchez","Málaga"
"David Carmo","Real Oviedo"
"Brian Rubio","Mazatlán"
"John Pulskamp","Sporting Kansas City"
"Indiana Vassilev","Philadelphia Union"
"Florian Kastenmeier","Fortuna Düsseldorf"
"Jesse Bosch","Katowice"
"Bünyamin Balcı","Antalyaspor"
"Juan Ramírez","Cúcuta Deportivo"
"Ignacio Alejandro Jeraldino Jul","Deportivo Ñublense SADP"
"Nick Suman","Aberdeen"
"Idrissa Gueye","Everton"
"Haret Ortega","Santos Laguna"
"Brian Martínez","Everton"
"Steve Kingue","RKS Radomiak Radom"
"Kendall McIntosh","Oakland Roots SC"
"Michael Keane","Everton"
"Rhys Youlley","Sydney"
"Ethan Ebanks-Landell","Rochdale"
"Carlos Cisneros","León"
"José Doldán","San Lorenzo"
"Dani Rovira","Rhode Island"
"Josh Benson","Rotherham United"
"Oliver Højer","FC København"
"Juan Loaiza","Llaneros"
"Andrés Aedo","Boyacá Chicó"
"Jonathan Levin","Miami FC"
"Joel Ward","Swansea City"
"Mayer Gil","Deportivo Pasto"
"James Willy Ndjeungoue","Kortrijk"
"Jake Davis","Sporting Kansas City"
"Conor McCarthy","Northampton Town"
"Sam Junqua","Real Salt Lake"
"Jens Hjertø-Dahl","Tromsø"
"Radamel Falcao","Millonarios"
"Jabes Saralegui","Tigre"
"Kwasi Sibo","Real Oviedo"
"Germán Parreño","RC Deportivo La Coruña"
"Jerry Jerson Navarro Huayta","ADT"
"Ángel Rodado","Wisła Kraków"
"Coll Donaldson","Falkirk"
"Denso Kasius","AZ Alkmaar"
"Joshua Kayode","Rotherham United"
"Diego Sia","Mirandés"
"Anton Tanghe","Zulte Waregem"
"Matías Viña","River Plate"
"Quique Fornos","CyD Leonesa"
"Jordan Ayew","Leicester City"
"Kieran Morgan","Queens Park Rangers"
"Terence Kongolo","NAC Breda"
"Emanuel Hernández","Olimpia"
"Renzo Salazar","Cienciano"
"Gabriel Knesowitsch","Mirassol Futebol Clube"
"Joshua Quarshie","Southampton"
"Justin Heekeren","RSC Anderlecht"
"Maximiliano Pérez","Comerciantes Unidos"
"Nelson Ariel Gauto Castillo","Sportivo Trinidense"
"Déron Payne","FC Volendam"
"Axel Dodote","Pau"
"Alex Stepien-Iwumene","Bromley"
"Edson Mucuana","AVS"
"Michy Batshuayi","Eintracht Frankfurt"
"Joseph Hatch","Plymouth Argyle"
"Teagan Finn","Plymouth Argyle"
"Fousseny Doumbia","Energie Cottbus"
"Ben Chilwell","Strasbourg"
"Sergi Domínguez","Dinamo Zagreb"
"Ugo Kadmiri","Olympique de Marseille"
"Sergio Barreto","Pachuca"
"Leonardo Mendicino","Reggiana"
"Yahir Aaron Salazar Mondaca","La Serena"
"Santiago Orozco","Cúcuta Deportivo"
"Kjell Wätjen","Bochum"
"Hamish Douglas","Rotherham United"
"Rafa Tresaco","CyD Leonesa"
"Diego Martínez","Jaguares de Córdoba"
"Leonardo Aponte","Carabobo"
"Tiago Freitas","Benfica"
"Emmanuel Essiam","Winterthur"
"Vitinho","Santa Clara"
"Elicha Ahui","Walsall"
"Benjamin Büchel","Vaduz"
"Lautaro Marco Spatz","FC Andorra"
"Danilo Al-Saed","HamKam"
"Bastián Ignacio Ubal Peña","Universidad Concepción"
"Fletcher Holman","Swindon Town"
"Arion Sulemani","Perth Glory"
"Harrison Male","Tranmere Rovers"
"Ollie Pearce","York City"
"Ruben Kluivert","Lyon"
"Tony Menzel","Dynamo Dresden"
"Neofytos Michail","Pafos"
"Justin Obikwu","Lincoln City"
"George Hoddle","Cambridge United"
"Triston Rowe","FC Annecy"
"Andrey","Santa Clara"
"Dejan Lovren","PAOK Thessaloniki"
"Willian","Grêmio"
"Lander Olaetxea","Eibar"
"James Milner","Brighton & Hove Albion"
"Eugenio Pizzuto","Atlante"
"Namory Cisse","Dukla Praha"
"Nick Pope","Newcastle United"
"Alberto Quiles","Tianjin Jinmen Tiger"
"Jeremy Ngakia","Watford"
"Callum Morton","Bristol Rovers"
"Enes Albak","Samsunspor"
"Anthony Ribelin","Le Mans"
"Timur Tuterov","Exeter City"
"Álvaro Morata","Como"
"Owen Oseni","Plymouth Argyle"
"Jean Tsamouna","Clermont Foot"
"Troy Nyhammer","Tromsø"
"Will Smallbone","Millwall"
"Yasser Larouci","Le Mans"
"Guilherme Fernandes","Real Valladolid"
"Alex Mighten","San Diego FC"
"Ylan Aka","Dijon"
"Rayane Messi","Pau"
"Michael Verrips","Dender"
"Kyle Jameson","Harrogate Town"
"Sam Hornby","Walsall"
"Brandon Cooper","Salford City"
"Alex Hunt","York City"
"Sylvester Jasper","Standard Liège"
"Anderson Julio","FC Dallas"
"Mawouna Amevor","FC Volendam"
"Sergi Maestre","CyD Leonesa"
"Barış Kalaycı","Fatih Karagümrük"
"Martin Tangen Vinjor","KFUM-Kameratene Oslo"
"Daniele Padelli","Udinese"
"Jaen Pineda","Rionegro"
"Tomislav Uskok","Macarthur FC"
"Filip Bednarek","Sparta Rotterdam"
"Gonzalo Maroni","Barracas Central"
"Nuno Santos","Vitória Guimarães"
"Abdoul Kone","Stade de Reims"
"Marc Carbó","Wisła Kraków"
"Lucas Passerini","Belgrano"
"Emre Can","Borussia Dortmund"
"Diomar Díaz","Deportivo Táchira"
"Thomas Lopes","Servette"
"Joe Gomez","Liverpool"
"Cole Deeming","Cheltenham Town"
"Adam Lewis","Chesterfield"
"Oslimg Mora","Sport Boys"
"Aldair Salazar","Deportivo Garcilaso"
"Jack Durán","Juan Pablo II College"
"Cristian Carbajal","Alianza Lima"
"Eric Choupo-Moting","New York Red Bulls"
"Nicolás Sosa","Racing"
"Jack Powell","Crewe Alexandra"
"Gerson Barreto","Cienciano"
"Jonathan Dos Santos","Progreso"
"Luis Urruti","Sport Boys"
"Philippe Coutinho","Vasco da Gama"
"Rafael Guarderas Saravia","Atlético Grau"
"Edson Aubert","FC Cajamarca"
"Carlos Cáceda","Melgar"
"Alexis Arias","Comerciantes Unidos"
"Joel Amoroso","The Strongest"
"Johnny Vidales","Melgar"
"Paolo Fuentes","Juan Pablo II College"
"Janis Antiste","Górnik Zabrze"
"Lucas González","Central Córdoba SdE"
"Efraín Orona","Puebla"
"Miguel Tapias","Guadalajara"
"Jarzinho Malanga","SV 07 Elversberg"
"Paulius Golubickas","RKS Radomiak Radom"
"José Enamorado","Grêmio"
"Ben Hamed Touré","FC Annecy"
"Moussa Soumano","NAC Breda"
"Oshiro Takeuchi","Los Chankas"
"Leonardo Villar","Sport Huancayo"
"Diego Ramírez","Deportivo Moquegua"
"Jack Baldwin","Colchester United"
"Wilfried Zaha","Charlotte"
"Enmanuel Páucar","FC Cajamarca"
"Jeferson Collazos","Deportivo Moquegua"
"Ricardo Salcedo","Sport Huancayo"
"Marcos Alexander Lliuya Cristobal","UTC Cajamarca"
"Jimmy Valoyes","Sport Huancayo"
"Hugo Ángeles","Sport Huancayo"
"Hansell Riojas","Sport Boys"
"Jonathan Medina","FC Cajamarca"
"Fredy Oncoy","Atlético Grau"
"Marlon Ruidías","Cusco"
"Oliver Burke","Union Berlin"
"Miguel Carranza","Comerciantes Unidos"
"Ángel Ojeda","ADT"
"James McClean","Wrexham"
"Aldair Rodríguez","ADT"
"Alberto Moreno","Como"
"Brandon Palacios","FC Cajamarca"
"Jorge Toledo","Juan Pablo II College"
"Héctor Rodrigo Bazán Cieza","Juan Pablo II College"
"Alexis Cossio","Comerciantes Unidos"
"Scott Malone","Crawley Town"
"Luis Garro","UTC Cajamarca"
"José Bolívar","Cusco"
"Nicolás Figueroa","Melgar"
"Aaron Ramsey","Pumas UNAM"
"Jefferson Portales","Deportivo Garcilaso"
"Jesús Mendieta","Club Alianza Atlético Sullana"
"Fabio Rojas","Comerciantes Unidos"
"Conrado","RKS Radomiak Radom"
"Steven Luyambula","Rodez"
"Kristers Tobers","Aberdeen"
"Erinson Ramírez","Juan Pablo II College"
"Nilson Loyola","Sport Boys"
"Junior Huerto","UTC Cajamarca"
"Jeffrey Schlupp","Norwich City"
"Patricio Álvarez","Atlético Grau"
"Josué Estrada","Alianza Lima"
"Luis Iberico","Sporting Cristal"
"Carlo Diez","Cusco"
"Kevin Ruíz","Deportivo Moquegua"
"Paulo Goyoneche","FC Cajamarca"
"Andy Winter","Livingston"
"Anthony Scully","Shrewsbury Town"
"Josué Homawoo","Standard Liège"
"Claudio Torrejón","Deportivo Garcilaso"
"Juan Mosquera","Portland Timbers"
"Diego Melián","Sport Boys"
"Matías Succar","Cienciano"
"Renzo Alfani","Sport Boys"
"Jean Pierre Archimbaud","Alianza Lima"
"Rodrigo Vilca","Comerciantes Unidos"
"Patrick Zubczuk","Deportivo Garcilaso"
"Víctor Cedrón","ADT"
"José Manzaneda","Cusco"
"Elsar Rodas","Atlético Grau"
"Thibaut Vargas","Stade Lavallois"
"Yvann Maçon","Saint-Étienne"
"Dawid Kocyla","Arka Gdynia"
"Jair Castillo","Alianza Valledupar"
"Mory Konaté","Mechelen"
"Mathías Carpio","Comerciantes Unidos"
"Paulo de la Cruz","Atlético Grau"
"Ronal Huaccha","Sport Huancayo"
"Hiroki Sakai","Auckland FC"
"Alejandro Hohberg","Cienciano"
"José Zevallos","Cusco"
"Ben Folami","Adelaide United"
"Shilow Tracey","Crewe Alexandra"
"Jordan Henderson","Brentford"
"Marcos Curado","Ascoli Calcio"
"Aldair Perleche","Deportivo Moquegua"
"Juan Diego Lojas","Deportivo Moquegua"
"Jefferson Orejuela","FC Cajamarca"
"Yerko Leiva","Unión La Calera"
"Kevin Sandoval","Deportivo Garcilaso"
"Gonzalo Almenara","AD Ceuta FC"
"Rick Campodónico","Sport Huancayo"
"Jack Butland","Rangers"
"David Dioses","UTC Cajamarca"
"Emanuel Coronel","Rosario Central"
"James Berry-McNally","Chesterfield"
"Theodore Ku-Dipietro","Colorado Rapids"
"Gennadiy Synchuk","CF Montreal"
"Christian Sorto","San Antonio"
"Simon Mignolet","Club Brugge"
"Nathan Harriel","Philadelphia Union"
"Kobe Hernandez-Foster","Detroit City"
"Benjamín Galindo","Atlético San Luis"
"Jonjoe Kenny","PAOK Thessaloniki"
"José Sánchez","Juan Pablo II College"
"Augusto Solís","Sport Boys"
"Abdiel Ayarza","Los Chankas"
"Toni Abad","Huesca"
"Ismaël Baouf","Cambuur Leeuwarden"
"Crysan","Shandong Taishan"
"David Doudera","Slavia Praha"
"Noah Mawene","Preston North End"
"Jean Onana","Genoa"
"Findlay Marshall","Aberdeen"
"Kevin Moreno","Deportivo Moquegua"
"Fletcher Boyd","Aberdeen"
"Gonzalo Rizzo","Los Chankas"
"Morgan Sanson","OGC Nice"
"Anthony Rosell","Deportivo Garcilaso"
"Aldair Fuentes","Cusco"
"Iker Varela","Mirandés"
"Unai Vencedor","Levante UD"
"Pape Guèye","Kasımpaşa"
"Mario Federico López Quintana","San Lorenzo"
"Santiago Hezze","Olympiacos"
"Luis Vásquez","Atlético Bucaramanga"
"Bartłomiej Wdowik","Jagiellonia Białystok"
"Cheick Conde","Beveren"
"Flavien Tait","Rodez"
"Robert Mejía","Once Caldas"
"Svetozar Markovic","Viktoria Plzen"
"Christopher Olivares","Deportivo Garcilaso"
"Alec Deneumostier","Melgar"
"Arquímedes Figuera","UTC Cajamarca"
"Ben Brannan","Kilmarnock"
"José Alvarado","León"
"Giuseppe Di Serio","Spezia"
"Aidan Simmons","Western Sydney Wanderers"
"Zhexuan Chen","Tianjin Jinmen Tiger"
"Jinyong Yu","Shandong Taishan"
"Jarlín Quintero","Los Chankas"
"Yuriel Celi","Sport Boys"
"Gwion Edwards","Exeter City"
"Richard Akonnor","Göztepe"
"Rotceh Aguilar","Cienciano"
"Berkay Dabanli","Rapperswil-Jona"
"Guillermo Diaz","El Paso Locomotive"
"Tulu","Miami FC"
"Mihai Toma","FC FCSB"
"Trapero","Bellinzona"
"Timo Hübers","FC Köln"
"Ramiro Ruiz Rodríguez","Atlético Tucumán"
"Hugo Guillamón","Sporting Gijón"
"Agustín Hausch","Defensa y Justicia"
"Albert Caparrós","AD Ceuta FC"
"Will Johnson","Fleetwood Town"
"Kayden Hughes","Fleetwood Town"
"George Morrison","Fleetwood Town"
"Liam Roberts","Fleetwood Town"
"Tomáš Suslov","Hellas Verona"
"Pedro Amador","Atlanta United"
"Kamaldeen Sulemana","Atalanta"
"He Xiaoqiang","Chongqing Tonglianglong"
"Leroy Abanda","Le Mans"
"Mohamed Tijani","Yverdon Sport FC"
"Diego Morcillo","Deportivo Alavés"
"Martín Cañete","Huachipato"
"Sebastián Assís","Cerro Largo"
"Francisco Meza","Llaneros"
"Niklas Geyrhofer","Sturm Graz"
"Iván Scarpeta","Santa Fe"
"Danny Welbeck","Brighton & Hove Albion"
"Gautier Ott","Guingamp"
"Charalambos Makridis","Preußen Münster"
"Henry Kessler","Charlotte"
"Joel Waterman","Chicago Fire"
"Reiss Nelson","Brentford"
"Tyreece Simpson","Port Vale"
"Nick Scardina","Rhode Island"
"Ning Li","Shenzhen Peng City FC"
"Joe Lolley","Sydney"
"Emmanuel Biumla","Angers"
"Walter González","Club Sportivo Luqueño"
"Álvaro Madrid","Colo Colo"
"Shaka Mawuli","Arezzo"
"Cristian Suárez","Deportes Concepcion"
"Dilan Zúñiga","Palestino"
"Rodrigo Echeverría","León"
"Alejandro Camargo","Coquimbo Unido"
"Leandro Díaz","O'Higgins"
"Guillermo Pacheco","Cobresal"
"Cecilio Waterman","Universidad Concepción"
"Francisco Arancibia","Deportivo Garcilaso"
"Ichem Ferrah","Pisa"
"Thomas Rodríguez","Banfield"
"Ferre Slegers","Beveren"
"Esteban Valencia","Cobresal"
"Juan Leiva","O'Higgins"
"Yonathan Andía","Unión La Calera"
"Nicolás Stefanelli","La Serena"
"Sebastián Sáez","Unión La Calera"
"Lilian Raillot","US Boulogne"
"Salvador Cordero","Coquimbo Unido"
"Michael Dacosta","Moreirense"
"Jonny Stuttle","Walsall"
"Marco Collao","Audax Italiano"
"Tobías Figueroa","Albion"
"Branco Ampuero","Universidad Católica"
"Joffré Escobar","Xelaju"
"Sebastián Galani","Coquimbo Unido"
"Claudio Sepúlveda","Huachipato"
"Taylor Anderson","Mansfield Town"
"Cris Martínez","Huachipato"
"Diego Oyarzún","Everton"
"Ignacio Alejandro Tapia Bustamante","Atlético Grau"
"Beni Baningime","Hearts"
"Osvaldo González","Universidad Concepción"
"Jimmy Martínez","Universidad Católica"
"Ángelo Henríquez","La Serena"
"Ashley Westwood","Charlotte"
"Alfred Canales","Universidad Católica"
"Marcelo Cañete","Deportivo Recoleta"
"Ernanduo Fei","Yunnan Yukun"
"Osvaldo Bosso","Deportivo Ñublense SADP"
"Juan Carlos Gaete Contreras","CS Cartaginés"
"Cristopher Mesías Sepúlveda","Universidad Concepción"
"Rodrigo Holgado","Coquimbo Unido"
"José Devecchi","San Lorenzo de Almagro"
"Jorge Henríquez","Deportes Concepcion"
"Manuel Fernández","Coquimbo Unido"
"César Munder","Palestino"
"Sam Byram","Leeds United"
"Fernando Zampedri","Universidad Católica"
"Leonardo Colombo","Monza"
"Matías Marín","La Serena"
"Michael Fuentes","Audax Italiano"
"Sebastián Pérez","Palestino"
"Rafael Caroca","Huachipato"
"Mario Sandoval","Deportes Concepcion"
"Yannick Bolasie","Chapecoense"
"Luis Pavez Muñoz","O'Higgins"
"Misael Dávila","Deportes Concepcion"
"Diego Sánchez","Coquimbo Unido"
"Pablo Parra","Universidad Concepción"
"Harwan Alzubaidi","Miami FC"
"Franco Bechtholdt","Cobresal"
"Nicolás Baeza","Everton"
"Steffan Pino","Cobresal"
"Carlos Alberto Villanueva Fuentes","Unión La Calera"
"Jonathan Benítez","Palestino"
"Amine El Farissi","US Boulogne"
"Renato Sanches","Panathinaikos"
"César Fuentes","Deportes Limache"
"Jayden Luker","Notts County"
"Agustín Farías","Universidad Católica"
"Vicente Fernández","Everton"
"Marcos Bolados","Colo Colo"
"Felipe Campos","Deportivo Ñublense SADP"
"Juan Insaurralde","CA Sarmiento"
"Bryan Alfonso Vejar Utreras","Deportes Concepcion"
"Bernardo Cerezo","Universidad Católica"
"Eduardo Águila","Atlético San Luis"
"Ariel Cáceres","Deportes Concepcion"
"Benjamín Galdames","Atlético San Luis"
"Cristian Palacios","Everton"
"Guillermo Soto","Tigre"
"Luciano Arriagada","Huachipato"
"Diego Valencia","Universidad Católica"
"Lucas Houghton","Blackburn Rovers"
"Thomas Edwards","Salford City"
"Joshua Mancha","Santos Laguna"
"Sebastián Fierro","Mazatlán"
"William Tamen","Tranmere Rovers"
"Gonzalo Freitas","Wanderers"
"Tao Paradowski","Pau"
"Andrés Souper","Loudoun United"
"Farès Ghedjemis","Frosinone"
"Ainsley Maitland-Niles","Lyon"
"Raimundo Rebolledo","Audax Italiano"
"Abdelnour Soualhia","Telstar"
"Matías Cavalleri","Deportes Concepcion"
"Danilo Gonzalo Catalán Córdova","Deportes Limache"
"Luis Puente","Atlante"
"Gael García","León"
"Camilo Moya","Unión La Calera"
"Diego Carrasco","Deportes Concepcion"
"Lukas Soza","Coquimbo Unido"
"Daniel Castro","Deportes Limache"
"Nicolás Fernández","Universidad de Chile"
"Bryan Carvallo","Cobresal"
"Elvis Patta","Libertad"
"George Osrzehmen Ilenikhena","AS Monaco"
"Thomas Waddingham","Portsmouth"
"Luis Cano","Barcelona"
"Jean Carlos Humanante Vargas","Guayaquil City"
"Kaiser","CE Sabadell FC"
"Jairo Jiménez","Macará"
"Luca Sosa","Barcelona"
"Kevin Becerra","Cienciano"
"Kevin Sambonino","Guayaquil City"
"Emmanuel Addai","Qarabağ FK"
"Gonzalo Mastriani","Botafogo"
"Ander Herrera","Boca Juniors"
"Darragh Power","Cheltenham Town"
"Lee Desmond","Sacramento Republic"
"Dakarai Mafico","Cardiff City"
"Omar Moreno","Mazatlán"
"Yanis Khafi","Carrarese Calcio 1908"
"Ashley Young","Ipswich Town"
"Mauricio Pineda","Chicago Fire"
"Francesco Lo Celso","AA Estudiantes Río Cuarto"
"Federico Martínez","Liverpool"
"Matías Campos López","Unión La Calera"
"Patrick Seagrist","Lexington SC"
"Bryce Duke","San Diego FC"
"Panagiotis Kikianis","Adelaide United"
"José Cifuentes","Toronto FC"
"Francisco Ginella","Albion"
"Ederson Moreno","Deportivo Pereira"
"Marcus Younis","Melbourne City"
"Adolfo Muñoz","UTC Cajamarca"
"Luis Ayala","Macará"
"Edison Vega","Deportivo Cuenca"
"Denilson Bolaños","Macará"
"Brian Heras","Delfin"
"Bryan Caicedo","Libertad"
"Kener Arce","Técnico Universitario"
"Stefanos Tzimas","Brighton & Hove Albion"
"Kusini Yengi","Aberdeen"
"Matej Rodin","Lechia Gdańsk"
"Luke Duzel","Adelaide United"
"Alou Kuol","Western Sydney Wanderers"
"Kobe Corbanie","Mechelen"
"Daouda Traoré","Bari"
"Lucas Schoofs","Lommel"
"Matías Fracchia","Cerro Largo"
"Joe Wildsmith","West Bromwich Albion"
"Ousmane Diao","FC Midtjylland"
"Adrián San Miguel","Real Betis"
"Marcelo Pereira","CS Cartaginés"
"Sebastián Santos","Mazatlán"
"Eduardo","Red Bull Bragantino"
"Dani Martín","Huesca"
"Thiago Cardozo","Belgrano"
"Facundo Pellistri","Panathinaikos"
"Ivan Durdov","Bruk-Bet Termalica Nieciecza"
"Rodrigo Abascal","Vitória Guimarães"
"Fabricio Formiliano","Wanderers"
"Bryan Bentaberry","Olimpia"
"Rodrigo Formento","Mushuc Runa"
"Joel Jorquera","Moreirense"
"Mario García","Cerro Largo"
"Nathan Tjoe-A-On","Willem II"
"André Carrillo","Corinthians"
"Joseph Batrouni","San Antonio"
"Diego Coelho","Audax Italiano"
"Gonzalo Nápoli","Emelec"
"Facundo Milán","Central Español"
"Kevin Dawson","Defensor Sporting"
"Ignacio Laquintana","Huesca"
"Martín Araya","Palestino"
"Bendito Mantato","Manchester United"
"James Scanlon","Swindon Town"
"Mattia Mannini","Juve Stabia"
"Éder Hermoza","Club Alianza Atlético Sullana"
"Ítalo Espinoza","Cienciano"
"João Marques","Casa Pia AC"
"Ángel Zamudio","Sport Huancayo"
"Franco Garcia","Newell's Old Boys"
"Francisco Salinas","Coquimbo Unido"
"Gianmarco Vannucchi","Benevento"
"Guillermo Allison","Querétaro"
"Anderson Naula","Guayaquil City"
"Pedro Ortíz","Emelec"
"Manuel José Hernández Porozo","Mushuc Runa"
"Robert Burbano","Manta FC"
"Aníbal Leguizamón Espínola","Emelec"
"Joao Joshimar Rojas López","Barcelona"
"Arda Ünyay","Galatasaray"
"Willian Vargas","Barcelona"
"Xavier Pineda","Libertad"
"Jefferson Caicedo","Mushuc Runa"
"Marcos Montiel","Central Español"
"Joaquín Fernández Pertusso","Deportivo Maldonado"
"Jorge Espejo","Universidad Concepción"
"Nahuel Furtado","Wanderers"
"Adriano Freitas","Deportivo Maldonado"
"Lucas Machado","Defensor Sporting"
"Elvis Hernández","Coquimbo Unido"
"Miguel Vargas","Universitario"
"Adrián Colombino","Progreso"
"Hernán Petryk","Deportivo Maldonado"
"Gastón Rodríguez","Torque"
"Yorman Zapata","Deportivo Moquegua"
"Julián Alfaro","Everton"
"Gustavo Neves","Red Bull Bragantino"
"Thomazella","Mirassol Futebol Clube"
"Bruno Leonardo","Chapecoense"
"Darío Denis","Boyacá Chicó"
"Facundo Labandeira","Wanderers"
"Renato Huerta","Cobresal"
"Lucas Rodríguez","Nacional"
"Gonzalo Lencina","CA Platense"
"Karl Darlow","Leeds United"
"Julio Domínguez","Deportivo Recoleta"
"Juan Gutiérrez","Defensa y Justicia"
"Luciano Cabral","Independiente"
"Santiago Paiva","Cerro"
"Mauro Silveira","Junior"
"Jostin Alman","Manta FC"
"Rolando Silva","Orense"
"Marlon Medranda","Macará"
"Tom Davies","Sheffield United"
"Howell Mena","Llaneros"
"Fabián Charales","Rionegro"
"Tomás Pablo Astaburuaga Montoya","Universidad Católica"
"Danny Ings","Sheffield United"
"Jack MacKenzie","Plymouth Argyle"
"Tobías Sanabria Panotto","Olimpia"
"Víctor Ramón Cabañas","Club Rubio Nu"
"Axel Alejandro Encinas","Unión La Calera"
"Pontus Dahlberg","Lillestrøm"
"Kevin Picón","Santos Laguna"
"Wálter Chávez","Manta FC"
"Anthony Bedoya","Delfin"
"Eddie Guevara","Deportivo Cuenca"
"Stiven Tapiero Rodallega","Aucas"
"Diego Fernando Dorregaray","Guayaquil City"
"Juan David Jiménez","Manta FC"
"Nixon Molina","Orense"
"DeAndre Yedlin","Real Salt Lake"
"Alexander Bolaños","Aucas"
"Damián Díaz","Guayaquil City"
"José Stalin Caicedo Porozo","Guayaquil City"
"David Martínez","LAFC"
"Kevin Kelsy","Portland Timbers"
"Facundo Machado Campos","Racing"
"Mateo Antoni Pavón","Alianza Lima"
"Sergio Quintero","Emelec"
"Valentín Gauthier","León"
"Mathías De Ritis","San Lorenzo de Almagro"
"Joshué Quiñónez","Guayaquil City"
"Nazareno Bazán","Mushuc Runa"
"Guillermo de los Santos","Defensor Sporting"
"Juan Manuel Tévez","Cusco"
"Gustavo Cortez","Independiente del Valle"
"John Narváez","ADT"
"José Klinger","Macará"
"Byron Yardel Carabalí Delgado","Aucas"
"Darwin Cuero","Macará"
"Cristian Santander","Fortaleza CEIF"
"Bagner Delgado","Técnico Universitario"
"Jeison Chalá","Macará"
"Walter Leodán Chalá Vásquez","Manta FC"
"Ashley Barnes","Burnley"
"Andrés López","Deportivo Cuenca"
"Sebastián Herrera","Fortaleza CEIF"
"Facundo Martínez","Universidad Católica"
"Jonathan Betancourt","FC Cajamarca"
"Luis Estupiñán","Técnico Universitario"
"José Balza","Deportivo Táchira"
"Bryan Oña","Técnico Universitario"
"Pablo Mancilla","Guayaquil City"
"Ben Mee","Sheffield United"
"Matt Sutton","Perth Glory"
"Thomas Callens","FC Annecy"
"Quadri Adediran","SK Artis Brno"
"Seung-bin Kim","Slovácko"
"Kacper Smoliński","Pogoń Szczecin"
"Nicolás Fernández","Peñarol"
"Reiss-Alexander Russell-Denny","Bristol Rovers"
"Manuel Ugarte","Manchester United"
"Kenedy","Pachuca"
"Santiago Montiel","Independiente"
"Nahuel Losada","Lanús"
"Léo Coelho","Peñarol"
"Santiago Longo","Belgrano"
"Ibrahim Hesar","AA Estudiantes Río Cuarto"
"Ignacio Tapia","Deportivo Ñublense SADP"
"Ulises Sánchez","Gimnasia Mendoza"
"Bruno Zapelli","Athletico Paranaense"
"Pablo Vegetti","Cerro Porteño"
"Daniel Barrea","Universidad Concepción"
"Agustín Canobbio","Fluminense"
"Juan Ceballos","Cúcuta Deportivo"
"Bayron Oyarzo","Unión La Calera"
"Martín Maturana","O'Higgins"
"Williams Alarcón","Boca Juniors"
"Brandon Ndezi","Dijon"
"Eliano Reijnders","PEC Zwolle"
"Carlos Villalba","CA Sarmiento"
"Yonatan Irrazábal","Cerro"
"Ayrton Cougo","Progreso"
"Guzmán Corujo","San Lorenzo de Almagro"
"Jack Forsith Carhuallanqui Navarro","Juan Pablo II College"
"Ramiro Cristóbal","Progreso"
"Tomás Sultani","Tigre"
"Renato César","Deportivo Maldonado"
"Mathías Laborda","Vancouver Whitecaps"
"Cristian Olivera","Bahia"
"Maximiliano Falcón","Inter Miami"
"Facundo Parada","Racing"
"Franco Pérez","Boston River"
"Matías Daniel Giménez Rojas","Argentinos Juniors"
"Gonzalo Jorge Alberto Silva","Progreso"
"Leonardo Rodríguez","Juárez"
"João Vitor","Chapecoense"
"Sebastián Váldez","Independiente"
"Alex Joel Valdés Voissin","Deportivo Ñublense SADP"
"Fernando Alarcón","Instituto"
"Giuliano Cerato","Instituto"
"Franco Watson","Lanús"
"Santiago Rodríguez","Gimnasia Mendoza"
"Gregorio Rodríguez","San Lorenzo de Almagro"
"Jonathan Dellarossa","Central Español"
"Santiago Morales","Aucas"
"Román Torres","Atlético San Luis"
"Diego Hernández","Rionegro"
"Luis Rojas","Universidad Concepción"
"Nicolás Capraro","Barracas Central"
"Manuel Brondo","Atlético Tucumán"
"Gabriel Costa","Universitario"
"Jerónimo Dómina","Cádiz"
"Ervin Vaca","Bolívar"
"Luis Paz","Bolívar"
"Juan Cornejo","Coquimbo Unido"
"Krzysztof Kamiński","Pogoń Szczecin"
"Simone Perilli","Hellas Verona"
"Fodé Ballo-Touré","Metz"
"Oliver Sail","Auckland FC"
"Amine Kashi","Stade de Reims"
"Rodrigo Schlegel","Atlas"
"Lautaro Morales","Tigre"
"Bilal Bayazıt","Kayserispor"
"Jérôme Roussillon","Amiens"
"Royner Benítez","Rionegro"
"Andy Fisher","Swansea City"
"Alan Sosa","Aldosivi"
"Harrison Holgate","Fleetwood Town"
"Daniel González","Universidad Católica"
"Karifa Yao","Rhode Island"
"Nelson da Silva","Palestino"
"Juan Ignacio Saborido","CA Platense"
"Toby Savin","Shrewsbury Town"
"Leandro Meza","Club Nacional"
"Dayne St. Clair","Inter Miami"
"Louis Bostyn","Zulte Waregem"
"Thiago Mendes","Vasco da Gama"
"Tino Anjorin","Torino"
"Damián Rivera","Phoenix Rising"
"Ryan Raposo","LAFC"
"Leonard Owusu","Fredrikstad"
"Cristián Gutiérrez","Unión La Calera"
"Dylan Nealis","New York Red Bulls"
"Axel Moyano","FC Cajamarca"
"José Luján","Club Alianza Atlético Sullana"
"Hernán Rengifo","ADT"
"Lucas Román","Atlético Tucumán"
"Jay Rodríguez","Wrexham"
"Axel Cañete","Sportivo Trinidense"
"Sergio Mendoza","Sportivo Trinidense"
"Armando Ruiz Díaz","Sportivo Trinidense"
"Joel Ramón","Sportivo Trinidense"
"Alex Álvarez","San Lorenzo"
"Oscar Giménez","Sportivo Trinidense"
"Serafin Szota","Arka Gdynia"
"Marco Festa","Mantova"
"Carl Klaus","Union Berlin"
"Arnaldo Castillo","O'Higgins"
"Alexander Sørloth","Atlético Madrid"
"Christian Dalle Mura","Juve Stabia"
"Guillermo Cotugno","Racing"
"Facundo Garcés","Deportivo Alavés"
"Isaac Hughes","Wellington Phoenix"
"Emerson Batalla","Atlético Bucaramanga"
"Yimy Gómez","Deportivo Pereira"
"Joel Bertolissio","Newcastle Jets"
"Kristopher Shakes","New Mexico United"
"Boris Lambert","Kortrijk"
"Boris Radunović","Spezia"
"Lucas Felippe","Virtus Entella"
"Julio González","Puebla"
"Juan Cardozo","Central Córdoba SdE"
"Fernando Cardozo","Olimpia"
"Karol Szymanski","Piast Gliwice"
"Jan Hanuš","FK Jablonec"
"Adrián Rodríguez","Real Zaragoza"
"Matías García","Deportivo Riestra"
"Joe Wright","Bradford City"
"Kevin Ushiña","Delfin"
"Ayrton Cisneros","Delfin"
"Tom Eaves","Northampton Town"
"Jorge Ordóñez","Deportivo Cuenca"
"Pietro Candelari","Spezia"
"Sekou Bangoura","Columbus Crew"
"Kevin Peralta","Mushuc Runa"
"Darío Fabián Pazmiño Daza","Leones del Norte"
"Tobe Leysen","OH Leuven"
"David Da Costa","Portland Timbers"
"Romain Correia","Marítimo"
"Anthony Correia","Academico Viseu"
"Jannenson Sarmiento","Junior"
"Juan Millán","Danubio"
"Lucas Viana Gauna","Progreso"
"Daniel Munie","San Jose Earthquakes"
"Samuel Costa","Mallorca"
"Anders Bærtelsen","Viking"
"Iwo Kaczmarski","Empoli"
"Andrés Carreño","Rionegro"
"Mattheo Guendez","Nancy"
"Cristian Paz","Deportivo Riestra"
"Juan Núñez","Deportivo Recoleta"
"Fernando Benitez","Club Sportivo Luqueño"
"Carlos Cortés","Llaneros"
"Benjamín Rojas","O'Higgins"
"Jonathan Bond","Houston Dynamo"
"Benjamin Warland","Brisbane Roar"
"Rodrigo Insúa","Barracas Central"
"Enea Mihaj","Atlanta United"
"Jesús Rodríguez","Puebla"
"Francesco Gelli","Frosinone"
"Josué Reyes","Tijuana"
"Kelechi Iheanacho","Celtic"
"Tyler Martin","Stoke City"
"Jorman Aguilar","San Antonio Bulo Bulo"
"Valdes Ngana","Rapperswil-Jona"
"Kevin Chamorro","Rio Ave"
"José Cazares","Macará"
"Gregori Anangonó","Universidad Católica"
"Carlos Arboleda","Deportivo Cuenca"
"Martin Dúbravka","Burnley"
"Johan Lara","Universidad Católica"
"Renzo Machado","Liverpool"
"Calum Chambers","Cardiff City"
"Santiago Marcel","Cerro Largo"
"Lucas Agazzi","Defensor Sporting"
"Erico Cuello","Defensor Sporting"
"Mauricio Amaro","Defensor Sporting"
"Emiliano Fernández","Central Español"
"Andrea Papetti","Reggiana"
"Niklas Wiemann","Osnabrück"
"Josip Šutalo","Ajax"
"Thiago Serpa","Aucas"
"Mateo Piedra","Deportivo Cuenca"
"Jarrod Carluccio","Western Sydney Wanderers"
"Clark Robertson","Dundee"
"Yohei Takaoka","Vancouver Whitecaps"
"Sebastián Cardozo","Progreso"
"Enzo Castillo","Liverpool"
"Javier Alexandro Vallejos Fleitas","Club Rubio Nu"
"Miki Yamane","LA Galaxy"
"Kaoru Mitoma","Brighton & Hove Albion"
"Takeshi Kanamori","Melbourne City"
"Reo Hatate","Celtic"
"Rodrigo Odriozola","Huachipato"
"Agustín Pereira","Albion"
"Agustín Rodríguez","Comerciantes Unidos"
"Juan Rivero","Progreso"
"Agustín Alaniz","CA Juventud"
"David Buchta","Baník Ostrava"
"Ezequiel Olivera","Liverpool"
"Iñaki Peña","Elche"
"Hiroshi Ibusuki","Western Sydney Wanderers"
"Leonardo","Shanghai Port"
"Kazuki Nagasawa","Wellington Phoenix"
"Takuya Ogiwara","OH Leuven"
"Ryotaro Ito","Sint-Truiden"
"John Marquis","Shrewsbury Town"
"Beau Reus","Hearts"
"Santiago Torres","Atlético Grau"
"Robert Voloder","New York Red Bulls"
"Sebastian Ferreira","Club Rubio Nu"
"Hideki Ishige","Wellington Phoenix"
"Víctor Samudio","Sportivo Trinidense"
"Elad Madmon","Maccabi Tel Aviv"
"Anatoliy Trubin","Benfica"
"Çağtay Kurukalıp","Fatih Karagümrük"
"Nathan Patterson","Everton"
"Enzo Ferrario","Audax Italiano"
"Wesley Saïd","Lens"
"Ömer Beyaz","Istanbul Basaksehir"
"Roberto Meraz","Atlético San Luis"
"Nicolás Cabral","Wanderers"
"Alan Medina","Everton"
"Fabricio Fernández","Progreso"
"Nicola Pérez","Deportivo Ñublense SADP"
"Álex Vázquez","Racing"
"Sebastián Lentinelly","Olimpia"
"Agustín Ocampo","Progreso"
"Nahuel Roldán","Albion"
"Lucas Ferreira","Peñarol"
"Brayan Guevara","Los Chankas"
"Nicolás Bertocchi","Cerro Largo"
"Jake Oram","Doncaster Rovers"
"Cristian Mejía","Deportivo Moquegua"
"Sonny Bradley","Lincoln City"
"Hairo Camacho","Los Chankas"
"Ayrthon Quintana","Los Chankas"
"Percy Liza","Sport Boys"
"Jeremy Rostaing","Sport Huancayo"
"Carlos Grados","Deportivo Moquegua"
"Aamet Calderón","Atlético Grau"
"Negueba","Mirassol Futebol Clube"
"Kevin Mina","Leones del Norte"
"José Gabriel Cevallos","Barcelona"
"Mathieu Acapandié","Nantes"
"Sam Culbert","Livingston"
"Ahmed Abdullahi","Eyüpspor"
"Marlon de Jesús","UTC Cajamarca"
"Mark O’Mahony","Reading"
"Emmerson Sutton","Harrogate Town"
"Esteban Davila","Mushuc Runa"
"Sixto Mina","Orense"
"Raul Marita","Greuther Fürth"
"Sebastián González","Deportivo Maldonado"
"Facundo Tealde","Deportivo Maldonado"
"Facundo Batista","Peñarol"
"Agustín Sant'Anna","Red Bull Bragantino"
"Gustavo Viera","Cerro Largo"
"Jordy Monroy","Deportivo Pereira"
"Frank Lozano","Rionegro"
"Jacobo Pimentel","Boyacá Chicó"
"Bryan Urueña","Rionegro"
"Rogerio Caicedo","Boyacá Chicó"
"Thiago Martins","New York City FC"
"Ado Onaiwu","Magdeburg"
"Alex Bruno","EC Vitória"
"Kota Mizunuma","Newcastle Jets"
"Hugo Parra","Stade Nyonnais"
"Soumaïla Diabaté","Salzburg"
"Hernán Galíndez","Huracán"
"Markel Arana","Eibar"
"Niels Devalckeneer","Antwerp"
"Viktor Džodić","Montpellier"
"Antonio Castillo","Cobresal"
"Maximiliano Rodríguez","Huachipato"
"Darío Melo","Universidad Católica"
"Benjamín Berríos","Everton"
"Santiago Ormeño","Wanderers"
"Jhon Cifuente","Libertad"
"Charles Vélez","Leones del Norte"
"David Noboa","Deportivo Cuenca"
"Luis Cangá","Universidad Católica"
"Santiago Salle","CA Sarmiento"
"Carlos Garcés","Cienciano"
"Jefferson Díaz","Minnesota United"
"Pedro Velasco","Orense"
"Darío Aimar","LDU Quito"
"Martín Alaníz","Juan Pablo II College"
"Segundo Portocarrero","Leones del Norte"
"Bryan Hernández","Delfin"
"Juan Patiño","Once Caldas"
"Ayoub Chaikhoun","Nürnberg"
"Ian Luccas","Alverca"
"Delio Ramírez","Boyacá Chicó"
"Camilo Mena","Lechia Gdańsk"
"Ádin Molnár","Raków Częstochowa"
"Aldo López","Santos Laguna"
"José Antonio Mora Treminio","CS Cartaginés"
"Jáder Maza","Jaguares de Córdoba"
"Iasonas Skarlatidis","Panathinaikos"
"Oswaldo Blanco","San Antonio Bulo Bulo"
"José Varela","Racing"
"Francisco Mongelos","Club Sportivo Luqueño"
"Briam Acosta","Albion"
"Enzo Martínez","Gimnasia La Plata"
"Kevin Lewis","Liverpool"
"Pablo Siles","Torque"
"Ezequiel Busquets","Torque"
"So Nishikawa","Brooklyn FC"
"Martín Cárcamo","Everton"
"Facundo Silvera","Torque"
"Kevin Méndez","Unión La Calera"
"Alejandro Organista","Puebla"
"Graham Carey","Livingston"
"Augusto Rosas","Cerro"
"Alexander Hernández","Cerro Largo"
"Marco Carrasco","Técnico Universitario"
"Glendys Mina","Manta FC"
"Horacio Orzán","Melgar"
"Tomson Minda","Mushuc Runa"
"Juan Fernando Alfaro","Olimpia"
"Alan Gómez","Club 2 de Mayo"
"Thomas Monconduit","Amiens"
"José Calderón","Sporting San Miguelito"
"Juan Randazzo","Deportivo Riestra"
"Stiven Mendoza","Athletico Paranaense"
"Julio Ortiz","Portland Timbers"
"Jorge García","Mazatlán"
"Sebastián Cabrera","Coquimbo Unido"
"Beder Caicedo","Orense"
"Hamilton Piedra","Aucas"
"Alejandro Cabeza","LDU Quito"
"Leon Ayinde","Doncaster Rovers"
"Jonathan Morocho","Delfin"
"Luis Segovia","LDU Quito"
"Luis Arce","UTC Cajamarca"
"Júlio Tavares","Dijon"
"Lucas Rodríguez","Albion"
"Pablo Monroy","Pumas UNAM"
"Franco Pizzichillo","Torque"
"Yonatthan Rak","Barracas Central"
"José Álvarez","Albion"
"Scott High","Barnet"
"Ben Jackson","Barrow"
"Janus Vivar","Guayaquil City"
"Jean Falconí","Sport Huancayo"
"Tatsuki Seko","Stoke City"
"Joe Murphy","Tranmere Rovers"
"Brian Robert Edson Bernaola Acosta","FC Cajamarca"
"Mohamed Yasser","Sigma Olomouc"
"Danny Finlayson","Livingston"
"Tim Dietrich","Schalke 04"
"José Gallardo","FC Cajamarca"
"Pedro Díaz","Cusco"
"Benjamín Gazzolo","Coquimbo Unido"
"Ignacio González","Everton"
"Callum Montgomery","Detroit City"
"Rory Finneran","Notts County"
"Nathan Dlamini","Blackburn Rovers"
"Ignacio Bailone","Club Nacional"
"Arturo Rodríguez","Sacramento Republic"
"Milan Iloski","Philadelphia Union"
"Luka Tunjic","Fortuna Sittard"
"Santiago Viera","Progreso"
"Hodei Arrillaga","Eibar"
"Joshua Laqeretabua","Charlton Athletic"
"Ibrahim Fullah","Charlton Athletic"
"Connor Ogilvie","Portsmouth"
"Barnaby Williams","Southampton"
"Kristian Mandic","Nürnberg"
"Joyeux Bungi","New York Red Bulls"
"Ricardo Monreal","Necaxa"
"Diego Medina","Santos Laguna"
"Santiago Muñoz","Atlético San Luis"
"Keyvin Paico","FC Cajamarca"
"Carlos Solís","ADT"
"Nicolás Queiróz","Wanderers"
"Carlos Marín","Córdoba CF"
"Diego Mastrángelo","Gimnasia La Plata"
"Aedan Stanley","Detroit City"
"Pablo Bonilla","Carabobo"
"Samuel Stanton","St Johnstone"
"Agustín Oliveros","Necaxa"
"Joaquín Trasante","Danubio"
"Renzo Orihuela","CA Sarmiento"
"Juan Robles","Querétaro"
"John García","The Strongest"
"Grant Robinson","FC Tulsa"
"Joseph O'Brien-Whitmarsh","Northampton Town"
"Joshua Honohan","Lincoln City"
"Grant Stoneman","Rhode Island"
"Beverly Makangila","Hartford Athletic"
"Mateo Argüello Santoro","Cerro"
"Jackson Rodríguez","Libertad"
"Alan Franco","Atlético Mineiro"
"Sergio Ojeda","AA Estudiantes Río Cuarto"
"Chris Hegardt","Orange County SC"
"Felix Charrupí","Atlético Bucaramanga"
"Tony Alfaro","El Paso Locomotive"
"Jack Skahan","San Jose Earthquakes"
"Abdoulaye Cissoko","FC Tulsa"
"Jayden Reid","Sporting Kansas City"
"Peter Stroud","Minnesota United"
"Kenny Tete","Fulham"
"Jerry Bengtson","Olimpia"
"Justin Arboleda Buenaños","Olimpia"
"Edwin Rodríguez","Olimpia"
"Edrick Eduardo Menjívar Jonhnson","Olimpia"
"Jorge Benguche","Olimpia"
"José Pinto","Olimpia"
"Max Nilsson","Fredrikstad"
"Youssef Bennasser","Kayserispor"
"Bruno Piñatares","San Lorenzo"
"Jorge Pinos","Cobresal"
"Elvis Amo Takyi","Loudoun United"
"Tanguy Ndombélé","OGC Nice"
"Jack McGlynn","Houston Dynamo"
"Pedro Álvarez","Club Rubio Nu"
"Jacob Greene","Lexington SC"
"Rafael Mentzingen","Detroit City"
"Juan Carlos Obregón Jr","Brooklyn FC"
"Jonathan Pérez","Guadalajara"
"Santiago Gálvez","UTC Cajamarca"
"Eslyn Correa","Atlético Grau"
"Ferland Mendy","Real Madrid"
"Junior Ajayi","Hellas Verona"
"Alexander Jensen","Aberdeen"
"Caden Clark","DC United"
"Bruno Damiani","Philadelphia Union"
"Franchesco Flores","Club Alianza Atlético Sullana"
"Ryan Allsop","Birmingham City"
"John Berner","Charleston Battery"
"Kenan Busuladžić","Malmö FF"
"Beto Avila","El Paso Locomotive"
"Omari Patrick","Tranmere Rovers"
"Stiven Jimenez","Cincinnati"
"Carlos Humberto Escobar Ortiz","Deportes Concepcion"
"Gustav Lindgren","Peterborough United"
"Kasper Schmeichel","Celtic"
"Juan Cuesta","Once Caldas"
"Gustavo González","Carabobo"
"Juan Pérez","Carabobo"
"Franner López","Carabobo"
"Dmitri Chistyakov","Rostov"
"Juan Salcedo","San Lorenzo"
"Will Reilly","Atlanta United"
"Garrison Tubbs","Orange County SC"
"Phillip Joseph Goodrum","Lexington SC"
"Emin Durakovic","Melbourne City"
"Tyler Wolff","Sacramento Republic"
"Jack Gurr","Sacramento Republic"
"Leon Grgić","Sturm Graz"
"Vicente Phillip Reyes Núñez","Peterborough United"
"Jimmy Tabidze","Dynamo Makhachkala"
"Nathan Thompson","Milton Keynes Dons"
"Ángelo Campos","UTC Cajamarca"
"Jules-Anthony Vilsaint","Toronto FC"
"Akil Watts","Loudoun United"
"Jonathan Klinsmann","Cesena"
"Walter Tandazo","Melgar"
"Alberto Mari","Mirandés"
"Mateo Coronel","Querétaro"
"Diego Céspedes","Deportivo Ñublense SADP"
"Koki Machida","Hoffenheim"
"Ilijah Paul","Monterey Bay"
"Ryotaro Araki","Sint-Truiden"
"Simon Eriksson","Racing Santander"
"Roland Ignacio Escobar Flores","Sportivo Ameliano"
"Anthony Landázuri","Tenerife"
"Jonathan Meier","Kilmarnock"
"Edson","Clube do Remo"
"José Hernández","Querétaro"
"Kahiser Lenis","Jaguares de Córdoba"
"Dušan Tadić","NEC"
"Alexander Warneryd","Tromsø"
"Saidou Alioum","FK Jablonec"
"Wesley","Nacional"
"Marco Olivieri","Cesena"
"Lorenzo Pirola","Olympiacos"
"Ian Henderson","Rochdale"
"Michele Cerofolini","Bari"
"Moise Bombito","OGC Nice"
"Fabrizio Brignani","CD Castellón"
"Nathan Byrne","Charlotte"
"Benjamín Chandía","Coquimbo Unido"
"Carlos Moreno","Pachuca"
"Kojo Peprah Oppong","OGC Nice"
"Yannik Lührs","Darmstadt 98"
"Cazim Suljic","Nancy"
"Nicolás Morgantini","Lanús"
"Billy Bodin","Swindon Town"
"Nicolás Laméndola","Atlético Tucumán"
"Michael Ihiekwe","Blackpool"
"Gavan Holohan","Crawley Town"
"Joe Grey","York City"
"Ben Killip","Portsmouth"
"Julián Angulo","Millonarios"
"Lewis Cass","Harrogate Town"
"Matheo Castaño","Técnico Universitario"
"Tom Lockyer","Bristol Rovers"
"Mathias Fernandez-Pardo","Lille"
"Chris Rindov","LA Galaxy"
"Evans Maurin","Grenoble Foot"
"Facundo Rodríguez","Estudiantes"
"Eduardo Bores","Emelec"
"Matt Clarke","Derby County"
"Levi Sutton","Harrogate Town"
"Elliot Stroud","Hull City"
"Jordan Morán","Leones del Norte"
"Diego Monreal","Audax Italiano"
"Enzo Fernández","CS Cartaginés"
"Cristian Tobar","LDU Quito"
"Felipe Chiappini","Boston River"
"Ben Amos","Port Vale"
"Oli Hawkins","Barnet"
"Diego Corral","Universidad Católica"
"Sol Solomon","Tranmere Rovers"
"Yardely Rodríguez","Guayaquil City"
"Juan Pablo Ruíz","Emelec"
"Luis Castro","Delfin"
"Nicolás Goitea","Newell's Old Boys"
"Erick Zúñiga","Delfin"
"Sergio Vasquez","Orense"
"Simon Eastwood","Oxford United"
"Matías Almeida","Club Nacional"
"Jhonnier Chalá","Barcelona"
"Madison Julio","Guayaquil City"
"Alessandro Riep","Independiente Rivadavia"
"Edin Etoski","BSC Young Boys"
"Elio Rufener","SC Kriens"
"Daniel Mesonero","Real Madrid"
"Oscar Renovales","FC Lausanne Sport"
"Patrick Agyemang","Derby County"
"Malik Pinto","Brooklyn FC"
"Daníel Guðjohnsen","Malmö FF"
"Franco Umeh-Chibueze","Portsmouth"
"Filip Rejczyk","Katowice"
"Louis Köster","Holstein Kiel"
"Ange N’Gatta","Grenoble Foot"
"Nicholas Duarte","Central Coast Mariners"
"Ieltsin Camões","Tromsø"
"Tomás Adoryán","Banfield"
"Matthias Pieklak","Lommel"
"Víctor Arteaga","Pumas UNAM"
"Conor McAleny","Harrogate Town"
"Michał Rosiak","Śląsk Wrocław"
"Shak Mohammed","Nashville SC"
"Dan Burn","Newcastle United"
"J.C. Ngando","Vancouver Whitecaps"
"Darlin Mencia","Wanderers"
"Pedro Báez","Club Rubio Nu"
"Carlos Mejía","Real España"
"Exon Arzú","Real España"
"Carlos Sánchez","Olimpia"
"Mitja Križan","Rodina Moskva"
"Cristian Enciso","Deportivo Moquegua"
"José Quiñones","Mushuc Runa"
"Bogdan Mirčetić","Raków Częstochowa"
"Ronaldo","CD Castellón"
"Dany Coronel","Libertad"
"José Tiznado","Cobresal"
"Kofi Amoako","Dynamo Dresden"
"David Odogu","AC Milan"
"Ryan Doghman","Orange County SC"
"Oliver Semmle","Lexington SC"
"Samuel Foley","Barrow"
"Stredair Appuah","Lommel"
"David Braga","Clube do Remo"
"Guilherme Madruga","Shandong Taishan"
"Jakob Nielsen","Sandefjord"
"Alexis Villa","LDU Quito"
"Philippe Ndinga","Philadelphia Union"
"Juan Barinaga","Boca Juniors"
"Joel Bichsel","Lugano"
"Franco Paredes","Argentinos Juniors"
"David Moreira","Gil Vicente"
"Gabriel Menino","Santos"
"José Luis Marrufo","Macará"
"Gabriel Alves","Brooklyn FC"
"Langston Blackstock","Charleston Battery"
"Julián Martínez","Alverca"
"Jajá","Pafos"
"Joel Herrera","Cusco"
"Yuri Alberto","Corinthians"
"Milo Yosef","Lexington SC"
"David Ruiz","CD Eldense"
"Lucas Ryan Stauffer","FC Tulsa"
"Levonte Johnson","Colorado Springs"
"Anfronit Tatum","Real España"
"Roberto Osorto","Real España"
"Emmanuel Gyabuaa","US Avellino"
"Giovanni Bogado","Club Sportivo Luqueño"
"Theo Zidane","Córdoba CF"
"Ramón Vila","CD Eldense"
"Louie Moulden","Accrington Stanley"
"Exaucé Mpembele Boula","US Boulogne"
"Aldair Sanchez","Rhode Island"
"Liel Abada","Charlotte"
"Junior Kadile","Servette"
"Yanis Leerman","Tampa Bay Rowdies"
"Aidan Rocha","Colorado Springs"
"Wesley Leggett","Monterey Bay"
"Giannis Michailidis","PAOK Thessaloniki"
"Callum Camps","Stockport County"
"Timothy Eyoma","Lommel"
"Joey Akpunonu","Charleston Battery"
"Oliver Whatmuff","Stockport County"
"Thierno Baldé","Nancy"
"Osman Kamara","Crawley Town"
"Daniel Gomez","El Paso Locomotive"
"Conrad Ambursley","Phoenix Rising"
"Emmanuel Lago","Olympique de Marseille"
"Frederik Jäkel","Eintracht Braunschweig"
"Marcos Paolini","Progreso"
"Youssoufa Moukoko","FC København"
"Sean Patton","Reading"
"David Volk","Dynamo Makhachkala"
"Bryan Viñán","Orense"
"Ilies Abdelkrim","Amiens"
"David Heidenreich","Bohemians 1905"
"Fernando Camarda","Central Español"
"Ronaldo Báez","Sportivo Trinidense"
"Andy Maroto","New York Red Bulls"
"Rolando Díaz","Sport Boys"
"Kevin Álvarez","Delfin"
"Jefferson Nazareno","Manta FC"
"Hakim Sahabo","Standard Liège"
"Ajak Riak","Adelaide United"
"Arnau Solà","FC Arouca"
"Ivan Azón","Ipswich Town"
"Calvin Raatsie","Excelsior"
"Or Blorian","Sporting Kansas City"
"Daan Reiziger","Telstar"
"Itamar Noy","Maccabi Tel Aviv"
"Britton Fischer","Hartford Athletic"
"Omar Enrique Alba Burrowes","Sporting San Miguelito"
"Idris Mohamed","Metz"
"Ramiro Zárate","Tijuana"
"Ali Youssif","Nantes"
"Jack Stevens","Oldham Athletic"
"Leon Mergner","Magdeburg"
"Magnus Baars","Magdeburg"
"Bertin Jacquesson","Oakland Roots SC"
"Valentin Noël","New Mexico United"
"Salvatore Mazzaferro","Loudoun United"
"Jackson Wälti","Pittsburgh Riverhounds"
"Kennedy Okpala","Paderborn"
"Michael Jacobs","Northampton Town"
"Lucien Mahovo","Norwich City"
"Sean Suber","Charleston Battery"
"Perrin Barnes","Pittsburgh Riverhounds"
"Andrew Privett","Charlotte"
"Keegan Tingey","Oakland Roots SC"
"Alejandro Alcalá","Querétaro"
"Ruben Ramos","LA Galaxy"
"Nicolás Schelotto","Gimnasia La Plata"
"Tunahan Taşçı","Konyaspor"
"Maurits Kjaergaard","Salzburg"
"Nikita Iosifov","Sporting Gijón"
"Pedro Obiang","Monza"
"Göktan Gürpüz","Gençlerbirligi"
"Florent Sanchez","Guingamp"
"Christian Olivares","Sporting JAX"
"Braudílio Rodrigues","Lexington SC"
"Sebastian Gomez","Seattle Sounders"
"Taha Habroune","Columbus Crew"
"Amos Shapiro-Thompson","Rhode Island"
"Ezequiel Abadia-Reda","Inter Miami"
"Nykolas Sessock","Las Vegas Lights"
"Jassem Koleilat","Birmingham Legion"
"Tyshawn Rose","Sporting JAX"
"Noah Dollenmayer","El Paso Locomotive"
"Sebastian Cruz","Tampa Bay Rowdies"
"Marko Stojadinovic","Atlético Ottawa"
"Noel Caliskan","Real Salt Lake"
"Jeevan Badwal","Vancouver Whitecaps"
"Kofi Twumasi","El Paso Locomotive"
"Victor Souza","Pittsburgh Riverhounds"
"Peyton Miller","New England Revolution"
"Eric Martel","FC Köln"
"Marco Wörner","Paderborn"
"Victor Bak","FC Midtjylland"
"Pedro Álvaro","Shandong Taishan"
"Gabriel Sigua","FC Lausanne Sport"
"Georgios Vrakas","Brisbane Roar"
"Demario Phillips","Mount Pleasant"
"Trivante Stewart","Gazişehir Gaziantep"
"Nicolas Penner","Mladá Boleslav"
"Jhon Jairo Solís Vélez","Fortaleza CEIF"
"Ángel Chávez","Guadalajara"
"Wilfried Gnonto","Leeds United"
"Anthony Dennis","Göztepe"
"Pierre Dwomoh","Watford"
"Nacho Quintana","FC Andorra"
"Relebohile Mofokeng","Union Saint-Gilloise"
"Jean Moursou","Phoenix Rising"
"Isaac","Hellas Verona"
"Kirill Kravtsov","Sochi"
"José Arrasco","FC Cajamarca"
"Jorge del Castillo","Club Alianza Atlético Sullana"
"Jonathan Padilla","Tijuana"
"James Nieuwenhuizen","Melbourne City"
"Stanislav Bessmertny","Rodina Moskva"
"Jokūbas Mažionis","Cheltenham Town"
"Ivan Lepskiy","Krylya Sovetov"
"Matthew Myers","Tampa Bay Rowdies"
"Kristijan Belic","Maccabi Tel Aviv"
"Ansgar Knauff","Eintracht Frankfurt"
"Malcolm Jeng","Feyenoord"
"Guillem Molina","AVS"
"Tomás Olmos","AA Estudiantes Río Cuarto"
"Rubén Martínez","Independiente"
"Mauricio Roldán","Club Rubio Nu"
"Micah Burton","Austin FC"
"Jairo Quinteros","Bolívar"
"Iker Pozo","Rodina Moskva"
"Mads Hansen","Brann"
"Lovens Delinois","Inter Miami"
"Edoardo Vergani","Frosinone"
"Matías Fonseca","Instituto"
"Tommaso Rubino","Carrarese Calcio 1908"
"Oliver Batista Meier","Preußen Münster"
"Ariel Aguas","Leones del Norte"
"Jean-Pierre Longonda Itamba Mboyo","Mantova"
"Christian Martínez","Libertad"
"Thiago Vidal","Deportivo Recoleta"
"Lorenzo Tosto","Empoli"
"Ilya Zabarnyi","Paris Saint-Germain"
"Nail Moutha-Sebtaoui","Dender"
"Ousman Jabang","New Mexico United"
"Miguel Ramírez","Puebla"
"Luan Candido","EC Vitória"
"Aurélien Pelon","Grenoble Foot"
"Junior Kroupi","AFC Bournemouth"
"Marcelo Somoya","The Strongest"
"Vojtěch Hora","Mladá Boleslav"
"Marko Lazetić","Aberdeen"
"Zakhar Fedorov","Sochi"
"Miguel Puche","FC Arouca"
"Marcel Guaramato","Carabobo"
"Mateo Levato","Wanderers"
"Mauricio Cagua","Técnico Universitario"
"Alejandro Balde","Barcelona"
"Fabio Vieira","Hamburger SV"
"Jorge Mariano Barreda Botto","Club Alianza Atlético Sullana"
"Koba Koindredi","Basel"
"Shean Barbosa","Deportes Tolima"
"Peter Reinhardsen","Sarpsborg 08"
"Aaron Kiil Olsen","Vålerenga"
"Hamza Anhari","Fortuna Düsseldorf"
"Élan Ricardo","Deportes Tolima"
"Juan Pérez","Gimnasia La Plata"
"Marius Andresen","Aalesund"
"Aksel Potur","HamKam"
"Mathias Grundetjern","Vålerenga"
"Hugo Novoa","Mirandés"
"Deni Dashaev","Start"
"Sondre Granaas","Molde"
"Håkon Sjåtil","Vålerenga"
"Erling Myklebust","Atlético Ottawa"
"Syver Skeide","Kristiansund"
"Håkon Hammer","Aalesund"
"Loris Mettler","HamKam"
"Ole Lauvli","Tromsø"
"Gard Simenstad","HamKam"
"Eirik Saunes","KFUM-Kameratene Oslo"
"Jesper Grundt","Tromsø"
"Markus Anderson","Brooklyn FC"
"Daniel Braut","Tromsø"
"Anders Hiim","Sarpsborg 08"
"Marcus Melchior","Sandefjord"
"David Gyedu","KFUM-Kameratene Oslo"
"Endre Osenbroch","Aalesund"
"Fabrizio Sartori","Independiente Rivadavia"
"Nathanael Ogbeta","Barnsley"
"Leander Alvheim","Kristiansund"
"Marius Olsen","Katowice"
"Håvar Jensen","KFUM-Kameratene Oslo"
"Emil Ødegaard","KFUM-Kameratene Oslo"
"Johannes Hummelvoll-Nuñez","Fredrikstad"
"Håkon Hoseth","KFUM-Kameratene Oslo"
"Jonas Hjorth","KFUM-Kameratene Oslo"
"Momodou Njie","KFUM-Kameratene Oslo"
"Yannick Leliendal","FC Volendam"
"Robin Rasch","KFUM-Kameratene Oslo"
"Sverre Sandal","Luton Town"
"Simen Hestnes","KFUM-Kameratene Oslo"
"Kristoffer Nessø","Aalesund"
"Nicholas Bonfanti","Mantova"
"Erik Flataker","Go Ahead Eagles"
"David Tufekcic","Kristiansund"
"Claus Niyukuri","Sarpsborg 08"
"Illal Osumanu","Pittsburgh Riverhounds"
"Tore Hagbø","KFUM-Kameratene Oslo"
"Fredrik Berglie","KFUM-Kameratene Oslo"
"Jakob Dunsby","Sandefjord"
"Emerson Leao Espinoza Tenorio","Delfin"
"Yaw Paintsil","Lillestrøm"
"Milos Pantovic","Panathinaikos"
"Nikola Sekulov","Carrarese Calcio 1908"
"Alex Timossi Andersson","Śląsk Wrocław"
"Jacob Bartlett","Sporting Kansas City"
"Gilberto Adame","Mazatlán"
"Euan Bowie","Kilmarnock"
"Isaac","Athletico Paranaense"
"Tyler Crawford","Vancouver FC"
"Uba Charles","Aalesund"
"Harrison Bettoni","Wigan Athletic"
"Alexis Rodas","FC Cajamarca"
"Zé Guilherme","Bahia"
"Darly N'Landu","Guingamp"
"Tino Livramento","Newcastle United"
"Gabriel Antinoro","Atlético Ottawa"
"Daniel Nimick","Forge FC"
"Lorenz Assignon","VfB Stuttgart"
"Ji Shengpan","Tianjin Jinmen Tiger"
"Ning Fangze","Zhejiang Professional"
"Mason Melia","Lincoln City"
"Axel Atum","Racing"
"Zheng Haoqian","Wuhan Three Towns"
"Warmed Omari","Hamburger SV"
"Jakub Kristan","Karviná"
"Liu Xiaolong","Qingdao West Coast"
"Alan Kerouedan","Grenoble Foot"
"Tang Chuang","Chengdu Rongcheng"
"Peng Peng","Shenzhen Peng City FC"
"Noah Abatneh","Atlético Ottawa"
"Favour Onukwuli","Sheffield Wednesday"
"Cruz Allen","Derby County"
"Chey Dunkley","Chesterfield"
"Daniil Odoevskiy","Rostov"
"Mu Pengfei","Qingdao Manatee"
"Sebastián Rodríguez","Monterrey"
"Vicente Espinoza","Palestino"
"Olger Escobar","CF Montreal"
"Tanner Rosborough","New York Red Bulls"
"Daniel Lino","Comerciantes Unidos"
"Jeh","Göztepe"
"Felipinho","Athletico Paranaense"
"Bruno Fernandes","Sheffield Wednesday"
"Tyr Walker","Atlético Ottawa"
"Joshua Inserra","Melbourne Victory"
"Aiden O'Neill","New York City FC"
"Rony Jansson","St. Pauli"
"Rafferty Pedder","Sporting JAX"
"Alassane Sidibe","Arka Gdynia"
"Cooper Sanchez","Atlanta United"
"Xavier Zengue","Lexington SC"
"Diego Aznar","Huesca"
"Miguel Di Pizio","Central Coast Mariners"
"Cameron Burgess","Swansea City"
"Ollie Bostock","West Bromwich Albion"
"Titouan Thomas","Stade Lavallois"
"Xavi Sintes","Córdoba CF"
"Dynel Simeu","Oldham Athletic"
"Duane Holmes","Houston Dynamo"
"Diego López","Valencia"
"Oliver Sørensen","Parma Calcio 1913"
"Moctar Diop","Gent"
"Taylor Booth","Twente"
"Mathias Tønnessen","Tromsø"
"Ilir Kukleci","HamKam"
"Morato","Nottingham Forest"
"Diogo Bagüí","Tijuana"
"Evan Mooney","St Mirren"
"Cole Burke","Kilmarnock"
"Nils Mortimer","Academico Viseu"
"Riccardo Burgio","Bari"
"Juan Francisco Rossel","Universidad Católica"
"José Caicedo","Técnico Universitario"
"Ewen Jaouen","Stade de Reims"
"Bradley Barcola","Paris Saint-Germain"
"Thiago Helguera","Mirandés"
"Marcos Vinícius","Chapecoense"
"Claudio Manzi","US Avellino"
"Fernando Ordóñez","Tigres UANL"
"Xander Lambrix","Sandefjord"
"Guo Jiayu","Wuhan Three Towns"
"Aiden McCallion","Rangers"
"El Hadji Ndiaye","SK Artis Brno"
"Daniel Hülsenbusch","Bochum"
"Tony Reitz","Magdeburg"
"Teun Gijselhart","RC Deportivo La Coruña"
"Marcelinho Braz","Red Bull Bragantino"
"Nassim Innocenti","FK Jablonec"
"Mustafa Fettahoğlu","Erzurumspor"
"Funso Ojo","Port Vale"
"Jonathan Italeng","Südtirol"
"Gaetano Oristanio","Parma Calcio 1913"
"Jemmes","Fluminense"
"Marqes Muir","Lexington SC"
"Mansour Ouro-Tagba","Bochum"
"Sabit Ngor","Central Coast Mariners"
"Fallou Fall","St. Louis City"
"Ismaïl Bouleghcha","Dijon"
"Sima Suso","Fortuna Düsseldorf"
"Ronald Donkor","New York Red Bulls"
"Gino Vivi","Tampa Bay Rowdies"
"Marco Moreno","Eibar"
"Christian Kouam","Grasshopper"
"Stephen Afrifa","Sporting Kansas City"
"Claudio Josué Montero Alvarado","CS Cartaginés"
"Julian Hall","New York Red Bulls"
"Ben Winterbottom","Barrow"
"Jesper Eikrem","Brann"
"Jhoan Hernández","Botafogo"
"Teodor Haltvik","KFUM-Kameratene Oslo"
"Maat Caprini","Mantova"
"Étienne Youté Kinkoué","Le Havre"
"Matt Evans","LAFC"
"Alexander Prass","Hoffenheim"
"Shi Songchen","Shandong Taishan"
"Duarte Moreira","HamKam"
"Soumaïla Coulibaly","Stade Brestois"
"Devyne Rensch","AS Roma"
"Mario Maroto","Real Valladolid"
"Aguibou Camara","Ludogorets Razgrad"
"Nelson Guaiquil","Huachipato"
"Ivan Bober","Krylya Sovetov"
"Alessandro Nunziante","Arezzo"
"Ian Fray","Inter Miami"
"Mikey Booth","Motherwell"
"Zander McAllister","Motherwell"
"Rocco McColm","Motherwell"
"Jamal Musiala","Bayern Munich"
"Jeronimo Russo","Newell's Old Boys"
"Jordan Barrera","Botafogo"
"César Azpilicueta","Sevilla"
"Tom Hill","Harrogate Town"
"Bogdan Viunnyk","Lechia Gdańsk"
"Giulio Scuderi","Juve Stabia"
"Gary Oliver","Falkirk"
"Kyle Ure","Crewe Alexandra"
"Mitchel Frame","Aberdeen"
"Paul Argney","Le Havre"
"Joachim Sanda","Red Star FC"
"Nhoa Sangui","Paris FC"
"Pedro","Lazio"
"Nicolás Toca","CyD Leonesa"
"Joshua Oluwayemi","Wellington Phoenix"
"Málcom Palacios","Independiente Medellín"
"José Fonte","Casa Pia AC"
"Lucas Chevalier","Paris Saint-Germain"
"Rafael Brito","Casa Pia AC"
"Francesco Coppola","Pisa"
"Jhoao Velásquez Chumpitaz","Alianza Lima"
"Aron John","Charlotte"
"Dion Rankine","Crewe Alexandra"
"Benjamín Schamine","O'Higgins"
"Caiden McMillan","St Mirren"
"Simen Haram","Aalesund"
"Dani Requena","Córdoba CF"
"Iñaki Rupérez","Real Sociedad"
"Esquerdinha","Queens Park Rangers"
"Aleksey Baranovskiy","Orenburg"
"João Simões","Sporting CP"
"Gonçalo Sousa","Kocaelispor"
"Lucas Margueron","Rodez"
"Iker Recio","Cádiz"
"Liao Rongxiang","Chengdu Rongcheng"
"Ali Kéfren","OGC Nice"
"Millan Brignone","OGC Nice"
"Johan Meyer","Start"
"Robert Ramsak","Eintracht Braunschweig"
"Noah Darvich","SV 07 Elversberg"
"Assan Ouédraogo","RB Leipzig"
"Philip Aukland","Aalesund"
"Loun Srdanovic","Servette"
"Tarik Seferovic","FC Wil 1900"
"Precious Ugwu","FC Volendam"
"Jesse Bal","ADO Den Haag"
"Eliah Jordan","FC Aarau"
"Robin van Duiven","Real Valladolid"
"Miłosz Piekutowski","Jagiellonia Białystok"
"Jakub Krzyżanowski","Wisła Kraków"
"Krzysztof Kurowski","Twente"
"Capi","Albacete"
"Lluc Castell","Espanyol"
"Marko Zebić","Dinamo Zagreb"
"Noa Mikic","Dinamo Zagreb"
"Andrija Maksimović","RB Leipzig"
"Veljko Milosavljević","AFC Bournemouth"
"Kristjan Bendra","Sturm Graz"
"Aldin Jakupović","Holstein Kiel"
"Adem Avdić","FK Crvena Zvezda"
"Jakhongir Urozov","Fk Rubin Kazan"
"Lukas Kelly-Heald","Wellington Phoenix"
"Fin Roa Conchie","Wellington Phoenix"
"Alby Kelly-Heald","Wellington Phoenix"
"Ángel Adrián Brizuela Céspedes","Club Sportivo Luqueño"
"Giovanny Sequera","Philadelphia Union"
"David Retamal","Universidad Concepción"
"Martin Lecolier","US Boulogne"
"Filippo Rinaldi","Parma Calcio 1913"
"Márk Kosznovszky","Portsmouth"
"Botond Balogh","Kocaelispor"
"Afonso Rodrigues","Tondela"
"Santino Vera","Unión"
"Mordomo","Sporting Braga"
"Fofin Turay","Telstar"
"Daren Mosengo","Le Havre"
"Santiago López","Tigre"
"Frederik Roslyng","Holstein Kiel"
"Juan Bisanz","Huracán"
"Benjamin Fredrick","Dender"
"Daniel Daga","Molde"
"Samson Lawal","Livingston"
"Anyelo Gómez","Universidad O&M"
"Omry Bello","Universidad O&M"
"Demir Xhemalija","Luzern"
"Mamour Ndiaye","Sarpsborg 08"
"Mame Faye","Rizespor"
"Ibrahima Seck","Raków Częstochowa"
"Felix García","Olimpia"
"Mahmudu Bajo","FK Crvena Zvezda"
"Aimar Duñabeitia","Sporting Gijón"
"Tiago Caballero","Olimpia"
"Yves Erick Bile","Ludogorets Razgrad"
"Oskar Spiten-Nysæter","Molde"
"Pablo Pedraza","The Strongest"
"Kayky Almeida","Clube do Remo"
"Taylan Aydın","Kasımpaşa"
"Ulvi Babaev","Dinamo Moscow"
"Jonas Torsvik","Brann"
"Xu Junchi","Zhejiang Professional"
"Mohammed Sofo","New York Red Bulls"
"Amine Chabane","Amiens"
"Nathan Talbot","Amiens"
"Peterson Paul","Amiens"
"Oscar Aissat","Amiens"
"Gonzalo de Los Santos","Racing"
"Ronald Perlaza","Barcelona"
"Piero Andrés Guzmán Arrobo","Aucas"
"Milorad Stajic","Brisbane Roar"
"Facundo Echeguren","Deportivo Recoleta"
"Axel Henriksson","Blackburn Rovers"
"Jonathan Jesus","Cruzeiro"
"Johny Placide","Bastia"
"Salih Malkoçoğlu","Trabzonspor"
"Edmilson","Kairat"
"Joyce Ossa","Deportivo Pasto"
"Juan Godoy","The Strongest"
"Reyvin De la Rosa","Universidad O&M"
"Widen Saucedo","San Antonio Bulo Bulo"
"Federico Sellechia","Cerro Largo"
"Jhon Velásquez","Bolívar"
"Robert","FC København"
"Julio Herrera","San Antonio Bulo Bulo"
"Andrew Baiera","New York City FC"
"Santiago Morales","Inter Miami"
"Fabrizio Jesús Jara Ledesma","Club Nacional"
"Rodrigo Acuña","Libertad"
"Dylan Aquino","Lanús"
"Kostas Pileas","Pafos"
"Deniss Melniks","Falkirk"
"Chuks Aneke","Shrewsbury Town"
"Ghislain Vénuste Baboula","Slovan Liberec"
"Andrea Adorante","Venezia"
"Gabriele Artistico","Spezia"
"Adri Mehmeti","New York Red Bulls"
"Matthew Dos Santos","New York Red Bulls"
"Allan Nyom","Getafe"
"Gallatin Sandnes","Seattle Sounders"
"Aleksandre Kalandadze","Wisła Płock"
"Otar Mamageishvili","Famalicão"
"Nodar Lominadze","Estoril"
"Gustav Nyheim","Lillestrøm"
"Dujuan Richards","Leicester City"
"Leon Hien","Tromsø"
"Kevaughn Tavernier","Forge FC"
"Thomas Battistella","Juve Stabia"
"Darren Oldaker","Swindon Town"
"Alexis Huamán","Sport Boys"
"MJ Williams","Barrow"
"Julián Contrera","CA Sarmiento"
"Carlos Milanés","Miami FC"
"Jan Carmona","Juárez"
"Ademar Chavez","Cincinnati"
"Joaquin Castro","Orange County SC"
"Tyson Espy","Orange County SC"
"Miguel Rodriguez","León"
"Jorge Berlanga","Pachuca"
"Elías Montiel","Pachuca"
"Adrian Skogmar","Malmö FF"
"Jose Pachuca","Puebla"
"Javier Suárez","Atlético San Luis"
"Owen Graham-Roache","CF Montreal"
"Sergei Kozlovskiy","Atlético Ottawa"
"Alan Cano","Sportivo Trinidense"
"Cristiano Oliveira","New England Revolution"
"Pablo Ortíz","Tijuana"
"Kayke","Corinthians"
"Matías Gómez","Talleres de Córdoba"
"Marcus Rafferty","Kasımpaşa"
"Mouhamadou War","Orange County SC"
"Xie Wenneng","Shandong Taishan"
"Charlys","Reggiana"
"Ágúst Orri Thorsteinsson","Excelsior"
"Samu Aghehowa","FC Porto"
"Marius Nordal","Start"
"Facundo de León","Progreso"
"Ervin Torres","Austin FC"
"Tomás Pérez","Atlético Mineiro"
"Owen Presthus","Columbus Crew"
"Tobías Rubio","Racing Club"
"Lucas Vieira","Coritiba Fbc"
"Pedro Morisco","Coritiba Fbc"
"Matías Moreno","Levante UD"
"Jalal Abdullai","Molde"
"Dudu","Athletico Paranaense"
"Dudu","EC Vitória"
"Alexéi Domínguez","Pachuca"
"Sebas Moyano","Real Zaragoza"
"Ovidijus Šiaulys","Virtus Entella"
"Lorenzo Meazzi","Delfino Pescara 1936"
"Javier Vallejos","Central Córdoba SdE"
"Tian Ziyi","Liaoning Tieren"
"Jin Shunkai","Shanghai Shenhua"
"Andrés Felipe Córdoba Benítez","Cerro Largo"
"Bladimir Castro","Jaguares de Córdoba"
"Thyago Ayala","CA Sarmiento"
"John Montaño","Independiente Medellín"
"Diego Mendoza","Deportivo Pereira"
"Castro","The Strongest"
"Tobías Medina","Rio Ave"
"Oscar Nahuel Arias","San Lorenzo de Almagro"
"Elías Báez","Atlanta United"
"Oscar","São Paulo"
"Javier Ruiz","Necaxa"
"Pavel Gorelov","Orenburg"
"Yu Tianle","Wuhan Three Towns"
"Min Zixi","Wuhan Three Towns"
"Egor Lyubakov","Baltika"
"Stanislav Poroykov","Orenburg"
"Juri Cisotti","FC FCSB"
"Oleksandr Syrota","Kocaelispor"
"Jhair Soto","ADT"
"Nikita Karabashev","Dynamo Makhachkala"
"Juan Sebastián","Real Zaragoza"
"Hermann Tebily","Rodez"
"Dominik Marczuk","Real Salt Lake"
"Albin Krasniqi","SC Kriens"
"Josh McPake","Hearts"
"Hamse Shagaxle","Spezia"
"Denis Halinský","Teplice"
"Rafael Mosquera","New York Red Bulls"
"Mark Kitching","York City"
"Jakub Lapeš","Karviná"
"Gustavo Nunes","Swansea City"
"Vitezslav Jaros","Ajax"
"Freddy Noguera","Cerro Porteño"
"Conor Bradley","Liverpool"
"Tiago Cravero","Central Córdoba SdE"
"Filip Rózga","Sturm Graz"
"Matías Godoy","Aldosivi"
"Ever Meza","Alianza Valledupar"
"Luka Kulenović","Heracles Almelo"
"Marek Mróz","Zagłębie Lubin"
"Tomasz Wójtowicz","Lechia Gdańsk"
"Marvin Hübel","FC Aarau"
"Bryn Morris","Harrogate Town"
"Mats Hanke","FC Wil 1900"
"Jacob Pryts","Start"
"Carl Lange","Vålerenga"
"Oskar Øhlenschlæger","Fredrikstad"
"Mikkel Ladefoged","Lincoln City"
"Michael Agbekpornu","Huesca"
"Lee Nicholls","Huddersfield Town"
"Brandon Caicedo","Atlético Bucaramanga"
"Marlon Torres","Los Chankas"
"Rodrigo Tapia","Atlético Grau"
"Luis Jiménez","Jaguares de Córdoba"
"Moris Valincic","Dinamo Zagreb"
"Yaroslav Krashevskiy","Nizhny Novgorod"
"Ehor Matsenko","Śląsk Wrocław"
"Alex Gilliead","Shrewsbury Town"
"Yudong Wang","Zhejiang Professional"
"Jan Leszczyński","Legia Warszawa"
"Rafael Profini","Unión"
"Neil Pierre","Philadelphia Union"
"Alejandro Severo","Cerro"
"Ivaylo Chochev","Ludogorets Razgrad"
"Estifen Díaz","Libertad"
"Jannik Robatsch","Beveren"
"Stefan Feiertag","Wieczysta Krakow"
"Maximilian Entrup","Eintracht Braunschweig"
"Jonathan Norbye","Fredrikstad"
"Blake Willey","Sacramento Republic"
"Lautaro Vargas","Unión"
"Víctor Ríos","Atlas"
"Dylan Borso","Chicago Fire"
"Valentín Moreno","Tigre"
"Mathias Christensen","Aalesund"
"Facundo Lencioni","Gimnasia Mendoza"
"Osvald Søe","San Diego FC"
"Tammer Odeh","West Bromwich Albion"
"Mads Bomholt","Rosenborg BK"
"Juan Esteban Carvajal Granados","Phoenix Rising"
"David Emanuel Fernández Fariña","Defensa y Justicia"
"Áron Csongvai","Saint-Étienne"
"Bence Ötvös","Ferencvaros"
"Enes Alić","St Johnstone"
"Rajmund Molnár","Pogoń Szczecin"
"Aleksandar Pesic","Ferencvaros"
"Adrian Zeljković","Viktoria Plzen"
"Xia Xiaoxi","Wuhan Three Towns"
"Lazar Jovanović","VfB Stuttgart"
"Hamzat Ojediran","Colorado Rapids"
"Alex Servian","Sportivo Ameliano"
"Jakob Jessen","Kasımpaşa"
"Diego Sanhueza","Deportivo Ñublense SADP"
"Juan Daniel Pérez Centurión","Club Guaraní"
"Mohamed Jaouab","Real Valladolid"
"Ester Sokler","Aberdeen"
"Štěpán Míšek","FK Pardubice"
"Jack Shepherd","Barnsley"
"Ciaran McGuckin","Rotherham United"
"Josh Ayres","Rotherham United"
"Maleace Asamoah","Wigan Athletic"
"Darwin Carlos Nazareno Arroyo","Universidad Católica"
"Luis Johan Moreno Zuñiga","Universidad Católica"
"Richard Borja","Barcelona"
"Aleksey Lysov","Krylya Sovetov"
"Lasse Rosenboom","Holstein Kiel"
"Yegor Tsykalo","Teplice"
"Thomas Musto","Miami FC"
"Juan Betancourth","Deportivo Pereira"
"Andrey Ivlev","Nizhny Novgorod"
"Néider Ospina","Llaneros"
"Mahir Rizvanovic","Bellinzona"
"Jarell Njiké Simo","Stade Nyonnais"
"Rijad Saliji","Rapperswil-Jona"
"Maxim Leclercq","Stade Nyonnais"
"Luca Sestito","Étoile Carouge FC"
"Noé Simon Nguy-yi Boum Bitjél","Rapperswil-Jona"
"Yassine Bouchama","Preußen Münster"
"Ryan Mendes","Kocaelispor"
"Ousmane Diallo","Start"
"Kornél Szűcs","Plymouth Argyle"
"James Ampofo","Start"
"Markus Johnsgård","HamKam"
"Henrik Meister","Pisa"
"Kilian Bevis","Wuhan Three Towns"
"Vinicinho","Red Bull Bragantino"
"Ewan Otoo","Rotherham United"
"Aaron Malouda","Basel"
"Ousmane Touré","Lille"
"Martín Tejón","Marítimo"
"Tyler Bindon","Sheffield United"
"Mohamed Bamba","Lorient"
"Zoran Moco","US Boulogne"
"William Benard","Stade Lavallois"
"Jorge Mosquera","Bellinzona"
"Luke Alker","Barnsley"
"Ayanda Sishuba","Montpellier"
"Axel Kayombo","Sturm Graz"
"John Paul Dembe","Sigma Olomouc"
"Yunus Konak","Oxford United"
"Matías Gallardo","Instituto"
"Wilfred George Igor","Kristiansund"
"Cho Kyu-Sung","FC Midtjylland"
"Adam Taggart","Perth Glory"
"Takahiro Kunimoto","Liaoning Tieren"
"Selu Diallo","CyD Leonesa"
"Ryan Mullen","St Mirren"
"Lucas González","AA Estudiantes Río Cuarto"
"Alama Bayo","Cercle Brugge"
"Noah Makembo-Ntemo","RAAL La Louvière"
"Steeven Assengue","Standard Liège"
"Tom Meynadier","Bastia"
"Marcos Cuenca","Real Zaragoza"
"Jason Davidson","Melbourne Victory"
"Wilson Arturo Chuchuca Arreaga","Orense"
"Leonardo Mejía Soto","Atlante"
"Luis Arroyo","Aucas"
"Mesut Can Tunalı","Kocaelispor"
"Tom Field","Vancouver FC"
"Juan Martínez","Sport Huancayo"
"Callum Stead","Barnet"
"Vladyslav Krapyvtsov","Girona"
"David Garden","Excelsior"
"Luca Moore","Crewe Alexandra"
"Nordin Bukala","FC Volendam"
"Felipe Silva","Chengdu Rongcheng"
"Renaldo Cephas","Nizhny Novgorod"
"Marco Perrotta","Calcio Padova"
"Gonzalo Escudero","Racing Club"
"David González","Deportivo Cuenca"
"Lionel Verde","CSKA Moscow"
"Fabio Lymann","Bellinzona"
"Gonçalo Figueiredo","Stade Nyonnais"
"Altin Berisha","FC Wil 1900"
"Erick Zambrano","Orense"
"Emir Bars","Konyaspor"
"Donay Kaylin O'Brien-Brady","Peterborough United"
"Cristhian Valladolid","Club Alianza Atlético Sullana"
"Max Finkgräfe","RB Leipzig"
"Sal Olivas","Philadelphia Union"
"Serhat-Semih Güler","Darmstadt 98"
"Raffaele Di Gennaro","Inter Milan"
"Matous Krulich","Mladá Boleslav"
"Bryan Gamboa","Cruz Azul"
"Alex Murphy","Newcastle United"
"Billy Blacker","Tranmere Rovers"
"Zinedin Smajlović","Sandefjord"
"Francisco Pozzo","Unión La Calera"
"Ramiro Peralta","CA Juventud"
"Owen González","Puebla"
"Sigurd Prestmo","Tromsø"
"Abdulsamet Burak","Kayserispor"
"Moritz Hannemann","Energie Cottbus"
"Samukele Kabini","Molde"
"Rasmus Eggen Vinge","KFUM-Kameratene Oslo"
"Facundo Perdomo","Liverpool"
"Benoît Nyssen","Zulte Waregem"
"Luis Femia","Danubio"
"David Grilo","Estrela Amadora"
"Marvin Benjamins","Preußen Münster"
"Filippo Pittarello","Catanzaro"
"Muhamed Varela","Arezzo"
"Natan Girma","Reggiana"
"Eryk Grzywacz","Nürnberg"
"Alfonso de Luca","Cerro Largo"
"Erdis Kraja","Delfino Pescara 1936"
"Valerio Crespi","US Avellino"
"Simone D'Uffizi","Ascoli Calcio"
"Alessandro Pilati","Virtus Entella"
"Richard Chukwu","Toronto FC"
"Konstantinos Chrisopoulos","Mantova"
"Desmond Acquah","Dender"
"Francesco Camarda","Lecce"
"Samuele Capolupo","Monza"
"Pau Navarro","Villarreal"
"Saná Fernandes","Juve Stabia"
"Florian Boulet","US Boulogne"
"Adil Hamdani","Lyon"
"Rômulo","Chengdu Rongcheng"
"Andreas Tetteh","Panathinaikos"
"Josen Escobar","América de Cali"
"Louie Copley","Crawley Town"
"Ibrahim Mbaye","Paris Saint-Germain"
"Axel Tape","Bayer Leverkusen"
"Noah Nsoki","Paris Saint-Germain"
"Pierre Mounguengue","Paris Saint-Germain"
"Abdoulaye Traoré","Zulte Waregem"
"Leandro Lescano","Huracán"
"Ioan Vermesan","Hellas Verona"
"Mamedi Doucouré","Genoa"
"Akpa Chukwu Hemsley","Zulte Waregem"
"Owen Stirton","Dundee United"
"Ronny Borja","Leones del Norte"
"Alessandro Milani","US Avellino"
"Francisco Bregante","Cerro"
"Tommaso Pittino","Mantova"
"Côme Bianay Balcot","Mantova"
"Gustavo Mendonça","AVS"
"Leo Pecover","Bristol City"
"Álvaro Cortés","Barcelona"
"Álex Lizancos","Burgos"
"Wiebe Kooistra","Cambuur Leeuwarden"
"Jessic Ngankam","Eintracht Frankfurt"
"Rooney Troya","Universidad Católica"
"Shiloh 't Zand","Fortuna Sittard"
"Mathieu Mion","Grenoble Foot"
"Lasse Flø Borregaard","Westerlo"
"Gianmarco Di Biase","Crawley Town"
"Owen Gibs","Kaiserslautern"
"Pablo Arana","Cádiz"
"Scott Constable","Dundee United"
"Keir Gilligan","Dundee United"
"Shafiq Nandja","Hamburger SV"
"Stephen Mfuni","Watford"
"Matty Warhurst","Northampton Town"
"Massimo Pessina","Bologna"
"Latta N'Dabrou","FC Stade Lausanne-Ouchy"
"Nouhoum Kamissoko","Olympique de Marseille"
"Arthur Saintorens","Clermont Foot"
"Andrés Dávila","Independiente Medellín"
"Jaygo van Ommeren","FC Utrecht"
"Bjorn Menzo","FC Utrecht"
"Hessel de Wit","AZ Alkmaar"
"Oumar Sarr","Stade Nyonnais"
"Jhon Meléndez","Rionegro"
"José Bernal","Deportivo Pasto"
"Oscar Kapskarmo","Sandefjord"
"Jader Enrique Manyoma Córdoba","Cúcuta Deportivo"
"Mattia Mosconi","Inter Milan"
"Federico Chinetti","Mantova"
"Per Kloosterboer","FC Utrecht"
"Wassim Bouziane","AZ Alkmaar"
"Viktor Zentrich","Hradec Králové"
"Loïc Etoga","Bastia"
"Michal Cernak","Dukla Praha"
"Svit Seslar","Eyüpspor"
"Raúl Pereira","Cádiz"
"Jorge Moro","CD Eldense"
"Álvaro Martínez","Moreirense"
"Kingstone Mutandwa","Cagliari"
"Mootaz Nourani","Nacional"
"Mario Cantero","Burgos"
"Toto Nsiala","Shrewsbury Town"
"Young-Jun Goh","Górnik Zabrze"
"Andrés Campos","Leganés"
"Olly Whyte","Motherwell"
"James Bolton","Fleetwood Town"
"Mickaël Nade","Saint-Étienne"
"Christ Okou","Clermont Foot"
"Ismael Sierra","Estoril"
"Edward Cedeño","Las Palmas"
"Quique Ribes","Celta de Vigo B"
"Jesús Arellano","Querétaro"
"Néiser Villarreal","Cruzeiro"
"Thiemoko Diarra","Stade de Reims"
"Jean Carlo Olivares","Comerciantes Unidos"
"Iwan Henstra","Cambuur Leeuwarden"
"Nico Siegrist","SC Kriens"
"Alex Tamm","Livingston"
"Pape Diong","Dunkerque"
"Julián Ceballos","Gimnasia Mendoza"
"Valentino Simoni","Gimnasia Mendoza"
"Mateo Mendia","CA Platense"
"Ilyas Ansah","Union Berlin"
"Jan Bürger","Wolfsburg"
"Alessandro Crimaldi","Bochum"
"Pharell Hensel","Wolfsburg"
"Alexander Briedl","Aberdeen"
"Argus Vanden Driessche","Club Brugge"
"David López","Mallorca"
"Cameron Gardner","Grimsby Town"
"Muhamed Tijani","Sigma Olomouc"
"Freddie Anderson","Barrow"
"Pedro Soma","San Diego FC"
"Muhanad Al-Saad","FC Lausanne Sport"
"Jerome Abbey","Wolverhampton Wanderers"
"Julian Kania","Arminia Bielefeld"
"Agustín Módica","Gimnasia Mendoza"
"Štěpán Bachůrek","Zlín"
"Signori António","Étoile Carouge FC"
"Bleron Mulliqi","SC Kriens"
"Omar Bogle","Crewe Alexandra"
"Iván Villar","Celta Vigo"
"Illajh de Ruijter","ADO Den Haag"
"Cheveyo Balentien","AC Milan"
"Bayron Duarte","Querétaro"
"Jordy Bawuah","PSV Eindhoven"
"Isak Vådebu","Tromsø"
"Hendrik Bonmann","Ludogorets Razgrad"
"Filipe Bordon","Südtirol"
"Javier Mena","Rionegro"
"Frank Vare","Blackburn Rovers"
"Malík Klaus Modou Deme","Neuchâtel Xamax"
"Luca Raffin","Rosario Central"
"Ilya Kirsh","Nizhny Novgorod"
"Arturo Astorga","New Mexico United"
"Álvaro Marín","Celta de Vigo B"
"William Bøving","FSV Mainz 05"
"Sam Vokes","Gillingham"
"Jason Dadi Svanthórsson","Grimsby Town"
"Sayed Abu Farkhi","Maccabi Tel Aviv"
"Ethan Sutherland","Exeter City"
"Jin-Woo Jeon","Oxford United"
"Jannik Schuster","Salzburg"
"Oliver Lukic","Salzburg"
"Luka Velickovic","FC Aarau"
"Jayden Candelaria","NAC Breda"
"Liam Bonetig","Melbourne City"
"Ashqar Ahmed","Reading"
"Emmanuel Osho","Reading"
"Matt Palmer","Notts County"
"Sankhoun Diawara","Troyes"
"Pape Cabral","AS Monaco"
"Samuel Nibombé","AS Monaco"
"Ken Masui","Kortrijk"
"Morgan Costarelli","Cambuur Leeuwarden"
"Ethan Apkakou","Cambuur Leeuwarden"
"Fayssal El Mahboub","Montpellier"
"Miłosz Mleczko","Bruk-Bet Termalica Nieciecza"
"Quentin Ndjantou","Paris Saint-Germain"
"Jim Koller","PSV Eindhoven"
"Tim Lemperle","Hoffenheim"
"Can Bozdogan","FC Utrecht"
"Eman Košpo","Mantova"
"Andreas Verstraeten","Antwerp"
"Lucas Verza","Olimpia"
"Sinan Alkaş","Kasımpaşa"
"Stefan Golubovic","FC Andorra"
"Jérémy Sebas","Bastia"
"Papa Gadio","FK Akhmat Grozny"
"Marco Esteban","Real Oviedo"
"Deniz Donmezer","Kayserispor"
"Jin-ho Jo","Konyaspor"
"Moses Sesay","Colchester United"
"Zane Schreiber","Melbourne City"
"Harrison Shillington","Melbourne City"
"Medin Memeti","Melbourne City"
"Luke Supyk","Wellington Phoenix"
"Austin Ayoubi","Adelaide United"
"Benjamin Mazzeo","Melbourne City"
"Dion Beljo","Dinamo Zagreb"
"Bernd Riesselmann","Osnabrück"
"Ismail Badjie","Osnabrück"
"Julio Fidelis","Fluminense"
"Martin Børsheim","Fredrikstad"
"Edney","Santa Clara"
"Grégory Ayem","Montpellier"
"Jonathan Lawson","Watford"
"Lucas Jetten","Cambuur Leeuwarden"
"Ryan van de Pavert","Cambuur Leeuwarden"
"Jan Faberski","PEC Zwolle"
"Scott Wootton","Perth Glory"
"Chiqueti","Athletico Paranaense"
"Souleyman Mandey","West Bromwich Albion"
"Lumbardh Dellova","Amed SK"
"Yanis Court","Stade Lavallois"
"Manuel Fäh","SC Kriens"
"Lukas Riedmann","SC Kriens"
"Célien Wicht","SC Kriens"
"Rrezart Hoxha","SC Kriens"
"Alejandro Willimann","SC Kriens"
"Jovan Lukić","Philadelphia Union"
"Hao Li","Qingdao West Coast"
"Haakon Haugen","Kristiansund"
"Milan Aleksic","Cracovia Kraków"
"Milson","FK Crvena Zvezda"
"Filippo Grosso","Frosinone"
"King Manu","Energie Cottbus"
"Sheyko Studer","Independiente Rivadavia"
"Fali Candé","Sassuolo"
"Mouhamadou Sarr","Spezia"
"Marco Bleve","Carrarese Calcio 1908"
"Iké Ugbo","Sheffield Wednesday"
"Djelan Morana","OGC Nice"
"Brad-Hamilton Mantsounga","OGC Nice"
"Manuel Nicoletti","Ascoli Calcio"
"Élie N'Gatta","Sochaux"
"Roman Murcy","Troyes"
"Amadou Diakite","Troyes"
"Kouroufia Kebe","Nancy"
"Andy Vidal","Cusco"
"Yusuf Akçiçek","Fenerbahçe"
"Erick Canales","Deportivo Garcilaso"
"Mathías Llontop","Sport Boys"
"Óscar Pinto","Comerciantes Unidos"
"Francesco Cavagna","UTC Cajamarca"
"Amir Bouhamdi","PSV Eindhoven"
"Errol Mundle-Smith","Norwich City"
"Juanlu Sánchez","Sevilla"
"Daniel Yáñez","Real Madrid"
"Joel van den Berg","PSV Eindhoven"
"Arjan Malic","Sturm Graz"
"Nuno Mendes","Paris Saint-Germain"
"Kamil Jakóbczyk","Lech Poznan"
"Sammy Dudek","Lech Poznan"
"Exaucé M'Badinga","FC Stade Lausanne-Ouchy"
"Iker Luque","Atlético Madrid"
"Rayane Belaid","Atlético Madrid"
"Taufik Seidu","Atlético Madrid"
"Giovani Chiaverano","Audax Italiano"
"Sabit Abdulai","Alverca"
"Ersin Destanoğlu","Beşiktaş"
"Monchu","Juárez"
"Benjamin Nyarko","Teplice"
"Paulino de la Fuente","Real Zaragoza"
"Amady Camara","Nantes"
"Yerko González","Deportes Limache"
"Santiago Bueno","Wolverhampton Wanderers"
"Niko Galesic","Dinamo Zagreb"
"Rio Robbemond","AZ Alkmaar"
"Oskars Vientiess","Teplice"
"Alfredo Agyeman","Falkirk"
"Carlos Javier Airala","Albion"
"Jon Pacheco","Deportivo Alavés"
"Gady Bekuyu","Modena"
"Oscar Lenne","US Boulogne"
"Souleymane Sagnan","Lens"
"Rayan Fofana","Lens"
"Jinairo Johnson","Ajax"
"Bendegúz Kovács","AZ Alkmaar"
"Roman Horák","Slovácko"
"Daniel Rus","Slovan Liberec"
"Lucas Wasilewsky","Central Español"
"Christopher McVey","San Diego FC"
"Gerónimo Heredia","Delfin"
"Agustín Morales","AA Estudiantes Río Cuarto"
"Jakob Haugaard","Tromsø"
"Sebastián Gallegos","Palestino"
"Archie Harris","Wigan Athletic"
"Hjalmar Ekdal","Burnley"
"Stephy Mavididi","Leicester City"
"Thomas Perchaud","Stade Nyonnais"
"Ángel Torres","Eyüpspor"
"Nathan Paull","Central Coast Mariners"
"Jadiel Pereira da Gama","PEC Zwolle"
"Matthew Garbett","Peterborough United"
"Ylann Marie-Rose","Dijon"
"Joseph Lacey","Sydney"
"Zach De Jesus","Sydney"
"Matthew Grimaldi","Melbourne Victory"
"Liam Shephard","Newport County AFC"
"Jack Fletcher","Manchester United"
"Luke Le Roux","Portsmouth"
"Emmanuel Echeverría","Santos Laguna"
"Keanan Bennetts","Notts County"
"Malthe Højholt","Pisa"
"Aldahir Perez","Querétaro"
"Vidar Ari Jónsson","HamKam"
"Sander Risan Mørk","Sandefjord"
"Sander Foss","Lillestrøm"
"Shumaira Mheuka","Chelsea"
"Genesis Antwi","Strasbourg"
"Kevin Tröndle","SC Kriens"
"Elion Jashari","Bellinzona"
"Alessandro Boi","Calcio Padova"
"Tyler Roberts","Mansfield Town"
"Lars Olden Larsen","Tromsø"
"Lachlan Bayliss","Newcastle Jets"
"Stephan Zagadou","Le Havre"
"Enzo Kana-Biyik","FC Lausanne Sport"
"Benoit Sida","Servette"
"Daniel Bąk","Korona Kielce"
"Chafik Gourichy","Stade Lavallois"
"Joe Bell","Viking"
"Guillermo Gandolfo Antunes","Central Español"
"Brayan Correa","América de Cali"
"Sebastian Sebulonsen","FC Köln"
"Davíd Kristján Ólafsson","Cracovia Kraków"
"Sigurd Haugen","Nürnberg"
"Simen Bolkan Nordli","Rosenborg BK"
"Mohamed Ofkir","Vålerenga"
"Brage Skaret","KFUM-Kameratene Oslo"
"Joao Grimaldo","Sparta Praha"
"Diego Soto","Cusco"
"Maxwell Woledzi","Nashville SC"
"Erlend Segberg","Start"
"Kristoffer Tønnessen","Start"
"Eirik Schulze","Start"
"Eirik Wichne","Sarpsborg 08"
"Djylan N'Guessan","Saint-Étienne"
"Mikael Ugland","Start"
"Sander Sjökvist","KFUM-Kameratene Oslo"
"Marius Adamonis","Südtirol"
"Sergiu Perciun","Ascoli Calcio"
"Norbert Barczak","Korona Kielce"
"Ulrik Fredriksen","Fredrikstad"
"Mads Sande","Brann"
"Derrick Williams","Reading"
"Lars Remmem","Brann"
"Ayoub Ouarghi","Feyenoord"
"Luca Reggiani","Borussia Dortmund"
"Simone Lontani","Parma Calcio 1913"
"Christian Comotto","Spezia"
"Ryan McLaughlin","Brooklyn FC"
"Fabian Merién","PSV Eindhoven"
"Josué Dorrio","Málaga"
"Chumi","Almería"
"Pablo Pérez","Mirandés"
"Josh Martin","Cheltenham Town"
"Nathan Tella","Bayer Leverkusen"
"Jeyson Rojas","Colo Colo"
"Tom Iorpenda","Notts County"
"Stephan Seiler","Vaduz"
"Joaquín Zeballos","Wanderers"
"Nico Diago Gordon","Monterey Bay"
"Faysal Bettache","Oakland Roots SC"
"Torben Müsel","Magdeburg"
"Neo Dobson","Northampton Town"
"Onuralp Çevikkan","Trabzonspor"
"Junai Byfield","Tottenham Hotspur"
"Kaique Rocha","Casa Pia AC"
"Freddie Ladapo","Chesterfield"
"Rayane Bounida","Ajax"
"Anthony Pantazopoulos","Western Sydney Wanderers"
"Mustafa Hekimoğlu","Beşiktaş"
"Ousmane Diallo","Parma Calcio 1913"
"Dario Ramirez","Real Sociedad B"
"Manex Gibelalde","Grasshopper"
"Gökdeniz Gürpüz","Galatasaray"
"Wataru Kamijo","Sydney"
"Quinn MacNicol","Brisbane Roar"
"Afonso Ferreira Duarte","Santa Clara"
"Jónatas Noro","Sporting Braga"
"João Carvalho","Sporting Braga"
"Jorge Cestero","Real Madrid"
"Iustin Doicaru","Rizespor"
"Kevin Coronel","Argentinos Juniors"
"Sebastiaan Hagedoorn","Telstar"
"Ryan McGowan","Livingston"
"Luca Piras","Loudoun United"
"George Edmundson","Middlesbrough"
"Dagoberto Espinoza","América"
"Conor McManus","Gillingham"
"Ángel Carvajal","Real Valladolid"
"Lukas Bornhøft Jensen","Millwall"
"Gianmarco Cangiano","Delfino Pescara 1936"
"Franco Lino","Melbourne Victory"
"Hamza Abdallah","FC Lausanne Sport"
"Manga Foe Ondoa","Monza"
"Rayan Lucas","Alverca"
"Isak Dahlqvist","Tromsø"
"Siaka Bakayoko","Amiens"
"Yahya Bathily","Bastia"
"Edvinas Gertmonas","Servette"
"Ronaldo Dantas Fernandes","Vaduz"
"Momodou Jaiteh","Bellinzona"
"Samir Ben Brahim","Guingamp"
"Dani Vivian","Athletic Club"
"Freddie Cowin","Bromley"
"Adam Boayar","Elche"
"Isyak Mohamed","Montpellier"
"Abdoulaye Camara","Udinese"
"Paul Eymard","Saint-Étienne"
"Tobias van den Elshout","Feyenoord"
"Bruno Ogbus","Freiburg"
"Oliver Taylor","Mansfield Town"
"Ty Ewens-Findlay","Crawley Town"
"Sander Kilen","Kristiansund"
"Alessandro Pio Riccio","Sampdoria"
"Gabriel Barbosa","Górnik Zabrze"
"Tomás Ezequiel Rayer","Sportivo Trinidense"
"Emilio Aristizábal","Toronto FC"
"Nils Ramming","Rochdale"
"Tobiasz Mras","Wieczysta Krakow"
"Agustín Requena","Progreso"
"Matt Smith","Wigan Athletic"
"Diego Sosa","Instituto"
"Agustín Cardozo","Lanús"
"Kevin Sánchez","RC Deportivo La Coruña"
"Ignacio Fuenzalida","Audax Italiano"
"João Paulo","Bahia"
"Henrich Ravas","Cracovia Kraków"
"Alan Mwamba","Charlton Athletic"
"Kirsten Otchere","Cheltenham Town"
"Noah Godwin","Bellinzona"
"Nehuén Benedetti","New York Red Bulls"
"Tyler Fletcher","Manchester United"
"Agustín González","Deportivo Garcilaso"
"Youssef Hamdaoui","Antwerp"
"Abdellah Ouazane","Ajax"
"Kaan Akyazi","Konyaspor"
"Toni Fernández","Barcelona"
"Leandro Hernández","Colo Colo"
"José Català","CE Sabadell FC"
"Afonso Patrão","Westerlo"
"Herman Haugen","Viking"
"Diego Menéndez","Real Oviedo"
"Krzysztof Kubica","Bruk-Bet Termalica Nieciecza"
"Keny Arroyo","Cruzeiro"
"Michael Bermúdez","Orense"
"Yandri Vásquez","Independiente del Valle"
"Aníbal Gómez","Independiente del Valle"
"Quim Junyent","Almería"
"Pablo López","Mirandés"
"Hamidou Makalou","Stade Brestois"
"Bekhruz Karimov","Lugano"
"Alessio Furlanetto","Lazio"
"Riquelme Fillipi","Palmeiras"
"Lucas Camilo","Puebla"
"Souza","Tottenham Hotspur"
"Julio Alonso","Huesca"
"Ryunosuke Sato","Valencia"
"Keita Kosugi","Eintracht Frankfurt"
"Szymon Lyczko","Zagłębie Lubin"
"Agustín Ruberto","River Plate"
"Valentino Acuña","Newell's Old Boys"
"Kevin Gutiérrez","Rosario Central"
"Thiago Laplace","Lanús"
"Dylan Gorosito","Boca Juniors"
"Juan Giménez","Rosario Central"
"Samuele Righetti","Arezzo"
"Valente Pierani","Estudiantes"
"Yaya Diémé","Strasbourg"
"Alpha Touré","Metz"
"Luís Balbo","Fiorentina"
"Leenhan Romero","Deportes Concepcion"
"Juan Arango","Girona"
"Eamonn McCarron","Wellington Phoenix"
"Dinko Horkas","Las Palmas"
"Anaru Cassidy","Wellington Phoenix"
"Gabriel Sloane-Rodrigues","Wellington Phoenix"
"Nicolas Firmino","Lexington SC"
"Filippo Terracciano","Cremonese"
"Dardan Shabanhaxhaj","Fk Rubin Kazan"
"Gael Álvarez","Pachuca"
"Tahiel Jiménez","Santos Laguna"
"Francisco Valenzuela","Dundee"
"Justin von der Hitz","Nürnberg"
"Amin Molinas","Libertad"
"Mark Oxley","Harrogate Town"
"Andrés Madruga","Peñarol"
"Ezequiel Ham","Atlético Tucumán"
"Antonis Tsiftsis","PAOK Thessaloniki"
"Chamsedin Kouranfal","Stade de Reims"
"Ryan Lee","Wellington Phoenix"
"Ange Samuel Kouamé","Liaoning Tieren"
"Oliver Benjamin Gerbig","Henan Songshan Longmen"
"John Kitolano","Kristiansund"
"Juan Villalba","Tigre"
"Juma Bah","OGC Nice"
"Ylan El Hadary","Nancy"
"Jack Vale","Northampton Town"
"João Valido","FC Arouca"
"Jordan Thomas","Cheltenham Town"
"Joel Priego","CE Sabadell FC"
"Antal Yaakobishvili","FC Andorra"
"Danny Ormerod","Peterborough United"
"Răzvan Sava","Udinese"
"Stephen Humphrys","Bradford City"
"Ibrahim Bakare","Cheltenham Town"
"Simon Straudi","Dynamo Dresden"
"Ilia Gruev","Leeds United"
"Matthew Sheridan","Wellington Phoenix"
"Samuel Rodríguez","Real Oviedo"
"Emilio Lara","Necaxa"
"Mateo Lisica","Dinamo Zagreb"
"Leo Weinkauf","Hannover 96"
"Aleksandr Degtev","Sochi"
"Kaka","Zbrojovka Brno"
"Aritz Aranbarri","Eibar"
"Leo Snowden","Oxford United"
"Marcus Müller","Holstein Kiel"
"Lasse Wilhelm","ADO Den Haag"
"Mohamed Dao","Paris FC"
"Cléo Mélières","Metz"
"Aiden Marsh","Harrogate Town"
"Leonardo Campana","New England Revolution"
"César Álvarez","Tenerife"
"Anthony Hartigan","Barnet"
"Manuel Tucker","CA Platense"
"Santiago Postel","Deportivo Cuenca"
"Patricio Gabriel Coronel Galeano","Club Guaraní"
"Esteban Fernández","Gimnasia Mendoza"
"Patrick Rakovsky","Phoenix Rising"
"Kaelan Majekodunmi","Swindon Town"
"Mikel Gogorza","FC Midtjylland"
"Vetle Auklend","Viking"
"Niklas Niehoff","Holstein Kiel"
"Jeff Ekhator","Genoa"
"Justin Vidic","Brisbane Roar"
"Juan Luis Alfaro","Banfield"
"Kaden Braithwaite","Manchester City"
"Daniel Schneider","KFUM-Kameratene Oslo"
"Jacob Hanstad","Sandefjord"
"Younes Jaber el Meftahi","Sparta Rotterdam"
"Giannino  Vianello","Sparta Rotterdam"
"Sven Sunta","Dinamo Zagreb"
"Franco Rami","Deportivo Ñublense SADP"
"Juan Manuel Arango","Deportivo Cali"
"Dilan Zárate","Cádiz"
"Diego Facio","Real Madrid"
"Luke Howard","Reading"
"Tiago Gonçalves","Mantova"
"Noel Futkeu","Greuther Fürth"
"Henrik Heggheim","Viking"
"Alejandro Villarreal","Aldosivi"
"João Cruz","Athletico Paranaense"
"Yael Trepy","Cagliari"
"Axel Montaña","Danubio"
"Cole McGhee","Sheffield Wednesday"
"Chris Long","Brisbane Roar"
"Luck Zogbé","Stade Brestois"
"Álex Perdomo","Defensor Sporting"
"Mohamed Bamba","Gil Vicente"
"Jordi Cano","FC Andorra"
"Andrés Rodríguez","Las Palmas"
"Serpeta","CD Castellón"
"Aingeru Olabarrieta","FC Andorra"
"Pablo Meixús","Celta de Vigo B"
"Ilmari Niskanen","Exeter City"
"Raphael Otegbayo","Stoke City"
"William Gillion","Auckland FC"
"Aarón Ochoa","Málaga"
"Elio Trochen","Bellinzona"
"Wagner Leonardo","Grêmio"
"Santino Samuyiwa","Start"
"Ben Close","Doncaster Rovers"
"Sydney Osazuwa","Real Sociedad B"
"Šimon Polášek","Zlín"
"Mariano Carmona","CD Eldense"
"Patryk Paryzek","Pogoń Szczecin"
"Airidas Golambeckis","West Ham United"
"Lendrit Shala","Bellinzona"
"Egoitz Muñoz","Córdoba CF"
"Mattia Della Rocca","AS Roma"
"Huberth Sánchez","San Antonio Bulo Bulo"
"Gustavo Mendoza","San Antonio Bulo Bulo"
"Callum Jones","Dundee"
"Cardoso Varela","Dinamo Zagreb"
"Elson Mendes","Kasımpaşa"
"Ejike Opara","Vitória Guimarães"
"Hamza Bellari","CD Castellón"
"Albion Ademi","Shenzhen Peng City FC"
"Etienne Eto'o","Mirandés"
"Pascal Mulder","ADO Den Haag"
"Finn de Bruin","ADO Den Haag"
"Joel McGregor","Swindon Town"
"Yann Sturm","Eintracht Braunschweig"
"Johan Karlsson","Malmö FF"
"Mathieu Scalet","Motor Lublin"
"Joi Nuredini","Genoa"
"Nicky Devlin","Aberdeen"
"Jake Najdovski","Adelaide United"
"Phil Croker","Crewe Alexandra"
"Khalil Ayari","Dunkerque"
"Renzo López","EC Vitória"
"Darragh Lenihan","Middlesbrough"
"Guzmán Ortega","CyD Leonesa"
"Bradley Dack","Gillingham"
"Royce Drax Openda Owaga","Pau"
"Brice Oggad","Le Mans"
"Lilian Ricol","San Antonio"
"Issiaka Karamoko","Bastia"
"Moussa Faty","Dijon"
"Aleksander Paluszek","Katowice"
"Luca Blondeau","FC Volendam"
"Key-Shawn Wong-A-Soij","FC Volendam"
"Jesper Tielemans","FC Volendam"
"Honest Ahanor","Atalanta"
"N'Djoli","FC Wil 1900"
"Asier Hierro","Athletic Club"
"Will Grigg","Chesterfield"
"Bailey Brandtman","Central Coast Mariners"
"Christian Walton","Ipswich Town"
"Bradley Burrowes","Aston Villa"
"Raul Paula","NAC Breda"
"Cherrion Valerius","NAC Breda"
"Cedric Hatenboer","Telstar"
"Dylan Ruward","PEC Zwolle"
"Hugo Camberos","Guadalajara"
"Diego Ochoa","Juárez"
"Semuel Pizzignacco","Monza"
"Nigel Nwankwo","Telstar"
"Petko Hristov","Spezia"
"Pedro Leão","Orlando City"
"Moha Airam","Dunkerque"
"Dru Yearwood","Rotherham United"
"Juan Berrocal","Atlanta United"
"Paul Akouokou","Real Zaragoza"
"Abdoul Ayinde","Gent"
"Abdoul Kader Ouattara","Cercle Brugge"
"Daniel Azevedo","Casa Pia AC"
"Santiago Córdoba","Deportivo Pasto"
"Julian Anaya","Técnico Universitario"
"Burhan Ersoy","Fatih Karagümrük"
"Felipe Cifuentes","Boyacá Chicó"
"Juan Castaño","Once Caldas"
"Djaoui Cissé","Rennes"
"Pedro Sosa","Club 2 de Mayo"
"Ulises Coronel","Club 2 de Mayo"
"Sam Hart","Falkirk"
"Fernando Cáceres","Club 2 de Mayo"
"Marcelo Bordón","San Lorenzo"
"Nicolas Rengifo","Deportivo Pereira"
"Jalen Hawkins","ADO Den Haag"
"Táles","Club Rubio Nu"
"Matías Valenti","AA Estudiantes Río Cuarto"
"Carlos Giménez","Club Rubio Nu"
"Mahamadou Doumbia","Antwerp"
"Tidiane Devernois","Auxerre"
"Justin Butler","Energie Cottbus"
"Zaid Seha","Dunkerque"
"Tiago","Orlando City"
"Marco Pissardo","Bari"
"Matt Lendfers","Sint-Truiden"
"Sebastián Navarro","Fortaleza CEIF"
"Jordan García","León"
"Daniel Rivera","Junior"
"Ronaldo Pajaro","Deportivo Cali"
"Kevin Balanta","Fortaleza CEIF"
"Nicolás Rodríguez","Atlético Nacional"
"Yeiner Londoño","Alianza Valledupar"
"Kenny Quetant","Le Havre"
"Hayden Matthews","Portsmouth"
"Kamil Dudek","Burton Albion"
"Josh Taroni","Burton Albion"
"Jack Newall","Burton Albion"
"Derlis Orué","Deportivo Recoleta"
"Jay Gorter","Pafos"
"Anderson Legüizamón","Club Rubio Nu"
"Iago Teodoro","Orlando City"
"Jacopo Grossi","Genoa"
"Filippo Carbone","Genoa"
"Umaru Tounkara","Elche"
"Aidan Nesbitt","Falkirk"
"Henry Oware","Lommel"
"Agustín Bravo","Instituto"
"Leonardo Landriel","Deportivo Riestra"
"James Clarke","Newport County AFC"
"Kaan İnanoğlu","Dynamo Dresden"
"Jhoiner Salas","Fortaleza CEIF"
"Aidan Borland","Swindon Town"
"Juan Cozzani","CA Platense"
"Agustín Irazoque","Inter Bogotá"
"Andriano Lebib","Perth Glory"
"Ronnie Harvey","Colchester United"
"Piero Magallanes","Sport Huancayo"
"Matías Sen","Comerciantes Unidos"
"Kenyi Barrios","Los Chankas"
"Mauro Ángel Maidana","Deportivo Táchira"
"Tobias Ostchega","AA Estudiantes Río Cuarto"
"Matías Reali","San Lorenzo de Almagro"
"Alex Luna","Instituto"
"César Castro","Club 2 de Mayo"
"Santiago López","Pumas UNAM"
"Tomás Porra","Barracas Central"
"Oumar Pona","Angers"
"Jhon Largacha","Deportivo Pereira"
"Drake Callender","Minnesota United"
"Jonás Luna","Wanderers"
"Zach Lisolajski","Perth Glory"
"Jaime Peralta","Cúcuta Deportivo"
"Federico Medina","Banfield"
"José Villegas","Club Alianza Atlético Sullana"
"Said Godínez","Mazatlán"
"Juan Cortazzo","Gimnasia La Plata"
"Diego Borges","Sporting Kansas City"
"Frederik Elkær","Lillestrøm"
"Gian García","Melgar"
"Diego Mondino","Gimnasia Mendoza"
"Pablo Monje","Deportivo Riestra"
"Jeremy Monga","Leicester City"
"Marc Giger","Union Saint-Gilloise"
"Ryan Yates","Nottingham Forest"
"Pablo Lara","Pumas UNAM"
"Marcos Iacobellis","Central Córdoba SdE"
"Itay Ben Hamo","Maccabi Tel Aviv"
"Tayvon Gray","New York City FC"
"Joel Anasmo","Perth Glory"
"Juan Carlos Gonzáles","Sport Boys"
"Altin Zeqiri","Rizespor"
"Mark Hoekstra","FC Groningen"
"Jismerai Dillema","FC Groningen"
"Gustavo Prado","Internacional"
"Adama Sidibeh","Stockport County"
"Diego Luna","Baltika"
"Ender Echenique","Cincinnati"
"Christian Damián Moreno","Cobresal"
"Freiver Ruíz","Carabobo"
"Aydan Hammond","Western Sydney Wanderers"
"Kacper Koscierski","Bochum"
"Elikya Legros","Auxerre"
"Lamfia Dioubate","Auxerre"
"Tomás Rodríguez","Barcelona"
"Gastón Blanc","Macará"
"Alfonso Pastor","Marítimo"
"Adrian Raychev","Frosinone"
"Jean Franco Castillo","Deportivo Táchira"
"Jesús David Camargo Villafañe","Deportivo Táchira"
"Leandro Fioravanti","Deportivo Táchira"
"Elías Alderete","San Lorenzo"
"Yanniel Hernández","Deportivo Táchira"
"Juan David Sánchez Contreras","Deportivo Táchira"
"Hugo Barrachina","Real Zaragoza"
"Nicolás Talpone","AA Estudiantes Río Cuarto"
"Dje D'avilla","Chicago Fire"
"Facundo Butti","Cerro"
"Iago Iriarte","Juan Pablo II College"
"Jeremías Lázaro","Instituto"
"Ayrton Portillo","Defensa y Justicia"
"Augusto Fernández","Aldosivi"
"Kevin Jappert","Barracas Central"
"Rafael Barrios","Barracas Central"
"Franco Coronel","Club Alianza Atlético Sullana"
"Fabricio Sanguinetti","Inter Bogotá"
"Misael Sosa","Sporting Cristal"
"Jordan Lauton","Brisbane Roar"
"Sheldon Kendall","Gillingham"
"Tijme Wessels","Feyenoord"
"Johan Manzambi","Freiburg"
"Gastón Arturia","CA Sarmiento"
"Diego Crego","Independiente Rivadavia"
"Javier Ferreira","AA Estudiantes Río Cuarto"
"Ignacio Abraham","Banfield"
"Tomás González","AA Estudiantes Río Cuarto"
"Francisco Romero","AA Estudiantes Río Cuarto"
"Rodrigo Sayavedra","Deportivo Riestra"
"Hugo Sandoval","Olimpia"
"Edvard Sundbø Pettersen","Sandefjord"
"Francisco Bonfiglio","Boston River"
"Rodrigo Cáseres","Unión La Calera"
"Santiago López García","Banfield"
"Gabi Caschili","Telstar"
"Alan Robledo","O'Higgins"
"Lucas Monzón","Deportivo Recoleta"
"Ignacio Sabatini","Gimnasia Mendoza"
"Emiliano Griffa","Leones del Norte"
"Satoshi Tanaka","Fortuna Düsseldorf"
"Leandro Allende","Club Guaraní"
"Lautaro Petruchi","Gimnasia Mendoza"
"Nicolás Romano","Gimnasia Mendoza"
"Agustín Massaccesi","Instituto"
"Matías Recalde","Gimnasia Mendoza"
"George Miller","Cheltenham Town"
"Raphael Spiegel","Oakland Roots SC"
"Gustavo Abregú","Instituto"
"Iván Alejandro Molinas","Delfin"
"Harry Lewis","Mansfield Town"
"Franco Ayunta","Delfin"
"Héctor González","Los Chankas"
"Tobías Iván Coppo","Leones del Norte"
"Franco Posse","Macará"
"Facundo Miño","Deportivo Riestra"
"Alejo Dramisino","Deportivo Riestra"
"Lucas Ríos","Deportivo Garcilaso"
"Ivo Costantino","Danubio"
"Lucas Esteves","Atlético San Luis"
"Gonzalo Errecalde","Gimnasia La Plata"
"Edu Ribeiro","EC Vitória"
"Yoni Gomis","Beveren"
"Alan Lorenzo","Orense"
"Ignácio","Fluminense"
"Kevin Retamar","CA Platense"
"Guilherme Castilho","Juárez"
"Dantas","Athletico Paranaense"
"Madson","Juárez"
"Jamar Ricketts","San Jose Earthquakes"
"Jano Monserrate","Atlético Madrid"
"Welington","Southampton"
"Godson Kyeremeh","Le Havre"
"Andrea Falabella","Sportivo Ameliano"
"Juan Rodríguez","Comerciantes Unidos"
"Tomas Bottari","Independiente Rivadavia"
"Maximiliano Amarfil","CA Platense"
"Gabriel Obredor","Deportivo Riestra"
"Alfie McCalmont","Central Coast Mariners"
"Mariano Bracamonte","Deportivo Riestra"
"Pablo Ferreira","CA Platense"
"Franco Pulicastro","Fortaleza CEIF"
"Lewis Jamieson","Newport County AFC"
"Malachi Jones","New York City FC"
"Jhonny Jordán","Boyacá Chicó"
"Michael Barragán","Fortaleza CEIF"
"Ariath Piol","Real Salt Lake"
"Kornel Lisman","Lech Poznan"
"Mohamed Ouédraogo","Lyon"
"Nicolás Monserrat","Leones del Norte"
"Diogo Guzmán","Torque"
"Agustín Campana","Macará"
"Tanner Beason","New England Revolution"
"Iuri Tabatadze","Cádiz"
"Miguel Berry","Charleston Battery"
"Jahlane Forbes","Las Vegas Lights"
"Fabian Bzdyl","Cracovia Kraków"
"Zico Bailey","New Mexico United"
"Franco Lorenzón","San Lorenzo de Almagro"
"Sacha Mellier","Stade Lavallois"
"Szymon Wlodarczyk","Excelsior"
"Yan Mosquera","Jaguares de Córdoba"
"Kamil Cybulski","Widzew Łódź"
"Charbel Shamoon","Perth Glory"
"Yaya Sithole","Tondela"
"Ole Selnæs","Rosenborg BK"
"Renê","EC Vitória"
"Antonis Papakanellos","Rio Ave"
"Theofanis Bakoulas","Rio Ave"
"Stavros Pnevmonidis","Olympiacos"
"Christos Mouzakitis","Olympiacos"
"Gonzalo Maffini","AA Estudiantes Río Cuarto"
"Oscar Vilhelmsson","Preußen Münster"
"Vanja Dragojević","Rangers"
"Samuel Ramos","St Mirren"
"V.Yoganathan","Barnsley"
"Jeremy Kelley","Charleston Battery"
"Brian Andrada","Gimnasia Mendoza"
"Ivan Mensah","Sparta Praha"
"Jan Lucumí","América de Cali"
"Jonathan Bamba","Chicago Fire"
"Jorge San Martín","Atlas"
"Federico Abadía","Cúcuta Deportivo"
"Ezequiel Neira","Carabobo"
"Cameron Duke","Louisville City"
"Tobias Bovone","Deportivo Pereira"
"Ignacio Figueroa","San Lorenzo"
"Denis Darmovzal","FK Pardubice"
"Marko Kerkez","Fortuna Sittard"
"Nils Zätterström","Genoa"
"Escleizon Freita","Bolívar"
"Luke Vickery","Macarthur FC"
"Zviad Natchkebia","Zlín"
"Bianneider Tamayo","Universidad de Chile"
"Samy Jr. Merheg","Alverca"
"Noah Obioma","Cádiz"
"Bryan Castillo","Deportivo Táchira"
"Jesús Duarte","Deportivo Táchira"
"Edicson Tamiche","Deportivo Táchira"
"Hugo Nunes","Vitória Guimarães"
"Xavier Mandza Tsiendi","OGC Nice"
"Alessandro Vogt","St. Gallen"
"Michael Opoku","Sarpsborg 08"
"Iam Gonzalez","Universidad Concepción"
"Elias Olsson","Lechia Gdańsk"
"Amin Boudri","LAFC"
"Christian Torres","Loudoun United"
"Kasey Bos","Excelsior"
"Joaquín Tapia","O'Higgins"
"Imanol González Benac","Gimnasia Mendoza"
"Sebastián Mella","Huachipato"
"Danny Griffin","Pittsburgh Riverhounds"
"Lucas Sanabria","LA Galaxy"
"Alejandro Azócar","Coquimbo Unido"
"Matías Plaza","Deportivo Ñublense SADP"
"Nicolás Johansen","Coquimbo Unido"
"Hosei Kijima","DC United"
"Kieran Sargeant","San Diego FC"
"Danny Vitiello","Sacramento Republic"
"Joshuan Berríos","Carabobo"
"Peng Xiao","Shandong Taishan"
"Andrea Orlandi","Empoli"
"Bruno Hernández","Cerro Largo"
"Victor Caetano","Chapecoense"
"Claudinho","Athletico Paranaense"
"Ramiro Brazionis","Racing"
"Mateo Peralta","Danubio"
"Gonzalo Larrazábal","Deportivo Maldonado"
"Gian Medina","Progreso"
"Luis Carrillo","Mazatlán"
"Jeorgio Kocevski","FC Tulsa"
"Puso Dithejane","Chicago Fire"
"Tiago Serrago","Tigre"
"Taylor Calheira","Sporting Kansas City"
"Adam Basse","Raków Częstochowa"
"Kyle Ming","Mount Pleasant"
"Gadail Irving","Mount Pleasant"
"Jalmaro Calvin","St Mirren"
"Pepijn Reulen","NAC Breda"
"Anjola Popoola","Accrington Stanley"
"Leozinho","Athletico Paranaense"
"Lars Gindorf","Hannover 96"
"Logan Farrington","FC Dallas"
"Novak Mićović","LA Galaxy"
"Ousmane Sylla","Orange County SC"
"Kevin Gutiérrez","San Antonio Bulo Bulo"
"Tim Drexler","Nürnberg"
"Christian Herrera","Colorado Springs"
"Reed Baker-Whiting","Nashville SC"
"Gastón Valles","CE Sabadell FC"
"Lucas Terrer","Real Zaragoza"
"Erick Odali Paniagua Japa","Aucas"
"Facundo González","Racing"
"Yaqub Finey","Excelsior"
"Adrien Tamèze","Torino"
"Kimito Nono","DC United"
"Sergio Vidal Ramírez Chávez","Sporting San Miguelito"
"Héctor Humberto Hurtado Biscanio","Sporting San Miguelito"
"Nicolás Wunsch","Defensor Sporting"
"Alejo Macelli","Cerro"
"Facundo Callejo","Cusco"
"Gustav Højbjerg","Sandefjord"
"Obinaiia Samuel","FK Jablonec"
"Mario Briceño","Huachipato"
"N.Cárcamo","Huachipato"
"Everton","Chapecoense"
"Forster Ajago","Sacramento Republic"
"Jesper Cornelius","Start"
"Charles Nduka","Melbourne Victory"
"Mattia Sala","Arezzo"
"Juan Pertuz","Llaneros"
"Lautaro Carrera","Gimnasia Mendoza"
"Imran Aznaurov","Rostov"
"Patrick Metcalfe","HamKam"
"Thomas Hasal","LAFC"
"Niklas Hildebrandt","Hertha Berlin"
"A.Gomez","Sporting JAX"
"Damiano Pecile","Vancouver FC"
"Yahya Marovedov","FK Akhmat Grozny"
"JP Chermont","Coritiba Fbc"
"Umidjan Yusup","Shanghai Port"
"Noham Kamara","Lyon"
"Ángel Jesús Ibarra Ramírez","Club Guaraní"
"Egor Nazarenko","Orenburg"
"Yarlen","Tondela"
"Nikodem Niski","Korona Kielce"
"Fredrik Holmé","Fredrikstad"
"João Mário","Beşiktaş"
"Lu Yongtao","Shanghai Port"
"Song Haoyu","Qingdao West Coast"
"Dhirar Brik","Südtirol"
"J.Chala Alomia","Manta FC"
"Jalen Neal","CF Montreal"
"Wang Qiao","Qingdao Manatee"
"Behram Abduweli","Chengdu Rongcheng"
"Jonathan Dean","Chicago Fire"
"Ariel Lima","Cerro"
"Jaden Enrique Servania","Brooklyn FC"
"Agustín Herrera","Orense"
"Marcelo Eggel","Palestino"
"Cal Jennings","Sacramento Republic"
"Juan Elordi","Independiente Rivadavia"
"Jordano Zambrano","Macará"
"Dmitriy Tananeev","Rodina Moskva"
"Dmitri Pestryakov","Akron"
"Anri Chichinadze","Orenburg"
"Mayckel Lahdo","Nantes"
"Mario Sánchez","Emelec"
"Oscar Arboleda","Leones del Norte"
"Edison Caicedo","Manta FC"
"Federico Paz","Macará"
"Federico Dafonte","Boston River"
"Diego Gerardo Píriz Tice","Danubio"
"Jake McGuire","Sporting JAX"
"Elvis Nahuel López Barboza","Progreso"
"Felipe Cairus","Racing"
"Santiago Guzmán","Wanderers"
"Jonathan Sirois","FC Dallas"
"R.Tarragona","Central Español"
"Jahkeele Marshall-Rutty","New York Red Bulls"
"Isaac Méndez","Central Español"
"Georgios Kornezos","Baník Ostrava"
"Botan Ameen","Swindon Town"
"Furkan Bekleviç","Fatih Karagümrük"
"Dani González","Swindon Town"
"Eray Özbek","Kayserispor"
"Badou Ndiaye","Gazişehir Gaziantep"
"Burak Bozan","Gazişehir Gaziantep"
"Madzey Akale Mukwelle","Louisville City"
"Bryant Farkarlun","El Paso Locomotive"
"Geovanni Pérez","Santos Laguna"
"Luis Gómez","Santos Laguna"
"Karsen Henderlong","Tampa Bay Rowdies"
"Mateo Kritzer","Karlsruher SC"
"Sun Jie","Qingdao West Coast"
"Emil Breivik","Molde"
"John Scearce","Phoenix Rising"
"Pape Mar Boye","Phoenix Rising"
"Jakob Örsahl","Aalesund"
"Íñigo Sainz-Maza","Racing Santander"
"Sigurd Kvile","Fredrikstad"
"Shawn Smart","Las Vegas Lights"
"Khori Bennett","Colorado Springs"
"Maliek Howell","New Mexico United"
"Mikey Maldonado","San Antonio"
"Miguel Conde","Sporting Gijón"
"Andrés Zanini","La Serena"
"Martín Tello","Macará"
"Daltyn Knutson","Miami FC"
"Quenzi Huerman","Louisville City"
"Jared Mazzola","Las Vegas Lights"
"Trevor Amann","Pittsburgh Riverhounds"
"Mamadou Dieng","Minnesota United"
"Kien Connolly","Colchester United"
"F.Chaverra Rivas","Inter Bogotá"
"Aiden Hezarkhani","Real Salt Lake"
"Lenny Dziki Loussilaho","Dunkerque"
"James Murphy","Loudoun United"
"Thierno Diallo","Stade Nyonnais"
"Tiago Quintal","Sydney"
"Santiago Benítez","Wanderers"
"Santiago Cuero","Fortaleza CEIF"
"Abdoulaye Diop","Detroit City"
"Nathan Barrie","Western Sydney Wanderers"
"Bruno Cabrera","Lanús"
"Ajani Fortune","Atlanta United"
"Agustín Gómez","Deportivo Garcilaso"
"Matthew Edwards","Atlanta United"
"Pharell Nash","Ajax"
"Maksim Boldyrev","Akron"
"Toño Espinoza","Macará"
"Isaias Delpupo","Sint-Truiden"
"P.Gavian Alonso","Celta de Vigo B"
"Mateo Viera","Macará"
"Patricio Ramos","Macará"
"Agustín Mansilla","Leones del Norte"
"Giacomo Marconi","Carrarese Calcio 1908"
"Davide Mancini","Südtirol"
"Frederik Flex","Kristiansund"
"Alessandro Cardinali","Parma Calcio 1913"
"Lucas Sanseviero","Real Valladolid"
"Santiago Leguina","Central Español"
"Tylon Smith","Queens Park Rangers"
"Omar Ben Ali","Alanyaspor"
"Bao Shimeng","Shanghai Port"
"Nicolás Palma","Unión La Calera"
"Kalani Kossa-Rienzi","Seattle Sounders"
"Antino Lopez","Seattle Sounders"
"Yu Tsukanome","Pittsburgh Riverhounds"
"Michael Collodi","FC Dallas"
"Tommy Silva","Detroit City"
"Clever Ferreira","Atlético Tucumán"
"Jansen Wilson","Louisville City"
"E.Davila","Louisville City"
"Wayne Frederick","Colorado Rapids"
"Sergi Oriol","Wanderers"
"Joel Sangwa","FC Tulsa"
"Brennan Creek","Colorado Springs"
"Tyrese Spicer","Orlando City"
"Justin Ellis","Orlando City"
"Jackson Lee","Brooklyn FC"
"Kevin Vang","Rhode Island"
"Nathan Messer","Charleston Battery"
"Chibuike Ukaegbu","Sacramento Republic"
"Sander Tangvik","Hamburger SV"
"Alexander Marcus Dalou","Detroit City"
"Jayden Da","New England Revolution"
"Chase Adams","Columbus Crew"
"Callan Elliot","Auckland FC"
"Matteo Lavelli","Inter Milan"
"Elvis Bwomono","Aberdeen"
"Jason Shokalook","Chicago Fire"
"Brian Schaefer","Tampa Bay Rowdies"
"Amir Daley","Birmingham Legion"
"Peter Mangione","Brooklyn FC"
"Kayne Rizvanovich","Brooklyn FC"
"Stefan Chirila","Cincinnati"
"Dylan Sing","Indy Eleven"
"Carlo Armiento","Wellington Phoenix"
"Jude Terry","LAFC"
"Morris Duggan","Minnesota United"
"Dixon Pereira","Coquimbo Unido"
"Ian James","Sporting Kansas City"
"M.Alexandre","Charleston Battery"
"Mike Sheridan","Pittsburgh Riverhounds"
"Mark Fisher","Oakland Roots SC"
"Martín Silva","Libertad"
"Kimani Stewart-Baynes","Colorado Rapids"
"Nate Jones","Las Vegas Lights"
"Brendan McSorley","St. Louis City"
"Seth Antwi","Birmingham Legion"
"Carson Locker","Las Vegas Lights"
"Antony Iván García Rodríguez","Real España"
"S . Bouhoudane","Cambuur Leeuwarden"
"Georges Gomis","Le Havre"
"Mauro Zalazar","Schalke 04"
"Carlos Yamir del Valle Uculmana","Sporting Cristal"
"Ibrahim Traoré","Troyes"
"Takuma Ominami","OH Leuven"
"Hernan Lupu","Club Alianza Atlético Sullana"
"Leonardo Afonso","Rhode Island"
"Jack Maher","Nashville SC"
"Facundo Wiechniak","Club Sportivo Luqueño"
"Zackery Farnsworth","Monterey Bay"
"Bode Hidalgo","CF Montreal"
"Dayonn Harris","New Mexico United"
"Julian van Esdonk","Willem II"
"Uriël van Aalst","Willem II"
"Ismael Mouhoul","Willem II"
"Carlos Saavedra","Comerciantes Unidos"
"Harbor Miller","LA Galaxy"
"Beau Leroux","San Jose Earthquakes"
"Joel Garcia","Monterey Bay"
"Nicolás Argentino Medina","Defensor Sporting"
"Antony Chére","Libertad"
"Saeid Saharkhizan","Orenburg"
"Baboucarr Njie","Hartford Athletic"
"Yannick Bright","Inter Miami"
"Jose Casas de Abadal","Sacramento Republic"
"Bradley Sample","Pittsburgh Riverhounds"
"Ramiz Hamouda","Birmingham Legion"
"John-Kymani Gordon","Colchester United"
"Juan Viacava","Independiente del Valle"
"Hesron Barry","Indy Eleven"
"Kacper Sezonienko","Lechia Gdańsk"
"Gevork Diarbian","Birmingham Legion"
"Jamir Johnson","Orange County SC"
"Cavan Sullivan","Philadelphia Union"
"Dániel Pintér","Inter Miami"
"Alassane Ates Diouf","Detroit City"
"Colton Swan","Charleston Battery"
"Messy Manitu","Amiens"
"Aaron Molloy","Lexington SC"
"Ricardo Mathias","Internacional"
"Thiago Matías Ozaeta Macías","Delfin"
"cam Wilkerson","New Mexico United"
"Ilyas Chaira","Real Oviedo"
"Tyias Browning","Shanghai Port"
"Esteban Crucci","Wanderers"
"Reece Johnson","Sheffield Wednesday"
"Pedro","El Paso Locomotive"
"Martín Barraza","Coquimbo Unido"
"Aleksandr Mrynskiy","Kairat"
"Damir Kasabulat","Kairat"
"Lev Kurgin","Kairat"
"Christopher Cupps","Chicago Fire"
"Sebastián Sánchez","Central Español"
"Santiago González","Tigre"
"Marcelo Ojeda","Club Sportivo Luqueño"
"Pacifique Niyongabire","Loudoun United"
"Macklin Freke","Brisbane Roar"
"Walter Núñez","Newell's Old Boys"
"Facundo Martínez","Torque"
"Kyle Lyndon Adonis Sanchez Edwards","Sacramento Republic"
"Kevin Rodríguez","Once Caldas"
"Hugo Bacharach","Rhode Island"
"Jean Grillot","Clermont Foot"
"Gabriele Gori","Ascoli Calcio"
"Moyé Souanga","OH Leuven"
"N.Audinis","Teplice"
"Rafael Jauregui","Seattle Sounders"
"Alex Jojo","Chengdu Rongcheng"
"Benji Kikanović","San Jose Earthquakes"
"Emilio Ycaza","Charleston Battery"
"Sebastián Mora-Mora","El Paso Locomotive"
"Fredrik Carson Pedersen","Sandefjord"
"Lucas Rosier","Rennes"
"Mohamed Meïté","Rennes"
"Bruno Caicedo","Vancouver Whitecaps"
"Quinn Sullivan","Philadelphia Union"
"Vincenzo Colangiuli","Bari"
"Jack Jasinski","San Jose Earthquakes"
"Kenan Haroun","KRC Genk"
"Victor Halvorsen","Sarpsborg 08"
"Rodrigo Sandoval","Cobresal"
"Suda Li","Qingdao Manatee"
"William Osnes-Ringen","HamKam"
"Sivert Sira Hansen","Molde"
"Kelvin Flórez","Deportes Tolima"
"Milton Delgado","Boca Juniors"
"Fanuel Ghebreyohannes Yrga-Alem","Fredrikstad"
"Daniel Barbir","San Antonio"
"Håkon Volden","Rosenborg BK"
"Lapo Deli","Empoli"
"Riquelme","Grêmio"
"Jacob Blixt Flaten","KFUM-Kameratene Oslo"
"Edmund Baidoo","Salzburg"
"Adrian Rønning","Kristiansund"
"Nicolás Ramos","Cerro Largo"
"Jeremy Chacón","Deportivo Cuenca"
"Alejandro Alvarado","San Diego FC"
"D'Alessandro Montenegro","Alianza Lima"
"Keisuke Kurokawa","DC United"
"Cauê","Red Bull Bragantino"
"Iseppe","Nacional"
"Gonzalo Rostagno","Orense"
"Mauro Rodrigues","Yverdon Sport FC"
"Edson Carli","Seattle Sounders"
"Luis Engelns","Paderborn"
"Federico Laurelli","Aldosivi"
"David Costa","Eyüpspor"
"Otto Ruoppi","FSV Mainz 05"
"Andre Garcia","Reading"
"Gabriel Torres","El Paso Locomotive"
"Charlie Sharp","Indy Eleven"
"Arthur Rogers","Miami FC"
"Joshua Torquato","FC Dallas"
"Caleb Swann","FC Dallas"
"Jesus Zambrano","Atlas"
"M.Bardachev","Fakel"
"Sebastian Auton","Grimsby Town"
"Juan David Lucumí Cuero","ADT"
"Yahya Bojang","Alverca"
"Joe Emery","Sheffield Wednesday"
"Alex Robinson","Macarthur FC"
"Oliver Lavale","Central Coast Mariners"
"Juho Kilo","ADO Den Haag"
"Santiago Sosa","Defensa y Justicia"
"Brian Gutierrez","Guadalajara"
"Ólafur Gudmundsson","Aalesund"
"Christian Frangella","Sassuolo"
"Jeff King","York City"
"Ian Garguez","Palestino"
"Stan Dancey","Crewe Alexandra"
"Jake LaCava","New Mexico United"
"Tyger Smalls","Charlotte"
"Daniel Edelman","St. Louis City"
"Joshua Cantt","UTC Cajamarca"
"Myron Mau-Asam","FC Volendam"
"Víctor Rojas","Libertad"
"Justin Lerma","Independiente del Valle"
"Larson","Palmeiras"
"Jean-Philippe Krasso","Paris FC"
"Yvan Neyou","Getafe"
"Aïmen Moueffek","Saint-Étienne"
"Matteo Regillo","Stade Nyonnais"
"Paxten Aaronson","Colorado Rapids"
"Brandan Craig","CF Montreal"
"Lukas Burns","Brooklyn FC"
"Gabriel Carvalho","Internacional"
"Marin France","Sydney"
"Alberto Risco Alcántara","Getafe"
"Jeremy Rafanello","Philadelphia Union"
"Khoa Ngo","Perth Glory"
"JP","Vasco da Gama"
"Luke Haakenson","San Antonio"
"Samba Konaté","RB Leipzig"
"Zé Vitor","EC Vitória"
"Ryan McAidoo","Manchester City"
"Jurica Pršir","Wisła Płock"
"Giorgio Probo","Las Vegas Lights"
"Flavio Bianchi","Empoli"
"Lucas Mauragis","Central Coast Mariners"
"Hayato Inamura","Celtic"
"Nahuel Barboza","Gimnasia Mendoza"
"Ober Medina","Delfin"
"Abel Walatee","Sydney"
"Ángel Estrada","León"
"A.Elmasnaouy","Oakland Roots SC"
"Sebastián Valencia","Deportivo Ñublense SADP"
"Alouis Diriken","Sint-Truiden"
"Kenji Dem","Cincinnati"
"Tomás Roco","Universidad Concepción"
"Chenjie Zhu","Shanghai Shenhua"
"Dianzuo Liu","Chengdu Rongcheng"
"Mohamed Ali Diadie","Stade de Reims"
"Niama Sissoko","Nancy"
"Gaoussou Diakité","FC Lausanne Sport"
"Shihao Wei","Chengdu Rongcheng"
"Zhang Linpeng","Shanghai Port"
"Gao Zhunyi","Shandong Taishan"
"Robin Thiland-Herard","Montpellier"
"Juan Quiceno","Boyacá Chicó"
"Kristian Lonebu","Aalesund"
"Peng Xinli","Qingdao West Coast"
"Yang Liyu","Beijing Guoan"
"Zhang Xiuwei","Qingdao West Coast"
"Cian Doyle","Grimsby Town"
"Liao Lisheng","Chengdu Rongcheng"
"Wen Jiabao","Dalian Yingbo"
"Diego Caito","Grêmio"
"Josué Alvino","ADT"
"Jacy","Coritiba Fbc"
"Alexander N'Doumbou","Zhejiang Professional"
"Abdoulaye Kanté","Brooklyn FC"
"Marcos Gómez","Boston River"
"He Chao","Henan Songshan Longmen"
"Xu Xin","Yunnan Yukun"
"Yan Dinghao","Liaoning Tieren"
"David Martins","Bahia"
"Francisco Romero","Palestino"
"Mateusz Szczepaniak","Legia Warszawa"
"Pascal Mozie","FC Annecy"
"Jakub Jendryka","Raków Częstochowa"
"Zhong Yihao","Henan Songshan Longmen"
"Samuel Kovacik","Legia Warszawa"
"Liu Yiming","Wuhan Three Towns"
"Liu Weiguo","Dalian Yingbo"
"Martin Rýzek","Slovan Liberec"
"Han Pengfei","Chengdu Rongcheng"
"Felipe Rodriguez","Miami FC"
"Logan Neidlinger","Indy Eleven"
"Daan Bisschops","Fortuna Sittard"
"Liu Jiashen","Qingdao Manatee"
"Agustín Buffa","Wanderers"
"Agustín Pinheiro","Progreso"
"Julind Selmonaj","FC Wil 1900"
"Edinson Cavani","Boca Juniors"
"Ming Tian","Wuhan Three Towns"
"Viktor Dadason","FC København"
"Salim Laghzaoui","Fredrikstad"
"Mamadou Thierno Barry","Union Saint-Gilloise"
"Thierry Fidjeu-Tazemeta","Kaiserslautern"
"Taycan Etcibasi","Hannover 96"
"Dong Chunyu","Zhejiang Professional"
"Neymar","Santos"
"Ethan Kabeya","Clermont Foot"
"Neo Eccleston","Grimsby Town"
"Kaick","FC Dallas"
"Bernardo Zortea","Grêmio"
"Jefinho","Grêmio"
"Nazareno Roselli","Defensa y Justicia"
"Wang Zhifeng","Yunnan Yukun"
"Ifeoluwa Ibrahim","Arsenal"
"Max Dowman","Arsenal"
"Andre Harriman-Annous","Arsenal"
"Wu Wei","Zhejiang Professional"
"Alfie Merritt","Newport County AFC"
"Liu Binbin","Wuhan Three Towns"
"He Yupeng","Beijing Guoan"
"Liangming Lin","Beijing Guoan"
"Makar Chirkov","Sochi"
"Dong Yanfeng","Chengdu Rongcheng"
"Joachim Nysveen","Fredrikstad"
"Thomas Powell","Vancouver FC"
"Zheng Zheng","Shandong Taishan"
"Han Rongze","Liaoning Tieren"
"Tong Lei","Zhejiang Professional"
"Federico Ismael Varese Valenzuela","Racing"
"David Morosini","CA Juventud"
"Maizon Rodríguez","Unión"
"Facundo Pérez","CA Juventud"
"Sebastián Vicente Tormo Módena","Deportivo Maldonado"
"Fernando Mimbacas","CA Juventud"
"Bruno Larregui","CA Juventud"
"Pablo Lago","CA Juventud"
"Yang Liu","Shandong Taishan"
"Song Long","Qingdao Manatee"
"Brayan Sandoval","Millonarios"
"Wang Tong","Shandong Taishan"
"Mauro Joaquín Martin Colmán","Progreso"
"Alexis Piegas","Cerro Largo"
"Liu Junshuai","Qingdao Manatee"
"Wu Xinghan","Tianjin Jinmen Tiger"
"Wang Jinxian","Wuhan Three Towns"
"J.Lourenço","Atlético San Luis"
"Sun Guowen","Zhejiang Professional"
"Jiahui Huang","Tianjin Jinmen Tiger"
"Wang Dalei","Shandong Taishan"
"Zhao Jianfei","Shenzhen Peng City FC"
"Yao Junsheng","Shenzhen Peng City FC"
"Vincent Kany","Red Star FC"
"Agustín Seyral","CA Sarmiento"
"Li Shuai","Shanghai Port"
"Jakes Gorosabel","Real Sociedad B"
"Juan Velázquez","Belgrano"
"Josue Reinatti","Newell's Old Boys"
"Timon Näpfer","Rapperswil-Jona"
"Jason León","Palestino"
"Chow Tim","Shenzhen Peng City FC"
"Tian Yinong","Liaoning Tieren"
"Tobias Moi","Viking"
"Huang Zichang","Yunnan Yukun"
"Zhong Jinbao","Wuhan Three Towns"
"Francisco Pumpido","Toluca"
"Diego Sánchez","Progreso"
"Luo Jing","Dalian Yingbo"
"Arnold Ruíz","Atlético Grau"
"Tianyi Gao","Shanghai Shenhua"
"Shangyuan Wang","Henan Songshan Longmen"
"Wu Xi","Shanghai Shenhua"
"Xie Pengfei","Shanghai Shenhua"
"Du Changjie","Henan Songshan Longmen"
"Grayson Doody","Orange County SC"
"Abduhamit Abdugheni","Beijing Guoan"
"Guoming Wang","Henan Songshan Longmen"
"Qi Yuxi","Tianjin Jinmen Tiger"
"Adeagan Goffi","Lille"
"Dimitri Lucea","Paris Saint-Germain"
"Enea Heiniger","SC Kriens"
"Alexander Røssing-Lelesiit","Hamburger SV"
"Emmanuel Gyamfi","Aberdeen"
"Alán Montes","Cruz Azul"
"Kevin Ramírez","Chapecoense"
"Soriba Diaoune","Lille"
"Javier Ibarra","Atlante"
"Mateo Aguiar","Defensa y Justicia"
"Bayron Caicedo","Inter Bogotá"
"Lautaro Gómez","Banfield"
"David Ramírez","León"
"Alan Torres","Mazatlán"
"Altin Ujkani","Start"
"Oscar Taty Maritu","Yunnan Yukun"
"Chen Pu","Shandong Taishan"
"Zhao Yuhao","Yunnan Yukun"
"Rodrigo Dudok Rivero","Racing"
"Liao Chengjian","Wuhan Three Towns"
"Kauan","Alverca"
"Zang Yifeng","Liaoning Tieren"
"Yuri Alves","Red Bull Bragantino"
"Pan Ximing","Liaoning Tieren"
"Judah Siqueira","New England Revolution"
"Ondrej Penxa","Sparta Praha"
"Luo Senwen","Qingdao Manatee"
"Jiří Míček","Baník Ostrava"
"Lukáš Moudrý","Sparta Praha"
"Wang Peng","Qingdao West Coast"
"Matěj Kvaček","FK Pardubice"
"Zhang Chengdong","Qingdao West Coast"
"Jannik Wanner","Livingston"
"Ding Haifeng","Qingdao West Coast"
"Jacob Hödl","Sturm Graz"
"Borja Vázquez","Cádiz"
"Emmanuel Uchenna","Sparta Praha"
"Jeferson Medina","Fortaleza CEIF"
"Dani Fernández","Tenerife"
"Hannes Vernemmen","Gent"
"Lautaro Millán","Independiente"
"Franco Minerva","CA Platense"
"Matteo Mantini","Grasshopper"
"Dominik Sarapata","Wisła Płock"
"Bartosz Mazurek","Jagiellonia Białystok"
"Tomás Olase Curutchet","Peñarol"
"Germán Barbas Díaz","Peñarol"
"Tobias Solheim Dahl","Rosenborg BK"
"Vasilije Kostov","FK Crvena Zvezda"
"Bao Yaxiong","Yunnan Yukun"
"Kenzo Noël","Nancy"
"Henrik Sælebakke Falchener","Viking"
"David Daiber","Bayern Munich"
"Jakub Pira","Baník Ostrava"
"Marcelo Palomino","Orange County SC"
"Gjan Ajdin","Lugano"
"F.Vázquez","Argentinos Juniors"
"Diego Porcel","Argentinos Juniors"
"Yanik Spalt","VfB Stuttgart"
"Ibrahim Kanté","Stade Brestois"
"Julian Hermann","SC Kriens"
"Lautaro Ibáñez","Deportivo Maldonado"
"Frank Acheampong","Dalian Yingbo"
"Zhao Honglüe","Qingdao West Coast"
"Fu Huan","Shanghai Port"
"Bernardo Rhein","Orlando City"
"Vinicius Lira","Santos"
"Junling Yan","Shanghai Port"
"Gustavinho","Santos"
"Mateus Xavier","Santos"
"Gabriel Bontempo","Santos"
"Liu Ruofan","Shanghai Port"
"Mateo Zuleta","Once Caldas"
"Wang Shenchao","Shanghai Port"
"Lin Chuangyi","Qingdao Manatee"
"Josué Torres","Juan Pablo II College"
"Xie Weijun","Tianjin Jinmen Tiger"
"Shi Ke","Yunnan Yukun"
"Zheng Kaimu","Wuhan Three Towns"
"Aarón Martin","Mirandés"
"Mirahmetjan Muzepper","Chengdu Rongcheng"
"Wei Zhen","Shanghai Port"
"Pavel Svatek","Teplice"
"Guo Hao","Tianjin Jinmen Tiger"
"Do-Yong Yoon","Excelsior"
"Brandon Márquez","CA Sarmiento"
"Chen Binbin","Liaoning Tieren"
"Wang Zhenghao","Tianjin Jinmen Tiger"
"Eric Pérez","Eibar"
"Nikolas Brandis","FC Groningen"
"Alan Forneris","Racing Club"
"Yang Shiyuan","Shanghai Port"
"He Guan","Wuhan Three Towns"
"Zhang Wei","Qingdao Manatee"
"Igor Nikić","Mirandés"
"Che Shiwei","Qingdao Manatee"
"Yu Rui","Shenzhen Peng City FC"
"Román Gutiérrez","Albion"
"J.Dupont Vaz","Central Español"
"Nicolás Montiel","Everton"
"Renan Peixoto","Athletico Paranaense"
"Jiang Zhipeng","Shenzhen Peng City FC"
"Li Yuanyi","Shandong Taishan"
"Rayan Elloumi","Vancouver Whitecaps"
"Mahamat Thiam","Yverdon Sport FC"
"Li Tixiang","Liaoning Tieren"
"Yi Teng","Yunnan Yukun"
"Zhang Yuan","Shanghai Port"
"Ye Chugui","Yunnan Yukun"
"Kevin Emanuel Ruiz García","Xelaju"
"Elmer William Amado Cardoza Herrera","Xelaju"
"Zheng Dalun","Henan Songshan Longmen"
"Jop Tijink","Heracles Almelo"
"Tristan Schenkhuizen","Fortuna Sittard"
"Chen Zhechao","Wuhan Three Towns"
"Zhengyu Huang","Shandong Taishan"
"Cheuk Pan Ngan","Qingdao Manatee"
"Eduardo Fernández","Boston River"
"Bryan Colula","Mazatlán"
"Joaquín Andrés Soto Valdivia","Unión La Calera"
"Roberto Luis Ydrach","Pittsburgh Riverhounds"
"Armando Escobar","Atlante"
"Belmar Joseph","Monterey Bay"
"Isaiah LeFlore","Tampa Bay Rowdies"
"Mawlanyaz Dilmurat","Liaoning Tieren"
"Wang Gang","Beijing Guoan"
"Zhang Xizhe","Beijing Guoan"
"Li Lei","Beijing Guoan"
"Yuan Mincheng","Liaoning Tieren"
"Feng Jin","Dalian Yingbo"
"Yang Fan","Tianjin Jinmen Tiger"
"Gonzalo Agustín Trindade","Central Córdoba SdE"
"John Hou Sæter","Yunnan Yukun"
"Chi Zhongguo","Beijing Guoan"
"Yang Shuai","Shanghai Shenhua"
"Shaquan Davis","Mount Pleasant"
"Kaheim Dixon","Crawley Town"
"Devonte Campbell","Mount Pleasant"
"Ángel Yoan Melo Jiménez","Universidad O&M"
"Santiago Beltrán","River Plate"
"Ramiro Hernandes","Belgrano"
"Yin Congyao","Henan Songshan Longmen"
"Jeremías Ramón Gallard","Talleres de Córdoba"
"Lü Peng","Dalian Yingbo"
"Pengxiang Jin","Chongqing Tonglianglong"
"Hou Sen","Beijing Guoan"
"Dun Ba","Tianjin Jinmen Tiger"
"Ryan Troutman","Louisville City"
"Nahuel Da Silva","Torque"
"Gui Negão","Corinthians"
"Wang Ziming","Chengdu Rongcheng"
"Wallace dos Santos","Grêmio"
"Arthur Dias","Athletico Paranaense"
"Diogo Riquelme","Athletico Paranaense"
"Lucca Prior","Fortaleza"
"Iván Moreno","León"
"Guillermo Borthagaray","Wanderers"
"Liam Smith","St Johnstone"
"Gilles De Meyer","Gent"
"Cedric Van Meirvenne","Mechelen"
"Logan Chalmers","St Johnstone"
"Lukáš Saal","Zbrojovka Brno"
"Kyllian Antonio","Lens"
"Mohammed El Âdfaoui","Gent"
"Nidal Čelik","Lens"
"Yoan Epitaux","Neuchâtel Xamax"
"Ikker Julian","Alverca"
"Jared Timmer","Sacramento Republic"
"Georgios Michail","Pafos"
"Otávio Costa","Cruzeiro"
"David  Cornell","Preston North End"
"Murilo Rhikman","Cruzeiro"
"Rhuan Gabriel","Cruzeiro"
"Kenji","Cruzeiro"
"Caio Suassuna","Bahia"
"Teden Mengi","Luton Town"
"Song Wenjie","Qingdao Manatee"
"Tummise Sobowale","St Mirren"
"Yang Kuo","Henan Songshan Longmen"
"Darren Yapi","Colorado Rapids"
"Mathias Svenningsen-Grønn","Sarpsborg 08"
"Gao Jiarun","Liaoning Tieren"
"Song Yue","Dalian Yingbo"
"Cédric Gasser","Vaduz"
"Eduardo Navarro","Puebla"
"Eder López","Juárez"
"Franco Rossano","Necaxa"
"Kenny Nielsen","LAFC"
"Finn Sundstrom","Philadelphia Union"
"Eric Izoita","Portland Timbers"
"Niklas Fuglestad","Viking"
"Ángel Rico","Pumas UNAM"
"Luis Valadez","León"
"Bruno Lopes","Vasco da Gama"
"Germán Díaz","Club Alianza Atlético Sullana"
"Shane Donovan","Sporting Kansas City"
"Nemanja Anđelković","Qingdao Manatee"
"H.Carroso Pais","Progreso"
"Lucas Ribeiro","CyD Leonesa"
"Liu Xinyu","Qingdao Manatee"
"Guy Carel Mbenza Mbenza Kamboleke","Liaoning Tieren"
"R.Mikulec","Wisła Kraków"
"Diego González Hernández","CS Cartaginés"
"Ricardo Marín","Puebla"
"Stephen Kelly","Orange County SC"
"Sebastián Hernández","Querétaro"
"Hugo Leonardo","São Paulo"
"Maik","São Paulo"
"Jesús Ocejo","Santos Laguna"
"Ángel Zapata","Querétaro"
"Jakob Segadal Hansen","Viking"
"Darragh Burns","Grimsby Town"
"Yang Yiming","Shenzhen Peng City FC"
"José Alí","Cusco"
"Deng Hanwen","Yunnan Yukun"
"Maksim Voronov","CSKA Moscow"
"Magomedkhabib Abdusalamov","Rodina Moskva"
"Martín García","Aldosivi"
"Samir Villacorta","Deportivo Garcilaso"
"Luis Mina","América de Cali"
"S.Daniele","Banfield"
"Bernardo Cuesta","Melgar"
"Giulliano Cairo","Excelsior"
"Stijn Middendorp","Excelsior"
"Everardo Rose","Universidad Católica"
"GB","Vasco da Gama"
"Santiago Dalmasso","CA Platense"
"Lawan","EC Vitória"
"Samuel Aspajo","FC Cajamarca"
"Diego Blanco","Cerro Porteño"
"Federico Pintado Núñez","Central Español"
"Jeremias Merlo","Gimnasia La Plata"
"Caleb Yirenkyi","Coventry City"
"Arthur Gabriel","Palmeiras"
"Gilberto Junior","Athletico Paranaense"
"Thalys","Almería"
"Milosz Kalahur","Lechia Gdańsk"
"Mateo Silvetti","Inter Miami"
"Cristian Barros","Cerro"
"Ignacio Neira","Albion"
"Jamison Ping","Phoenix Rising"
"Brian Atangana","Étoile Carouge FC"
"Zan Besir","Dundee"
"Natanael Guzmán","Aldosivi"
"Grzegorz Rogala","Katowice"
"Adrian Blad","Katowice"
"Alan Brod","Katowice"
"Ahmed Sidibé","Venezia"
"Rok Storman","Karviná"
"Matej Malensek","FK Jablonec"
"Ilya Zhbanov","Rostov"
"Fernando Pacheco","Sporting Cristal"
"Wojciech Kamiński","Korona Kielce"
"Jakub Lis","Pogoń Szczecin"
"Jefry Zapata","Once Caldas"
"L.Gausdal","Start"
"Rildo","Santa Clara"
"Denny Samko","Karviná"
"Luca Gelato","FC Stade Lausanne-Ouchy"
"Egor Guziev","Spartak Moscow"
"Ivan Brkić","Motor Lublin"
"Filip Wójcik","Motor Lublin"
"Daniel Kozma","Dukla Praha"
"Jan Peterka","Dukla Praha"
"Stepan Sebrle","Dukla Praha"
"Nelson Cabanillas","Melgar"
"Ivan Djantou","Aalesund"
"Nicolás Sumavil","CA Platense"
"Matija Orbanić","Erzurumspor"
"Uros Likar","Neuchâtel Xamax"
"Joaquín Pereyra","Estudiantes"
"Felipe Bussio","CA Platense"
"Maximiliano Porcel","Defensa y Justicia"
"Andreas Sejr Lausen","Gil Vicente"
"Saad Agouzoul","Sochaux"
"Matías Sepúlveda","Cobresal"
"Ignacio Vásquez","Universidad de Chile"
"Nino Milic","Karviná"
"Juan Montoya","Llaneros"
"Santiago Delvalle","Libertad"
"Ignacio Ramírez","Newell's Old Boys"
"Nahuel Acosta","Progreso"
"Bryan Ogaz","Universidad Concepción"
"Bartosz Biedrzycki","Cracovia Kraków"
"Dusan Pavlovic","FK Jablonec"
"Gonzalo Pérez","Lanús"
"Aleksandar Djermanovic","Wieczysta Krakow"
"Luka Vešner Tičić","Nizhny Novgorod"
"N.Vasilyev","Fk Rubin Kazan"
"Ignacio Gutiérrez","Universidad Católica"
"Michael Maturana","Unión La Calera"
"Lucas Lemos","Mushuc Runa"
"Jin Yonghao","Qingdao Manatee"
"Gastón Pérez","Boston River"
"Mijiti Maiwulang","Shandong Taishan"
"Facundo Kidd","Progreso"
"Leandro Suhr","Boston River"
"Agustín Miranda","Cerro"
"Zé Breno","EC Vitória"
"Ruan Pablo Barbosa Sousa","Bahia"
"Nicolás Dibble","Mushuc Runa"
"Lautaro Godoy","Atlético Tucumán"
"Pablo Lacoste","Albion"
"Allex","Internacional"
"Federico Andueza","Progreso"
"Paulo Ramírez","Atlas"
"Luis Otávio","Orlando City"
"Yves Bissouma","Tottenham Hotspur"
"James Bello","Viktoria Plzen"
"Shamil Gadzhiev","Dynamo Makhachkala"
"Brian Leonel Benítez ","Llaneros"
"Kruz Held","Charleston Battery"
"Rajmund Tóth","Konyaspor"
"Barnabás Nagy","Ferencvaros"
"Damien Da Silva","Macarthur FC"
"Mauro Brasil","Danubio"
"Sebastián Urrea","Deportivo Pereira"
"Hugo Ahl","FK Jablonec"
"Adrian Fiala","Slovácko"
"Hugo Magallanes","Everton"
"Washington Aguerre","Peñarol"
"Martín Ferreira","Racing"
"Guillermo May","Auckland FC"
"Adrián Sánchez","Belgrano"
"Borys Barone","Cerro Largo"
"Jhojan Escobar","Llaneros"
"Dejan Djokic","Vaduz"
"Mathieu Maertens","OH Leuven"
"Kamal Sowah","NAC Breda"
"Toon Raemaekers","Ferencvaros"
"Thomas Henry","Standard Liège"
"Luis Jiménez","Necaxa"
"Axel Méndez","Cerro"
"Keelan Adams","Falkirk"
"Meiko Wäschenbach","Karlsruher SC"
"Julian Pauli","Dynamo Dresden"
"Robert Geller","Karlsruher SC"
"Abdelelah Faisal","Central Coast Mariners"
"Adam Bugarija","Perth Glory"
"Jaylan Pearman","Swindon Town"
"Lawrence Wong","Melbourne City"
"Arthur Theate","Eintracht Frankfurt"
"Frederik Schmahl","SV 07 Elversberg"
"Mücahit Ibrahimoglu","Konyaspor"
"Kennet Eichhorn","Hertha Berlin"
"Santiago Londoño González","Everton"
"Mohamed Konaté","FK Akhmat Grozny"
"Danny Schmidt","Fortuna Düsseldorf"
"Nair Tiknizyan","FK Crvena Zvezda"
"Luka Lučić","Zagłębie Lubin"
"Arkadiusz Najemski","Motor Lublin"
"Kristijan Trapanovski","Dundee United"
"Nestor David Caicedo Mina","Leones del Norte"
"Elian Caicedo","Mushuc Runa"
"Alex Zova","Aucas"
"Robiño Quiñónez","Aucas"
"Mauricio Olaya","Aucas"
"Jordi Paulina","Fortuna Düsseldorf"
"Jan Dapo","Dynamo Makhachkala"
"Jheremy Gonzaga","Emelec"
"Jeremy Mejía","Deportivo Cuenca"
"Morrison Agyemang","Charlotte"
"Tim Campulka","Energie Cottbus"
"Mohamed Ishuayed","Stade Nyonnais"
"Leonardo Vargas","Tijuana"
"Jean Unjanque","Querétaro"
"Julián Kadijevic","Gimnasia La Plata"
"Maximiliano Antonio Garcia Soley","San Lorenzo"
"Kirill Zaika","Sochi"
"Naphthalene Frank Appiah","Zlín"
"Enrique Aguilar","Salzburg"
"Adam Tahaui","NEC"
"Adil Lechkar","Telstar"
"André","Corinthians"
"Pedro Guimaraes","Orange County SC"
"Paul Friedrich Pöpperl","Schalke 04"
"Milan Hokke","ADO Den Haag"
"Per van Loon","Willem II"
"Max Grüger","Schalke 04"
"Jack Holmes","Rotherham United"
"Nicholas Akoto","Burton Albion"
"Agustín Medina","Lanús"
"David Strelec","Middlesbrough"
"Furkan Orak","Rizespor"
"Jonathan Mutombo","Gil Vicente"
"João Pedro Augusto Mourão Costa","Santa Clara"
"Luciano Fernández","Central Español"
"Zan Medved","Slovácko"
"Tiago Codinha","FC Volendam"
"Ryley Reynolds","Grimsby Town"
"Muhamed Buljubasic","Rizespor"
"Vando Félix","Vitória Guimarães"
"Onur Öztonga","Kocaelispor"
"Jerolldino Bergraaf","Excelsior"
"Benjamin Keita","FC Wil 1900"
"Ilano Silva Timas","Excelsior"
"Kai Whitmore","Newport County AFC"
"Andrés Salazar","Rionegro"
"Benjamín Andres Mellado Aedo","Huachipato"
"Gonzalo Alassia","San Lorenzo de Almagro"
"Afonso Rodrigues e Silva","Wisła Płock"
"Márcio Gabriel Ferreira Pereira","Casa Pia AC"
"Christ Tapé","Toulouse"
"Luis Eduardo Zúñiga Ruiz","Deportivo Táchira"
"D.Guagua Silva","Independiente del Valle"
"Andrés Vombergar","Aldosivi"
"Beck-Ray Enoru","Notts County"
"Thomas Damián Amilivia","Leones del Norte"
"Diogo Martins","Alverca"
"Adrián Pica","Mirandés"
"Severin Guendouz","Hearts"
"Esteban Mouton","Stade Lavallois"
"Aboubacar Bassinga","AD Ceuta FC"
"Nikolay Giorgobiani","Fakel"
"Beni Yvan Roy Loussakou Souza","Estrela Amadora"
"Marius Tresor Doh","Fatih Karagümrük"
"Ahmet Sivri","Fatih Karagümrük"
"Jawer Guisamano","Libertad"
"Robin Verhaeghe","Pau"
"Adonis Ajeti","Rapperswil-Jona"
"Rafael Lobato","Rio Ave"
"Gabriel Justino","Botafogo"
"Samuel Beltrán","Club Sportivo Luqueño"
"Mateo Monserrat","Cerro Largo"
"Georgios Katris","Panathinaikos"
"Khoren Bayramyan","Rostov"
"Iker Martínez","Sporting Gijón"
"Víctor Fernández","Real Valladolid"
"Tyrese Noubissie","Strasbourg"
"Francesco Mezzoni","Virtus Entella"
"Matía Barzic","CyD Leonesa"
"Dennis Hadzikadunic","Sampdoria"
"Arley Kay","Barnsley"
"Miraç Acer","Amed SK"
"Aleksa Puric","Atlético Madrid"
"Joel Canchimbo","Junior"
"Daan van Reeuwijk","NAC Breda"
"Nzubechi Sixtus Ogbuehi","Kortrijk"
"Basile Vroninks","RSC Anderlecht"
"Marcus Wyllie","Gillingham"
"Gonzalo Zelarayán","Belgrano"
"Nicola Pietrangeli","Südtirol"
"Federico Davi","Südtirol"
"Franz Tangala","Zulte Waregem"
"Ibrahima Papa Wade","Cesena"
"Ismail Diallo","Toulouse"
"Dia Sabi'A","Amed SK"
"Guede Nathan Zohoré","US Boulogne"
"Corentin Fatou","US Boulogne"
"Zhang Yan","Liaoning Tieren"
"Jeovanni Dianganga","Guingamp"
"Felipe Ortiz","Deportivo Maldonado"
"Tommaso Maggioni","Mantova"
"Cristiano Bani","Mantova"
"Giacomo Fedel","Mantova"
"Francesco Galuppini","Mantova"
"Christian Marques","Tondela"
"Simen Vidtun Nilsen","Brann"
"Marco Imperiale","Carrarese Calcio 1908"
"Warren Kamanzi","Toulouse"
"Francisco Méndez","Necaxa"
"Renzo Saravia","Valencia"
"Israel Isaac Ayuma","Marítimo"
"Gabriel","Sporting Cristal"
"Matteo Baldi","Juve Stabia"
"Ollie Dewsbury","Bristol Rovers"
"George Brown","Sheffield Wednesday"
"Italo Vargas","Chapecoense"
"Xavier Vázquez","Defensor Sporting"
"Peglow","DC United"
"Pietro Pinelli","Carrarese Calcio 1908"
"Natanael","Atlético Mineiro"
"Jussa","Chengdu Rongcheng"
"Markus Wæhler","Lillestrøm"
"Josué Tiendrébéogo","FC Annecy"
"Andu Kelati","Holstein Kiel"
"Florian Micheler","Arminia Bielefeld"
"Harvey Pates","Blackburn Rovers"
"Luca Romano","SC Kriens"
"Elias Normand Gärtig","Las Vegas Lights"
"Bruno Tubarão","Chapecoense"
"Marcos Leonardo","Ajax"
"Adrián Spörle","Belgrano"
"Frankie Brown","Oldham Athletic"
"Kian McMahon-Brown","Shrewsbury Town"
"Martin Ambler","Dukla Praha"
"Cléber","Yunnan Yukun"
"Charles","Corinthians"
"Alexander Hidalgo","ADT"
"Jean-Baptiste Bosey","Strasbourg"
"Loan Guignard","Yverdon Sport FC"
"Jhon Martínez","Fortaleza CEIF"
"Lisandro Piñero","Banfield"
"Henry Brown","Grimsby Town"
"Issouf Diarra","Bellinzona"
"Tidiane Diarrassouba","Stade de Reims"
"Franco Torgnascioli","Torque"
"Nicolò Radaelli","Mantova"
"Jean Ives Valou","Getafe"
"Iker Córdoba","Mirandés"
"Keimer Sandoval","Deportivo Cali"
"Ismael Barea","Mirandés"
"Adam Griger","Hradec Králové"
"Guillermo Macho","CD Eldense"
"K’Marni Miller","Wigan Athletic"
"Felipe Lima","Alverca"
"Mario Sandoval","Audax Italiano"
"Nico Guillén","Sevilla"
"Dominik Pelivan","Energie Cottbus"
"Furkan Gedik","Kocaelispor"
"Sebastian Alvarado","Sport Boys"
"Brando Bailey-Joseph","Arsenal"
"Joe Gauci","Port Vale"
"Óscar Marcos","Celta de Vigo B"
"Tommaso Casalino","Sampdoria"
"Kristian Vallo","Karviná"
"Luther Rueda","Deportivo Pasto"
"Benjamin Alejandro Ramirez Castillo","Cobresal"
"Héliohdino Tavares","Nancy"
"Lucas Svenningsen","Lillestrøm"
"David Duris","Rosenborg BK"
"Matus Rusnak","Baník Ostrava"
"Saliou Diop","Stade Brestois"
"Dawid Kurminowski","Lechia Gdańsk"
"Lubomir Belko","Viking"
"Wang Shilong","Shanghai Shenhua"
"Yuri Dyupin","Sochi"
"Cruz Ibeh","Middlesbrough"
"Patryk Sykut","Peterborough United"
"Nathan Kasia Nkondo","Saint-Étienne"
"Martin Terrier","Bayer Leverkusen"
"Clément Betoubam","Stade Nyonnais"
"Yvan Zaddy","Auxerre"
"Kirill Stepanov","Baltika"
"Andrey Egorychev","Rodina Moskva"
"Mathys Silistrie","Rennes"
"Noah Maboulou","Nürnberg"
"Jhon Navia","Junior"
"Roman Evgenjev","Krylya Sovetov"
"Vladislav Karapuzov","Nizhny Novgorod"
"Vyacheslav Grulev","Nizhny Novgorod"
"Jakub Kadák","Dukla Praha"
"Osman Bukari","Widzew Łódź"
"Matías Klimowicz","Deportivo Cuenca"
"Cafú","Kasımpaşa"
"Ivan Krajčírik","Slovan Liberec"
"Matus Kmet","Górnik Zabrze"
"Brandon Dayes","Louisville City"
"Alessio Hasler","Vaduz"
"Wang Qiuming","Tianjin Jinmen Tiger"
"German Barkovskiy","Piast Gliwice"
"Nemanja Stojić","Sochi"
"Fred Ondoa Onambele","Troyes"
"Arthylio Nade","Troyes"
"Ifet Đakovac","Akron"
"Zanga Koné","US Boulogne"
"Sohan Paillard","US Boulogne"
"Keno","Coritiba Fbc"
"Pantaleo Cretì","Grasshopper"
"Pietro Arnaboldi","Modena"
"Eric Ramirez","Bohemians 1905"
"Axel Michele Pandiani Quaglia","Cerro Largo"
"Eliot Bujupi","Westerlo"
"Kevon Gray","Leicester City"
"Hugo Barbier","Nancy"
"Angel Aguayo","Club 2 de Mayo"
"Jug Stanojev","Kairat"
"Haoyu Yang","Shanghai Shenhua"
"Chengyu Liu","Shanghai Shenhua"
"Jay Smith-Sway","Huddersfield Town"
"Seymour Reid","New York City FC"
"Shuangjie Fan","Beijing Guoan"
"Johnson Nsumoh","Deportivo Riestra"
"Luka Smyth","Notts County"
"Luis Escorcia","Independiente Medellín"
"Matías Raúl Riveros Zárate","Club Sportivo Luqueño"
"Andrei Chirilă","Cincinnati"
"Abdou-Salam Konate","Parma Calcio 1913"
"Dominik Drobnic","Parma Calcio 1913"
"Vitão","Atlético Mineiro"
"Jizheng Xiong","Wuhan Three Towns"
"Felipe Faúndez","O'Higgins"
"Tyris Dong","Dijon"
"H.Mimoune","Dijon"
"Alcides Ariel Ávalos Samudio","Sportivo Ameliano"
"Adrian Chovan","Bruk-Bet Termalica Nieciecza"
"Santino Andino","Panathinaikos"
"Mathieu Michel","Montpellier"
"Alassane Diatta","Villarreal"
"Haine Eames","Central Coast Mariners"
"Arthur De Lima","Central Coast Mariners"
"Yuri Koledin","Nizhny Novgorod"
"Marc Aznar","Huesca"
"David Hrncar","Dender"
"Wilfried Kanga","Gent"
"Oleg Ivanov","Fk Rubin Kazan"
"Ruddy Mina","LDU Quito"
"Seydina Diop","Molde"
"Alexander Gurendal","Start"
"Joselu Pérez","Getafe"
"Lucas Núñez","Eibar"
"Valeriy Gromyko","Kairat"
"Abdoulaye Bamba","Angers"
"Marcos Parriego","Real Valladolid"
"Florian Hellstern","Greuther Fürth"
"Felix Hagmann","Arminia Bielefeld"
"Y.Tenorio","Barcelona"
"Anton Shvets","Fk Rubin Kazan"
"Andrés Ponce","Atlético Bucaramanga"
"Vladimir Iljin","Sochi"
"Noah Phillips","Leyton Orient"
"Yuriy Kovalev","Baltika"
"Cezary Polak","Jagiellonia Białystok"
"Daniel Danihel","Teplice"
"Youssoupha Sanyang","Slavia Praha"
"Makel Rasheed","Indy Eleven"
"Jannis Zaydan","Energie Cottbus"
"Andy Batioja","Fortaleza CEIF"
"Jakub Burek","Wisła Płock"
"Jean Mambuku","Stade de Reims"
"Salvador Blopa","Sporting CP"
"Adeshina Ibrahim Ayodele","Mechelen"
"Santiago Segovia","Rosario Central"
"Strahinja Stojkovic","Saint-Étienne"
"Otávio","Fluminense"
"Ferdinand Pohl","FC Utrecht"
"Montrell Culbreath","Bayer Leverkusen"
"Hasip Korkmazyürek","Fortuna Sittard"
"Ilai Grootfaam","Feyenoord"
"Olzhas Baybek","Kairat"
"Ramazan Bagdat","Kairat"
"Azamat Tuyakbaev","Kairat"
"Mansur Birkurmanov","Kairat"
"Ángelo Araos","Puebla"
"Sebastián Ramírez","Fortaleza CEIF"
"Marwane Hajij","FC Wil 1900"
"Savinho","Manchester City"
"Wesley","Internacional"
"Tian Nai Koren","Club Brugge"
"Soualiho Meïté","PAOK Thessaloniki"
"Mauricio Cardillo","San Lorenzo de Almagro"
"Junior Eccleston","Chesterfield"
"Kieran Wilson","Exeter City"
"Bi Jinhao","Dalian Yingbo"
"Andrej Bacanin","Basel"
"Cristián Morales","O'Higgins"
"Islem Chouik","Bellinzona"
"Martin Braithwaite","Grêmio"
"Ege Bilim","Kocaelispor"
"Andrew Fasanya","Aberdeen"
"Igor Leshchuk","Dinamo Moscow"
"Luke Douglas","St Mirren"
"Federico Barrandeguy","CA Juventud"
"Mariano Aguilera","Central Español"
"Rafael Navarro","Colorado Rapids"
"Matheus Nascimento","LA Galaxy"
"Alexander Lecaros","Deportivo Moquegua"
"Rubén Bentancourt","Liverpool"
"Gonzalo Falcón","Cienciano"
"Edenilson","EC Vitória"
"Jérémy Hatchi","Guingamp"
"Adam Žulevič","Genoa"
"Pedro Silva Torrejón","Gimnasia La Plata"
"David Juan José Juárez","Aldosivi"
"Wiston Fernández","Alianza Valledupar"
"José Alberti","Wanderers"
"Santiago Arias","Cienciano"
"Joseph Liteta","Cagliari"
"Diego Hernández","Clube do Remo"
"Matías Ocampo","Cerro"
"Renzo Rabino","CA Juventud"
"Gan Chao","Chengdu Rongcheng"
"Kobi Henry","Real Salt Lake"
"E.Callupe","Sport Huancayo"
"Carlos Sarabia","Millonarios"
"Ronald","EC Vitória"
"I.Daf","Amiens"
"Alexis Jonathan González","CA Sarmiento"
"Ignacio Nicolás Campo","Huracán"
"Íker García","Granada"
"Orlando Gill","San Lorenzo de Almagro"
"Geiner Martínez","Philadelphia Union"
"David Kamara","Peterborough United"
"Gaspar Duarte","Rosario Central"
"Sergio Andrés Aponzá Cantoñil","Alianza Valledupar"
"M.Rojas","Sportivo Ameliano"
"Rafiq Lamptey","Chesterfield"
"Jeremiah Mensah","Bayer Leverkusen"
"J.Conde","Strasbourg"
"Mathis Lainé","Stade Brestois"
"Vadim Pigas","Nizhny Novgorod"
"Fabri","EC Vitória"
"Pablo Marcelo Suárez Márquez","Wanderers"
"M.Corredor","Rodez"
"Jairo Sebastián Amaro Mello","Cerro"
"Alesson","Mirassol Futebol Clube"
"Uiliam Fogaça","Mirassol Futebol Clube"
"Aleksey Gritsaenko","Fk Rubin Kazan"
"Promise Omochere","Bristol Rovers"
"Ahmet Doğan Yıldırım","Trabzonspor"
"Joél Drakes-Thomas","Crystal Palace"
"Mark Barber","Cheltenham Town"
"Harry Tustin","Cheltenham Town"
"Lucas Oliveira","Mirassol Futebol Clube"
"A.Scally","Rangers"
"A. Sow","Basel"
"Efraín Morales","CF Montreal"
"Chris Mochrie","St Mirren"
"Ross Graham","Dundee United"
"Ruben Salchli","SC Kriens"
"Noë Tschanz","BSC Young Boys"
"Fabricio López","San Lorenzo de Almagro"
"Jeppe Wijnreder","Heracles Almelo"
"Sherkhan Kalmurza","Kairat"
"Bernard Sarppong Somuah","Celta de Vigo B"
"Santiago Esquivel","Banfield"
"Josué Chibozo","Amiens"
"Álvaro Carrillo","Huesca"
"Emanuele Lulli","AS Roma"
"Ross Sinclair","St Mirren"
"Elijah Wynder","LA Galaxy"
"Ibrahim Sabra","Göztepe"
"Brian Schwake","Nashville SC"
"Enzo Vágner Moraes de Souza","Coritiba Fbc"
"Zeca","Shandong Taishan"
"Bailey Sparks","FC Tulsa"
"Samuel Kuffour Jr.","Colchester United"
"Lucas Ramírez","Olimpia"
"Enzo Montet","Stade Lavallois"
"Alejandro Mitrano","Indy Eleven"
"Andrés Mena","Aucas"
"Byron Palacios","Universidad Católica"
"Bryan García","Deportivo Cuenca"
"Jean Galindo","Deportivo Cali"
"Franco Fragueda","Club Rubio Nu"
"Mateo Acosta","Wanderers"
"Nicolás Agustín Paz","Progreso"
"Teddy Sharman-Lowe","Bolton Wanderers"
"Hicham Mahou","Lugano"
"Bakary Diawara","Sochaux"
"Kauan Toledo","Botafogo"
"Álex Serra","CD Eldense"
"Jean-Luc Dompé","Hamburger SV"
"Benjamín Núñez Barolin","Nacional"
"Will Dobson","Newcastle Jets"
"Ben Gibson","Newcastle Jets"
"Kavian Rahmani","Melbourne City"
"Santos","Melbourne Victory"
"Oskar Wojcik","Cracovia Kraków"
"Ablie Jallow","Servette"
"Lucas Nunez","Deportivo Maldonado"
"Tomás Fernández","Aldosivi"
"David Toshevski","Dender"
"Salif Lebouath","Pau"
"Harrison Devenish-Meares","Sydney"
"Gustavo Mosquito","Mirassol Futebol Clube"
"Kevin Barcella","Frosinone"
"Enri Mukba","Fk Rubin Kazan"
"Roni","AVS"
"Corban Piper","Wellington Phoenix"
"Jayden Smith","Wellington Phoenix"
"Dylan Leonard","Schalke 04"
"Tze-Xuan Loke","Wellington Phoenix"
"Quentin Benaets","Sporting Charleroi"
"Benjamín Ignacio Valenzuela González","Cobresal"
"Nicolas Janvier","Alanyaspor"
"Dean Bosnjak","Macarthur FC"
"Ruben Londja","Stade Nyonnais"
"Lorenzo Moretti","Virtus Entella"
"Cristian Marai","Mantova"
"Benedict Benagr","Luton Town"
"Lewis Azaka","Sparta Praha"
"Riquelme Avellar","Vasco da Gama"
"Lukas Zuccarello","Vasco da Gama"
"L.Jaco","Santa Clara"
"JV Fonseca","Vasco da Gama"
"Daniel Valencia","América de Cali"
"August De Wannemacker","KRC Genk"
"José Angulo","Manta FC"
"Adonis Preciado","Tijuana"
"Lameck Banda","Lecce"
"Gonzalo Carneiro","Nacional"
"Garissone Innocent","Atlético Ottawa"
"Alexander Reumers","Lommel"
"Fernando Souza","Cerro Largo"
"I.Corralejo Mantero","Real Betis"
"José Antonio Morante","Real Betis"
"Nicolas Cozza","Nantes"
"Luka Zaric","FK Crvena Zvezda"
"Amadou Sagna","Guingamp"
"Mame Alassane Niang","HamKam"
"Yannick Bettkober","Grasshopper"
"Artem Bandikyan","CSKA Moscow"
"Linus Alperud","Lillestrøm"
"Arda Usluoğlu","Alanyaspor"
"Angelo Mina","Emelec"
"Ryan White","Adelaide United"
"Luciano Romero","Lanús"
"Dmitri Aleksandrov","Dinamo Moscow"
"Will Patrick Jardine Kennedy","Central Coast Mariners"
"Joss Didiba","Zlín"
"Willy Chatiliez","Huesca"
"Sandro Vidigal","Sporting Braga"
"Mathis Albert","Borussia Dortmund"
"Luca Weinhandl","Sturm Graz"
"Wisdom Mike","Bayern Munich"
"Luca Podlech","Aalesund"
"Charlie David Hall","Accrington Stanley"
"Adam Baallal","Saint-Étienne"
"Andrej Vasovic","Luzern"
"Sakhalou Niakaté","Grenoble Foot"
"Leon Tasov","Preußen Münster"
"Alejandro Tello","Racing Club"
"Dor Peretz","Maccabi Tel Aviv"
"Gonzalo Pastor","Famalicão"
"Tomás Inglés Navarro","Albacete"
"Oliver Randazzo","Macarthur FC"
"Gavin Kilkenny","Swindon Town"
"James Delianov","Newcastle Jets"
"Jhojan Julio","Querétaro"
"Jean Estacio","Macará"
"Leonel Nazareno","Leones del Norte"
"Hosine Bility","Brisbane Roar"
"Kristoffer Lund","FC Köln"
"Muhammadali O'rinboyev","Antwerp"
"Rio Hillen","NAC Breda"
"A. Moreno","Tigres UANL"
"Theo Upton","Blackpool"
"T. Bondo","Blackpool"
"Emmanuel Chigozie Owen","FC Utrecht"
"Nikola Cavlina","Wieczysta Krakow"
"Sol Brynn","Middlesbrough"
"Pierre Nadjombe","Magdeburg"
"D. Kasper","Vaduz"
"Alvin Vilhelm Valdemar Nordin","FC Groningen"
"Parfait Coulibaly","FC Wil 1900"
"Agustín Ladstatter","San Lorenzo de Almagro"
"Cristian Caicedo","Rionegro"
"Martín Rea","Atlético Bucaramanga"
"Shaan Hundal","Brooklyn FC"
"Tucker Lepley","Oakland Roots SC"
"Samu Fernández","RC Deportivo La Coruña"
"Bryan Rigobert Song Bahanag","Metz"
"Anis Soubeir","AS Monaco"
"Brian Madjo","Metz"
"Facundo Pimienta","Atlético Tucumán"
"Daniel Abraham Saavedra Yáñez","Deportivo Ñublense SADP"
"A. Alvarez","Celta de Vigo B"
"Ruben Butt","Salford City"
"Lamin Sillah","Gillingham"
"I. Ajasa","Rostov"
"J. Castillo","Mushuc Runa"
"Tijmen Holla","Excelsior"
"Nikita Medvedev","Nizhny Novgorod"
"Georgiy Zotov","Orenburg"
"Mathis Mout","Monza"
"Miguel Palacios","Deportivo Pereira"
"Maurice Osei Boakye","Marítimo"
"Jhon Quiñónes","Cúcuta Deportivo"
"Royer Caicedo","Cercle Brugge"
"Josh Smith","Accrington Stanley"
"Emir Sahiti","Hamburger SV"
"Milan Ristovski","Bohemians 1905"
"Yury Michel Oyarzo Barragán","Racing"
"César Ramos","Atlas"
"Alejandro Andrade","Necaxa"
"Brandon Zacarias Oviedo","Banfield"
"Jaime Ayoví","Emelec"
"Máximo Palazzo","Huracán"
"Genís Montolio","Thun"
"Li Hailong","Qingdao Manatee"
"Huang Ruifeng","Henan Songshan Longmen"
"Eli Dasa","NEC"
"Chen Chunxin","Chongqing Tonglianglong"
"Valentín Dávila","Talleres de Córdoba"
"Carlos Fabricio Favero Villasanti","Sportivo Ameliano"
"Wang Xianjun","Tianjin Jinmen Tiger"
"Mauro Alexis Coronel Gomez","Club Nacional"
"Jack Hazlehurst","Burton Albion"
"Cameron Harper","New York Red Bulls"
"Esteban Salles","Pau"
"Peter Remmert","Schalke 04"
"Jacob Brazete","Brisbane Roar"
"Marvin Dills","Eintracht Frankfurt"
"Tobias Heß","Nürnberg"
"Sergio Hernández","Atlas"
"Alidu Seidu","Rennes"
"Frans Deli","Macarthur FC"
"Ismaël Doukouré","Strasbourg"
"Iron Gomis","Troyes"
"Valentin Gendrey","Hoffenheim"
"Mickaël Biron","Nürnberg"
"Toni Tamarit","Mirandés"
"David Antunes","Chapecoense"
"Laciné Megnan-Pave","Montpellier"
"Patrick Schulte","Columbus Crew"
"Tom Moore","Accrington Stanley"
"Vladislavs Gutkovskis","Arka Gdynia"
"Jiawen Han","Shanghai Shenhua"
"Simon Elisor","Famalicão"
"Felipe José Castillo Mancheno","Técnico Universitario"
"Jérôme Prior","Livingston"
"Miguel Silva","Fortaleza CEIF"
"Manu","RKS Radomiak Radom"
"Tom Reyners","Lommel"
"Marli Salmon","Arsenal"
"Ryan Kavuma-McQueen","Portsmouth"
"Cajetan Lenz","Bochum"
"Tom Meyer","Bochum"
"Darnell Keumo","Bochum"
"Jay Mbalanda","Sint-Truiden"
"Harald Woxen","Lillestrøm"
"Riquelme","Fluminense"
"Eliot Matazo","Hull City"
"Alexander Xie","Qingdao West Coast"
"Michał Szromnik","Śląsk Wrocław"
"Dani Mas","AD Ceuta FC"
"Oumar Conté","Reggiana"
"Maxime Blé","Bastia"
"Taha Emre İnce","Trabzonspor"
"Boran Başkan","Trabzonspor"
"Onuralp Çakıroğlu","Trabzonspor"
"José Leonardo Rugel Morán","ADT"
"A.Hernández Valle","Hartford Athletic"
"A.Ghailan Benktib","Córdoba CF"
"Sebastian Campbell","Plymouth Argyle"
"Tiaguinho","Grêmio"
"Owen Devonport","Fleetwood Town"
"Rodri","CD Eldense"
"Ismael Fadel","CD Castellón"
"Erick Perleche","Club Alianza Atlético Sullana"
"Gabriel Wesseh","Fredrikstad"
"Piero Antón","Juan Pablo II College"
"Harry Webster","Gillingham"
"Danyal Zor","Karlsruher SC"
"Ismaël Boura","Troyes"
"Yohan Aymon","Stade Nyonnais"
"Maílton","São Paulo"
"Pedro Raul","Corinthians"
"Manuel Obón","Real Zaragoza"
"Ivan Kukushkin","Baltika"
"David Vujevic","FC Zürich"
"Malick Diop","Dunkerque"
"Lucas Ferreira","São Paulo"
"Nicolás Azambuja","Danubio"
"Jorge Cabezudo","Melgar"
"José Cárdenas","Delfin"
"Eddy Mejía","Universidad Católica"
"Facundo Waller","Huracán"
"Alek Álvarez","Toluca"
"Michał Rzuchowski","Arka Gdynia"
"Will Grainger","Sheffield Wednesday"
"Yisa Alao","Sheffield Wednesday"
"Hichem Abderrebi","Montpellier"
"Jakub Zielinski","Wolfsburg"
"Aymeric Faurand-Tournaire","Stade Lavallois"
"Marcin Flis","Wisła Płock"
"Paul Hennrich","FC Heidenheim"
"Luca Regiardo","Newell's Old Boys"
"Rafał Strączek","Katowice"
"Łukasz Zjawiński","Legia Warszawa"
"Emilio Giaccone","Unión"
"Iván Guaraz","Barracas Central"
"Ismaël Guerti","Metz"
"Killian Barrett","Barrow"
"Luis Ramos","Alianza Lima"
"Samuel Shashoua","Birmingham Legion"
"Maxime Hautbois","Stade Lavallois"
"Gaspar Gentile","Alianza Lima"
"Franco Zanelatto","Melgar"
"Josh Griffiths","West Bromwich Albion"
"William Freney","Perth Glory"
"Mamadou Fofana","Nancy"
"Rémy Vita","Tondela"
"Alexis Sauvage","Amiens"
"Rodrigo Muniz","Central Español"
"Titouan Caro","Le Mans"
"Jeff Reine-Adélaïde","Heracles Almelo"
"Hafiz Umar Ibrahim","Stade de Reims"
"Dimitri Foulquier","Valencia"
"Cédric Makutungu","FC Annecy"
"Dawid Abramowicz","Arka Gdynia"
"Filip Vasko","Slovácko"
"Josuee Herrera","Comerciantes Unidos"
"Sébastian Breza","CF Montreal"
"Giorgio Altare","Delfino Pescara 1936"
"Zeno Ibsen Rossi","Cambridge United"
"Marsoni Sambu","Dender"
"Tom Renaud","Hearts"
"Clemens Lippmann","Paderborn"
"Logan Costa","Villarreal"
"Michal Surzyn","FK Pardubice"
"Cadu","Ferencvaros"
"Christian Bracco","Newcastle Jets"
"Oswaldo Valenzuela","Cusco"
"Erick Gonzales","Sport Boys"
"Malik Pimpong","Eintracht Frankfurt"
"Vojtech Vorel","Mladá Boleslav"
"Josh Bauer","Nashville SC"
"Walter Portales","Atlante"
"Danny Faundez","Louisville City"
"Rajmund Mikus","Dukla Praha"
"Luis Castillo","Delfin"
"John Fleck","Chesterfield"
"Šimon Gabriel","Slovan Liberec"
"Hugo Jan Backovsky","Dukla Praha"
"Elias","Mirassol Futebol Clube"
"Luka Reischl","ADO Den Haag"
"Matheuzinho","Corinthians"
"Billy Sharp","Doncaster Rovers"
"Nikoloz Chikovani","Sporting Charleroi"
"Matías Córdova Espinel","Comerciantes Unidos"
"Bodin Tomasevic","Mantova"
"Sébastien Salles-Lamonge","Atlético San Luis"
"Maxime Sivis","Orenburg"
"John Lundstram","Hull City"
"Christophe Vincent","Bastia"
"Lucas Barnes ","Harrogate Town"
"Brad Potts","Preston North End"
"Mikail Demirhan","Preußen Münster"
"Z.Tairi","FC Aarau"
"Kauã Pascini","Atlético Mineiro"
"S.Cortés Cortés","Granada"
"L.Passavant","Thun"
"Enis Kamga","Kaiserslautern"
"Erik Müller","Kaiserslautern"
"David Schramm","Kaiserslautern"
"Yoann Cissé","Sporting Charleroi"
"Joël Abu Hanna","Osnabrück"
"Mehmet Avlayici","Greuther Fürth"
"Tobias Weigel","FC Heidenheim"
"Rouven Tarnutzer","Freiburg"
"Daniel Richter","Arminia Bielefeld"
"Eyyüb Yasar","Arminia Bielefeld"
"Ryan Tavares","Red Bull Bragantino"
"Adam Jackson","Lincoln City"
"Fynn Schenten","FC Köln"
"Alexander Staff","Eintracht Frankfurt"
"Cauã Soares","Atlético Mineiro"
"Zaid Tchibara","Schalke 04"
"O.Turay","Excelsior"
"Ayman Gulasi","Schalke 04"
"Bogdan Sarnavskyi","Lechia Gdańsk"
"Tim Schnitzer","Augsburg"
"Arseniy Batagov","Trabzonspor"
"Olutayo Singerr","Portsmouth"
"Diego García","América"
"Adam Davies","Sheffield United"
"Fabian Talladira","Adelaide United"
"Oswaldo Ureña","Toluca"
"Matteo Heremans","OH Leuven"
"T.Annoni","Virtus Entella"
"Joshua Palacios","Necaxa"
"Ismael Bekhoucha","Getafe"
"Matteo Darmian","Inter Milan"
"Joaquín Domingo Ponce","Albacete"
"Alberto Morientes Palencia","Albacete"
"Will Hughes","Crystal Palace"
"Séamus Coleman","Everton"
"John Meyer","Karlsruher SC"
"Nathaniel Clyne","Crystal Palace"
"Alvaro Padilla Escriba","Elche"
"Rob Holding","Colorado Rapids"
"Adam Kölle","FC Heidenheim"
"Jaime Alvarado","Once Caldas"
"German Onugkha","Kayserispor"
"Dion Hofmeister","Kaiserslautern"
"Ben Jungfleisch","Kaiserslautern"
"Till Wegener","Arminia Bielefeld"
"Johnny Góes","Flamengo"
"Nick Bätzner","Paderborn"
"Nathan Fondja","Guingamp"
"Kelvin Sánchez","Los Chankas"
"Daniel Prieto","Club Alianza Atlético Sullana"
"Kilian Sauck","Fortuna Düsseldorf"
"Callum Stewart","Shrewsbury Town"
"Salim Ben Seghir","Neuchâtel Xamax"
"Ángel Leyva","Mazatlán"
"Manolo Merx","Darmstadt 98"
"Gabriel Mec","Grêmio"
"Luis Eduardo","Grêmio"
"Juan Capeluto","Real España"
"Lars Lokotsch","Preußen Münster"
"Isaak Touré","Lorient"
"Christopher Mora","León"
"Tibet Durakçay","Göztepe"
"Tobias Lawal","KRC Genk"
"Gustavo Aliaga","Juan Pablo II College"
"Wessel van der Goot","Cambuur Leeuwarden"
"Noah Williams","Cardiff City"
"Rob Tankiewicz","Cardiff City"
"Emilio Saba","Sport Boys"
"Szymon Sobczak","Arka Gdynia"
"Roberto Berizzi","Empoli"
"Pedro Ferreira","São Paulo"
"Hugo Vargas Ríos","Dijon"
"Jonty Bidois","Auckland FC"
"Luka Đurić","Hoffenheim"
"Warren Caddy","FC Stade Lausanne-Ouchy"
"Bo De Kerf","Dender"
"Tomás Nasif","CA Platense"
"Leandro Esteche","San Lorenzo"
"Diego Melgarejo","Sportivo Trinidense"
"Juan Barbieri","Barracas Central"
"Matías Fernández","Independiente Rivadavia"
"Afonso Assis","Moreirense"
"Mateo Ramírez","Deportivo Riestra"
"Enzo Taborda","Barracas Central"
"Fabrizio Lora","Sporting Cristal"
"Julinho Astudillo","Cusco"
"A.Cabellos Vázquez","Sporting Cristal"
"A.Balbuena Otazú","Club Sportivo Luqueño"
"L.Kmet","Universidad Concepción"
"Octavio Alfonso","Club Rubio Nu"
"L.de Jesús Gómez Peralta","Club Rubio Nu"
"Gabriel Pinto","O'Higgins"
"Daniel Tetour","Slovácko"
"Gabriel Maureira","Colo Colo"
"Davi Gomes","Red Bull Bragantino"
"Juan Rattalino","San Lorenzo de Almagro"
"Hamza Abdelkarim","Barcelona"
"Tom Cursons","Harrogate Town"
"Ignacio Perruzzi Ambrosini","San Lorenzo de Almagro"
"Teo Rodríguez Pagano","San Lorenzo de Almagro"
"Reece Burke","Charlton Athletic"
"Fricio David Caicedo Jaramillo","Inter Miami"
" Miguel Ángel  Peralta Quiñónez","Independiente del Valle"
"Alex Sola","Estrela Amadora"
"Arone Gadou","Stade de Reims"
"Oleksiy Kashchuk","Qarabağ FK"
"Kaio Eduardo","Basel"
"Arlen Banguero","Boyacá Chicó"
"Joyskim Dawa","FC FCSB"
"Mateo Castillo","América de Cali"
"Jan Ángulo","Deportes Tolima"
"Joel Sebastián Romero","América de Cali"
"José Cavadia","América de Cali"
"Joao Abonia","Cúcuta Deportivo"
"Gnangoro Bouare","Rayo Vallecano"
"Blas Armoa","Gimnasia Mendoza"
"Claudio Figueredo","Deportivo Recoleta"
"Orlín Daniel Barreto González","Deportivo Recoleta"
"Diego Romero","Universitario"
"Camilo Rey Domenech","Boca Juniors"
"Cassiano Kiala","Bayern Munich"
"Connor Mahoney","Barrow"
"Elmedin Schaller Zahaj","Neuchâtel Xamax"
"Luis Espinola","Deportivo Recoleta"
"José Espínola","Deportivo Recoleta"
"Marcos Pereira","Deportivo Recoleta"
"Brahian Benítez","Deportivo Recoleta"
"Nelson Ferreira","Deportivo Recoleta"
"Marcelo Medina","Deportivo Recoleta"
"Fernando Galeano","Deportivo Recoleta"
"Manuel Schupp","Deportivo Recoleta"
"Noah König","Greuther Fürth"
"Mathieu Nguefack","Borussia Mönchengladbach"
"Can Güner","Galatasaray"
"Lasse Isbruch","Bochum"
"Martin Expérience","Nancy"
"Samuel Loric","Magdeburg"
"Leart Kabashi","Grasshopper"
"Elmedin Rama","FK Pardubice"
"Jakub Hodek","Hradec Králové"
"Dominik Mašek","FK Pardubice"
"David Látal","Baník Ostrava"
"Dennis Owusu","Baník Ostrava"
"Elián Giménez","CA Sarmiento"
"Ian Hoffmann","HamKam"
"Abbati Abdullahi","Górnik Zabrze"
"Braian Luka Andrade","Torque"
"Lucas Duré","Torque"
"José Tarán","Torque"
"Rodrigo Mederos","Cerro"
"Jearl Margaritha","Beveren"
"Pavel Núñez","Nacional"
"Michal Glogowski","Lechia Gdańsk"
"Diego Abreu","Tijuana"
"Franco Suárez Rodríguez","Racing"
"Lautaro Navarro","Defensor Sporting"
"Yousri Sbai","NEC"
"Santiago Albistur","Deportivo Maldonado"
"Gary Silva","Progreso"
"Líder David Cáceres Coronel","Club Nacional"
"Owen Johnson","Fortuna Sittard"
"Bamidele Yusuf","Ferencvaros"
"Cristian Vergara","Alianza Valledupar"
"Nicolás Facundo Ruotola Machado","CA Juventud"
"Mateo Izaguirre","CA Juventud"
"Inti Garrafa","Deportivo Garcilaso"
"Santiago Villarreal","Gimnasia La Plata"
"Gonzalo Nicolás de Mello Cartagena","Liverpool"
"Alexander Ezequiel Velázquez Ghigliazza","Danubio"
"Maxime Delanghe","Cercle Brugge"
"Carlos Vera","Deportivo Recoleta"
"Marko Zrilic","FC Heidenheim"
"Olly Thomas","Bristol City"
"E.Restrepo Castro","Llaneros"
"Hoce Massunda","Forge FC"
"Maxime Filion","Forge FC"
"Austin Ludwik","Brisbane Roar"
"Eymen Laghrissi","Karlsruher SC"
"Nikolas Agrafiotis","St Mirren"
"Amlani Tatu","Adelaide United"
"Harry Crawford","Adelaide United"
"Juan Bosca","Racing"
"Ben Hamer","Queens Park Rangers"
"Axel Marotta","Defensor Sporting"
"Emiliano Bellion","Cerro Largo"
"Diego Velasquez","Dukla Praha"
"Elías Romero Martinez","Las Palmas"
"Rafael Thyere","Chapecoense"
"Nico Cavallo","New York City FC"
"Pedro Gabriel","Grêmio"
"Tim Hottiger","Neuchâtel Xamax"
"Zebedee Lawson","Rangers"
"Raphael Intervil","Mount Pleasant"
"Johnson Jeudi","Mount Pleasant"
"Max Floriani","San Jose Earthquakes"
"Reid Roberts","San Jose Earthquakes"
"Ian Smith","Portland Timbers"
"Nick Fernandez","San Jose Earthquakes"
"Gage Guerra","Portland Timbers"
"Mateo Rivero","Boston River"
"Abdoulaye Serge Marc Dylan Yoro","Dundee United"
"Kayne Razmovski","Melbourne Victory"
"Cristian Uribe Caro","Atlético Nacional"
"Ismaël Sidibé","Neuchâtel Xamax"
"Mamoudou Cissokho","Auxerre"
"Henrique Oliveira","Macarthur FC"
"Enzo Somon","Amiens"
"Jürgen Locadia","Miami FC"
"Harrison Duncan","Rotherham United"
"M.Murray","New York City FC"
"Octavio Moscarelli","Manta FC"
"Felipe Chamorro","La Serena"
"Santiago Strasorier","Liverpool"
"Facundo Rodríguez","Boston River"
"Ignacio Ovando","Rosario Central"
"A.López Pérez","Bellinzona"
"R.Romaña Garavito","Llaneros"
"İlkan Sever","Erzurumspor"
"Azzedine Ounahi","Girona"
"Mikkel Hansen","Bodø"
"Mikkel Hansen","Glimt"
"Miguel Angel Amaya Peña","Inter Bogotá"
"Luciano Vallejo","Atlético Tucumán"
"Martín Garnerone","AA Estudiantes Río Cuarto"
"Gonzalo Flores","Coquimbo Unido"
"Matías Vega","Juan Pablo II College"
"Fabio Agurto","Juan Pablo II College"
"Josue Canova","Juan Pablo II College"
"Adriano Espinoza","Juan Pablo II College"
"Francisco Fraga","Racing Club"
"Dell","Bahia"
"Brem Soumaoro","Sporting JAX"
"Matheus Guimarães","Chapecoense"
"Don Bolsius","Ascoli Calcio"
"Claudio Garay","Deportivo Recoleta"
"Kayra Cihan","Kayserispor"
"Jhilmar Lora","Sporting Cristal"
"Sota Nakamura","Le Havre"
"Sil Blokhuis","Heracles Almelo"
"Yery Jostin Bravo Gurumendi","Libertad"
"Louis Buffon","Pisa"
"Shiloh Reinhard","Neuchâtel Xamax"
"Mawuli Mensah","Real Zaragoza"
"Fallou Faye","Slovan Liberec"
"Gonzalo Tapia","Palestino"
"Lionel Altamirano","Huachipato"
"Juan Ignacio Figueroa","Huachipato"
"Lucas Velásquez","Huachipato"
"Kayden Pierre","KRC Genk"
"Rodrigo Tapia","O'Higgins"
"Alaat Abdul-Rahman","Western Sydney Wanderers"
"Alejo Osella","Independiente Rivadavia"
"L.Molina Canto","Deportivo Ñublense SADP"
"Eric Reasco","Universidad Católica"
"Matías Ignacio Bórquez Lizana","Deportes Limache"
"Misael Benjamín Llantén Letelier","Deportes Limache"
"M.Guzmán Carreño","Everton"
"Thiago Pitarch","Real Madrid"
"Eryin Alexi Sanhueza Mora","La Serena"
"Sebastián Andrés Díaz Aracena","La Serena"
"Fabricio Díaz","La Serena"
"Fernando Dinamarca","La Serena"
"Matías D'Alessandro Pinto Álvarez","La Serena"
"Francisco Javier Marchant Madrid","Colo Colo"
"Estalin Tiberio Segura Cortés","Emelec"
"Jose Gabriel Caicedo Mina","Aucas"
"Christopher Felipe Díaz Peña","Unión La Calera"
"Javier Ignacio Saldías Cea","Unión La Calera"
"Ignacio Sebastián Mesías González","Deportes Concepcion"
"John Kleber","Danubio"
"Dagner Mina","Manta FC"
"Brian Ramirez","Manta FC"
"Anderson Paul Castillo Pérez","Manta FC"
"Philipp Köhn","AS Monaco"
"Wang Haijian","Shanghai Shenhua"
"Carlos Caicedo","Macará"
"Sam Bassett","Pittsburgh Riverhounds"
"Alex Harris","Colorado Rapids"
"Jonathan Vidal Ramos Benitez","Club Sportivo Luqueño"
"Juan Ghia","Stade Nyonnais"
"Esteban Lozano","Puebla"
"Dani Bolt","Qarabağ FK"
"Jansen Miller","Sporting Kansas City"
"Leao Santiago Tenorio Medina","Delfin"
"Noah Adnan","Loudoun United"
"Nilton Ramirez","Juan Pablo II College"
"Moisés González","Universidad Concepción"
"Hairo Eduardo Timaná Alvarez","FC Cajamarca"
"Marcelo Alves","Sochi"
"Filippo Bertaccini","Cesena"
"Matteo Tiziano Copelotti Clara","Progreso"
"Mbekezeli Mbokazi","Chicago Fire"
"Chenliang Zhang","Yunnan Yukun"
"Zilong Han","Yunnan Yukun"
"Moyu Li","Chengdu Rongcheng"
"Igor Formiga","Mirassol Futebol Clube"
"Joran Gerbet","Orlando City"
"Ángel Azuaje","Pumas UNAM"
"Wyatt Meyer","Sporting Kansas City"
"Eugenio Raggio","CA Platense"
"Yujie Zhang","Shenzhen Peng City FC"
"Huanming Shen","Shenzhen Peng City FC"
"M.Langeland Macallister","Sydney"
"Ian Pilcher","San Diego FC"
"Jintao Liao","Dalian Yingbo"
"Weijie Mao","Dalian Yingbo"
"Pengyu Zhu","Dalian Yingbo"
"Shiqin Wang","Zhejiang Professional"
"Zhijian Xuan","Shenzhen Peng City FC"
"Pere Crespo","Granada"
"Pedro Segura","Almería"
"Vladan Danilović","Marítimo"
"Byron Navarro","Everton"
"Victor Manuel Reyes Clavijo","Deportes Tolima"
"Dan Glazer","Kairat"
"Facundo Guch","Newell's Old Boys"
"Daniel Porozo","Sport Huancayo"
"Tomas Bobcek","Lechia Gdańsk"
"Anthony Roncaglia","Bastia"
"Christopher Ramírez","Mazatlán"
"Nicolás Meza","Palestino"
"Isaac Boehmer","Vancouver Whitecaps"
"Leon Scarlett","Queens Park Rangers"
"Matteo Waem","ADO Den Haag"
"Ángel Stringa","Deportivo Riestra"
"Ion Nicolăescu","Maccabi Tel Aviv"
"Maycon Cardozo","Bayern Munich"
"Marc Kornwachs Barjuan","Nürnberg"
"Linus Güther","Union Berlin"
"Huang Zihao","Dalian Yingbo"
"Shi Chenglong","Henan Songshan Longmen"
"Alvis Jaunzems","Lechia Gdańsk"
"Kevin Sotto","Boston River"
"Mingrui Yang","Dalian Yingbo"
"Kirill Pomeshkin","Dynamo Makhachkala"
"B.Chury Jiménez","Llaneros"
"Sotiri Phillis","Adelaide United"
"Oumar Konate","AS Monaco"
"David Jesus","Antwerp"
"Orseer Achihi","Antwerp"
"Marko Bozic","Wisła Kraków"
"Mohafidh Ahamada","Red Star FC"
"Alvaro Ruben Montiel Gonzalez","Olimpia"
"Yuri Guboglo","CF Montreal"
"Carlos Salomón","Deportivo Ñublense SADP"
"Ofosu Boakye","Go Ahead Eagles"
"Hugo Souza","Corinthians"
"Emiliano Capetillo","Pumas UNAM"
"Anton Kovalev","Fakel"
"B.Pusi","Fakel"
"Robert Hernández","Carabobo"
"Valentín Robaldo","Club Alianza Atlético Sullana"
"Yussif Saidu","Real Zaragoza"
"Alex Yang","Shanghai Port"
"Fabio García","Albacete"
"Kylian Kaïboué","Amiens"
"Jingchao Meng","Qingdao West Coast"
"Xinxiang Li","Shanghai Port"
"Diego Díaz","Unión"
"Yoshan Valois","Lanús"
"Óscar Cardozo","Libertad"
"Christian Gytkjaer","Bari"
"Iván Piris","Deportivo Recoleta"
"Luis Cardozo","Deportivo Recoleta"
"Rodrigo Rivero","Wanderers"
"Carlos Servín","Club Rubio Nu"
"Baboucarr Faal","Viktoria Plzen"
"Matheus Bahia","Internacional"
"Bryan Soto","Audax Italiano"
"Bamo Meïté","Lorient"
"Bahlul Mustafazada","Qarabağ FK"
"Marvin Martins","Winterthur"
"A.Kovac","Atlanta United"
"Mikah Thomas","Indy Eleven"
"Ezekiel Alladoh","Philadelphia Union"
"Sion Oppong","Toulouse"
"Florian Bohnert","Bastia"
"Charlie Gaffney","Seattle Sounders"
"Stick Castro","Libertad"
"Cesar Ruvalcaba","Columbus Crew"
"Ignacio Gómez","Orlando City"
"Joshua Jones","Louisville City"
"TJ Presthus","Hartford Athletic"
"Adewale Obalola","Hartford Athletic"
"Mayele Malango","Sacramento Republic"
"Dmitriy Erofeev","San Antonio"
"Lucio Berrón","San Antonio"
"Brandon Anthony Bent","Miami FC"
"Charles Ahl","Pittsburgh Riverhounds"
"Brigham Larsen","Pittsburgh Riverhounds"
"A.Luckhurst","Sporting JAX"
"A.Al-Qaq","Sporting JAX"
"J.Garcia","Pittsburgh Riverhounds"
"Malik Henry","Toronto FC"
"Micah Chisholm","Toronto FC"
"Antone Bossenberry","Toronto FC"
"A.Hughes","Charleston Battery"
"James Durrington","Brisbane Roar"
"Sam Sarver","FC Dallas"
"Amadou Coundoul","Sporting Gijón"
"Oliver Rojas","Audax Italiano"
"Max Williamsen","Kristiansund"
"Anibal Alonso Gajardo Ramirez","Cobresal"
"Ibrahima Diakité","Guingamp"
"Viktor Popov","Korona Kielce"
"Luis Fragozo","Emelec"
"A.Marinch","Orange County SC"
"Stefan Lukic","FC Tulsa"
"Maximiliano Amondarain","Cienciano"
"Luis Marimón","Llaneros"
"Lucca Mendonca","Peterborough United"
"Adrián Ascues","Deportivo Garcilaso"
"Bernardo Lima","FC Porto"
"Hasan İlçin","Antalyaspor"
"Mauro Lenaerts","Mechelen"
"Kieran Chandler","Minnesota United"
"Curt Calov","San Antonio"
"Mukisa Kiingi","Colorado Springs"
"Adam Yahi","FC Annecy"
"Sorriso","Santa Clara"
"Tommy Mihalić","LAFC"
"Haruki Yamazaki","Detroit City"
"Elias Egouli","Fortuna Düsseldorf"
"Bruno Manuel Rendon Cardoso","Indy Eleven"
"Taimu Okiyoshi","Brooklyn FC"
"E.Colpo","Modena"
"Caleb Ekuban","Genoa"
"Ignat Terekhovskiy","Akron"
"Juan Sigala","Pachuca"
"Joban González","Tijuana"
"E.Jääskeläinen","Sporting JAX"
"Nonso Adimabua","San Jose Earthquakes"
"Tom Pearce","Chesterfield"
"Adjani Bia","RSC Anderlecht"
"José Tomás Movillo Del Canto","O'Higgins"
"Francisco Scarpeccio","Newell's Old Boys"
"Bastián Yáñez","O'Higgins"
"Rivera","Cádiz"
"Álvaro Ocampo","Belgrano"
"Elvis van der Laan","FC Groningen"
"Sebastián Cavero","Cienciano"
"Teodoro Paredes","San Lorenzo"
"Adrian Jhonny Jusino Cerruto","The Strongest"
"Jorge Flores","San Antonio Bulo Bulo"
"Erwin Saavedra","Bolívar"
"Hernán Rodríguez","San Antonio Bulo Bulo"
"João Ananias","Santos"
"Robson Junior","Santos"
"Gaspar Servio","Club Guaraní"
"Gustavo Prescott","Sporting San Miguelito"
"Javier Báez","Barcelona"
"Kemar Roofe","Walsall"
"Alexander De Ridder","RSC Anderlecht"
"Víctor Hugo Dávalos Aguirre","Club 2 de Mayo"
"Miguel Benítez","Sportivo Ameliano"
"Fernando Fernández","Club Guaraní"
"Aldo Pérez","Club Guaraní"
"Shiming Jin","Qingdao West Coast"
"Jake O'Brien","Everton"
"Pontus Jansson","Malmö FF"
"Sebastian Tregarthen","Birmingham Legion"
"Cyrus Kowell","Phoenix Rising"
"Spencer Gordon","Hartford Athletic"
"Lyam Khonick MacKinnon Diouf","Orange County SC"
"Mohamed Traore","Sporting JAX"
"Erik Dueñas","Querétaro"
"Manu Duah","San Diego FC"
"Mamadou Diop","Colorado Rapids"
"Jesús Barea","Real Salt Lake"
"Samuel Sáiz","Eyüpspor"
"Preston Plambeck","Inter Miami"
"Leonel Justiniano","Bolívar"
"Jaime Arrascaita","The Strongest"
"Carlos Melgar","Bolívar"
"Nkosi Tafari","LAFC"
"Saïd Imigene","Leganés"
"Guilherme Biro","Austin FC"
"Lucca Loprete Araújo","Racing"
"Ciaran Dalton","Monterey Bay"
"Alfredo Aguilar","Club Sportivo Luqueño"
"Juan Rodrigo Rojas","Club Rubio Nu"
"Iván Torres","San Lorenzo"
"Brian Guillermo Montenegro Benítez","Defensor Sporting"
"Néstor Camacho","Sportivo Trinidense"
"Jorge Arias","Millonarios"
"Yahya Kalley","Estrela Amadora"
"Vitor Oliveira","Grêmio"
"Märten Kuusk","Katowice"
"Titouan Nihouarn","Pau"
"Luis de la Cruz","Sportivo Trinidense"
"Erik López","Olimpia"
"Elohim Kaboré","Beveren"
"Sebastián Arancibia","Universidad Católica"
"José Castillo","Guadalajara"
"Ofri Arad","Kairat"
"Stéphane Noumbissie","Sigma Olomouc"
"Zach Jeacock","Northampton Town"
"Jair Reyes","ADT"
"Caio Joshua","Flamengo"
"Benjamin Besic","US Boulogne"
"Nikola Djordjevic","Vancouver Whitecaps"
"Shan Huang","Dalian Yingbo"
"Atsamaz Revazov","Orenburg"
"Seif Ali Hindi","Dukla Praha"
"Romoney Crichlow","Barnet"
"Jake Garrett","Blackburn Rovers"
"George Pratt","Blackburn Rovers"
"N.Massalyga","Spartak Moscow"
"Mauro Smarra","Deportivo Riestra"
"Lenni Cirino","Gillingham"
"Zak Gilsenan","Grimsby Town"
"Kparobo Arierhi","Lillestrøm"
"Reece Welch","Bradford City"
"Fabian Kvam","Cambuur Leeuwarden"
"Oğuzhan Ertem","Trabzonspor"
"Juan Peralta","Juan Pablo II College"
"E.Bruchez","Yverdon Sport FC"
"Yamir Misitich","Atlético Grau"
"Samson Tovide","Colchester United"
"Ola Visted","Viking"
"Altin Azemi","Neuchâtel Xamax"
"Ádám Madarász","Ferencvaros"
"Vladimir ignatenko","Krylya Sovetov"
"Riyon Tori","Miami FC"
"Giovanni Cantizano","Rosario Central"
"Raphaël Merkies","Shandong Taishan"
"Omar Falah","Real Oviedo"
"Jiwen Kuai","Shanghai Port"
"Will Dennis","Leyton Orient"
"Hrannar Magnússon","Kristiansund"
"Ciaran Gilligan","Burton Albion"
"Alejo Cordoba","San Lorenzo de Almagro"
"Benoit De Jaegere","Zulte Waregem"
"Ethan Bristow","Tranmere Rovers"
"Wisdom Acquah","Modena"
"Malik Jakupovic","Philadelphia Union"
"J.Wayne","Charleston Battery"
"Alex Newby","York City"
"Ethan Brierley","Exeter City"
"Adrián De La Cruz","Atlético Grau"
"Jair Moretti","Sporting Cristal"
"Facundo Sánchez","Lanús"
"Loïc Cloutier","Atlético Ottawa"
"Joaquim Coulanges","Atlético Ottawa"
"Babacar Niang","Louisville City"
"Benjamín Acosta","Lanús"
"Joseph Quiah","New Mexico United"
"Pietro Avena","Palermo"
"Alassane Ndao","Konyaspor"
"Ramazan Civelek","Kayserispor"
"Muzaffer Eriş","Konyaspor"
"Fatih Kurucuk","Fatih Karagümrük"
"Mohamed Touré","Viktoria Plzen"
"Gabriel Arditi","Catanzaro"
"Janne Berner","Hertha Berlin"
"José Jurado","RC Deportivo La Coruña"
"Zeidane Inoussa","Swansea City"
"Obed Nkambadio","Paris FC"
"Jonah Ayunga","St Mirren"
"Sean Roughan","Huddersfield Town"
"Sam Long","Bromley"
"S.McIllhatton","Birmingham Legion"
"Jhon Rentería","CA Sarmiento"
"Carlos Jeremy Morales Gatica","Deportes Limache"
"Ángel Fortuño","Espanyol"
"Agustín falcon","Belgrano"
"Martín Hiriart","Unión La Calera"
"Dieguinho","Corinthians"
"Sander Bueno","Libertad"
"Ronaldo Julio","Inter Bogotá"
"Zé Lucas","Cruzeiro"
"Mathias Carabali","Emelec"
"Ahmetcan Kaplan","NEC"
"Ulisses","Nacional"
"Stefanos Kapino","Winterthur"
"David Abimbola","Accrington Stanley"
"James Clarke","Rotherham United"
"Carraro Injai","Amiens"
"Alexander Rodriguez","Tampa Bay Rowdies"
"Diego Ramirez","Tigres UANL"
"Omar Mora ","El Paso Locomotive"
"Naoufal Bohamdi-Kamoni","Westerlo"
"Javier Soroeta","Real Sociedad B"
"Kevin Angulo","América de Cali"
"Isaiah Irasto García","Defence Force"
"Dennis Adeniran","Barnet"
"Kyle John","Port Vale"
"Harry Tyrer","Cardiff City"
"Mamadou Thiam","FC FCSB"
"Ángel Daniel Aguilera Saldivar","Club 2 de Mayo"
"Hector López","Deportivo Recoleta"
"Wesley Natã","Fluminense"
"Júlíus Júlíusson","Kristiansund"
"Huguinho","Botafogo"
"Marquinhos","Botafogo"
"Christian Ortíz","Orense"
"Miguel Rodríguez","FC Utrecht"
"Julen Carrasco","FC Stade Lausanne-Ouchy"
"Matteo Egan","Empoli"
"Marcus Reed","Aalesund"
"Moses Alexander-Walker","Newport County AFC"
"Eneko Satrústegui","CyD Leonesa"
"Juanto Ortuño","AD Ceuta FC"
"Rubén Díez","AD Ceuta FC"
"Víctor García","Málaga"
"Víctor Meseguer","Real Valladolid"
"Rekeem Harper","Barrow"
"Jakob Swift","Sandefjord"
"Eirik Granaas","Fredrikstad"
"Ricardo Juárez","Juárez"
"A.Sedi Kinteh","Tromsø"
"J.de Asís","Gimnasia La Plata"
"Lucas Nascimento","Botafogo"
"Raykkonen","Internacional"
"Sun Xuelong","Yunnan Yukun"
"Taylor Richards","Crawley Town"
"Ramiro Paunero","Atlético Tucumán"
"Matías Cabeza","Macará"
"Joao Almeida","Coritiba Fbc"
"Gustavo Santana","São Paulo"
"Luis Osorio","São Paulo"
"Tetê","São Paulo"
"Djhordney","São Paulo"
"Alexandre Zaouai","Bastia"
"Idrissa Touré","Pisa"
"Lautaro Angel Ezequiel Montenegro","San Lorenzo de Almagro"
"Guillaume Vacter","Pittsburgh Riverhounds"
"Federico Garcia","Progreso"
"Martín Jiménez","Audax Italiano"
"Sergio Guerrero","Bruk-Bet Termalica Nieciecza"
"Marvin Johnson","Port Vale"
"Issa Fomba","SK Artis Brno"
"Sebastian Despotovski","Perth Glory"
"René Mitongo","Standard Liège"
"Juan Aponzá","América de Cali"
"Ralph Khoury","Atlético Ottawa"
"Nicolas Paz","Sport Boys"
"Alexander Legendre","Rennes"
"Berk Can Yıldızlı","Kasımpaşa"
"Rubio Rubin","El Paso Locomotive"
"Cyrill May","St. Gallen"
"Jorge Gabriel Marcelino Rolón","Sportivo Trinidense"
"Koifman","Tigres UANL"
"Ramon Barros","Vasco da Gama"
"Nicolás Melgar","ADT"
"Samuel Gallo","Racing"
"Jiri Borek","Slovácko"
"M.Jiménez Murillo","New York Red Bulls"
"Lennart Grill","Dynamo Dresden"
"Jani Atanasov","Cracovia Kraków"
"Halam Loboa","Independiente Medellín"
"Nikolay Koserik","Orenburg"
"Jayden Oosterwolde","Fenerbahçe"
"Casper Staring","NAC Breda"
"Ollie Watkins","Aston Villa"
"Igor Gosik","Molde"
"Jeison Cabrales","Alianza Valledupar"
"Juan Rosa","Atlético Nacional"
"Anthony Rouault","Rennes"
"Sergi Canós","Real Valladolid"
"Ibrahim Alani","Real Valladolid"
"Aleksandar Cirkovic","Lechia Gdańsk"
"S.Ferreira Serra","Estrela Amadora"
"Breno","Red Bull Bragantino"
"Lorougnon Gohi","Academico Viseu"
"F.Ratotti","Delfin"
"Luiz Felipe","Internacional"
"Timoteo Chamorro","Talleres de Córdoba"
"Edu Espiau","Arka Gdynia"
"Nezareth Segura","Independiente Medellín"
"Rodrigo Rodrigues","Gil Vicente"
"James Nam","Standard Liège"
"Aaron Tchamda","FC Zürich"
"Couhaib Driouech","PSV Eindhoven"
"Kauã Moraes","Cruzeiro"
"Lorenzo Berardi","Delfino Pescara 1936"
"Dan Kohout","Slavia Praha"
"Mamady Cissé","Atlético Mineiro"
"Troy Putt","Minnesota United"
"Yevgeniy Kucherenko","Dundee United"
"Isaac Báez","Universidad O&M"
"Aleksandr Filin","Baltika"
"Fitzroy Cummings","Mount Pleasant"
"Yeider García","Inter Bogotá"
"Moustapha Dabo","Nantes"
"Germain Miller","Celta de Vigo B"
"Luis da Costa","Palmeiras"
"Cristóbal Sepúlveda","La Serena"
"Joao Cuenca","Sporting Cristal"
"Nico Yennaris","Shanghai Shenhua"
"Antonio Arena","AS Roma"
"Adrien Llukes","Sion"
"Rayan Stoll","Stade Nyonnais"
"Facundo Luzardo","Danubio"
"Gabriel Kulla","Sassuolo"
"Zeega","Vitória Guimarães"
"Dmytro Ivanisenya","Krylya Sovetov"
"João Aragão","Sporting Braga"
"Anísio Cabral","Benfica"
"Daniel Banjaqui","Benfica"
"Santiago Silva","Vitória Guimarães"
"José Neto","Benfica"
"Nikola Vasilj","St. Pauli"
"I.Badilla Herrera","LD Alajuelense"
"Ali Osman Kalın","Gazişehir Gaziantep"
"Artem Sidorenko","Nizhny Novgorod"
"Gadzhi Budunov","Dynamo Makhachkala"
"Lander Pinillos","Deportivo Alavés"
"Artem Korneev","Sochi"
"Connor Roberts","Burnley"
"Egemen Aydın","Konyaspor"
"Jhon Valoyes","Alianza Valledupar"
"Agustín Aguirre","Boston River"
"Bendik Berntsen","Sandefjord"
"Mateo Santamaria","Inter Bogotá"
"Laurent Mendy","Hearts"
"Tafari Chambers","Mount Pleasant"
"Jiri Hrubes","Dukla Praha"
"Ashley Charles","Bromley"
"Agustín Dos Santos","Nacional"
"Ousmane Condé","Karviná"
"Filip Vedral","Zbrojovka Brno"
"Andrey Fernandes","Vasco da Gama"
"Emmanuel Emegha","Strasbourg"
"Tomas Nemcik","Rosenborg BK"
"Hugo Pinilla","Real Zaragoza"
"Ali Demirbilek","Antalyaspor"
"Benjámin Gólik","Ferencvaros"
"Joel Nouble","Livingston"
"Tiago Silva","FC Porto"
"Joelson Arbiniagaldez","Club Sportivo Luqueño"
"Esat Buğa","Konyaspor"
"Aleksandr Metsiev","Sochi"
"Harry Forster","Crawley Town"
"Erblin Osmani","Bayern Munich"
"Malte Frejd Pålsson","Malmö FF"
"Mads Mikkelsen","Tromsø"
"Maciej Kuziemka","Wisła Kraków"
"Eduardo Delmás","Olimpia"
"Lucas taverna","Coritiba Fbc"
"Igor Yurganov","Fakel"
"Rizvan Utsiev","FK Akhmat Grozny"
"Marek Havran","Baník Ostrava"
"Tyrese Bailey","Defence Force"
"Filip Pavic","Bayern Munich"
"Samson Tijani","Dukla Praha"
"Marcel Predenkiewicz","Arka Gdynia"
"Krzysztof Koton","Dender"
"Kuchko Kuchko","Wisła Płock"
"Bartosz Borowski","Wisła Płock"
"Calum Ward","Motherwell"
"Kuang Zhaolei","Qingdao Manatee"
"Kauê Furquim","Bahia"
"Ignacio Suarez-Couri","Atlanta United"
"Aldrine Kibet","Celta de Vigo B"
"Jonathan Ariel Diaz Gimenez","Club Sportivo Luqueño"
"Juan Viveros","Independiente Medellín"
"Nicola Ciotta","Orange County SC"
"D.Mülhethaler Méndez","Peñarol"
"Charly Villegas","Alianza Valledupar"
"Jack Burroughs","Northampton Town"
"Edwin Quintero","Independiente del Valle"
"Bolívar Tobar","Emelec"
"Juan Angulo","Independiente del Valle"
"Lassana Traoré","Saint-Étienne"
"Brian Chamorra","Peñarol"
"Ignacio Elizondo","Boston River"
"Federico Álvarez","Nacional"
"Luciano Gonzalez","Nacional"
"Kevin Chiappa","Nacional"
"Alan del Arco","Defensor Sporting"
"Pablo Alcoba","Albion"
"Juan Picasso","Defensor Sporting"
"Myles Roberts","Walsall"
"Niall Canavan","Barrow"
"Carlos Santacruz","Cerro Porteño"
"Mauricio González","Club Rubio Nu"
"Tobías Zarza","San Lorenzo"
"Rafael Gonzaga","Santos"
"Felipe dos Santos","Cruzeiro"
"Cristian Orozco","Fortaleza CEIF"
"Gerson Castillo","Sporting Cristal"
"Marco Rojas","Tigre"
"Geray Rossel","Alianza Lima"
"Mateo Martínez","Racing Club"
"Jerónimo Gómez Mattar","Newell's Old Boys"
"Thomás  de Martis","Lanús"
"Álex Verón","Vélez Sarsfield"
"Vicente Villegas","Coquimbo Unido"
"Alonso Olguín","Colo Colo"
"Yastin Cuevas","Colo Colo"
"Ian Alegría","Palestino"
"Juan Cruz Meza","River Plate"
"Dipo Akinyemi","York City"
"Kristers Penkevics","Zlín"
"Nikolaos Vergos","Melbourne Victory"
"Lucas Villa Valencia","Alianza Valledupar"
"Andres Bernal","Atlético Nacional"
"Matias Quiroz","Atlético Nacional"
"Miguel Correa","Deportivo Cali"
"Junior Koné","Nantes"
"Hideyoshi Arakaki","ADT"
"Bruninho","Athletico Paranaense"
"Luka Kharatishvili","FK Pardubice"
"Vakho Bedoshvili","Nizhny Novgorod"
"Jhuan","Red Bull Bragantino"
"Heittor Vinicius da Silva Nunes","Palmeiras"
"Gabriel Otavio Menegon","Grêmio"
"F.Voster Botnen","Viking"
"Nicolas Koutsakos","Start"
"Kenneth Hoban","El Paso Locomotive"
"Marcus Dinanga","Bromley"
"Joaquín Edgardo Muñoz Riffo","O'Higgins"
"Mathieu Gorgelin","Lens"
"Niels Nkounkou","Torino"
"Josué Javier Caicedo Porozo","LDU Quito"
"Edison Andrés Gomez Giler","LDU Quito"
"Anthony Javier Castillo Salas","Técnico Universitario"
"Tom Lawrence","Perth Glory"
"Szymon Bartlewicz","Katowice"
"Damian Hilbrycht","Bruk-Bet Termalica Nieciecza"
"Wojciech Jakubik","Bruk-Bet Termalica Nieciecza"
"Tomas García","Once Caldas"
"Jhan Mena","Independiente Medellín"
"Tobi Adebayo-Rowling","Rochdale"
"J.Mina","Universidad Católica"
"S.Zambrano","Universidad Católica"
"Dan Nlundulu","St Mirren"
"Christain Saydee","Wigan Athletic"
"Migouel Alfarela","Legia Warszawa"
"Ruiqi Yang","Shandong Taishan"
"Jamal Amofa","Cambuur Leeuwarden"
"Mohamed Amissi","Vancouver FC"
"Evan Rottier","ADO Den Haag"
"Samuel Alves","Rio Ave"
"Jakub Budnicki","Korona Kielce"
"Natan Dziegielewski","Górnik Zabrze"
"Jiaao Wei","Beijing Guoan"
"Dawid Gojny","Arka Gdynia"
"Patryk Warczak","Górnik Zabrze"
"José García","Olimpia"
"Alexander Shaw","Inter Miami"
"Anthony Hernandez","Phoenix Rising"
"Maksymilian Stangret","Śląsk Wrocław"
"Baily Cargill","Mansfield Town"
"Diego Deisadze","Bruk-Bet Termalica Nieciecza"
"Fredy Silvero","Club 2 de Mayo"
"Joaquín Bogarín","Libertad"
"Thiago Fernández","Libertad"
"Kenneth Schmidt","Fortuna Düsseldorf"
"Kewan Vemba","Zulte Waregem"
"Marcel Beifus","Karlsruher SC"
"Kerim Çalhanoğlu","Gazişehir Gaziantep"
"Marcin Wieckowski","Wisła Płock"
"Marco John","Greuther Fürth"
"Paul Nebel","FSV Mainz 05"
"Emilio Kehrer","Winterthur"
"Jorginho","Kairat"
"Matthew Arana","Houston Dynamo"
"Pietro Pellegri","Empoli"
"Giovanni Lezcano","Club Guaraní"
"Juan Armoa","Club 2 de Mayo"
"Henry Riquelme","Club 2 de Mayo"
"Léandro Rousseau","RAAL La Louvière"
"Ethan Espinoza","Deportes Concepcion"
"Joan Cruz","Unión La Calera"
"Bruno Pereira","Club Rubio Nu"
"Junior Samuel Gamarra Figueredo","Sportivo Trinidense"
"G.Baroni","Talleres de Córdoba"
"F.Gulli","San Lorenzo de Almagro"
"J.Cibrián","Puebla"
"L.Pérez","Atlas"
"J.Sánchez","Atlas"
"Kennedy David Ikechukwu Okpaleke","Fredrikstad"
"R.Parra Arteaga","Pumas UNAM"
"D.Ramírez Castillo","Pumas UNAM"
"M.Torres Berlanga","Pumas UNAM"
"E.Rico","Fortaleza CEIF"
"S.Isaza","Millonarios"
"Jhon Sebastian Palacios Sanchez","Fortaleza CEIF"
"I.Cataño","Mazatlán"
"S.Cordova","Toluca"
"Jhon Mina","Deportivo Cali"
"Walter Rodriguez","Sportivo Ameliano"
"Gerónimo Mancilla Vidal","Independiente Medellín"
"Celías Adán Ingenthron","CA Platense"
"Marcelo Torres","Gimnasia La Plata"
"Jorge Barreto","Juan Pablo II College"
"Federico Álvarez","Tigre"
"Matías Arias","Vélez Sarsfield"
"Michał Willmann","CD Castellón"
"Carlos Valenzuela","Querétaro"
"Benjamin Arhin","Internacional"
"Matias Dufour","Sportivo Trinidense"
"Samuel Pierre","Santos"
"Nadson","Santos"
"Fernando Pradella","Santos"
"Olivier Verdon","Ludogorets Razgrad"
"Aihui Zhang","Zhejiang Professional"
"Qipeng Wu","Shanghai Shenhua"
"Kacper Minuczyc","Korona Kielce"
"Mateusz Głowiński","Korona Kielce"
"Nikita Shershov","Akron"
"Adam Jagrik","Dukla Praha"
"Tomáš Jedlička","Dukla Praha"
"Jacques Fokam Sandeu","Dukla Praha"
"Oliver Mikuda","Bohemians 1905"
"Adam Ciucka","Śląsk Wrocław"
"Krystof Lichtenberg","Teplice"
"David Machalik","Zlín"
"Radek Ovesny","Zlín"
"Filip Lehký","Mladá Boleslav"
"Dylan Tavares","Sochaux"
"Dany Da Silva","FC Stade Lausanne-Ouchy"
"Oliwier Kwiatkowski","Raków Częstochowa"
"Aleksandr Tarasov","Rostov"
"Vadim Shilov","Zenit St. Petersburg"
"Matvey Urvantsev","Nizhny Novgorod"
"Borislav Rupanov","Górnik Zabrze"
"Amadou Onana","Aston Villa"
"S.Sandoval González","Guadalajara"
"D.Owusu","FK Crvena Zvezda"
"Franciszek Lewandowski","Motor Lublin"
"Gleb Popolitov","CSKA Moscow"
"Ilya Dyatlov","Rodina Moskva"
"Juan Salomoni","Unión La Calera"
"Jhojan Garcilazo","ADT"
"Daniel Flores","Phoenix Rising"
"Juan Montoya","América de Cali"
"Josh Cullen","Burnley"
"Isidro Pitta","Red Bull Bragantino"
"João Silva","Vasco da Gama"
"Casper Tengstedt","Feyenoord"
"Abraham Ojo","Raków Częstochowa"
"Christian Bravo","Huachipato"
"M.Cuesta Palacios","Santa Fe"
"Gian Stork","FC Zürich"
"Maksim Ignatjev","Fk Rubin Kazan"
"Ryan Adewusi","Dender"
"K.Quintana","Stade Nyonnais"
"P.Ablanedo","Stade Nyonnais"
"E.Avdic","Stade Nyonnais"
"S.So","Rapperswil-Jona"
"Jorge Rans Almario","Rapperswil-Jona"
"Eduardo Darias","Peñarol"
"Nicola Rauti","Vicenza Virtus"
"J.Arroyo Godínez","Toluca"
"S.Rodríguez Rodelas","Pachuca"
"L.Oliveira","FC Stade Lausanne-Ouchy"
"M.Tchakoua","FC Stade Lausanne-Ouchy"
"Raoul Giger","Wisła Kraków"
"David Abrangao","Greuther Fürth"
"Yixiang Peng","Shandong Taishan"
"Hervin Goyes","Deportivo Pasto"
"István Átrok","Zulte Waregem"
"Olivier Jäckle","FC Aarau"
"Giovanny Andrés Ávalos Ovelar","Deportivo Ñublense SADP"
"Benjamín Pérez","Deportivo Riestra"
"Silvan Schwegler","FC Aarau"
"Mohammadmehdi Mohazabieh","FK Akhmat Grozny"
"Jean Manuel Mbom","Bochum"
"Dylan Caro","UTC Cajamarca"
"Sebastien Pineau","FC Cajamarca"
"Aldo Maíz","Club Sportivo Luqueño"
"A.Verinac","St. Gallen"
"Valentín Larralde","Sportivo Ameliano"
"Jhon Palacios","América de Cali"
"Cyprian Popielec","Zagłębie Lubin"
"Jeison David Mena Victoria","Boyacá Chicó"
"Jorge Eliécer Martínez Mosquera","Deportivo Pereira"
"R.Adam","SV 07 Elversberg"
"Amin Cosic","Viking"
"A.Gharibyan","Rodina Moskva"
"Yu-Hei Ng","Chongqing Tonglianglong"
"Oleksandr Pyshchur","Girona"
"Alexander Naranjo","Miami FC"
"José Hosue López","Club 2 de Mayo"
"Giuseppe Guggiari","Deportivo Recoleta"
"Mame Wade","RAAL La Louvière"
"Jake Tabor","Swindon Town"
"Fate Kotey","Crawley Town"
"Fernando Bobadilla","Club Sportivo Luqueño"
"Florian Bianchini","Portsmouth"
"Kévin Boma","Estoril"
"Yahaya Lawali","Karviná"
"Kelven Frees","Kaiserslautern"
"Noah Loosli","Bochum"
"Andi Zeqiri","Widzew Łódź"
"Aldin Turkes","Winterthur"
"Moritz Jenz","Wolfsburg"
"Mory Diaw","Le Havre"
"Cameron Puertas","Werder Bremen"
"David Amegnaglo","Westerlo"
"Marc Tsoungui","Étoile Carouge FC"
"Thomas Castella","FC Lausanne Sport"
"Fabio Moreno Fell","FSV Mainz 05"
"Josh Fowler","St Johnstone"
"Niklas Mohr","Paderborn"
"Denis Popenkov","Akron"
"T.Ortiz","Huracán"
"Kang Wang","Wuhan Three Towns"
"Jannis Boziaris","Energie Cottbus"
"Sinclair","Accrington Stanley"
"Gleyfer Medina","Atlético Bucaramanga"
"Diego Fuoli","CE Sabadell FC"
"Toby Peter Gary Steward","St Johnstone"
"Dion Dërmaku","Bellinzona"
"Dylan Tutonda","Bellinzona"
"Alessandro Grano","Bellinzona"
"Goncalo Sacramento Dos Santos","Neuchâtel Xamax"
"Augustus Kargbo","Blackburn Rovers"
"Maurice Malone","Sturm Graz"
"Lorenzo Couture","Progreso"
"Sebastián Viveros del Castillo","Millonarios"
"Diego Cheuquepal","Racing"
"Iván Manzur","Racing"
"Logan Ponce","Central Español"
"Teddy Vázquez","Boston River"
"Lars Ritzka","St. Pauli"
"João Bezerra","Internacional"
"Benedict Hollerbach","FSV Mainz 05"
"Robin Fabinski","Osnabrück"
"Martín Palavecino","Cerro"
"Alexis Ntamack","Dijon"
"Ronaldo Freitas","FC Stade Lausanne-Ouchy"
"P.Preciado","Deportivo Pasto"
"PeraltaRonald Peralta","Sportivo Ameliano"
"Connor Krempicki","Magdeburg"
"Yahaya Bamba","Newport County AFC"
"Juan Duque","Atlético Nacional"
"Ebrima Ceesay","Samsunspor"
"Furkan Özcan","Gençlerbirligi"
"Dilhan Demir","Gençlerbirligi"
"Jermaine Rijssel","SC Heerenveen"
"Fodé Pascoal","Sporting Braga"
"J.Harušťák","Mladá Boleslav"
"Frederick Sass","Accrington Stanley"
"Sinan Karweina","Luzern"
"Kerem Kayaarası","Antalyaspor"
"Qiwei Liu","Shandong Taishan"
"Lukas Hruska","Hradec Králové"
"H.Kante","Baník Ostrava"
"M.Jeřábek","SK Artis Brno"
"Richard Kašík","SK Artis Brno"
"Karst Leeuw","Willem II"
"Ben Voll","St. Pauli"
"Erik Engelhardt","Energie Cottbus"
"Guilherme Bala","AVS"
"Franco Ariel Domínguez Ávila","Estudiantes"
"Juergen Elitim","Legia Warszawa"
"Marin Šverko","Venezia"
"Jan Chytry","Karviná"
"Ricardo Chipao","Deportivo Moquegua"
"Sam de Laat","NEC"
"João Gastão","Estrela Amadora"
"Francisco Lagos Dias","Vitória Guimarães"
"Ricardo Joaquim Ferreira Rocha","Vitória Guimarães"
"Ryan Malone","Energie Cottbus"
"Daniel Batz","FSV Mainz 05"
"Christopher Martín","Millonarios"
"José Chávez","Toluca"
"Luís Pinto","Sporting Braga"
"Antoine Wenck","Rio Ave"
"António Branco","Sporting Braga"
"Louis LLoyd","St Johnstone"
"Rodrigo Dias","Sporting CP"
"Eduardo Manuel de Freitas Monteiro Ferreira ","Sporting CP"
"Dickson Abiama","Kaiserslautern"
"Noah Town","Barnsley"
"Michael Martínez","Deportes Tolima"
"J.Maskell","Barnet"
"Craig Hewitt","York City"
"Vladimir Nikolov","Korona Kielce"
"Luca Pfeiffer","SV 07 Elversberg"
"Janik Bachmann","Schalke 04"
"Anas Bakhat","Eintracht Braunschweig"
"Jack Matton","Wycombe Wanderers"
"Philipp Hercher","Magdeburg"
"Mert Yılmaz","Antalyaspor"
"Tai Sodje","Walsall"
"Mikki van Sas","Wycombe Wanderers"
"Gonçalo Maia","Gil Vicente"
"Mohamed Kaba","Gil Vicente"
"Tomáš Souček","West Ham United"
"Micah Hamilton","Middlesbrough"
"Darko Gyabi","Hull City"
"F.Álvarez","Racing"
"André Mendes","FC Porto"
"Miguel Silva","Moreirense"
"Brandon Dominguès","Górnik Zabrze"
"Marco Komenda","Holstein Kiel"
"Ahmet Arslan","Sydney"
"João Afonso","Santa Clara"
"Tiago Duarte","Santa Clara"
"Vontae Daley-Campbell","Chesterfield"
"Nicolas Hansen","Colorado Rapids"
"Juanpe","Málaga"
"Josema López","AD Ceuta FC"
"Breston Malula","FC Stade Lausanne-Ouchy"
"Louis Siliadin","US Boulogne"
"Kevin Rodríguez","Peñarol"
"Brandon Álvarez","Peñarol"
"Jakub Jugas","Zlín"
"Jetmir Krasniqi","Neuchâtel Xamax"
"Sebastian Murru","OH Leuven"
"Samuel Becerra","Rayo Vallecano"
"Alieu Conateh","Grasshopper"
"Tarık Kalpaklı","Fatih Karagümrük"
"Jocelin Behiratche","Slovácko"
"P.Nongoy","Cerro"
"Jaromir Zmrhal","Zbrojovka Brno"
"Emiliano Mozzone","Deportivo Maldonado"
"Santi Franco","Racing Santander"
"Kreshnik Hajrizi","Sion"
"Amir Saipi","Lugano"
"Luis Ayala","Sportivo Ameliano"
"Amín Cristaldo","Cerro Porteño"
"Lautaro Mora","Huracán"
"Cameron Stones","Wycombe Wanderers"
"Sabahattin Destici","Gazişehir Gaziantep"
"Miguel Patrício","Rio Ave"
"Mohamed Kader","FC Annecy"
"Claudio Guillermo Ramírez Llamocca","Deportivo Moquegua"
"Nicolas Bosshardt","São Paulo"
"Robert Deziel Jr","Legia Warszawa"
"Juan Moreno","Cerro Largo"
"Esneyder Mena","Independiente Medellín"
"Marlon Sierra","Llaneros"
"Yonatan Murillo","Sport Huancayo"
"Miguel Monsalve","Grêmio"
"Josy Pérez","Alianza Valledupar"
"Eudy Moreno","Alianza Valledupar"
"Jannes Wieckhoff","Heracles Almelo"
"Leon Flach","Jagiellonia Białystok"
"Francisco Moura","FC Porto"
"Enol Prendes","Sporting Gijón"
"Morten Behrens","Preußen Münster"
"Luka Slišković","SC Kriens"
"Z.Yohanna","Brighton & Hove Albion"
"Mateo Rinaldi","Danubio"
"Jordan Hugill","Rotherham United"
"Sirlord Conteh","FC Heidenheim"
"Henry Rorig","Energie Cottbus"
"Andreas Müller","Karlsruher SC"
"Lasse Sørensen","Huddersfield Town"
"Dominique Moubeke","Granada"
"Oier Llorente","Eibar"
"Hugo García","Eibar"
"Tiago Morais","Casa Pia AC"
"Nathan","Internacional"
"Stefan Mols","Accrington Stanley"
"Oliver Lynch","Port Vale"
"Indrit Mavraj","Bari"
"Fabio Kaufmann","Eintracht Braunschweig"
"Tiago Leite","Alverca"
"Marvin Rittmüller","Eintracht Braunschweig"
"Paul Ujobolo Moreno","Cardiff City"
"Sebastian Ogenna Osigwe","Bellinzona"
"Michée Ndembi","Westerlo"
"Alfio Oviedo","Tigre"
"Aaron Molinas","Defensa y Justicia"
"Michael Ngadeu","Chongqing Tonglianglong"
"Aitor Uzkudun","FC Andorra"
"Damjan Pavlovic","Rodez"
"Eduard Spertsyan","FK Krasnodar"
"Micah Olabiyi","Wycombe Wanderers"
"Fabián Ángel","Junior"
"Raul Talarico","Vicenza Virtus"
"Lorenzo Caferri","Vicenza Virtus"
"Juan Quintana","Torque"
"Yannis Odin","Winterthur"
"Abel Luciatti","Cerro Porteño"
"Emilien Ndjoko","Stade Nyonnais"
"Sebastián Prieto","Argentinos Juniors"
"C.Patierno","US Avellino"
"C.Faedo","Calcio Padova"
"G.Favale","Calcio Padova"
"J.Marcillo","Calcio Padova"
"Nicolás Sansotre","Deportivo Riestra"
"Devis Vásquez","Beşiktaş"
"Roberto Fernández","Dinamo Moscow"
"A.Boccadamo","Virtus Entella"
"L.Lipani","Virtus Entella"
"M.Nichetti","Virtus Entella"
"D.Bariti","Virtus Entella"
"A.Ndow","Frosinone"
"Bryan González","Guadalajara"
"Dominik Schmid","Basel"
"Petar Pusic","Wieczysta Krakow"
"Grégoire Smania","Neuchâtel Xamax"
"Adonis Bourezak","Neuchâtel Xamax"
"Gedeon Lomami","Neuchâtel Xamax"
"Mattia Valente","Neuchâtel Xamax"
"R.Madani","Neuchâtel Xamax"
"T.Elsig","Neuchâtel Xamax"
"S.Cosic","Neuchâtel Xamax"
"Giotto Morandi","Servette"
"Valon Hamdiu","Rapperswil-Jona"
"Allan Arigoni","Grasshopper"
"Aldo de Nigris","Monterrey"
"Adrian Gantenbein","Schalke 04"
"Alexander Muci","Bellinzona"
"Gabriel Isik","Bruk-Bet Termalica Nieciecza"
"Fridolin Wagner","Osnabrück"
"Oscar Kubiak","Arka Gdynia"
"Christian Kinsombi","Energie Cottbus"
"Leon Schneider","Arminia Bielefeld"
"Nando Pijnaker","Auckland FC"
"Lukas Branecky","Zlín"
"L.Marjanac","Śląsk Wrocław"
"L.Huwiler","Étoile Carouge FC"
"R.Müller","Paderborn"
"Kasper Williams","Doncaster Rovers"
"Anton Donkor","Schalke 04"
"Jan Marx","Dynamo Dresden"
"A.Camdzic","Rapperswil-Jona"
"Gonçalo Franco","Swansea City"
"Matheus Silva","Qarabağ FK"
"Theodor Lundbergh","Malmö FF"
"Ricardo Velho","Gençlerbirligi"
"Kwadwo Duah","Ludogorets Razgrad"
"Malik Batmaz","Preußen Münster"
"Quentin Beunardeau","Red Star FC"
"Dario Ulrich","Winterthur"
"Babacar Leye","Pau"
"N.Parravicini","Bastia"
"Izhak Hammoudi","Le Mans"
"Lars Bünning","Dynamo Dresden"
"Leon Klassen","Darmstadt 98"
"Gonzalo Sanchidrián","Estrela Amadora"
"Axel Tuanzebe","Burnley"
"Xue Qinghao","Shanghai Shenhua"
"Callum Hudson","Barnsley"
"I.Williams","Barnet"
"Mikkel Ceide","Rosenborg BK"
"Jake Turner","Gillingham"
"Adam Arvelo","Las Palmas"
"Gu Costa","Academico Viseu"
"Cristian Trujillo","Deportes Tolima"
"Arnaldo Zambrano","Mushuc Runa"
"Martinelli","Fluminense"
"Marco Armellino","US Avellino"
"Tristan Panduro","Zulte Waregem"
"Viktor Bender","Molde"
"Jordan Arnolin","Estoril"
"Caike","Rio Ave"
"Egor Prutsev","Dunkerque"
"Erdem Canpolat","Rizespor"
"R.Sandrucci","Juve Stabia"
"Sava-Arangel Cestic","Heracles Almelo"
"Luca Marseiler","Darmstadt 98"
"Nico Mantl","FC Arouca"
"Ilija Despotovic","FC Lausanne Sport"
"Andrew Lachhab","FC Lausanne Sport"
"Wael Jolissaint","Neuchâtel Xamax"
"Matisse Samoise","Gent"
"Vladislav Kamilov","Orenburg"
"Atakan Cankaya","Fatih Karagümrük"
"Tom Nixon","Doncaster Rovers"
"Jack Joseph Barrett","Tranmere Rovers"
"James Pantemis","Portland Timbers"
"Cheick Konaté","Red Star FC"
"Julian Guttau","Energie Cottbus"
"Aarón Rey","Bellinzona"
"Daniel Bragança","Sporting CP"
"Fernando Tapia","América"
"Devon Koswal","Telstar"
"Gabriel Cléùr","Western Sydney Wanderers"
"Ilias Koutsoupias","Frosinone"
"Liu Shibo","Qingdao West Coast"
"Dario Saric","Antalyaspor"
"Juan José Montoya Tamayo","Deportivo Cali"
"Camillo Tavernelli","Arezzo"
"Luca Schirone","Cesena"
"Lázaro","Almería"
"Filippo Pellacani","Delfino Pescara 1936"
"Davide Giannini","Delfino Pescara 1936"
"M.Kurtishi","Rapperswil-Jona"
"Tristan Nunez","Servette"
"Luca Klötzli","Neuchâtel Xamax"
"Loris Zonta","Vicenza Virtus"
"Thomas Kristensen","Udinese"
"Cristian Inda","Guadalajara"
"Nicola Bellomo","Bari"
"Edoardo Iannoni","Sassuolo"
"Gastón Gerzel","San Lorenzo"
"Lorenzo Libutti","Reggiana"
"Giuseppe Sibilli","Bari"
"Marcelo Enrique Gaona Flores","Sport Huancayo"
"Isnik Alimi","Dalian Yingbo"
"Samuele Damiani","Ascoli Calcio"
"Fabiano Parisi","Fiorentina"
"Béni NKololo","Beijing Guoan"
"Aaron Astudillo","Cobresal"
"Tyrese Francois","Wigan Athletic"
"Antonio Palumbo","Palermo"
"Liberman Torres","Técnico Universitario"
"Estiven Osmar Pérez Yegros","Club Rubio Nu"
"Kubilay Kanatsızkuş","Kasımpaşa"
"Stepan Oganesyan","Orenburg"
"Konstantin Shiltsov","Baltika"
"Alexander Aravena","Portland Timbers"
"Wilson Ibarrola","Club 2 de Mayo"
"Pedro González","Cerro Largo"
"Hugo Gambor","Troyes"
"Elijah Campbell","Port Vale"
"Cieran Slicker","Barnet"
"Sharif Ramírez","Deportivo Garcilaso"
"Armindo Sieb","FSV Mainz 05"
"Alonso Yovera","Cienciano"
"Diego Pampín","Levante UD"
"Hayen Palacios","Independiente Medellín"
"Noé Philipona","Bellinzona"
"Joaquín Gutiérrez","La Serena"
"David Cabezas","Libertad"
"Joan Parra","Once Caldas"
"Evangelos Patoulidis","Sandefjord"
"Eduard Banguero","Alianza Valledupar"
"Kanya Fujimoto","Birmingham City"
"Ibrahim Aliyu","Houston Dynamo"
"Eduardo Mustre","Puebla"
"Emerson Rivaldo Rodríguez Valois","Santa Fe"
"Enio","Chapecoense"
"Jorn Berkhout","Cambuur Leeuwarden"
"Adrian Gill","Atlanta United"
"Serge Ngoma","Birmingham Legion"
"Brayan Montaño","Cúcuta Deportivo"
"Alex Silva","Boston River"
"Logan Dobbs","Gillingham"
"Anderson","Chapecoense"
"Jonathan Espínola","Club Guaraní"
"Joe Lewis","AFC Wimbledon"
"Daniel Gutiérrez","Mazatlán"
"Ricardo Rodríguez","Mazatlán"
"Imran Memet","Shandong Taishan"
"Jaziel Orozco","St. Louis City"
"Julián López","Defensa y Justicia"
"Brian De Keersmaecker","Oxford United"
"Jay Bird","Salford City"
"Christian Marietta","Catanzaro"
"Joe Felix","York City"
"Mohammad Abu Fani","Ferencvaros"
"Eden Karzev","Shenzhen Peng City FC"
"Risto Radunovic","FC FCSB"
"Kwadwo Opoku","CF Montreal"
"Will Sutton","Oldham Athletic"
"Théo Brusco","US Boulogne"
"Esteban Moreira","O'Higgins"
"Christos Hadjipaschalis","Hartford Athletic"
"Nicolás Aedo","Audax Italiano"
"Braunshtain Barak","Qingdao West Coast"
"Liberto Beltrán","Huesca"
"Emiliano Gómez","Puebla"
"Andrés Álvarez","Rionegro"
"Markus Soomets","Start"
"Kevin Pérez","Junior"
"Léider Riascos","Llaneros"
"Sebastián Caceres","Torque"
"Dániel Gazdag","Columbus Crew"
"Idan Nachmias","Ludogorets Razgrad"
"Ralph Priso","Vancouver Whitecaps"
"Florin Stefan","Gazişehir Gaziantep"
"Santiago Cubides","Jaguares de Córdoba"
"Hugo Ekitike","Liverpool"
"Szymon Czyż","Widzew Łódź"
"Edin Omeragic","Neuchâtel Xamax"
"Omar Bugiel","AFC Wimbledon"
"Tom Bradbury","Harrogate Town"
"Obinna Nwobodo","Cincinnati"
"Pape Sarr","Tottenham Hotspur"
"brima Darboe","Bari"
"Luis Sánchez","Atlante"
"Cameron Archer","Southampton"
"Toby Mullarkey","Fleetwood Town"
"Shadrach Ogie","Gillingham"
"Dion Acoff","Tampa Bay Rowdies"
"Bruno Amione","Santos Laguna"
"Matei Cristian Ilie","Kasımpaşa"
"Luke Young","Cheltenham Town"
"Ben Hinchliffe","Stockport County"
"Konrad Gruszkowski","Katowice"
"Luka Zahovic","Górnik Zabrze"
"Luís Mata","Kairat"
"Valentin Antov","Monza"
"Taye Ashby-Hammond","Stevenage"
"David Rodríguez","Tenerife"
"João Gonçalves","AVS"
"Dominik Wanner","Sacramento Republic"
"David Agudelo","Boyacá Chicó"
"Laurence Maguire","Milton Keynes Dons"
"Luke Robinson","Wigan Athletic"
"Aldrix Esteban Jara Falcón","Deportes Concepcion"
"Sturla Ottesen","Lillestrøm"
"Mark Rene Mampassi","Rosenborg BK"
"Samir Lagsir","PEC Zwolle"
"Óscar Villa","León"
"Matthew Platt","Notts County"
"Miguel Nóbrega","Vitória Guimarães"
"Josh Kelly","AFC Wimbledon"
"Josh Hughson Flint","Crawley Town"
"Martin Vitík","Bologna"
"Calvin Ramsay","St Mirren"
"Kieran Ngwenya","Rotherham United"
"Daniele Sommariva","Genoa"
"Nico Maier","Thun"
"Zé Carlos","Gil Vicente"
"Ivan Yordanov","Ludogorets Razgrad"
"Carlo García","Querétaro"
"Tural Bayramov","Qarabağ FK"
"Elvin Cafarquliyev","Qarabağ FK"
"Musa Qurbanly","Qarabağ FK"
"Kevin Medina","Qarabağ FK"
"Shola Shoretire","PEC Zwolle"
"Will Fish","Cardiff City"
"Phillip Nelson","Defence Force"
"Mirza Cihan","Gazişehir Gaziantep"
"Roger","Grêmio"
"Joan Orellana","La Serena"
"Rivaldo Lozano","Atlas"
"Paulo Roberto","Coritiba Fbc"
"Cristopher Angulo","Mushuc Runa"
"Mateo Ortíz","Manta FC"
"Šimon Drozd","Baník Ostrava"
"Isaac Mabaya","Wigan Athletic"
"Luke Chambers","Charlton Athletic"
"Afonso Vieira","Moreirense"
"Henri Saivet","Clermont Foot"
"Anthony Núñez","Mansfield Town"
"Xia Dalong","Shenzhen Peng City FC"
"Rodney Kroeze","PEC Zwolle"
"Evan Ferguson","AS Roma"
"Gabriel Gonzalez","Grasshopper"
"Elmin Rastoder","Thun"
"Andrés Llinás","Millonarios"
"Jakub Chalupa","Viktoria Plzen"
"Eduardo","Mirassol Futebol Clube"
"Lucas Agustin Perez Alvarez","CA Juventud"
"Martin Caramuto","Leones del Norte"
"Artem Garzha","Teplice"
"Nicolás Oroz","Argentinos Juniors"
"Issiar Dramé","Estrela Amadora"
"Oliver Middleton","Auckland FC"
"Peter Antoniou","Melbourne City"
"Alex Nunes","Newcastle Jets"
"Oscar Fryer","Newcastle Jets"
"Besian Kutleshi","Melbourne City"
"Haji Mnoga","Salford City"
"Nicolás Olivera","Wanderers"
"Félix Jesús María Llano Centurión","Club Guaraní"
"Vyacheslav Litvinov","Sochi"
"Anselmo","Adelaide United"
"Rav den","FC Köln"
"Joe Bauress","Accrington Stanley"
"Lautaro Maldonado","Club Rubio Nu"
"Felipe Zenobio","Tigre"
"Lautaro Cano","Banfield"
"Iván Morales","Argentinos Juniors"
"Erik Mikanovich","Legia Warszawa"
"Igor Akinfeev","CSKA Moscow"
"Tommaso Milanese","Ascoli Calcio"
"Folarin Balogun","AS Monaco"
"Ramzi Safouri","Antalyaspor"
"Ruijie Yue","Chongqing Tonglianglong"
"Junwei Lu","Shandong Taishan"
"Adrian Vila","Deportivo Maldonado"
"Didier La Torre","Cienciano"
"Faycal Konate","Karviná"
"Ton Ripoll","CE Sabadell FC"
"Ramiro Macagno","Independiente Rivadavia"
"Mateo Maccari","Deportivo Cuenca"
"Exequiel Beltramone","Manta FC"
"Ramiro Sordo","Santos Laguna"
"Julián Malatini","Werder Bremen"
"Saulo Mineiro","Shanghai Shenhua"
"Giulio Pellizzari","Vicenza Virtus"
"Carlos Gamarra","Cusco"
"D.Felipe Ayala","Bellinzona"
"Feyiseitan Asagidigbi","Manta FC"
"Martin Turk","Estoril"
"Daler Kuzyaev","Fk Rubin Kazan"
"Tim Breithaupt","Fortuna Düsseldorf"
"Jingwei Ruan","Wuhan Three Towns"
"Suf Podgoreanu","Kortrijk"
"Iván Angulo","Orlando City"
"Samuele Vitale","Ascoli Calcio"
"Baralhas","EC Vitória"
"Marvin Senaya","Auxerre"
"Germán Rivero","Deportivo Cuenca"
"Exequiel Zeballos","Boca Juniors"
"Facundo Sosa","Central Español"
"Franco Perinciolo","Delfin"
"Bruno Unušić","Dukla Praha"
"Nikoloz Ugrekhelidze","Fatih Karagümrük"
"Kimoni  Bailey","Mount Pleasant"
"Franco Orozco","Newell's Old Boys"
"Lucas Acosta","Aldosivi"
"Irodotos Christodoulou","Śląsk Wrocław"
"Lucas Besozzi","Lanús"
"Raúl Lozano","AA Estudiantes Río Cuarto"
"Ervin Bashi","Catanzaro"
"Damiano Basili","Reggiana"
"Dimitrios Chatsidis","PAOK Thessaloniki"
"Federico Gattoni","Sevilla"
"Jocelin Ta Bi","Sunderland"
"Hugo San Modesto","Real Valladolid"
"Hakija Canoski","Rapperswil-Jona"
"Matteo Gilli","Arezzo"
"Emiliano Pattarello","Arezzo"
"Simon Rottensteiner","FC Wil 1900"
"Adrian Lickunas","Cremonese"
"Yéiler Góez","Deportivo Pasto"
"Stefano Moreyra","Independiente Rivadavia"
"Marcos Ignacio Ledesma","Instituto"
"Gian Nardelli","Deportivo Cuenca"
"Gastón González","CA Sarmiento"
"Jhonatan Candia","Barracas Central"
"Kevin Zenon","Boca Juniors"
"Leonel Bucca","Independiente Rivadavia"
"Lucas Esquivel","Athletico Paranaense"
"George Gryba","Preston North End"
"Ignacio Gariglio","Deportivo Riestra"
"Simone Bonetti","Reggiana"
"Simon Lengen","Thun"
"M.Amine Chakir","Ascoli Calcio"
"Gastón Suso","Atlético Tucumán"
"D.Papic","Grasshopper"
"Nicolas Previtali","Virtus Entella"
"Trevor McMullen","Birmingham Legion"
"Sebastián Palma","Boyacá Chicó"
"Diego Mello","Miami FC"
"Efren Solis","Orange County SC"
"Jimer Fory","Portland Timbers"
"João Guilherme","Academico Viseu"
"A.Ba","Metz"
"Artem Dzyuba","Akron"
"Nahuel Banegas","Tigre"
"Matvey Fedorov","Nizhny Novgorod"
"Jean Batoum","Cracovia Kraków"
"Max Murray","Huddersfield Town"
"Sebastian Fabian Aranda Marin","Sportivo Ameliano"
"Haiyang Fang","Qingdao West Coast"
"João Paulo","Chapecoense"
"Jackson Porozo","Tijuana"
"Jean Akpro","Grenoble Foot"
"Anestis Mythou","PAOK Thessaloniki"
"Aleksandr Morozov","Akron"
"Thijs Jansen","Cambuur Leeuwarden"
"Renzo Tesuri","Atlético Tucumán"
"Lautaro Blanco","Boca Juniors"
"Ismale Cajazzo","Mantova"
"Salvatore Cerbone","Hellas Verona"
"Marcelo Miño","Barracas Central"
"Gino Infantino","Argentinos Juniors"
"Alejandro Cabrera","AA Estudiantes Río Cuarto"
"Davide Lamesta","Benevento"
"Francesco Salvemini","Benevento"
"Sergio Ramos","Monterrey"
"Matías López","Deportivo Cali"
"Marios Pourzitidis","Dukla Praha"
"Lars Beirinckx","Lommel"
"Fabricio","Tenerife"
"Franck Atoen","Dunkerque"
"Cezary Miszta","Rio Ave"
"Víctor García Mingo","Real Oviedo"
"Tom Smith","Colchester United"
"Juan Cruz Guasone","Cerro"
"Brain Uwalakaji","Real Valladolid"
"Quadri Liameed","CE Sabadell FC"
"Albert Orriols","CE Sabadell FC"
"Adrián Colunga","AD Ceuta FC"
"P.Cianci","Arezzo"
"Raphaël Guerreiro","Bayern Munich"
"Vincent Ocansey","Arminia Bielefeld"
"Adrián Romero","AD Ceuta FC"
"Cruz Beszant","Gillingham"
"Jill Stiel","FC Zürich"
"Esteban Obregón","Torque"
"Muhammed Kadıoğlu","Fatih Karagümrük"
"Emanuele Lorenzelli","Spezia"
"Amine Daali","Dender"
"Nicolás Fernández Mercau","New York City FC"
"Promise Meliga","Kristiansund"
"Omari Forson","Monza"
"Dillion Hoogerwerf","Grenoble Foot"
"Daniel Omar Mendez Sanchez","Pachuca"
"Logan Pye","Accrington Stanley"
"Ignacio Russo","Tigre"
"Juan Ospina","Los Chankas"
"William Carvalho","Pachuca"
"Matías Fernando Lazo Zapata","Melgar"
"Rodolfo Lippo","FC Lausanne Sport"
"Olivier Mambwa","BSC Young Boys"
"Franko Kovacevic","Ferencvaros"
"Bartosz Szczepankiewicz","Lechia Gdańsk"
"Dorian Sinkiewicz","Lechia Gdańsk"
"Eron Gojani","HamKam"
"Guilherme","Houston Dynamo"
"Pierre Ekwah","Watford"
"E.Silletti","Calcio Padova"
"Lucas Bergström","Mallorca"
"Johan Solstad-Nøis","Tromsø"
"Lineker Santos","Real Salt Lake"
"Adrià Capdevila","Celta de Vigo B"
"Geanfranco Rodríguez","Defensor Sporting"
"Rodolfo Sena","Cerro"
"Miguel Llorente Cubo","Atlético Madrid"
"Gus Scott-Morriss","Oldham Athletic"
"Maverick Vera","Aucas"
"Mathijs Tielemans","Excelsior"
"Mohamed Nassoh","NAC Breda"
"Luan Abazi","FC Wil 1900"
"Marcelo Morales","Universidad de Chile"
"Juan Sforza","Talleres de Córdoba"
"Yimar Parra","Deportes Tolima"
"Franky Tchaouna","Catanzaro"
"Tomás Cavanagh","Danubio"
"Antonio Sánchez","Atlas"
"Ewil Murillo","Santa Fe"
"Agustín Cano","Cúcuta Deportivo"
"Mehdi Taremi","Olympiacos"
"Edgar Eyffer Lastre Mercado","Deportivo Moquegua"
"Davi Fernandes","Santos"
"Rodolfo Aloko","Charlotte"
"Julián Aude","LA Galaxy"
"Pascal Utz","SC Kriens"
"Majid Hosseini","Kayserispor"
"Ayoub El Kaabi","Olympiacos"
"René López","Pachuca"
"Mathieu Ndongo","Miami FC"
"Israel Luna","Pachuca"
"Kevin Rincón","Llaneros"
"Weimar Asprilla","Santa Fe"
"Laro Gómez Rodríguez","Racing Santander"
"Gilmar Eduardo Napa Caicedo","Guayaquil City"
"Robert Jukl","Teplice"
"Paolo Rozzio","Reggiana"
"Aleksandr Kutitskiy","Dinamo Moscow"
"Adam Ilic","Thun"
"Matthias Braunöder","Bari"
"Sekou Keita","Union Saint-Gilloise"
"Imadeddine Azzi","Dynamo Makhachkala"
"Elijah Odede","Troyes"
"Saki Kouassi","US Boulogne"
"Luka Boiteau","US Boulogne"
"Martin Bley","Lorient"
"Stanley García","Pumas UNAM"
"Carlos Abeldaño","Atlético Tucumán"
"Samet Karakoç","Antalyaspor"
"Emanuele Schimmenti","Benevento"
"Jeriel Nicolás De Santis Córdova","Melgar"
"J.Servín Leon","Cerro Porteño"
"Adrián Murillo","Atlético Bucaramanga"
"Shunjie Peng","Dalian Yingbo"
"Salem Bouajila","Göztepe"
"Nicolás Valencia","Boyacá Chicó"
"David Djédjé","Bastia"
"Luis Suárez","Inter Miami"
"Selton Camilo","Athletic Club"
"Manex Lozano","Racing Santander"
"Zane Helweh","Macarthur FC"
"Will McKay","Macarthur FC"
"Beckham Baker","Melbourne City"
"Jorge Domínguez","Atlético Madrid"
"M.Abish","Kairat"
"Devrim Şahin","Beşiktaş"
"Demián Domínguez","Defensa y Justicia"
"Emmanuel Sánchez","Cruz Azul"
"Vít Valošek","Karviná"
"Juan Falcón","Deportivo Recoleta"
"Agustín De la Cuesta Airoldi","Racing"
"Facundo Gonzalez","River Plate"
"Isaac Cissé","Sporting Charleroi"
"Marcelo Stephano Timorán Paz","Córdoba CF"
"Mauricio Cabrera","Club Nacional"
"Yoimar Moreno","Deportes Tolima"
"Tim Arnaud","Atlético Ottawa"
"Kadir Barría","Botafogo"
"Erick Orta","Toluca"
"Nelson Sahiel Cedillo Velázquez","Santos Laguna"
"Brando Bettazzi","Pisa"
"Santiago Grella","Unión"
"Guglielmo Mignani","Benevento"
"Aristide Mateta","Stade Lavallois"
"Louie Van Gelder","Antwerp"
"Alonzo Vincent","Servette"
"Fabrizio Baruja Alderete","Sportivo Trinidense"
"Vicente Álvarez","Deportes Limache"
"Elías Rafael Díaz Maldonado","Libertad"
"Djibril Ouziad","Le Havre"
"Eddie Hernandez","Orense"
"Valentino Wurth","Torque"
"Noa Ojea","RSC Anderlecht"
"Misael Aguirre","Unión"
"Michal Kroupa","Dukla Praha"
"Amin Laoukili","Fortuna Sittard"
"Divano Iglesia","Willem II"
"Elias Schroot","Südtirol"
"Anyelo Saldana","Boyacá Chicó"
"Mateo Pérez","Independiente"
"Julian Beltran","Llaneros"
"Tomás Viera","Nacional"
"Vinko Stanisic","Adelaide United"
"Joey Garuccio","Adelaide United"
"Dimitri Valkanis","Brisbane Roar"
"Oliver Dragicevic","Melbourne Victory"
"Akol Akon","Sydney"
"Nickolas Alfaro","Sydney"
"Ifeanyi Eze","Wellington Phoenix"
"Daniel Edwards","Wellington Phoenix"
"Jamal Williamson","Burton Albion"
"Pablo Aguiar","Gimnasia La Plata"
"Simón Zapata","Inter Bogotá"
"Lisandro Bajú","Wanderers"
"Bop Guèye","Sarpsborg 08"
"Ryu Yabiku","Melgar"
"Calderon A.","Deportivo Pereira"
"Radek Palán","Sigma Olomouc"
"Filip Hruska","Slovácko"
"Stepan Ponikelsky","Hradec Králové"
"Radek Büchner","Viktoria Plzen"
"Adam Novák","Viktoria Plzen"
"Noah Maieroni","Brisbane Roar"
"Álvaro De La Rosa","Puebla"
"Thomas Rios","Newell's Old Boys"
"Awan Lual","Western Sydney Wanderers"
"E.Figueroa","Danubio"
"Patrick Ortiz","LDU Quito"
"X.Stella","Melbourne Victory"
"Ryan Mackay","Auckland FC"
"Danila Savelyev","Krylya Sovetov"
"Cristóbal Alfaro","Pachuca"
"Xavier Bertoncello","Newcastle Jets"
"Max Cooper","Newcastle Jets"
"Lukas Kostka","Dukla Praha"
"Damien Osborne Odera","FC Zürich"
"Bachir Gueye","Antalyaspor"
"Nino Weibel","St. Gallen"
"Victor Campos","Cobresal"
"Enzo Larrosa","Independiente Medellín"
"Yiğithan Çubukcu","Trabzonspor"
"Ignacio Peluffo","Tigre"
"Ilay Ben Simon","Maccabi Tel Aviv"
"Santiago Vivas","Fortaleza CEIF"
"Miguel Aguirre","Deportivo Pereira"
"Santiago Alzate","Deportivo Pereira"
"Jhon Montoya","Deportivo Pereira"
"Jared Rodriguez","Deportivo Pereira"
"Josseph Mosquera","Deportivo Pereira"
"Branndon Zapata","Boyacá Chicó"
"Jesús Lara","León"
"Diego Zuppa","Cruz Azul"
"Carlos Sánchez","Monterrey"
"Noa El Hamdaoui","Excelsior"
"Lucca Vuoso","Santos Laguna"
"Luis Gamboa","Atlas"
"Simón Escobar","Vélez Sarsfield"
"Tulián","Belgrano"
"Facundo Jainikoski","Argentinos Juniors"
"Kylian Fofana","Grenoble Foot"
"Moisés Cedeño","Sporting San Miguelito"
"Camilo Amú","América de Cali"
"Aly Traoré","Amiens"
"Djibril Gueye","Leganés"
"Erblin Sadikaj","Luzern"
"F.Javier Daza Arzola","Universidad Católica"
"Nicolás Riestra","Sporting Gijón"
"Mike Anderson Arana Melendez","Real España"
"Luka Vicelich","Auckland FC"
"Van Fitzharris","Auckland FC"
"Ale Gomes","Real Zaragoza"
"Damjan Coric","FC Aarau"
"Facundo Carrizo","Argentinos Juniors"
"Josias Palais","Independiente"
"Pablo Menéndez","Real Oviedo"
"Nicolas Bolcato","Independiente Rivadavia"
"Ada Yüzgeç","Galatasaray"
"Angel Anmarath James Rowe","Sporting San Miguelito"
"Jhon Deiby Cortés Gallego","Universidad de Chile"
"Alexander Tomás Pastene Latorre","Unión La Calera"
"Enzo Verón","Rosario Central"
"Suleiman El Haddadi","Leganés"
"D.Cordero Tapia","La Serena"
"Raúl Patrón","Atlético San Luis"
"Thiago Adalberto Franco Paniagua","Club Sportivo Luqueño"
"Fernando Moreno","León"
"Christ Sadia","Eyüpspor"
"Hamza Kadamani","Metz"
"Cesar Vega","Atlético Tucumán"
"Alejo Gelsomino","Gimnasia La Plata"
"Niek Corthouts","Lommel"
"Facundo Mallo","Rosario Central"
"Mario Dominguez Carriles","Real Valladolid"
"Alan Laprida","Central Córdoba SdE"
"Leonardo Rios","Rosario Central"
"Joaquín Freitas","River Plate"
"Lautaro Gutierrez","Belgrano"
"Henri Espinoza Villegas","Atlético Grau"
"Riley Foxe","Perth Glory"
"Tadiwanashe Kuzamba","Perth Glory"
"Anthony Didulica","Perth Glory"
"Meliwethu Richard Nkomo","Newcastle Jets"
"Germán Enrique Padilla Zúñiga","Tijuana"
"Hubert Janyszka","Lech Poznan"
"N.Rakic","Rapperswil-Jona"
"Lorenzo Mezzotero","Sampdoria"
"Gabriel Rajkovic","Vålerenga"
"Suleiman Camara","Racing Santander"
"Alejandro Sosa","Club 2 de Mayo"
"Haydar Karataş","Fenerbahçe"
"Kamil Üregen","Fenerbahçe"
"Sotiris Terzis","Panathinaikos"
"Jorge Montes","Getafe"
"Noa Diego Vazquez Gottraux","Yverdon Sport FC"
"Harrison Gray","Swindon Town"
"Luis Orejuela","Mallorca"
"Chuanhui Zheng","Qingdao Manatee"
"Cong Yang","Qingdao Manatee"
"Christian Ferreres","Sporting Gijón"
"Houssam Kounia Ait Tamlihat","Almería"
"Marcos Leiva","Leganés"
"Antoine Kerriou","US Boulogne"
"Diego Fuentes","Racing Santander"
"Louie Dayal","Gillingham"
"Unax Larrañaga","Real Sociedad B"
"Kevin Lomónaco","Independiente"
"John Otomewo","Stade de Reims"
"Noé Carrillo","RC Deportivo La Coruña"
"Samuel Wiafe","Modena"
"Tito Maria Fabbri","Modena"
"Brody Burkitt","Adelaide United"
"Félix Espinoza","Los Chankas"
" Mikael Evagorou-Alao","Brisbane Roar"
"Alessio Beaudouin","Stade Lavallois"
"Giovanni De Abreu","Perth Glory"
"Charli Spoden","Standard Liège"
"Iván Ortega","Las Palmas"
"Mamadou Koné","Lorient"
"CJ Williams","Rhode Island"
"Fletcher Bank","Toronto FC"
"Will Cleary","Charlotte"
"Nikola Markovic","DC United"
"Donavan Phillip","Colorado Rapids"
"Imanol Segovia","Club Guaraní"
"Callum Frogson","Brooklyn FC"
"Kwaku Agyabeng","Sporting Kansas City"
"Jeysinio Chalá","Universidad Católica"
"Charles-Emile Brunet","Nashville SC"
"Gilberto Rivera","Phoenix Rising"
"Agustin Resch","Houston Dynamo"
"Tarun Karumanchi","Columbus Crew"
"Sergi Solans","Real Salt Lake"
"Arnau Farnós","New York City FC"
"Zach Zengue","St. Louis City"
"Richie Aman","Loudoun United"
"Lasse Kelp","Pittsburgh Riverhounds"
"Sadam Masereka","Colorado Springs"
"Jabari De Coteau","Colorado Springs"
"Charlie Lanphier","Las Vegas Lights"
"Owen Mikoy","Pittsburgh Riverhounds"
"Harvey Sarajian","Orlando City"
"Ayoub Lajhar","Cincinnati"
"Aleksandar Vukovic","Phoenix Rising"
"Jesus De Vicente","Oakland Roots SC"
"Nicholas Simmonds","FC Dallas"
"Manuel Panaro","Gimnasia La Plata"
"Siro Rosané","AA Estudiantes Río Cuarto"
"Federico Vera","Huracán"
"Enzo Dovlo","Atlanta United"
"Galen Flynn","Hartford Athletic"
"Joao Neitan Mendoza Ayala","Deportivo Garcilaso"
"Luc Granitur","Sporting JAX"
"Kirill Pakhomov","Charleston Battery"
"Troy Elgersma","LA Galaxy"
"Jai Rose","Western Sydney Wanderers"
"Franco Catarozzi","Clube do Remo"
"Max Svensson","Casa Pia AC"
"Laurence Taylor","Central Coast Mariners"
"Daniel Semedo","Lorient"
"Michel Abe Kaufman Gómez","Los Chankas"
"Ignacio Mujica","CA Juventud"
"Emmett Shaw","Brisbane Roar"
"Juan Viveros","Alianza Valledupar"
"Jaime Andrés Estrada González","Mazatlán"
"Pello Arana","Real Sociedad B"
"Jerzy Napieraj","Raków Częstochowa"
"Priveato Matheu","Juve Stabia"
"Cristobal Basilio Hernández Alcantara","Pachuca"
"Israel Tello Robles","Necaxa"
"Rogelio Andrés González Román","Cruz Azul"
"Akpe Victory Maduabuchukwu","Basel"
"Octavio Martín Vázquez González","Atlante"
"Armando Ballesteros","Cúcuta Deportivo"
"Jonathan Lovera","Jaguares de Córdoba"
"Angelo Calfo","Miami FC"
"Richardson Rivas","Fortaleza CEIF"
"Kevin Caicedo","Llaneros"
"Alberto Higgins","Rionegro"
"Román Suárez","Club Alianza Atlético Sullana"
"Luis Moreno","Deportivo Pereira"
"Joan Valverde","Fortaleza CEIF"
"Ahmed Traore","Fatih Karagümrük"
"Karamba Gassama","Gazişehir Gaziantep"
"Muhammet Akmelek","Gazişehir Gaziantep"
"Moussa Kone","Fatih Karagümrük"
"Joaquín Flores","Central Córdoba SdE"
"Mamadou Sidibé","Stade Lavallois"
"Juan Cázares","Querétaro"
"Ricardo Alonso","Necaxa"
"Julian Castillo","Boyacá Chicó"
"Jhon Henry Romaña","Boyacá Chicó"
"Prince Martor","Gençlerbirligi"
"Saikuba Jarju","Samsunspor"
"Máximo Rodríguez","Defensa y Justicia"
"Patricio Madero","Leones del Norte"
"Dilan Villarreal","Junior"
"Bautista Gerez","Central Córdoba SdE"
"Ulises Delgado","CA Sarmiento"
"Álex Sánchez","Elche"
"Dayan Gélvez","Cúcuta Deportivo"
"Breyner Rodríguez","Cúcuta Deportivo"
"Jefferson Stalin Arce Mina","Delfin"
"Edilson Alejandro Cabeza Almeida","Delfin"
"Raul Gustavo","New York City FC"
"Luca Rafaelli","Instituto"
"Federico Rodriguez","Central Córdoba SdE"
"Nicolás Blanco","San Lorenzo de Almagro"
"Shahin Edougué","Stade Nyonnais"
"Janik Rutz","FC Wil 1900"
"Pedro Ríos","Deportivo Recoleta"
"Randy Báez","Sportivo Trinidense"
"Luciano Sábato","Independiente Rivadavia"
"Lautaro Ortiz","Talleres de Córdoba"
"Francesco Fiorelli","Alianza Valledupar"
"Latif Ouedraogo","Genoa"
"Kevin Kers","NEC"
"Estiven Villalba","Libertad"
"Daniel Aparicio","Real España"
"Alvaro Güich","Rosario Central"
"Jesus Chara","Boyacá Chicó"
"Jhordy Camacho","América de Cali"
"Leyner Palacios","Alianza Valledupar"
"Néider Parra","Atlético Nacional"
"Franco Pelozo","Club Nacional"
"Axel Galeano","San Lorenzo"
"José Barrios","San Lorenzo"
"Pablo Figueredo","San Lorenzo"
"Héctor Villamayor","San Lorenzo"
"Fabrizio Balbuena","San Lorenzo"
"Hugo González","San Lorenzo"
"Jhonier Alomía","Boyacá Chicó"
"Alaettin Ekici","Fenerbahçe"
"Sebastián Girado","Inter Bogotá"
"Frank Martínez","Deportivo Pasto"
"Juan Chala","AA Estudiantes Río Cuarto"
"Vinicius Balieiro","Chapecoense"
"Martín Mercado","Club Guaraní"
"Alcides Garcete","Club Guaraní"
"Thiago Ferreira","Sportivo Ameliano"
"Stevens Pereira","Club Rubio Nu"
"Lucas Rodríguez","Club Rubio Nu"
"Gustavo Avalos","Club Rubio Nu"
"Facundo Kalinger","Huracán"
"Marlon Balanta","Independiente Medellín"
"Hassler Beltrán","Cúcuta Deportivo"
"Julio Cuero","Fortaleza CEIF"
"José Luis Granda","Deportivo Moquegua"
"Renzo Figueroa","Deportivo Moquegua"
"Marcello Negrón","Deportivo Moquegua"
"Mathias Panizo","Deportivo Moquegua"
"Allonso Dávila","Deportivo Moquegua"
"Eros Montenegro","Deportivo Moquegua"
"Sebastián Enciso","FC Cajamarca"
"Fernando Ocas","FC Cajamarca"
"Patrick Alegría","FC Cajamarca"
"Jhan Vega","FC Cajamarca"
"Anthony Cubas","ADT"
"Aylton Mazzo","ADT"
"Emerson García","ADT"
"Oscar Caicedo","Boyacá Chicó"
"Leonel Flores","Boca Juniors"
"Carlos Londoño","Rionegro"
"Facundo Alaggia","CA Sarmiento"
"Marcos López","Banfield"
"Mateo González","Deportes Concepcion"
"Angel Gillard","Deportes Concepcion"
"Jakub Ligocki","Zagłębie Lubin"
"Adam Żabicki","RKS Radomiak Radom"
"Diego Vargas","Universidad de Chile"
"Martín Valdés","Audax Italiano"
"Augusto Ezequiel Aguirre","Deportes Limache"
"Gonzalo Abrego","San Lorenzo de Almagro"
"Oscar Skari-Hansen","Fredrikstad"
"Adam Binar","Hradec Králové"
"Luis Pretel","Los Chankas"
"Adán Henricks","Juan Pablo II College"
"Jossimar Serrato","Juan Pablo II College"
"Matias Zegarra","Melgar"
"Jacob Nasso","Central Coast Mariners"
"Mo Missanga","Oxford United"
"Martín Ramírez","Universidad Concepción"
"José Sanhueza","Universidad Concepción"
"Cristóbal Zambrano","Universidad Concepción"
"Pablo Rodríguez","Coquimbo Unido"
"Maciej Soboczynski","Rosenborg BK"
"Tomás Aranda","Boca Juniors"
"Faiber Arroyo","Boyacá Chicó"
"Mateo Gomez","Boyacá Chicó"
"Marcelo Flores","Deportes Limache"
"Facundo Marín","Deportes Limache"
"Bastián Contreras","La Serena"
"Milovan Velásquez","La Serena"
"Daniel Saggiomo","Deportivo Táchira"
"Mateusz Tabisz","Cracovia Kraków"
"Néifer Sánchez","Deportes Tolima"
"Amaro Leon","Everton"
"Nigel Groenewald","Twente"
"Ismael Oketokoun","Forge FC"
"Anthony Aromatario","Forge FC"
"Clinton Zelaya","Olimpia"
"Kevin Güiti","Olimpia"
"Brian Quinteros","Cerro"
"Tiago Rijo","Cerro"
"Francisco Couture","Albion"
"Tomás Habib","Racing"
"Thiago Fernández","Racing"
"Nabil Homssa","Montpellier"
"Rubén Silva","Xelaju"
"Javier González","Xelaju"
"Juan Cardona","Xelaju"
"Raúl Calderón","Xelaju"
"José Longo","Xelaju"
"Widvin Tebalán","Xelaju"
"Harim Quezada","Xelaju"
"Xavi Rios","Atlético Nacional"
"Kian Proctor","Vancouver FC"
"Renato Suárez","FC Cajamarca"
"Ramsés de León","Sporting San Miguelito"
"Francisco Herrera","Universidad Concepción"
"Eliezer Barreto","Deportivo Recoleta"
"Stije Resink","FC Groningen"
"James Hilton","Auckland FC"
"Edgaras Utkus","Cercle Brugge"
"Mateo Caballero","Defensor Sporting"
"Tomás Ahumada","Audax Italiano"
"Leison Ochoa","Cúcuta Deportivo"
"Valentín Loza","Defensa y Justicia"
"Ramiro Lecchini","Torque"
"Ignacio Miramón","Gimnasia La Plata"
"Jacek Czaplinski","Pogoń Szczecin"
"Ismaila Manga","Eyüpspor"
"Felipe Barrenechea","Liverpool"
"Nicolás L'Huillier","Universidad Católica"
"Dorian Markowski","Śląsk Wrocław"
"Joaquín Solleiro","Progreso"
"Franco Muñoz","Central Español"
"Lautaro Gómez","Central Español"
"Facundo Yocco","Central Español"
"Mauricio Rodríguez","CA Juventud"
"Franco Risso","CA Juventud"
"Bastián Sandoval","La Serena"
"Ricardo Rebolledo","Everton"
"Sebastián Melgarejo","Huachipato"
"Juan Pérez","Racing"
"Ronnie Fernández","Palestino"
"Gonzalo Gómez","CA Juventud"
"Facundo Alvez","Peñarol"
"Diego Daguerre","Cerro Largo"
"Anderson Pato","EC Vitória"
"Marcelo Hornos","Boston River"
"Enzo Cabrera","Danubio"
"Luca Tevere","Perth Glory"
"Abdou Khadre Sy","Eyüpspor"
"Francisco Pacher","Deportivo Recoleta"
"José Duarte","San Lorenzo"
"Matías Agüero","San Lorenzo"
"Jeferson Torales","San Lorenzo"
"Elias Ortíz","San Lorenzo"
"Albert Gómez","Palestino"
"Jakub Tichy","Bohemians 1905"
"Wiktor Żołneczko","Raków Częstochowa"
"Matvey Bokhno","Wisła Płock"
"Benjamín Villarroel","Cobresal"
"Benjamin Lorca","Cobresal"
"Wojciech Szymczak","Lech Poznan"
"Rafael Acuña","Once Caldas"
"Maximiliano Fernandez","Unión La Calera"
"Lucas González","Sportivo Trinidense"
"Juan Bernal","Libertad"
"Victor Sánchez","Córdoba CF"
"Ignacio Alegre","Peñarol"
"Thiago Salinas","Comerciantes Unidos"
"Ahmet Taha Dagbasi","Kasımpaşa"
"Nixon Cruz","Real España"
"Danilo Palacios","Real España"
"Isaiah Malik","Defence Force"
"Shirwin Noel","Defence Force"
"Justin Sadoo","Defence Force"
"Joshua Araujo-Wilson","Defence Force"
"Kathon St. Hillaire","Defence Force"
"Rivaldo Coryat","Defence Force"
"Nicholas Dillon","Defence Force"
"Russell Francois","Defence Force"
"Christian Bailey","Defence Force"
"Philip Tinto","Defence Force"
"Darius Ollivierra","Defence Force"
"Jelani Felix","Defence Force"
"Adriel George","Defence Force"
"Julen Olasagasti","Universidad O&M"
"Gabriel Castillo","Universidad O&M"
"Emmanuel Cuello","Universidad O&M"
"Jon Trincado","Universidad O&M"
"Ronaldiño Caicedo","Universidad O&M"
"Sergio Paredes","Universidad O&M"
"Gerald Villar","Universidad O&M"
"Héctor Ramírez","Universidad O&M"
"Ricardo Sánchez","Universidad O&M"
"Iraitz Gelbentzu","Universidad O&M"
"Sergio Abreu","Universidad O&M"
"Simón Cuello","Universidad O&M"
"Julen Manterola","Universidad O&M"
"Bryan Zamblé","San Diego FC"
"Marlon Ávila","Sporting San Miguelito"
"Jeslan Caicedo","Sporting San Miguelito"
"Angel Valencia","Sporting San Miguelito"
"Rodrigo Tello","Sporting San Miguelito"
"Joel Barría","Sporting San Miguelito"
"Julio Betancourt","Sporting San Miguelito"
"John Banguera","Independiente Medellín"
"Luis Piedrahita","Independiente Medellín"
"Alan Valdelamar","Independiente Medellín"
"Endrit Fetahu","Bellinzona"
"Bailey Ferguson","Auckland FC"
"James Mitchell","Auckland FC"
"Jorge Cardozo","Club Rubio Nu"
"Tomas Fojtu","Zlín"
"Marcelo Chaparro","Cerro Porteño"
"Juan Echilvestre","Santos Laguna"
"Ricky Louis","FC Dallas"
"Jordan Medina","Barcelona"
"Johan Montes","Técnico Universitario"
"Osman Pico","Mushuc Runa"
"Yorlin Arce","Técnico Universitario"
"Santiago Razzeto","Técnico Universitario"
"Ayrton Morales","Técnico Universitario"
"Martín Cháves","Técnico Universitario"
"Jackson González","Mushuc Runa"
"Atiya Waraga","Western Sydney Wanderers"
"Harold Antiñirre","Huachipato"
"Eldar Sehic","Baník Ostrava"
"Vicente Zenteno","Audax Italiano"
"Luca Feler","Vélez Sarsfield"
"Santiago Laurino","Guayaquil City"
"Manu Palma","Guayaquil City"
"Jonathan Ordóñez","Guayaquil City"
"Rodrigo Rodríguez","Macará"
"Juan Espinoza","Macará"
"Luca Ferro","Macará"
"Frixon Vargas","Leones del Norte"
"Santiago Arrieta","Leones del Norte"
"Brian Kreiman","Leones del Norte"
"Miguel Caicedo","Leones del Norte"
"Jorge Cabeza","Leones del Norte"
"Enzo Rubio","Delfin"
"Agustín Codagnone","Progreso"
"Esteban Páez","Universidad Concepción"
"Benjamín Sáez","Universidad Concepción"
"Erik Alvarez","Deportes Tolima"
"Johan Estacio","Libertad"
"Enrique Caicedo","Libertad"
"Alejandro Rialpe","Manta FC"
"Robinson García","Atlético Nacional"
"Owen Jumpp","Mount Pleasant"
"Jabarie Howell","Mount Pleasant"
"Ömer Çobanoğlu","Konyaspor"
"Christopher Arteaga","Técnico Universitario"
"Carlos Estupiñán","Técnico Universitario"
"Rayan Talbi","Granada"
"Anthony Folleco","Leones del Norte"
"Facundo Valdez","Independiente"
"Daniel Socarras","Junior"
"Eldar Guseynov","FK Krasnodar"
"Julian Hettwer","Fortuna Düsseldorf"
"Oskar Markiewicz","RKS Radomiak Radom"
"Mingiyan Badmaev","CSKA Moscow"
"Mateo Urrutia","Central Español"
"Roque Ricca","Wanderers"
"Damián García","Danubio"
"Mathías Masi","Deportivo Recoleta"
"Martin Gómez","Universidad Católica"
"Shenghan Pang","Liaoning Tieren"
"De'ao Tian","Liaoning Tieren"
"Hongfu Zhang","Liaoning Tieren"
"Haoyang Yao","Chongqing Tonglianglong"
"Zitong Wu","Chongqing Tonglianglong"
"Yingkai Zhang","Chongqing Tonglianglong"
"Mingshi Liu","Chongqing Tonglianglong"
"Zhixiong Zhang","Chongqing Tonglianglong"
"Jiale Liu","Chongqing Tonglianglong"
"Zhenquan Li","Chongqing Tonglianglong"
"Yongqiang Wu","Chongqing Tonglianglong"
"Weipeng Liang","Chongqing Tonglianglong"
"Yuwang Xiang","Chongqing Tonglianglong"
"Yutao Bai","Chongqing Tonglianglong"
"Erik Yepez","Delfin"
"Andrés Muñoz","Torque"
"Jefferson Wila","Barcelona"
"Filip Lien","Start"
"Bachir Ndiaye","Miami FC"
"Mason Tunbridge","Miami FC"
"Arney Rocha","Miami FC"
"Mostafa Najafzadeh","KFUM-Kameratene Oslo"
"Isaiah Kabi","KFUM-Kameratene Oslo"
"Ezequiel Pérez","Racing Club"
"David García","Oakland Roots SC"
"Ryan Doherty","Stevenage"
"Andrés Shmalbach","Junior"
"Tarik Hamamioglu","Heracles Almelo"
"Yifan Tian","Shenzhen Peng City FC"
"Junyi Yao","Shenzhen Peng City FC"
"Andrew Caborn","Lexington SC"
"Dion Lecaj","Rapperswil-Jona"
"Benjamín Argandona","Unión La Calera"
"Kangbo Sun","Dalian Yingbo"
"Cesar Bobadilla","Cerro Porteño"
"Ekber Osman","Henan Songshan Longmen"
"Jaethan Irwin","Phoenix Rising"
"Eziah Ramirez","Phoenix Rising"
"Abdel Talabi","Monterey Bay"
"Bradley Roberson","Oakland Roots SC"
"Aziz Behich","Melbourne City"
"Jackson Kiil","Oakland Roots SC"
"Zhanpeng Yang","Qingdao West Coast"
"Weiwei Jia","Qingdao West Coast"
"Zixian Wei","Qingdao Manatee"
"Yaniv Bazini","Orange County SC"
"Chidiebere Okoro","AD Ceuta FC"
"Sergio González","AD Ceuta FC"
"Kevin Pierre","New York City FC"
"Jiefu Deng","Beijing Guoan"
"Lixun Jiang","Wuhan Three Towns"
"Halit Abdugheni","Wuhan Three Towns"
"Carlos Daniel Meza Montiel","San Lorenzo"
"Efim Burkin","FK Krasnodar"
"Esat Narin","Kocaelispor"
"Daniil Chevardin","Lokomotiv Moscow"
"Mathew Leckie","Melbourne City"
"Felipe Tempone","Independiente"
"Fabrizio Portillo","Sportivo Ameliano"
"Jorge Trinidad","Club Nacional"
"Aleksander Elvebu","Tromsø"
"Moustapha Toure","Zlín"
"Cristopher Benalcazar","Universidad Católica"
"Romario Bolaños","Aucas"
"Ernesto Molina","Central Español"
"Josh Risdon","Perth Glory"
"Michael Luxton","Gillingham"
"Lucas Ramos","Rosario Central"
"Luis Garcés","Orense"
"Felipe Anso","Aldosivi"
"Shaqueil Bradford","Mount Pleasant"
"Raheem Edwards","Mount Pleasant"
"Shaquille Dyer","Mount Pleasant"
"Marlon Carabalí","Cúcuta Deportivo"
"Foster Apetorgbor","Sandefjord"
"Daniel Arzani","Melbourne City"
"Niall Thom","Brisbane Roar"
"Heiler Moreno","Deportivo Pasto"
"Jiaxi Yin","Shandong Taishan"
"Long Li","Shenzhen Peng City FC"
"Denis Zamazal","Dukla Praha"
"Lenny Brown","Stevenage"
"Alonzo Clarke","FC Tulsa"
"Zion Siranga","FC Tulsa"
"Emilio Martinez","Oakland Roots SC"
"Ryuga Nakamura","Monterey Bay"
"Joseb Mosquera","Alianza Valledupar"
"Thomas Falconer","St Mirren"
"Jairo Mairongo","Leones del Norte"
"Máximo Cabrera","Gimnasia La Plata"
"Diego Zuluaga","Jaguares de Córdoba"
"Derlys Gómez","Mushuc Runa"
"Andrew Nabbout","Melbourne City"
"Xulin Fan","Henan Songshan Longmen"
"Alan Coria","Defensa y Justicia"
"Menghui Yu","Shenzhen Peng City FC"
"Steven Daniel Góngora Palacios","Independiente del Valle"
"Nelson Romero","Club Guaraní"
"Josue Centurion","Club Guaraní"
"Elias Rojas","Universidad de Chile"
"Daniel Martínez","Defensor Sporting"
"Santiago Joven","Deportes Tolima"
"Helieyker Guzman","Once Caldas"
"Luis Paredes","Club Guaraní"
"Jackson Irvine","St. Pauli"
"Lirong Xiao","Dalian Yingbo"
"Iván Silva","Cruz Azul"
"Gengrui Wang","Qingdao West Coast"
"Geronimo Patritti","Gimnasia Mendoza"
"Jackson Gaydon","Phoenix Rising"
"Abdulla Ashurov","Dynamo Makhachkala"
"Bunyamin Abdusalam","Yunnan Yukun"
"Julio Valencia","Deportivo Cuenca"
"Victoir N'Zelo","Dender"
"Pavel Polekh","Spartak Moscow"
"Juan Quintero","Rionegro"
"Matías Patiño","Deportivo Pereira"
"Santiago Zampieri","Torque"
"Cristian Pavón","Grêmio"
"Bautista Pereira","Danubio"
"Bright Siaw","Barnet"
"Juan Urrea","Deportivo Pereira"
"Juan Morales","Deportivo Pereira"
"Mame Diallo","Miami FC"
"Francisco Moreno","Cobresal"
"Víctor Sánchez","Cerro Porteño"
"Manuel Díaz","Deportivo Pereira"
"Lionel Messi","Inter Miami"
"Tobias Ritchie","Bolton Wanderers"
"Tomás Fagioli","Unión"
"Lautaro Duarte","Deportivo Riestra"
"Josemaria Mellán","Sporting Cristal"
"Éver Banega","Defensa y Justicia"
"Chengrui Zhang","Dalian Yingbo"
"Abdullah Oluwasegun","Hartford Athletic"
"Marcos Ortiz","Belgrano"
"Alan Alcaraz","Argentinos Juniors"
"Juan Policella","Vélez Sarsfield"
"David Alves","Coritiba Fbc"
"Marcelo Cabrera","Rosario Central"
"Andrés Viteri","Emelec"
"Martín Sigüenza","Deportivo Cuenca"
"Lautaro Pereyra","River Plate"
"Bastián Escobar","Deportes Concepcion"
"Lucas Barrera","Universidad de Chile"
"Vicente Ramírez","Universidad de Chile"
"Oliver López","Club Sportivo Luqueño"
"Rodrigo Catalán","Colo Colo"
"Adam Hańćko","Korona Kielce"
"Martín Torrejón","Huachipato"
"Samuel Rodríguez","Central Español"
"Jesse Mantell","Central Coast Mariners"
"Wagner Caicedo","Técnico Universitario"
"Benjamin Pérez","O'Higgins"
"Andy López","Boston River"
"Thiago Brizuela","Liverpool"
"Nicolás Scotti","Defensor Sporting"
"Eduardo Salvio","Lanús"
"Abdoulaye Mbaye","Pau"
"Luis Carmona","Juárez"
"Cohen Lee","Rotherham United"
"Bara Ndiaye","Bayern Munich"
"Samy Burbano","Manta FC"
"Facundo Gallardo","AA Estudiantes Río Cuarto"
"Jonatan Ramirez","Pachuca"
"Alejandro Morante","CyD Leonesa"
"Rafael Chila","Técnico Universitario"
"Benjamín Azambuja","Danubio"
"Diego Sabando","Universidad Concepción"
"Juan García","Nacional"
"Thiago Romero","Club Guaraní"
"Luis Advíncula","Alianza Lima"
"George Evans","Bromley"
"Ata Yanık","Konyaspor"
"Juan Camargo","Jaguares de Córdoba"
"Bautista Pieroni","AA Estudiantes Río Cuarto"
"Jens Stryger","Malmö FF"
"Alan Fernández","Club 2 de Mayo"
"Adam Alabi","Slovácko"
"Joel Ahumada","Audax Italiano"
"Klever Caicedo","Barcelona"
"Pedro Aquino","Alianza Lima"
"Thomas Delaney","FC København"
"Pedro Gallese","Deportivo Cali"
"Yoshimar Yotún","Sporting Cristal"
"Tobías Vega","Club Nacional"
"Elliot Hartmann","Mansfield Town"
"Dilan Varas","Deportes Concepcion"
"Sullivan Booth","Gillingham"
"Lucas Silva","River Plate"
"Julen Martínez","Mirandés"
"Raúl Ruidíaz","Atlético Grau"
"Eren Yağmur","Konyaspor"
"Rafael Cruz","Las Palmas"
"Nicolás Pérez","Torque"
"Ahmet Dağdevir","Konyaspor"
"Ahmet Tırpancı","Konyaspor"
"Arturo Batioja","Libertad"
"Edward Lake","Port Vale"
"Mohamed Keita","Wycombe Wanderers"
"Isaac Anderson","Oldham Athletic"
"Will Etheridge","Walsall"
"Noah Cross","Phoenix Rising"
"Matías Salvo","Independiente Rivadavia"
"Santino Gianini","Argentinos Juniors"
"Lisandro Duarte","Rosario Central"
"Ricardo Rodríguez","Real Betis"
"Breel Embolo","Rennes"
"Jaime Tobajas","Real Zaragoza"
"Steven Zuber","FC Zürich"
"Thiago Aguirre","Vélez Sarsfield"
"Vinicius Eduardo","Chapecoense"
"Reece McAlear","St Johnstone"
"Daniel Barden","Stevenage"
"Marco Reus","LA Galaxy"
"David Quintero","Orense"
"Andrey Kasadzhikov","Orenburg"
"Rrezart Bytyqi","Rapperswil-Jona"
"Thomas Müller","Vancouver Whitecaps"
"Omar Minatulaev","Orenburg"
"Leandro Schödler","FC Zürich"
"Charley Oosenbrugh","Dundee"
"Edson Álvarez","Fenerbahçe"
"Hirving Lozano","LA Galaxy"
"Héctor Moreno","Monterrey"
"Serdar Saatçı","Trabzonspor"
"Javier Santos","Córdoba CF"
"Noah Gjokaj","Rapperswil-Jona"
"Mathias Olesen","Greuther Fürth"
"Alejandro Carrión","Real Valladolid"
"Nahom Tesfom","Grasshopper"
"Eliano Guido","Grasshopper"
"Demis Fiechter","Grasshopper"
"Víctor Chumachenko","FC Andorra"
"Enes Seven","Konyaspor"
"Joel Campbell","LD Alajuelense"
"Maximiliano Osorio","Huachipato"
"Alvaro Abarzúa","Huachipato"
"Felipe Olave","Colo Colo"
"Christian Mansilla","Deportivo Ñublense SADP"
"Celso Borges","LD Alajuelense"
"Karol Delikat","Lech Poznan"
"Valentín Lucero","River Plate"
"Emiliano Alonso","Defensor Sporting"
"Tissi","Coritiba Fbc"
"David Grygera","Zlín"
"Nikodem Rogowski","Wisła Płock"
"Wojciech Zacharewicz","Arka Gdynia"
"Nikodem Gozdecki","Arka Gdynia"
"Olaf Gohlike","Arka Gdynia"
"Kevin Perez","Atlético Nacional"
"Zbynek Paidar","Viktoria Plzen"
"Bourama Dembélé","Granada"
"Elías Bentancor","Racing"
"David Benjamin","HamKam"
"Holmes Zamorano","Girona"
"Edoardo Biondini","Empoli"
"Kássio","Chapecoense"
"Owen Emeka","Granada"
"Pablo Osán","Huesca"
"Tico","Clube do Remo"
"Kevin Bitancourt","Albion"
"Facundo Álvez","Cerro Largo"
"Johan Venegas","CS Cartaginés"
"Elnizar Lohman","Qingdao West Coast"
"Patricio Tanda","Club Guaraní"
"Francisco Calvo","Nacional"
"Vicente Lavín","Unión La Calera"
"Viktor Claesson","FC København"
"Josué Vergara","Gent"
"Heuyín Guardia","Técnico Universitario"
"Hwang Hee-Chan","Wolverhampton Wanderers"
"Robin Olsen","Malmö FF"
"Emil Forsberg","New York Red Bulls"
"José Luis Rodríguez","Juárez"
"Renzo Giampaoli","Gimnasia La Plata"
"Erald Maksuti","FK Akhmat Grozny"
"Jostin Hurtado","Orense"
"Joshua Martinez","Orange County SC"
"Yoel Bárcenas","Mazatlán"
"Moro Sidibe","FC Andorra"
"Joel López","Celta de Vigo B"
"Omari Hutchinson","Nottingham Forest"
"Ismael Díaz","León"
"Armando Cooper","Sporting San Miguelito"
"Aníbal Godoy","San Diego FC"
"Luis Hurtado","Manta FC"
"Viggo Martens","Cercle Brugge"
"Rodrigo Morínigo","Libertad"
"Yermán Quiñonez","Libertad"
"Lucas Aragones","Racing"
"Rodrigo Gadea","Racing"
"Facundo Aristegui","Boston River"
"Alan Benítez","Central Español"
"Reixon Saya","Emelec"
"Matías Olguín","Cobresal"
"Keyson Quinto","Atlético Bucaramanga"
"Mono Martínez","Querétaro"
"Cesar Flores","Deportivo Garcilaso"
"Dylan Bronn","Servette"
"Emirhan Boz","Kasımpaşa"
"Carlos Carrillo","Toluca"
"Ícaro","América"
"Alejandro Cárdenas","América"
"Dominik Gregorski","Motor Lublin"
"Yves Allou","FC Wil 1900"
"Edian Gashi","Stade Nyonnais"
"Joël Mandaka","Stade Nyonnais"
"Lucas Ribeiro","Stade Nyonnais"
"Fabulus Ahuissou","Stade Nyonnais"
"Eder Januário","Étoile Carouge FC"
"Mathis Dind","Neuchâtel Xamax"
"Dmitriy Vorobyov","FK Krasnodar"
"Aleksey Kasadzhikov","FK Akhmat Grozny"
"Rifet Kapic","Lechia Gdańsk"
"M'Baye Niang","Gençlerbirligi"
"Arkadiusz Milik","Juventus"
"Keiner Klinger","Independiente Medellín"
"Dawid Kownacki","Hertha Berlin"
"Ieuan Owen","Kilmarnock"
"Paul McGovern","Falkirk"
"Valentino Felici","Rosario Central"
"Thiago Martínez","Defensa y Justicia"
"Jonás Cabrera","Defensa y Justicia"
"Mateo Vales","Aldosivi"
"Wojciech Szczęsny","Barcelona"
"Fabio Morello","FC Stade Lausanne-Ouchy"
"Rayan Boulac","Stade Nyonnais"
"Martín Cuitiño","Central Córdoba SdE"
"Lautaro Piola","Vélez Sarsfield"
"Emilio Pardo","Llaneros"
"Jeremías Acosta","Banfield"
"Lucas Ayala","Unión"
"Tomás Uribe","Huracán"
"Mateo Peresutti","Unión"
"Valentín Cerrudo","Unión"
"Carlos Chena","Cerro Porteño"
"Isaias Fretes","San Lorenzo"
"Blas Benedetto","Newell's Old Boys"
"Bruno Trey","Talleres de Córdoba"
"Tomás Ortiz","Gimnasia Mendoza"
"Pedro Ramírez","Deportivo Riestra"
"Nivaldo Erazo","Independiente Medellín"
"José Munive","Junior"
"Marcelo Camargo","Sportivo Ameliano"
"Zicheng Jiang","Beijing Guoan"
"Vladislav Golubev","Lokomotiv Moscow"
"Ilya Eremeev","Lokomotiv Moscow"
"Rodrigo Granillo","Atlético Tucumán"
"Facundo Cruz","Independiente"
"Juan Arrayago","Independiente"
"Bastian Muñoz","Deportivo Ñublense SADP"
"Howenn Rada","Alianza Valledupar"
"Facundo Herrera","Boca Juniors"
"Juan Poblete","O'Higgins"
"Sebastián Meza","Huracán"
"Jefferson Lerma","Crystal Palace"
"Gonzalo Figueroa","La Serena"
"Santino Aguirre","Racing Club"
"Thiago Gómez","Argentinos Juniors"
"Ramiro Gagliardi","Defensa y Justicia"
"Malcolm Lohunanu-Mbasi","Mechelen"
"Xavello Druiventak","Cesena"
"Daniel Boloca","Sassuolo"
"Juan Cuadrado","Pisa"
"Martín Suazo","Universidad Concepción"
"Carlos Mejia","Antwerp"
"Luis Narh","Antwerp"
"Noach Shenkman","Telstar"
"Florin Tănase","FC FCSB"
"Valentin Crețu","FC FCSB"
"Tomás Agustín Pozzo","Defensor Sporting"
"Joaquín Rivero","AA Estudiantes Río Cuarto"
"Agustin Bono","Belgrano"
"Emiliano Portillo","Cruz Azul"
"Jhostin Mina","Universidad Católica"
"Sacha Lima","FC Annecy"
"Lucas Lamella","Gimnasia La Plata"
"Jeremiaha Maluze","Eintracht Frankfurt"
"Tulio Eduardo","Chapecoense"
"Freddy Alegría","Huachipato"
"Martín Soto","Huracán"
"Warren Bondo","Cremonese"
"Jasper Moon","Burton Albion"
"Franco Israel","Torino"
"Malcom Braida","Boca Juniors"
"Ruicong Gong","Qingdao Manatee"
"Cheikh Ibrahim","US Boulogne"
"Cristhian Portocarrero","Santa Fe"
"David Larrahondo","Huachipato"
"Massimo Mlekus","Miami FC"
"Diego Laxalt","Peñarol"
"Edgar Santillán","Deportivo Moquegua"
"Daniel Carvajal","Real Madrid"
"Gelson Martins","Olympiacos"
"Carmine Chiappetta","Winterthur"
"Carlos Banguera","Delfin"
"Renso Tufiño","Mushuc Runa"
"Matías Unyicio","Racing"
"Cristhian Alexander Benalcazar Folleco","Deportivo Cuenca"
"Viktor Aleksandrov","Nizhny Novgorod"
"Christ Tiéhi","Baník Ostrava"
"Klaudio Krasniqi","Crawley Town"
"Ángel Davila","Celta de Vigo B"
"Brian Gutiérrez","Torque"
"Shaquille Gwengwe","Newport County AFC"
"Andreas Cornelius","FC København"
"Louis Millard","Swindon Town"
"Lucas Griffiths-Brown","Swindon Town"
"Steven Nzonzi","Stoke City"
"Jonathan Mulder","Slovácko"
"Alberto Campo","Racing Club"
"Mustafa Tosun","Rizespor"
"Roberto Marquez","Cádiz"
"Enzo Pérez","Real Oviedo"
"Chinaza Onouha","Granada"
"Caio Vidal","Ludogorets Razgrad"
"Gabriel Mercado","Internacional"
"Emilio Acosta","Cerro Porteño"
"Marc Santos","Levante UD"
"Ramiro Martino","Independiente"
"Mattia Valori","Virtus Entella"
"Pedro Cejas","FC Cajamarca"
"Kevin Paredes","Club Rubio Nu"
"Yacouba Koné","Troyes"
"Yhonier López","Deportivo Moquegua"
"Luca Martínez Dupuy","Juárez"
"Facundo Mansilla","Central Córdoba SdE"
"José Hernández","Everton"
"Alejandro Maya","Boyacá Chicó"
"Armel Junior Zohouri","Stade de Reims"
"Emilio Martínez","Necaxa"
"Matija Frigan","Westerlo"
"Anthony Philips","Kortrijk"
"Tomás Hernández","Wanderers"
"Guram Giorbelidze","Erzurumspor"
"Enzo Alan Salas","San Lorenzo de Almagro"
"Sverrir Ingason","Panathinaikos"
"Tyronne Ebuehi","Empoli"
"Robin Busset","Yverdon Sport FC"
"Nemanja Radonjić","FK Crvena Zvezda"
"Fágner","Cruzeiro"
"Malcolm Viltard","Dender"
"Bruno Gutiérrez","La Serena"
"Mauro Demián Luque","Leones del Norte"
"Lautaro de León","FC Andorra"
"Liam Gibbs","Norwich City"
"Mohamed Awad Alla","Lechia Gdańsk"
"Jorge Bermúdez","Deportivo Pereira"
"Fernando Bersano","AA Estudiantes Río Cuarto"
"Alexander Sebastián Sosa","Aucas"
"Derik Lacerda","Baltika"
"Joao Rojas","ADT"
"Scott Smith","Barrow"
"Zorhan Bassong","Sporting Kansas City"
"Sami Lahssaini","RAAL La Louvière"
"Victor Kristiansen","Leicester City"
"Léo Andrade","Clube do Remo"
"Ben Nelson","Leicester City"
"Jáderson","Clube do Remo"
"Dimitri Volkart","Rapperswil-Jona"
"Edgar Sevikyan","Akron"
"Dexter Lembikisa","Lincoln City"
"Dylan Scicluna","Western Sydney Wanderers"
"Cesar Nunes","Central Español"
"Abdullah Yiğiter","Antalyaspor"
"Emiliano Sosa","Cerro"
"Merveille Papela","Darmstadt 98"
"Abdiel Arroyo","UTC Cajamarca"
"Lenny Lacroix","Dijon"
"Pedro Rangel","Coritiba Fbc"
"Tim Civeja","Karlsruher SC"
"Yerry Mina","Cagliari"
"Nicolás Garayalde","Liverpool"
"Agustín Nicolás Mulet","Olimpia"
"Manuel Capasso","Atlas"
"Daykol Romero","Independiente del Valle"
"Facundo Mater","Universidad Concepción"
"Lukáš Čmelík","Hradec Králové"
"Junior Tchamadeu","Stoke City"
"Ayrton Costa","Boca Juniors"
"Rodrigo Herrera","Newell's Old Boys"
"Edgar Guerra","Puebla"
"Maxi Gómez","Nacional"
"Aleksey Miranchuk","Atlanta United"
"Youssef En-Nesyri","Fenerbahçe"
"Lewis Simper","Walsall"
"Duje Ćaleta-Car","Real Sociedad"
"Wilder Cartagena","Orlando City"
"Krzysztof Bakowski","KFUM-Kameratene Oslo"
"Andrija Živković","PAOK Thessaloniki"
"Milos Veljkovic","FK Crvena Zvezda"
"Niklas Süle","Borussia Dortmund"
"Leon Goretzka","Bayern Munich"
"Tristan Daniel Borges","Forge FC"
"Adnan Januzaj","Sevilla"
"Leander Dendoncker","Real Oviedo"
"Miguel Borja","River Plate"
"Jetmir Haliti","Mladá Boleslav"
"Luis Muriel","Junior"
"Rafał Kurzawa","Bruk-Bet Termalica Nieciecza"
"Harold Cummings","Sporting San Miguelito"
"Ricardo Pereira","Leicester City"
"Emil Krafth","Newcastle United"
"Cristián Zapata","Atlético Bucaramanga"
"Ronaldo Vieira","San Jose Earthquakes"
"Niall Ennis","Blackpool"
"Thomas Partey","Villarreal"
"Iñigo Lekue","Athletic Club"
"Kepa","Arsenal"
"Stanley Nsoki","Union Berlin"
"Reece Staunton","Grimsby Town"
"José Hurtado","Red Bull Bragantino"
"Jonathan Urretaviscaya","Wanderers"
"Diego Calcaterra","Cúcuta Deportivo"
"Barry Cotter","Notts County"
"Evan Khouri","Grimsby Town"
"Ezequiel Cannavo","Racing Club"
"Marcos Luis Arturia","Deportes Limache"
"Keenan Appiah-Forson","Oldham Athletic"
"Rocco Novo","Inter Miami"
"Lucas Varaldo","Central Córdoba SdE"
"Kieron Evans","Newport County AFC"
"Keenan Patten","Newport County AFC"
"Harry Toffolo","Charlotte"
"Siyabonga Ngezana","FC FCSB"
"Pere Pons","CE Sabadell FC"
"Kerr Smith","Barrow"
"Roberto Rosales","Deportivo Táchira"
"Juanpe","Atlético San Luis"
"Emanuel Cecchini","CA Juventud"
"Portu","Girona"
"Bongokuhle Hlongwane","Minnesota United"
"Nacho Gil","Tenerife"
"Neto","Botafogo"
"Unai Marrero","Real Sociedad"
"Dani Parejo","Villarreal"
"Gabriel Pires","Mirassol Futebol Clube"
"Darko Brasanac","Málaga"
"Rubén Sobrino","CyD Leonesa"
"Munir El Haddadi","Albacete"
"Martín Aguirregabiria","Real Zaragoza"
"Amath Ndiaye","Real Valladolid"
"Leandro Cabrera","Espanyol"
"Rodrigo Ely","Almería"
"Iago Herrerín","Deportivo Pasto"
"José Luis Morales","Levante UD"
"Andoni Gorosabel","Athletic Club"
"Jamie Craig Webber","FC Tulsa"
"Ed Turns","Exeter City"
"Danny Cashman","Crawley Town"
"Emmanuel Boateng","Gazişehir Gaziantep"
"Aritz Elustondo","Real Sociedad"
"Sergio Postigo","Mirandés"
"Roger Martí","Cádiz"
"José Campaña","AD Ceuta FC"
"Mostafa Mohamed","Nantes"
"Álvaro Odriozola","Real Sociedad"
"Jake Rooney","Barnsley"
"Gero Rulli","Olympique de Marseille"
"Charlie Casper","Grimsby Town"
"Juanmi","Getafe"
"Dani Ceballos","Real Madrid"
"Sergi Enrich","Huesca"
"John Donald","Elche"
"Aris Aksel Sörensen","Bellinzona"
"Paulo Oliveira","Sporting Braga"
"Kike Garcia","Espanyol"
"Gonzalo Escalante","La Serena"
"Ganso","Fluminense"
"Sergio Escudero","RC Deportivo La Coruña"
"Lucas Pérez","Cádiz"
"Danilo Quaranta","Reggiana"
"Luciano Cingolani","Gimnasia Mendoza"
"Marc Navarro","Arka Gdynia"
"Aarón Martín","Genoa"
"Manu Trigueros","Granada"
"Aliou Dieng","Valencia"
"Dani García","Olympiacos"
"Theo Corbeanu","Toronto FC"
"Ivi López","Raków Częstochowa"
"Raúl Fernández","Leganés"
"Leo Oppermann","Arminia Bielefeld"
"Nemanja Radoja","CyD Leonesa"
"Agustín Sández","Rosario Central"
"Carles Gil","New England Revolution"
"Emre Mor","NEC"
"Shaq Moore","FC Dallas"
"Rober","Atlas"
"Lionel Carole","Kayserispor"
"Dani Torres","Santa Fe"
"Federico Ricca","Belgrano"
"Ager Aketxe","Real Zaragoza"
"Miłosz Matysik","Bruk-Bet Termalica Nieciecza"
"Adalberto Peñaranda","Atlético Bucaramanga"
"Juan Gauto","CA Platense"
"Aitor Ruibal","Real Betis"
"Mario González","Burgos"
"Théo De Percin","Auxerre"
"Rúben Semedo","AVS"
"Cédric Bakambu","Real Betis"
"Adam Gaži","Zlín"
"Francisco Portillo","Huesca"
"Jefferson Justo Cáceres Chávez","Melgar"
"Kévin Rodrigues","Gazişehir Gaziantep"
"Marco Frigerio","Südtirol"
"Ezequiel Muñoz","Gimnasia Mendoza"
"Diego Rico","Getafe"
"Óscar Melendo","Shanghai Port"
"Aleksandar Katai","FK Crvena Zvezda"
"Binjamin Hasani","FC Aarau"
"Josmán Figueroa","Olimpia"
"Eddie Gabriel Hernández Padilla","Real España"
"Jorge Daniel Alvarez Rodas","Olimpia"
"Guilherme Arana","Fluminense"
"Alen Halilovic","Fortuna Sittard"
"Adrián Marín","Orlando City"
"Filippo Costa","Vicenza Virtus"
"Alberto Grassi","Cremonese"
"Mohamed Abdel Monem","OGC Nice"
"Ahmed Benali","Virtus Entella"
"Lorenzo Pellegrini","AS Roma"
"Juan Jesus","Napoli"
"Federico Ceccherini","Cremonese"
"Davide Faraoni","Delfino Pescara 1936"
"Stephan El Shaarawy","AS Roma"
"Remo Freuler","Bologna"
"Mauro Icardi","Galatasaray"
"Andrea Masiello","Südtirol"
"Yann Karamoh","FC Porto"
"Rafael Tolói","São Paulo"
"Roberto Gagliardini","Hellas Verona"
"Papu Gómez","Calcio Padova"
"Gastón Ramírez","Boston River"
"Mario Stroeykens","RSC Anderlecht"
"Ben Hughes","Cambridge United"
"Raúl Albiol","Pisa"
"Elseid Hysaj","Lazio"
"Davide Calabria","Panathinaikos"
"Joaquín Pombo","Aldosivi"
"Anthony Jung","Freiburg"
"Patrik Carlgren","Nantes"
"Mikael Uhre","FC Midtjylland"
"Christian Nørgaard","Arsenal"
"Danilo Cataldi","Lazio"
"Berat Djimsiti","Atalanta"
"Francesco Cassata","Spezia"
"Gaetano Letizia","Delfino Pescara 1936"
"Filip Djuricic","Panathinaikos"
"Francesco Acerbi","Inter Milan"
"Ayoub Jabbari","Cincinnati"
"Lorenzo Venuti","Sampdoria"
"Luca Mazzitelli","Cagliari"
"José Palomino","Talleres de Córdoba"
"Alex Gilbert","Middlesbrough"
"Nicolás Araya Bruna","Deportes Concepcion"
"Federico Chiesa","Liverpool"
"Marco Sportiello","Atalanta"
"Cristiano Biraghi","Torino"
"Ádám Nagy","Spezia"
"Adam Masina","Torino"
"Simone Verdi","Südtirol"
"Fabio Borini","Salford City"
"Pierre-Yves Hamel","Paris FC"
"Denis Bouanga","LAFC"
"Mathias Lage","St. Pauli"
"Felix Higl","Greuther Fürth"
"Vinko Sapina","Dynamo Dresden"
"Paul Bernardoni","Amiens"
"Robin Heußer","Eintracht Braunschweig"
"Steven Moreira","Columbus Crew"
"Niall Huggins","Wycombe Wanderers"
"Amara Condé","SV 07 Elversberg"
"Daniel Heber","Magdeburg"
"Fabien Centonze","Nantes"
"Nicolas Saint-Ruf","Nancy"
"Malaly Dembélé","Śląsk Wrocław"
"Laurent Abergel","Lorient"
"Jean-Kévin Duverne","Gent"
"Abdellah Zoubir","Qarabağ FK"
"Julien Masson","Sochaux"
"Sikou Niakaté","Sporting Braga"
"Mady Camara","PAOK Thessaloniki"
"Martin Sourzac","Nancy"
"Théo Valls","Grenoble Foot"
"Gabriel Charpentier","Cracovia Kraków"
"Jonathan Gradit","Lens"
"Haris Belkebla","Angers"
"Antonin Bobichon","Pau"
"Mees Rijks","Bristol Rovers"
"Zacharie Boucher","Troyes"
"Hide Kengei Vitalucci","Arka Gdynia"
"Ousseynou Ba","Istanbul Basaksehir"
"Bautista Barros Schelotto","Gimnasia La Plata"
"Rodrigo Gallo","Deportivo Riestra"
"Francisco Galván","AA Estudiantes Río Cuarto"
"Xavier Chavalerin","Troyes"
"Ignacio Maestro Puch","Puebla"
"Julien Anziani","Pau"
"Rémi Oudin","Catanzaro"
"Alimami Gory","Paris FC"
"Samuel Yohou","Le Mans"
"Quentin Bernard","Dijon"
"Tristan Muyumba","Atlanta United"
"Jefferson Troya","Manta FC"
"Stalin Valencia","Emelec"
"Malik Tchokounté","Stade Lavallois"
"Thomas Delaine","Le Havre"
"Julien Célestine","Arka Gdynia"
"Grégoire Defrel","Modena"
"Alessio Romagnoli","Lazio"
"Daniele Baselli","Calcio Padova"
"Fábio Carvalho","Brentford"
"Jack Duncan","Melbourne Victory"
"Tete Yengi","Livingston"
"Max Balard","NAC Breda"
"Aleksandar Šušnjar","Newcastle Jets"
"Thomas Aquilina","Newcastle Jets"
"Jake Hollman","Walsall"
"Michael Ruhs","Brisbane Roar"
"Andrea Belotti","Cagliari"
"Lorenzo De Silvestri","Bologna"
"George Harmon","Cheltenham Town"
"Tomás Rincón","Santos"
"Clemente Montes","Universidad Católica"
"Ibrahim Cissé","Ferencvaros"
"Max Geschwill","Magdeburg"
"Mamadi Camará","Reading"
"Imari Samuels","Dundee"
"Bendjaloud Youssouf","Sochaux"
"Maxence Carlier","Nancy"
"Álvaro Lemos","Granada"
"Liam Rose","Macarthur FC"
"Ryan Galvin","Barnet"
"Gaddi Aguirre","Atlas"
"Étienne Camara","Sporting Charleroi"
"Loick Ayina","Salford City"
"Gauthier Gallon","Dender"
"Kyron Gordon","Stockport County"
"Patrick Wood","Sydney"
"Franco Frías","Cobresal"
"Antoine Batisse","Forge FC"
"Yaya Dukuly","Adelaide United"
"David Goldar","Pafos"
"Julien López","Paris FC"
"Alberto del Moral","Córdoba CF"
"Barry Coffey","Hartford Athletic"
"Elliot Newby","Barrow"
"Anthony Lozano","Santos Laguna"
"Armando Sadiku","Bellinzona"
"Lorenzo Rajot","Pau"
"Christian Brüls","Beveren"
"Luis Gabriel Rey","Puebla"
"Alpha Sissoko","Guingamp"
"Christian Leyva","Tijuana"
"Bryan Lasme","Schalke 04"
"Alexis Claude-Maurice","Augsburg"
"Yacine Bourhane","Motor Lublin"
"Nigel Lonwijk","Luton Town"
"Fernando Piñuelas","Querétaro"
"Johan Gastien","Clermont Foot"
"Nikos Michelis","Academico Viseu"
"Brendan Chardonnet","Stade Brestois"
"Piña","Huesca"
"Nicolas Milanovic","Aberdeen"
"Rafa Llorente","Atlético San Luis"
"Sebastian Kowalczyk","Zagłębie Lubin"
"Sebastian Walukiewicz","Sassuolo"
"Leon Bell","Eintracht Braunschweig"
"Jahaziel Marchand","Atlético San Luis"
"Jack Hinchy","Notts County"
"Yanis Barka","Dijon"
"Riccardo Capellini","Delfino Pescara 1936"
"Mauricio Lemos","Peñarol"
"Bruno Petkovic","Kocaelispor"
"Samuel Souprayen","Melbourne City"
"Alfred Duncan","Venezia"
"Nícolas","Pisa"
"Alejandro Camacho","AD Ceuta FC"
"Alex Ferrari","Sampdoria"
"Luis Ingolotti","Atlético Tucumán"
"João Silva","Tondela"
"Grégoire Coudert","Stade Brestois"
"Amine Talal","FK Akhmat Grozny"
"Mark Natta","Newcastle Jets"
"Kristoffer Peterson","Fortuna Sittard"
"Allan Tchaptchet","Grenoble Foot"
"Marco Mancebo","Boston River"
"Paul Gladon","Fortuna Sittard"
"Jean-Paul Boëtius","Darmstadt 98"
"Sam Larsson","Fatih Karagümrük"
"Jader Valencia","Deportes Tolima"
"Georgie Gent","Barnsley"
"Felipe Caicedo","Barcelona"
"Luiz Felipe","Rayo Vallecano"
"Stefan de Vrij","Inter Milan"
"Samir","Mazatlán"
"Rodrigo De Paul","Inter Miami"
"Massimo Coda","Sampdoria"
"Antonín Barák","Sampdoria"
"Santiago Valentín Ramírez Polero","Deportivo Maldonado"
"Joaquin Sosa","Colo Colo"
"Ignacio Suárez","Nacional"
"Kenji Van Boto","Clermont Foot"
"Alí Ávila","Querétaro"
"Mickaël Barreto","Dijon"
"Dominik Preisler","SK Artis Brno"
"Luis Felipe Pérez Valencia","ADT"
"Jonathan Mexique","Sochaux"
"Thomas Bruns","Heracles Almelo"
"Diego Valentín Rodríguez Alonso","Defensor Sporting"
"Máximo David Alonso Fontes","Central Español"
"Pablo Nicolás Fernández Sosa","Progreso"
"Lucas Maia","Henan Songshan Longmen"
"John Kennedy","Fluminense"
"Pantelis Hatzidiakos","FC København"
"Mauricio Castaño","Jaguares de Córdoba"
"Jhon Altamiranda","Jaguares de Córdoba"
"Daniel Luna","Huesca"
"Mats Seuntjens","FC Groningen"
"Thomas Ouwejan","NEC"
"Mason Mount","Manchester United"
"Matt Miazga","Cincinnati"
"Levi García","Spartak Moscow"
"Jarne Steuckers","KRC Genk"
"Michal Nalepa","Gençlerbirligi"
"Tyreik Wright","Bradford City"
"Lucas Freitas","Vasco da Gama"
"Owen Wijndal","Ajax"
"Martín Ezequiel Jourdan Félix","Danubio"
"Dánnovi Quiñónes","Inter Bogotá"
"Charlie Hughes","Hull City"
"Chris Sze","Wigan Athletic"
"Andoni López","FC Andorra"
"Gustavo","Coritiba Fbc"
"Kelechi Nwakali","Barnsley"
"Ralf Seuntjens","Lommel"
"Jordy de Wijs","Fortuna Düsseldorf"
"Clint Leemans","NAC Breda"
"Mike van Duinen","Excelsior"
"Adrián Butzke","Marítimo"
"Nishan Burkart","Winterthur"
"Artur Ioniţă","Arezzo"
"Alessio Cragno","Südtirol"
"Filippo Romagna","Sassuolo"
"Fabrizio Caligara","Delfino Pescara 1936"
"Sebastián Támara","Cúcuta Deportivo"
"Charalampos Lykogiannis","Bologna"
"Sebastián Acosta","Deportivo Pereira"
"Karol Linetty","Kocaelispor"
"Lorenzo Crisetig","Calcio Padova"
"Martin Pospíšil","SK Artis Brno"
"Guilherme","Konyaspor"
"Paweł Stolarski","Motor Lublin"
"Stanislav Ivanov","Ludogorets Razgrad"
"Bartłomiej Pawłowski","Widzew Łódź"
"Dominik Hladun","Zagłębie Lubin"
"Phillip Cancar","Western Sydney Wanderers"
"Callum Timmins","Perth Glory"
"Jonny Yull","Adelaide United"
"Bartosz Kopacz","Bruk-Bet Termalica Nieciecza"
"Tomasz Loska","Górnik Zabrze"
"Mateo Rodas","Inter Bogotá"
"Szymon Żurkowski","Spezia"
"Maciej Ambrosiewicz","Bruk-Bet Termalica Nieciecza"
"Jesús Jiménez","Bruk-Bet Termalica Nieciecza"
"Camilo","Chapecoense"
"Alexis Lefebvre","Pau"
"Marko Kvasina","Slovácko"
"Yonas Malede","Maccabi Tel Aviv"
"Nikola Gjorgjev","Neuchâtel Xamax"
"Amin Younes","Schalke 04"
"Matthijs de Ligt","Manchester United"
"Ozan Kökcü","FC Volendam"
"Bart Nieuwkoop","Feyenoord"
"Mario Engels","Heracles Almelo"
"Alan Vega","Tijuana"
"Hidde Jurjus","FC Groningen"
"Rodri Suárez","CyD Leonesa"
"Vitor Hugo","Atlético Mineiro"
"Sidnei Tavares","Blackburn Rovers"
"Hernán Toledo","Albion"
"César Falletti","Mantova"
"Edoardo Goldaniga","Como"
"José Eulogio","Pachuca"
"Doğucan Haspolat","Westerlo"
"Mingyang Yang","Chengdu Rongcheng"
"Frenkie de Jong","Barcelona"
"Henk Veerman","FC Volendam"
"Tyrell Malacia","Manchester United"
"Elkan Baggott","Millwall"
"Reagan Ogle","Oldham Athletic"
"Dominik Kostka","Mladá Boleslav"
"Toni Moya","Real Zaragoza"
"Kamil Dankowski","Wieczysta Krakow"
"Can Keleş","Kocaelispor"
"Pedro Bicalho","Qarabağ FK"
"Teddy Bartouche-Selbonne","Guingamp"
"Kamil Pestka","Wieczysta Krakow"
"Michał Chrapek","Piast Gliwice"
"Sergio Araujo","Cerro Porteño"
"Mario Sampirisi","Reggiana"
"Leonardo Pavoletti","Cagliari"
"Marco Silvestri","Cremonese"
"Patric","Lazio"
"Bastos","Botafogo"
"Daniel Hall","Auckland FC"
"Sven Ulreich","Bayern Munich"
"Oucasse Mendy","RAAL La Louvière"
"David Alaba","Real Madrid"
"Bartłomiej Gradecki","RKS Radomiak Radom"
"Kevin Kampl","RB Leipzig"
"Roman Bürki","St. Louis City"
"Dan-Axel Zagadou","VfB Stuttgart"
"Mario Götze","Eintracht Frankfurt"
"Maximilian Philipp","Freiburg"
"Keegan Jelacic","Melbourne Victory"
"Riechedly Bazoer","Konyaspor"
"Mahmoud Dahoud","Eintracht Frankfurt"
"Felix Uduokhai","Beşiktaş"
"Christian Pulisic","AC Milan"
"Joey Pelupessy","Lommel"
"Krystian Palacz","Motor Lublin"
"Derrick Luckassen","Pafos"
"Jeroen Zoet","AZ Alkmaar"
"Kenneth Paal","Antalyaspor"
"Jorrit Hendrix","Preußen Münster"
"Tomás Ángel","América de Cali"
"Cristián Cuevas","Universidad Católica"
"Kevin Londoño","Cúcuta Deportivo"
"Nicolas Haas","Empoli"
"Pierluigi Gollini","AS Roma"
"Bryan Casas","Necaxa"
"Bruce El-mesmari","Querétaro"
"João Pedro","Atlético San Luis"
"Amadou Diawara","Leganés"
"Antonio Barreca","Calcio Padova"
"Bartosz Salamon","Carrarese Calcio 1908"
"Samuel Bastien","Fortuna Sittard"
"Rick van Drongelen","Samsunspor"
"Christian Mathenia","Nürnberg"
"Marwin Hitz","Basel"
"Walace","EC Vitória"
"Edwin Laszo","Llaneros"
"Luca Waldschmidt","FC Köln"
"Gideon Jung","Kayserispor"
"Zak Brunt","Barnet"
"Andries Noppert","SC Heerenveen"
"Robert Mühren","FC Volendam"
"Pablo Marí","Fiorentina"
"Angeliño","AS Roma"
"Arno Verschueren","Twente"
"Thierry Ambrose","Kortrijk"
"Stijn Spierings","Real Salt Lake"
"Manu García","Sporting Kansas City"
"Bart Vriends","Adelaide United"
"Craig Goodwin","Adelaide United"
"Lukas Engel","Real Salt Lake"
"Tobias Sommer","PEC Zwolle"
"Menno Koch","Sarpsborg 08"
"Deroy Duarte","Ludogorets Razgrad"
"Jo Coppens","Sint-Truiden"
"Ruben Jenssen","Tromsø"
"Oussama Idrissi","Pachuca"
"Ritsu Doan","Eintracht Frankfurt"
"Mike te Wierik","Heracles Almelo"
"Samir Memisevic","Qingdao West Coast"
"Sergio Padt","Ludogorets Razgrad"
"Danny Bakker","Telstar"
"Aaron Meijers","FC Volendam"
"Callum Talbot","Macarthur FC"
"Dennis Geiger","Aberdeen"
"Kevin Vogt","Bochum"
"Jiri Pavlenka","PAOK Thessaloniki"
"Serge Gnabry","Bayern Munich"
"Florian Kainz","FC Köln"
"Marco Tumminello","Benevento"
"Rubén Manjarrés","Inter Bogotá"
"Kingsley Ehizibue","Udinese"
"Facundo Boné","Inter Bogotá"
"Mehdi Jeannin","Sochaux"
"Jay Turner-Cook","Shrewsbury Town"
"Mohamed Bayo","Gazişehir Gaziantep"
"Giovanni Garofani","Carrarese Calcio 1908"
"Ervin Omic","Wisła Kraków"
"Sander van de Streek","Antalyaspor"
"Tommaso De Nipoti","CD Castellón"
"Louis Munteanu","DC United"
"Giovanni Corradini","Ascoli Calcio"
"Zakaria Labyad","Corinthians"
"Pedro Chirivella","Panathinaikos"
"Coli Saco","Yverdon Sport FC"
"Kevin Adrián Rolón Benítez","CA Juventud"
"Naby Keïta","Ferencvaros"
"Ivan Saio","Delfino Pescara 1936"
"Antonis Siatounis","Benevento"
"Lukas Klostermann","RB Leipzig"
"Jean-Kévin Augustin","Yverdon Sport FC"
"Benjamin Stambouli","Metz"
"Bruma","Benfica"
"Péter Gulácsi","RB Leipzig"
"Kenan Kodro","Real Zaragoza"
"Kenan Karaman","Schalke 04"
"Juan Esteban Franco Caicedo","Jaguares de Córdoba"
"Márk Csinger","FC Groningen"
"Stefan Bell","FSV Mainz 05"
"Nicolás Marichal Pérez","Dinamo Moscow"
"Duccio Degli Innocenti","Empoli"
"Emmanuel Ekong","Malmö FF"
"Pedro López","AD Ceuta FC"
"Niklas Stark","Werder Bremen"
"Denis Portanova","Virtus Entella"
"Nosa Obaretin","Empoli"
"Andrea Ferraris","Delfino Pescara 1936"
"Markus Kuster","Winterthur"
"Julius Ertlthaler","Wisła Kraków"
"Adrian Grbic","Luzern"
"Emanuel Aiwu","Sturm Graz"
"Veton Berisha","Viking"
"Stefan Schwab","Holstein Kiel"
"Ebenezer Annan","Saint-Étienne"
"Sinan Bakış","Real Zaragoza"
"Boli Bolingoli","Standard Liège"
"Simone Scuffet","Pisa"
"Jasper Cillessen","NEC"
"Steve Mvoué","Start"
"Gianluca Di Chiara","Catanzaro"
"Timothy Chandler","Eintracht Frankfurt"
"Sébastien Haller","FC Utrecht"
"Jonathan de Guzmán","Sparta Rotterdam"
"Marcel Tisserand","Sydney"
"William Mikelbrencis","Hamburger SV"
"Mikkel Kirkeskov","Preußen Münster"
"Filip Koperski","RKS Radomiak Radom"
"Tony Lesueur","Osnabrück"
"Julian Stark","Vaduz"
"Farouq Limouri","Grenoble Foot"
"Robin Maximilian Meißner","Osnabrück"
"Konrad Michalak","Eyüpspor"
"Ignacio Galván","Atlético Tucumán"
"Nicolás Romero","Minnesota United"
"Adam Dzwigala","St. Pauli"
"Jakub Łukowski","Katowice"
"Karol Angielski","Pogoń Szczecin"
"Alan Uryga","Wisła Kraków"
"Thomas Dähne","FC Heidenheim"
"Gustavo Agustín Viera Velázquez","Sportivo Trinidense"
"Dante Nicolás Campisi","Club Sportivo Luqueño"
"Estivel Iván Moreira Benítez","Sportivo Ameliano"
"David Villalba","Sportivo Trinidense"
"Mario Otazú","San Antonio Bulo Bulo"
"César Iván Benítez León","Sportivo Trinidense"
"Alberto Cirilo Contrera Giménez","Sportivo Ameliano"
"Marcelo Sebastián González Cabral","Club 2 de Mayo"
"Dawid Kudła","Katowice"
"Juan Sebastián Vargas Melgarejo","Club Nacional"
"Santiago Gerardo Rojas López","Club Nacional"
"Claudio Nuñez","Cienciano"
"Carlos Niño Junior Espinola Díaz","Club Nacional"
"Orlando David Colmán","Club 2 de Mayo"
"Santiago Arzamendia Duarte","Estudiantes"
"Óscar Ramón Ruiz Roa","Club Sportivo Luqueño"
"Mathías Villasanti","Grêmio"
"Alan Rodríguez","Olimpia"
"Pablo David Ayala","Club Rubio Nu"
"Fredy Vera","Sportivo Ameliano"
"César Rodrigo Villagra Olmedo","Club Rubio Nu"
"Juan Franco","Gimnasia Mendoza"
"Junior Marabel","CA Sarmiento"
"Diadié Samassékou","Houston Dynamo"
"Juan González","Sporting Cristal"
"Agostino Luigi Spina","Aucas"
"José María Canale Domínguez","Lanús"
"Pedro Reinaldo Delvalle Romero","Club 2 de Mayo"
"Luis Fernando Cáceres Maciel","San Lorenzo"
"Guillermo Paiva","Junior"
"Marino Osmar Arzamendia Espinoza","Olimpia"
"Jordán Federico Santacruz Rodas","Club Nacional"
"Wilson Brahian Gustavo Ayala Vera","Club 2 de Mayo"
"Diego Agustín Fernández Servín","Club Guaraní"
"Maximilian Ullmann","Grasshopper"
"Alexander Schlager","Salzburg"
"Takumi Minamino","AS Monaco"
"Juan Espínola","Barracas Central"
"Santiago Laquidaín","Liverpool"
"Gernot Trauner","Feyenoord"
"Stefan Lainer","Salzburg"
"Brandley Kuwas","FC Volendam"
"Antonio Satriano","Heracles Almelo"
"Wouter van der Steen","Willem II"
"Lucas Suárez","CA Sarmiento"
"Sávio","Clube do Remo"
"Bamba Dieng","Lorient"
"Jannik Vestergaard","Leicester City"
"Lucas David González Gamarra","Club Nacional"
"Rodrigo Alborno Ortega","Club Rubio Nu"
"Óscar Toledo","Deportivo Recoleta"
"Alessandro Fontanarosa","US Avellino"
"Dominique Heintz","FC Köln"
"Claudio Cassano","Lugano"
"Karol Fila","Wieczysta Krakow"
"Santiago Ibraim Silva Azambuja","Universidad Concepción"
"Orlando Gabriel Gaona Lugo","Club Nacional"
"Alexandre Olliero","Grenoble Foot"
"Mohammed El Hankouri","Standard Liège"
"Ajdin Hrustić","Heracles Almelo"
"Luka Stojkovic","Dinamo Zagreb"
"Julian Lelieveld","Wisła Kraków"
"Alfred Gomis","Palermo"
"Vasilije Janjicic","Thun"
"Lewis Holtby","NAC Breda"
"David Kinsombi","Paderborn"
"Marcos Mina","América de Cali"
"Philipp Förster","Karlsruher SC"
"Raz Shlomo","Maccabi Tel Aviv"
"Mathis Servais","Mechelen"
"Ivan Pavlic","Union Saint-Gilloise"
"Daniele Montevago","Modena"
"Francisco Metilli","Belgrano"
"Julian Green","Greuther Fürth"
"Fabian Schleusener","Karlsruher SC"
"Diego Demme","Hertha Berlin"
"Alexander Schwolow","Hearts"
"Pascal Stenzel","VfB Stuttgart"
"Onur Bulut","Istanbul Basaksehir"
"Nicolas Höfler","Freiburg"
"Christian Günter","Freiburg"
"Takuma Asano","Mallorca"
"William","Cruzeiro"
"Timo Baumgartl","St. Louis City"
"Ihlas Bebou","Hoffenheim"
"Çağlar Söyüncü","Fenerbahçe"
"Panagiotis Retsos","Olympiacos"
"Steeve Beusnard","Pau"
"Jeremiah Chilokoa-Mullen","Wigan Athletic"
"Díber Cambindo","León"
"Ibrahim Sissoko","Bochum"
"Alan Browne","Middlesbrough"
"Jake Bidwell","Coventry City"
"Carney Chukwuemeka","Borussia Dortmund"
"Tom Barkhuizen","Barrow"
"Filipe De Carvalho Ferreira","Rapperswil-Jona"
"Massimo Luongo","Millwall"
"Franklin Alexander Carabalí Carabalí","Mushuc Runa"
"Wilter Andrés Ayoví Mina","Comerciantes Unidos"
"Juan Enrique Nazareno Izquierdo","Manta FC"
"Louis Moult","Crewe Alexandra"
"Andrew","Gil Vicente"
"Bruno Sepúlveda","Banfield"
"Toni Leistner","Hertha Berlin"
"Ben Morris","Detroit City"
"Antoni Mikułko","Wieczysta Krakow"
"Luke Woolfenden","Coventry City"
"Enzo Copetti","Rosario Central"
"Greg Taylor","PAOK Thessaloniki"
"Gabriel Maximiliano Graciani","Deportivo Ñublense SADP"
"Manuel Vicentini","Belgrano"
"Facundo Ferrero","Deportivo Cuenca"
"Braian Salvareschi","San Antonio Bulo Bulo"
"Gabriel Fabricio Chocobar","Cerro Largo"
"Harvey Neville","Sporting JAX"
"Sonny Duflos","US Boulogne"
"Rafiki Saïd","Standard Liège"
"Przemyslaw Tyton","Twente"
"José Flor","Mushuc Runa"
"Ángel Alexander Ledesma Félix","Manta FC"
"Felix Zambrano","Manta FC"
"Cristian García","Juan Pablo II College"
"Maxim Leitsch","FSV Mainz 05"
"Danilo Soares","Nürnberg"
"Rafael Czichos","Phoenix Rising"
"Lenny Joseph","Ferencvaros"
"Tim Jabol-Folcarelli","Trabzonspor"
"Ronaldo Martínez","Talleres de Córdoba"
"Fernando Fabián Ovelar Martínez","Deportivo Ñublense SADP"
"Milton Giménez","Boca Juniors"
"José Fajardo","Universidad Católica"
"Djorkaeff Reasco","Independiente del Valle"
"Manuel Erasmo Lucas Ayoví","Libertad"
"Danny Alejandro Cabezas Bazán","Manta FC"
"Renny Salen Jaramillo Barre","Orense"
"Adrian Durrer","Winterthur"
"Stefan Kutschke","Dynamo Dresden"
"Luis Zárate","Independiente del Valle"
"Rico Preißinger","Preußen Münster"
"Gioele Zacchi","Sassuolo"
"Neri Bandiera","Cienciano"
"Matías Palavecino","Universidad Católica"
"Mats Möller Daehli","Molde"
"Philipp Ziereis","Greuther Fürth"
"Robin Himmelmann","Karlsruher SC"
"Marcel Costly","FC Heidenheim"
"Juan Vera","Olimpia"
"Kenny-Prince Redondo","Kaiserslautern"
"Christopher Trimmel","Union Berlin"
"Rafał Gikiewicz","Widzew Łódź"
"Hervé Touré","US Boulogne"
"Joshua Mees","Preußen Münster"
"Marvin Friedrich","Borussia Mönchengladbach"
"Stefan Ortega","Nottingham Forest"
"Robert Andrich","Bayer Leverkusen"
"Adam Montgomery","Livingston"
"José Sinisterra","Deportivo Garcilaso"
"Juan Infante","Atlético Tucumán"
"Nicolás Zalazar","Aldosivi"
"Matías Tissera","Instituto"
"Roberto Bochi","Aldosivi"
"Sasha Marcich","Lanús"
"Sebastian Griesbeck","Start"
"Issouf Sissokho","Maccabi Tel Aviv"
"Kevin Müller","Schalke 04"
"Sebastian Schonlau","Vancouver Whitecaps"
"Joevin Jones","Defence Force"
"Tigran Avanesyan","Orenburg"
"Fabian Holland","Darmstadt 98"
"Sven Michel","Paderborn"
"Christopher Antwi-Adjei","Schalke 04"
"Artem Maksimenko","Rodina Moskva"
"Ethan Ennis","Fleetwood Town"
"Bernard Tekpetey","Ludogorets Razgrad"
"Héctor Holguín","Santos Laguna"
"Jannik Müller","Osnabrück"
"Salvador Rodríguez","Mazatlán"
"Martín Garay","Tigre"
"Gerrit Nauber","Go Ahead Eagles"
"Facundo Cobos","AA Estudiantes Río Cuarto"
"Iván Villalba","Independiente Rivadavia"
"José Reinaldo Lugo Quiñónez","FC Cajamarca"
"Esnaider Eliecer Cabezas Castillo","Guayaquil City"
"Tyler Walker","Barrow"
"Hayden White","Indy Eleven"
"Heitor","Maccabi Tel Aviv"
"Dan Butler","Stevenage"
"Scot Andrew Bennett","Cheltenham Town"
"Justo Giani","Universidad Católica"
"Franco Negri","Houston Dynamo"
"Joaquín Novillo","Aldosivi"
"Joe Day","Cheltenham Town"
"Mal Benning","Shrewsbury Town"
"Jamille Matt","Walsall"
"Ángel González","Libertad"
"Julián Brea","Cobresal"
"Manuel García","CA Sarmiento"
"David Worrall","Barrow"
"Emmanuel Osadebe","Barnet"
"Cristian Montaño","Livingston"
"Kaine Kesler-Hayden","Coventry City"
"Jordan Bowery","Mansfield Town"
"Talha Sarıarslan","Kayserispor"
"Matías Ramírez","Rionegro"
"Dave Richards","Dundee United"
"André Ramalho","Corinthians"
"Cayman Togashi","Atlanta United"
"Luca Caldirola","Benevento"
"Kane Wilson","Milton Keynes Dons"
"Matt Macey","Colchester United"
"Kaito Taniguchi","Central Coast Mariners"
"Mathew Stevens","AFC Wimbledon"
"Maksim Turishchev","Fakel"
"Saba Sazonov","Getafe"
"Allanzinho","Fortaleza"
"Ross Sykes","Union Saint-Gilloise"
"Jaden Philogene","Ipswich Town"
"Josh Hawkes","Oldham Athletic"
"Jason Lowe","Tranmere Rovers"
"Sam Johnstone","Wolverhampton Wanderers"
"Paweł Olkowski","Górnik Zabrze"
"Usman Simbakoli","Angers"
"Connal Trueman","Milton Keynes Dons"
"Bez Lubala","Stevenage"
"Michael Morrison","Cambridge United"
"Alejandro Rodríguez","Deportivo Cali"
"Hernán López","Argentinos Juniors"
"Facundo Sanguinetti","Banfield"
"Mark Howard","Salford City"
"Cristhian Javier Valencia Sánchez","Libertad"
"Ben Heneghan","Port Vale"
"John Souttar","Rangers"
"Mickel Miller","Huddersfield Town"
"Ben Garuccio","Sydney"
"Yair Arismendi","CA Sarmiento"
"Koki Ogawa","NEC"
"Hiroki Ito","Bayern Munich"
"Takahiro Akimoto","OH Leuven"
"Atsuki Ito","Gent"
"Omar Richards","Rio Ave"
"Vito Mannone","Crawley Town"
"Mason Bennett","Harrogate Town"
"Sam Hutchinson","AFC Wimbledon"
"Cameron Dawson","Rotherham United"
"Andrei Coubis","Lincoln City"
"Edwin Quarshie","Le Mans"
"Geoffrey Lembet","Nancy"
"Xavier Lenogue","US Boulogne"
"Cédric Kipré","Ipswich Town"
"Lucas João","Nacional"
"Tom Lees","Peterborough United"
"Barrie McKay","Livingston"
"Joel Asoro","Metz"
"Yan Dhanda","Dundee"
"Britt Assombalonga","Barnet"
"Dan Martin","Accrington Stanley"
"Harvey Davies","Crawley Town"
"Aden Flint","Walsall"
"Dennys Quintero","Llaneros"
"Rihito Yamamoto","Sint-Truiden"
"Sota Kawasaki","FSV Mainz 05"
"Korey Smith","Cambridge United"
"Niclas Eliasson","Internacional"
"Callum O'Dowda","Ferencvaros"
"Jamie Paterson","Plymouth Argyle"
"Joe Bryan","Millwall"
"Ho-Jae Lee","Darmstadt 98"
"Jonathan Jesús Bauman","ADT"
"Ronaldo Dejesús","Lanús"
"Josh McEachran","Bristol Rovers"
"Lewis Baker","Stoke City"
"Stephen Kingsley","Hearts"
"Samuel Lavrincik","FK Jablonec"
"Andre Green","AVS"
"Yeferson Paz","Reggiana"
"Rushian Hepburn-Murphy","Milton Keynes Dons"
"Nouha Dicko","Paris FC"
"Pablo Campos","Levante UD"
"Tosin Adarabioyo","Chelsea"
"Nicolás Benegas","Deportivo Riestra"
"Jude Soonsup-Bell","Grimsby Town"
"Mads Enggård","Molde"
"Hannes Wolf","New York City FC"
"Andrew Shinnie","Livingston"
"James Collins","Lincoln City"
"Matty Pearson","Doncaster Rovers"
"Elliot Lee","Doncaster Rovers"
"Anthony O'Connor","Harrogate Town"
"Ben Fox","Harrogate Town"
"Patrick Sequeira","Casa Pia AC"
"Maikel Stalin Reyes Alcivar","Delfin"
"Igor Julio","West Ham United"
"James Norwood","Fleetwood Town"
"Conner Jennings","Tranmere Rovers"
"Jake Caprice","Oldham Athletic"
"Josh Vickers","Derby County"
"Scott Wharton","Blackburn Rovers"
"Sam Surridge","Nashville SC"
"Ross Fitzsimons","Northampton Town"
"Frankie Kent","Hearts"
"Harry Pell","Cheltenham Town"
"Silvio Gabriel Torales Castillo","Club Nacional"
"Kane Hemmings","Barrow"
"Kristian Dennis","Tranmere Rovers"
"Marco Pellegrino","Boca Juniors"
"Jamie Grimes","Chesterfield"
"Devin Haen","Willem II"
"Steven Alzate","Atlanta United"
"Elijah Adebayo","Luton Town"
"Harry Smith","Swindon Town"
"Dion Conroy","Crawley Town"
"Reece Brown","Crawley Town"
"Park Jin-Sub","Zhejiang Professional"
"Archie Goodwin","Charlotte"
"Christian Doidge","Newport County AFC"
"Nicolò Savona","Nottingham Forest"
"Salem M'Bakata","Gazişehir Gaziantep"
"Mujaid Sadick","KRC Genk"
"Lucas Haren","Vålerenga"
"Jeremy Dudziak","Hertha Berlin"
"Danny Ward","Wrexham"
"Joe Ralls","Plymouth Argyle"
"Noam Emeran","FC Groningen"
"Dan Gore","Rotherham United"
"Matt Doherty","Wolverhampton Wanderers"
"Adamo Nagalo","Konyaspor"
"Jed Ward","Walsall"
"Willy Boly","Nottingham Forest"
"Costantino Favasuli","Catanzaro"
"Marley Watkins","Kilmarnock"
"Dario Essugo","Chelsea"
"Kyle Magennis","Kilmarnock"
"Paul McGinn","Motherwell"
"Cammy Kerr","Livingston"
"Jack Baird","St Johnstone"
"Salvador Mariscal","Santos Laguna"
"Braian Emmanuel Sánchez","Deportivo Riestra"
"Juan Antonini","AA Estudiantes Río Cuarto"
"Bruce Anderson","Kilmarnock"
"Xander Severina","Casa Pia AC"
"Sam Cosgrove","Auckland FC"
"Cristian Ariel Bordacahar","Melgar"
"José David Soto Peceros","FC Cajamarca"
"Graeme Shinnie","Aberdeen"
"Lewis Ferguson","Bologna"
"Flavio Paoletti","Mantova"
"Josh Windass","Wrexham"
"Josha Vagnoman","VfB Stuttgart"
"Kevin Behrens","Lugano"
"Marcelo Rubén Acosta Ríos","Club 2 de Mayo"
"Marcelo Rubén Acosta Ríos","Club Rubio Nu"
"Tom Bayliss","Lincoln City"
"Román Vega","Zenit St. Petersburg"
"Dujon Sterling","Rangers"
"Mitch Pinnock","Bromley"
"Dominic Hyam","Blackburn Rovers"
"Dominic Hyam","Wrexham"
"Lamine Diaby-Fadiga","Raków Częstochowa"
"Danilo Barbosa","Botafogo"
"Danilo Barbosa","Grêmio"
"Mathieu Cafaro","Nantes"
"Mathieu Cafaro","Paris FC"
"Mattia Zanotti","Lugano"
"Hugo Quintana","Independiente del Valle"
"Hugo Quintana","Olimpia"
"Ollie Palmer","Swindon Town"
"Iurie Iovu","Dundee United"
"Agustín Rodríguez","Atlas"
"Agustín Rodríguez","CA Juventud"
"Maksim Paskotsi","Gent"
"Maksim Paskotsi","Grasshopper"
"Orlín Peter Quiñónez Ayoví","Libertad"
"Orlín Peter Quiñónez Ayoví","Xelaju"
"Taishi Nozawa","Antwerp"
"Diego Duarte","AVS"
"Diego Duarte","Inter Bogotá"
"Ferney Otero","Sporting Gijón"
"Lucas Villalba","Botafogo"
"Lucas Villalba","Nacional"
"Killian Phillips","St Mirren"
"Seán Grehan","Doncaster Rovers"
"Kian Spence","Rotherham United"
"Johnny Kenny","Bolton Wanderers"
"Johnny Kenny","Celtic"
"Piero Quispe","Pumas UNAM"
"Piero Quispe","Sydney"
"Piero Quispe","Universitario"
"Rustam Yatimov","Rostov"
"Tomi Horvat","Bristol City"
"Tomi Horvat","Sturm Graz"
"Darius Olaru","FC FCSB"
"Darius Olaru","Union Saint-Gilloise"
"Attila Mocsi","Rizespor"
"Riley Harbottle","AFC Wimbledon"
"Riley Harbottle","Bristol Rovers"
"Jeremy Jorge Canela Torres","ADT"
"Jeremy Jorge Canela Torres","Sport Huancayo"
"Rodrigo Melgarejo","Cerro Porteño"
"Rodrigo Melgarejo","Club Nacional"
"Martín Pérez Guedes","Universitario"
"Konstantinos Sotiriou","Korona Kielce"
"Stelios Andreou","Estoril"
"Stelios Andreou","Widzew Łódź"
"Tom Bloxham","Blackpool"
"Jostin Alexis Alarcón Paquiyauri","Sport Boys"
"Jostin Alexis Alarcón Paquiyauri","Sporting Cristal"
"Daniel Ademir Gutiérrez Rojas","Colo Colo"
"Daniel Ademir Gutiérrez Rojas","Unión La Calera"
"Eldin Dzogovic","Magdeburg"
"Willum Willumsson","Birmingham City"
"Willum Willumsson","NEC"
"Brynjólfur Willumsson","FC Groningen"
"Stefán Teitur Thórdarson","Hannover 96"
"Stefán Teitur Thórdarson","Preston North End"
"Budu Zivzivadze","FC Heidenheim"
"Maksim Samorodov","FK Akhmat Grozny"
"Balázs Tóth","Blackburn Rovers"
"Pau Resta","Katowice"
"Pau Resta","Korona Kielce"
"Rafa Soares","Estrela Amadora"
"Rafa Soares","Famalicão"
"Ryan Sessegnon","Fulham"
"Stuart Armstrong","Aberdeen"
"İlkay Gündoğan","Galatasaray"
"Gaius Makouta","Alanyaspor"
"Patrick Mainka","FC Heidenheim"
"Gedson Fernandes","Spartak Moscow"
"Gaspar","Lecce"
"Dodô","Fiorentina"
"Rafa Silva","Benfica"
"Rafa Silva","Beşiktaş"
"Franco Cervi","Celta Vigo"
"Franco Cervi","Rosario Central"
"Odysseas Vlachodimos","Sevilla"
"Álex Grimaldo","Atlético Madrid"
"Álex Grimaldo","Bayer Leverkusen"
"Harry Darling","Norwich City"
"Brad Halliday","Bradford City"
"Brad Halliday","Dundee"
"Kane Vincent-Young","Colchester United"
"Brandon Comley","Barnet"
"Brandon Comley","Walsall"
"Zeki Celik","AS Roma"
"Zeki Celik","Juventus"
"Oliver Norburn","Notts County"
"Oliver Norburn","Oldham Athletic"
"Benson Sakala","Bohemians 1905"
"Enis Destan","Hull City"
"Enis Destan","Konyaspor"
"Enis Destan","Westerlo"
"Herbie Kane","Huddersfield Town"
"Herbie Kane","Plymouth Argyle"
"Carlos Armando Correa Flores","Comerciantes Unidos"
"Carlos Armando Correa Flores","FC Cajamarca"
"Tjaronn Chery","NEC"
"Abdoulaye Ndiaye","Parma Calcio 1913"
"Antoine Bernède","Hellas Verona"
"Connor Taylor","Wycombe Wanderers"
"Patrick Bamford","Sheffield United"
"Alexis Alégué","FK Jablonec"
"Alexis Alégué","SK Artis Brno"
"Brahim Traoré","Cracovia Kraków"
"Andréas Hountondji","Burnley"
"Andréas Hountondji","St. Pauli"
"Lucas Evangelista","Palmeiras"
"Fernando Martínez","Central Córdoba SdE"
"Sofiane Diop","OGC Nice"
"Moïse Sahi Dion","Dender"
"Moïse Sahi Dion","FC Annecy"
"Mahdi Camara","Rennes"
"Toma Bašić","Lazio"
"Toma Bašić","Venezia"
"Matz Sels","Nottingham Forest"
"Anthony Caci","FSV Mainz 05"
"Oscar Bobb","Fulham"
"Oscar Bobb","Manchester City"
"Callum Connolly","Bradford City"
"Callum Connolly","Stockport County"
"Jack Robinson","Birmingham City"
"Jack Robinson","Sheffield United"
"Morgan Fox","Wigan Athletic"
"Ivo Pinto","Fortuna Sittard"
"Louis Thompson","Stevenage"
"Jordan Roberts","Stevenage"
"David Jaćović","FC Wil 1900"
"Livano Comenencia","FC Zürich"
"Lassine Sinayoko","Auxerre"
"Lassine Sinayoko","Paris FC"
"Arouna Sangante","Le Havre"
"Arouna Sangante","Sevilla"
"Niklas Steffen","Thun"
"Tom Pett","Oldham Athletic"
"Jack McMillan","Exeter City"
"Jack McMillan","Falkirk"
"Kristoffer Ajer","Brentford"
"Fran Álvarez","Widzew Łódź"
"Callum McGregor","Celtic"
"James Forrest","Celtic"
"Simon Adingra","AS Monaco"
"Simon Adingra","Sunderland"
"Kieran Tierney","Celtic"
"Odsonne Édouard","Crystal Palace"
"Odsonne Édouard","Lens"
"Ched Evans","Fleetwood Town"
"Marcus Browne","AFC Wimbledon"
"Toni Borevković","Samsunspor"
"Toni Borevković","Vitória Guimarães"
"Antonio Briseño","Toluca"
"Buatu","Gil Vicente"
"Ismaël Gharbi","Augsburg"
"Ismaël Gharbi","Leganés"
"Ismaël Gharbi","Sporting Braga"
"Mamady Bangré","Grenoble Foot"
"Vasco Lopes","RKS Radomiak Radom"
"Vasco Lopes","Südtirol"
"Gilson Benchimol","Akron"
"Raphinha","Barcelona"
"Jovane Cabral","Estrela Amadora"
"Jovane Cabral","Grêmio"
"Mamadou Loum","Sporting Gijón"
"Bruno Langa","Estrela Amadora"
"Bruno Langa","Pafos"
"Yohan Demoncy","Guingamp"
"Yohan Demoncy","Stade de Reims"
"Raheem Somersall","FC Tulsa"
"Raheem Somersall","Sporting JAX"
"Panutche Camará","Dundee United"
"Ignacio Rodríguez","Racing Club"
"Will Boyle","Shrewsbury Town"
"Aden Baldwin","Bradford City"
"Manny Monthe","Oldham Athletic"
"Omar Sowunmi","Bromley"
"Maximiliano Guerrero","Universidad de Chile"
"Alex Pattison","Bradford City"
"Alex Pattison","Walsall"
"Habib Keïta","Clermont Foot"
"Habib Keïta","Kocaelispor"
"Teddy Teuma","Stade de Reims"
"Teddy Teuma","Standard Liège"
"Lamine Fomba","Servette"
"Armand Laurienté","Sassuolo"
"Jesurun Sakyi","Rizespor"
"Jesurun Sakyi","Stoke City"
"Luis Angulo","Central Córdoba SdE"
"Luis Angulo","Peñarol"
"Luis Angulo","Talleres de Córdoba"
"Malik Mothersille","Stockport County"
"Malik Mothersille","Wycombe Wanderers"
"Jessy Benet","Grenoble Foot"
"Jessy Benet","Pau"
"Modibo Sagnan","Rizespor"
"Jon Ander Olasagasti","Levante UD"
"Amir Abrashi","Grasshopper"
"Jacques Siwe","Fk Rubin Kazan"
"Jacques Siwe","Guingamp"
"Bénie Traoré","Basel"
"Bénie Traoré","New York City FC"
"Erik Ahlstrand","Heracles Almelo"
"Erik Ahlstrand","St. Pauli"
"Luke O'Nien","Sunderland"
"Josh Maja","Le Havre"
"Josh Maja","West Bromwich Albion"
"Lynden Gooch","Huddersfield Town"
"George Honeyman","Blackpool"
"Donald Love","Accrington Stanley"
"Luke Molyneux","Doncaster Rovers"
"Luke Molyneux","Salford City"
"Patrick Sutter","FC Stade Lausanne-Ouchy"
"Patrick Sutter","FC Wil 1900"
"Jordan Shipley","Cheltenham Town"
"Jordan Shipley","Port Vale"
"Jack Stacey","Norwich City"
"Darko Todorovic","FK Akhmat Grozny"
"Darko Todorovic","Fakel"
"Jacob Zetterström","Derby County"
"Lee Han-Beom","Club Brugge"
"Lee Han-Beom","FC Midtjylland"
"André Gomes","Columbus Crew"
"André Gomes","Lille"
"Adam Carlén","Excelsior"
"Adam Carlén","SK Artis Brno"
"Victor Edvardsen","Go Ahead Eagles"
"Maximilian Bauer","Arminia Bielefeld"
"Mert Müldür","Fenerbahçe"
"Jérémy Guillemenot","Servette"
"Jérémy Guillemenot","Wisła Kraków"
"Vincent Sasso","Dunkerque"
"Vincent Sasso","Le Havre"
"Brad Young","Bristol Rovers"
"Reinildo Mandava","Sunderland"
"Miguel Cardoso","Erzurumspor"
"Miguel Cardoso","Kayserispor"
"Ricardo Horta","Sporting Braga"
"Niklas Vesterlund","FC Utrecht"
"Ricardo Esgaio","Fatih Karagümrük"
"Ricardo Esgaio","Gil Vicente"
"Aarón Quirós","Atlante"
"Aarón Quirós","Vélez Sarsfield"
"Freddie Draper","Lincoln City"
"Bruno Vianna","Alanyaspor"
"Bruno Vianna","Qingdao West Coast"
"Greg Kiltie","Kilmarnock"
"Marcus Haglind-Sangré","Wisła Płock"
"Nicolae Stanciu","Dalian Yingbo"
"Nicolae Stanciu","Genoa"
"Danny Rose","Barrow"
"Danny Rose","Grimsby Town"
"Harry Kane","Bayern Munich"
"Eric Dier","AS Monaco"
"Charlie Webster","Burton Albion"
"Alfie Gilchrist","Leyton Orient"
"Alfie Gilchrist","West Bromwich Albion"
"Silko Thomas","Leicester City"
"Silko Thomas","Wycombe Wanderers"
"Sandi Lovric","Hellas Verona"
"Sandi Lovric","Udinese"
"Daniel Pereira","Austin FC"
"Daniel Pereira","CF Montreal"
"Raphael Obermair","Paderborn"
"Gianluca Scamacca","Atalanta"
"Chinonso Offor Nnamdi","Baltika"
"Fábio Gomes","Bolívar"
"Fábio Gomes","Mazatlán"
"Oliver Norwood","Stockport County"
"Bartosz Kapustka","Legia Warszawa"
"Josh Magennis","Exeter City"
"Josh Magennis","Stevenage"
"Gustaf Lagerbielke","Sporting Braga"
"Ozan Tufan","Trabzonspor"
"Baïla Diallo","Granada"
"Scott Wright","Birmingham City"
"Scott Wright","Dundee"
"Tommy Simkin","Doncaster Rovers"
"Tommy Simkin","Leyton Orient"
"Tommy Simkin","Stoke City"
"Umar Sadiq","Real Sociedad"
"Umar Sadiq","Valencia"
"Ross McCrorie","Bristol City"
"Ross McCrorie","Rangers"
"Tim Handwerker","Arminia Bielefeld"
"Ibrahima Konaté","Liverpool"
"Ibrahima Konaté","Real Madrid"
"Jhonder Cádiz","Pachuca"
"Jhonder Cádiz","Wuhan Three Towns"
"Aidomo Emakhu","Millwall"
"Aidomo Emakhu","Oxford United"
"Marius Mouandilmadji","Samsunspor"
"Soufiane El-Faouzi","Schalke 04"
"Alex Telles","Botafogo"
"Josh Feeney","Huddersfield Town"
"Josh Feeney","Peterborough United"
"Stephen Eustáquio","FC Porto"
"Stephen Eustáquio","LAFC"
"Stephen Eustáquio","Swansea City"
"Bruno Tabata","Internacional"
"Adrian Barisic","Basel"
"Adrian Barisic","Sporting Braga"
"Rochinha","Casa Pia AC"
"Rochinha","Famalicão"
"Jonathan Varane","Queens Park Rangers"
"Joe Rodon","Leeds United"
"Charlie Lakin","Barnet"
"Charlie Lakin","Walsall"
"Daniel James","Leeds United"
"Lorent Tolaj","Bristol City"
"Lorent Tolaj","Plymouth Argyle"
"Lorent Tolaj","Port Vale"
"Andrew Moran","Preston North End"
"Nicolás Valentini","Deportivo Alavés"
"Nicolás Valentini","Hellas Verona"
"Luca Itter","Greuther Fürth"
"Victor Osimhen","Galatasaray"
"Davie Selke","Istanbul Basaksehir"
"Alexandre Phliponeau","Troyes"
"Michaël Cuisance","Hertha Berlin"
"Michaël Cuisance","Lens"
"Josh Murphy","Portsmouth"
"Callum Paterson","Milton Keynes Dons"
"Pedro Porro","Tottenham Hotspur"
"Patrick Roberts","Birmingham City"
"Patrick Roberts","Sunderland"
"Alejo Veliz","Bahia"
"Alejo Veliz","Rosario Central"
"Chris Ramos","Botafogo"
"Chris Ramos","Real Oviedo"
"Elias Manoel","Botafogo"
"Elias Manoel","Santa Clara"
"Elias Manoel","Tijuana"
"Rubén Alcaraz","Granada"
"Kévin Mouanga","FC Lausanne Sport"
"Anuar Tuhami","AD Ceuta FC"
"Daniel Iversen","Preston North End"
"Hu Ruibao","Shenzhen Peng City FC"
"Hu Ruibao","Yunnan Yukun"
"Carlos Vivas","Deportivo Táchira"
"Carlos Vivas","Inter Bogotá"
"Edson Tortolero","América de Cali"
"Edson Tortolero","Carabobo"
"Carlos Ignacio Ramos Rodríguez","Carabobo"
"Carlos Ignacio Ramos Rodríguez","Deportivo Garcilaso"
"Jordan Williams","Blackpool"
"Jordan Williams","Portsmouth"
"Adama Traoré","Fulham"
"Adama Traoré","West Ham United"
"Lequincio Zeefuik","AZ Alkmaar"
"Lequincio Zeefuik","Fortuna Sittard"
"Lequincio Zeefuik","Heracles Almelo"
"Zac Ashworth","Blackpool"
"Caleb Taylor","Millwall"
"Mo Faal","Cheltenham Town"
"Mo Faal","Port Vale"
"Jovan Malcolm","Barrow"
"Jovan Malcolm","Stevenage"
"Jovan Malcolm","York City"
"Tim Iroegbunam","Everton"
"Paweł Wszołek","Legia Warszawa"
"Reyes Cleary","Barnsley"
"Jon Aramburu","Real Sociedad"
"Kervin Mario Andrade Navarro","Fortaleza"
"Kervin Mario Andrade Navarro","Maccabi Tel Aviv"
"Kayky","Bahia"
"Kayky","Internacional"
"Ryan Mahuta","FK Pardubice"
"Slobodan Rubežić","Korona Kielce"
"Tarik Muharemović","Leeds United"
"Tarik Muharemović","Sassuolo"
"Jordan Torunarigha","Hamburger SV"
"Gabriel Villamíl","LDU Quito"
"Alex Mitchell","Plymouth Argyle"
"Tim Kleindienst","Borussia Mönchengladbach"
"László Bénes","Gent"
"László Bénes","Kayserispor"
"Manu Morlanes","Mallorca"
"Dennis Eckert","Standard Liège"
"Fran Beltrán","Celta Vigo"
"Fran Beltrán","Girona"
"Florian Grillitsch","Frosinone"
"Florian Grillitsch","Sporting Braga"
"Robin Hack","Borussia Mönchengladbach"
"Eros Mancuso","Estudiantes"
"Eros Mancuso","Fortaleza"
"Ben Thompson","Bromley"
"Luke Thomas","Bristol Rovers"
"Luke Thomas","St Mirren"
"Álex Cantero","Huesca"
"Álex Cantero","Jagiellonia Białystok"
"Makhtar Gueye","Blackburn Rovers"
"Makhtar Gueye","Shanghai Shenhua"
"Nathan Ngoy","Lille"
"Giovanni van Zwam","Go Ahead Eagles"
"Cody Drameh","Hull City"
"Nathan Moriah-Welsh","Mansfield Town"
"Giangiacomo Magnani","Palermo"
"Giangiacomo Magnani","Reggiana"
"AZ Jackson","Jagiellonia Białystok"
"AZ Jackson","Minnesota United"
"AZ Jackson","Vancouver Whitecaps"
"Lautaro Martínez","Inter Milan"
"Lukas Kübler","Freiburg"
"Jules Gaudin","Sporting Charleroi"
"Jules Gaudin","Stade Lavallois"
"Yvon Mvogo","Lorient"
"Roberto Fernández","Espanyol"
"Mitchell Clark","Fleetwood Town"
"Mitchell Clark","Port Vale"
"Mitchell Clark","Swindon Town"
"Zeno Debast","Sporting CP"
"Noah Mbamba","Dender"
"Noah Mbamba","Lorient"
"Conor Thomas","Crewe Alexandra"
"Ola Aina","Nottingham Forest"
"Bremer","Juventus"
"Ignacio Pussetto","Huracán"
"Ignacio Pussetto","Independiente"
"Hákon Haraldsson","Lille"
"Sean Raggett","Cambridge United"
"Sean Raggett","Colchester United"
"Sean Raggett","Rotherham United"
"Lukasz Skorupski","Bologna"
"Alberto Cerri","Arezzo"
"Alberto Cerri","Cesena"
"Adam Kadlec","Bohemians 1905"
"Adam Kadlec","Mladá Boleslav"
"Adam Kadlec","Viktoria Plzen"
"Jacob Rasmussen","Kaiserslautern"
"Jacob Rasmussen","Salzburg"
"Giovanni Di Lorenzo","Napoli"
"Moreno Lopera","Girona"
"Wagane Faye","RAAL La Louvière"
"Adrián Embarba","Almería"
"Jaime Mata","Las Palmas"
"Jaime Mata","Racing Santander"
"Zhang Yufeng","Shenzhen Peng City FC"
"Zhang Yufeng","Yunnan Yukun"
"Kazeem Olaigbe","Basel"
"Kazeem Olaigbe","Konyaspor"
"Kazeem Olaigbe","Trabzonspor"
"James Morris","Leyton Orient"
"James Morris","Watford"
"Cristhian Julio Solano Barros","Barcelona"
"Cristhian Julio Solano Barros","Leones del Norte"
"Oscar Esteban Quiñonez Mendoza","Independiente del Valle"
"Oscar Esteban Quiñonez Mendoza","Orense"
"Marko Milovanović","Alverca"
"Marko Milovanović","Portsmouth"
"Mario Pašalić","Atalanta"
"Andrea Pinamonti","Lazio"
"Andrea Pinamonti","Sassuolo"
"Oliver Wright","Accrington Stanley"
"Oliver Wright","Gillingham"
"Mehdi Léris","Pisa"
"Jaheim Headley","Port Vale"
"Daniel Jebbison","AFC Bournemouth"
"Daniel Jebbison","Preston North End"
"Arda Güler","Real Madrid"
"Cucho Hernández","Real Betis"
"Moi Gómez","Osasuna"
"Jorge Pulido","Almería"
"Jorge Pulido","Huesca"
"Ezequiel Ávila","Independiente"
"Ezequiel Ávila","Real Betis"
"Boris Tomiak","Hannover 96"
"Taylor Gardner-Hickman","Birmingham City"
"Taylor Gardner-Hickman","Blackburn Rovers"
"Hugo Sotelo","Celta Vigo"
"Hugo Sotelo","Levante UD"
"Marcus Harness","Huddersfield Town"
"Cameron Norman","Newport County AFC"
"Cameron Norman","Tranmere Rovers"
"CJ Fodrey","Austin FC"
"CJ Fodrey","Falkirk"
"Antoine Mendy","OGC Nice"
"Leo Cornic","Brann"
"Leo Cornic","Tromsø"
"Krystian Bielik","Cardiff City"
"Krystian Bielik","West Bromwich Albion"
"Michael Santos","Central Córdoba SdE"
"Michael Santos","Vélez Sarsfield"
"Unai López","Rayo Vallecano"
"Unai Simón","Athletic Club"
"Tawanda Maswanhise","Motherwell"
"Jefté Betancor","Albacete"
"Jefté Betancor","Las Palmas"
"Chinedu Geoffrey","Krylya Sovetov"
"Alexander Bernhardsson","Holstein Kiel"
"Alexander Bernhardsson","Wolfsburg"
"Julien Ponceau","Real Valladolid"
"Emiliano Buendía","Aston Villa"
"Stefan Posch","Como"
"Stefan Posch","FSV Mainz 05"
"Marten Winkler","Hertha Berlin"
"Marten Winkler","RSC Anderlecht"
"Yassine Kechta","Le Havre"
"Yassine Kechta","Leganés"
"Amir Richardson","Fiorentina"
"Amir Richardson","Le Havre"
"Matthéo Xantippe","Grenoble Foot"
"Pawel Bochniewicz","Górnik Zabrze"
"Pawel Bochniewicz","SC Heerenveen"
"Cody Baker","New England Revolution"
"Cody Baker","Seattle Sounders"
"Paul Mullin","Bradford City"
"Paul Mullin","Rotherham United"
"Paul Mullin","Wigan Athletic"
"Jayden Bogle","Leeds United"
"Lukas Hornicek","Newcastle United"
"Lukas Hornicek","Sporting Braga"
"David Tkac","Sigma Olomouc"
"Jan Fiala","Karviná"
"Jan Fiala","Sigma Olomouc"
"Antonio Raimondo","Frosinone"
"Zoran Arsenic","Legia Warszawa"
"Zoran Arsenic","Raków Częstochowa"
"Tomás Galván","River Plate"
"Tomás Galván","Vélez Sarsfield"
"Akin Famewo","Bolton Wanderers"
"Akin Famewo","Hull City"
"Ernest Poku","AZ Alkmaar"
"Ernest Poku","Bayer Leverkusen"
"Ernest Poku","Beşiktaş"
"Riccardo Pagano","Bari"
"Riccardo Pagano","Cesena"
"Callum Lang","Portsmouth"
"Callum Lang","Preston North End"
"Femi Seriki","Sheffield United"
"George Evans","Burton Albion"
"Matthieu Epolo","Standard Liège"
"Robbie McKenzie","Gillingham"
"Juan Felipe Aguirre","Athletico Paranaense"
"Juan Felipe Aguirre","Atlético Nacional"
"Joaquín Varela","Independiente Medellín"
"Joaquín Varela","Rionegro"
"Yonatan Alexis Rodríguez Benítez","Deportes Concepcion"
"Yonatan Alexis Rodríguez Benítez","Nacional"
"Maximiliano Silvera","Nacional"
"Maximiliano Silvera","Peñarol"
"Ignacio Sosa","Peñarol"
"Ignacio Sosa","Red Bull Bragantino"
"Léo Santos","Nacional"
"Joseph Hafferty","Indy Eleven"
"Joseph Hafferty","Lexington SC"
"Tyreeq Bakinson","Leyton Orient"
"Tyreeq Bakinson","Plymouth Argyle"
"Mark Harris","Oxford United"
"Óliver Torres","Monterrey"
"Bjorn Meijer","Club Brugge"
"Tika de Jonge","FC Groningen"
"Luciano Valente","Feyenoord"
"Thijmen Blokzijl","FC Groningen"
"David Raum","RB Leipzig"
"Wílder Viera","Cerro Porteño"
"Murilo","Gil Vicente"
"Fahd Moufi","Baltika"
"Fahd Moufi","Orenburg"
"Mama Baldé","Stade Brestois"
"Pere Milla","Espanyol"
"Michael Heule","FC Heidenheim"
"Michael Heule","Thun"
"Mischa Beeli","Vaduz"
"Vitaly Janelt","Brentford"
"Juan Camilo Castillo Andrade","Fortaleza CEIF"
"Juan Camilo Castillo Andrade","Nizhny Novgorod"
"Nahuel Noll","Hannover 96"
"Nahuel Noll","Paderborn"
"Aurele Amenda","Coventry City"
"Aurele Amenda","Eintracht Frankfurt"
"Evan Rossier","Bellinzona"
"Evan Rossier","Rapperswil-Jona"
"Mohamed Berte","Cracovia Kraków"
"Mohamed Berte","Dender"
"Mërgim Berisha","Kaiserslautern"
"Gustav Mortensen","Standard Liège"
"Nikolas Muci","Grasshopper"
"Nikolas Muci","Mantova"
"João Victor","FK Krasnodar"
"João Victor","São Paulo"
"William Osula","Newcastle United"
"Moustapha Mbow","Paris FC"
"Malcom Bokele","Göztepe"
"Antonio Nusa","RB Leipzig"
"David Møller Wolfe","Wolverhampton Wanderers"
"Vegard Kongsro","Yverdon Sport FC"
"Lasse Nordås","Luton Town"
"Lasse Nordås","SC Heerenveen"
"Milan Djuric","Cremonese"
"Milan Djuric","Parma Calcio 1913"
"Marcus Forss","Bolton Wanderers"
"Marcus Forss","Middlesbrough"
"Nayef Aguerd","Olympique de Marseille"
"Nayef Aguerd","West Ham United"
"Mathias Sauer","Górnik Zabrze"
"Mathias Sauer","Sandefjord"
"João Palhinha","Benfica"
"João Palhinha","Tottenham Hotspur"
"Carlos Gomes","Bolton Wanderers"
"Carlos Gomes","Exeter City"
"Álvaro García","Rayo Vallecano"
"Santi Comesaña","Villarreal"
"Jacob Brown","Luton Town"
"Jacob Brown","Portsmouth"
"Jacob Brown","Reading"
"Jack Grimmer","Wycombe Wanderers"
"Josh Gordon","Barrow"
"Josh Gordon","Exeter City"
"Josh Gordon","Walsall"
"Daniele Ghilardi","AS Roma"
"Flavio Gabriel Alcedo Gutiérrez","Comerciantes Unidos"
"Flavio Gabriel Alcedo Gutiérrez","Sporting Cristal"
"Daniel Rivas","AVS"
"Daniel Rivas","Cerro Porteño"
"Lovro Zvonarek","Estrela Amadora"
"Lovro Zvonarek","Grasshopper"
"Sebastiano Luperto","Cagliari"
"Sebastiano Luperto","Cremonese"
"Federico Dimarco","Inter Milan"
"Ulrik Mathisen","Brann"
"Filip Marschall","Stevenage"
"Aaron Ramsey","Burnley"
"Aaron Ramsey","Leicester City"
"Tommi O'Reilly","Crewe Alexandra"
"Tommi O'Reilly","Doncaster Rovers"
"Baltasar Barcia","Boston River"
"Baltasar Barcia","Nacional"
"Samed Bazdar","Jagiellonia Białystok"
"Samed Bazdar","Real Zaragoza"
"Samed Bazdar","Sint-Truiden"
"Matej Hadas","Sigma Olomouc"
"Bruno Rodrigues","Cruzeiro"
"Bruno Rodrigues","Palmeiras"
"Lucas Beraldo","Paris Saint-Germain"
"Ángel Recio","Málaga"
"Jozhua Vertrouwd","Rayo Vallecano"
"Sorriso","Famalicão"
"Joaquim","Tigres UANL"
"Victor Gabriel","Internacional"
"Anthoni","Internacional"
"Ademir","Bahia"
"Kaan Ayhan","Galatasaray"
"Mario Sauer","Kaiserslautern"
"Mario Sauer","Toulouse"
"Ronald","Swansea City"
"Benito Raman","Mechelen"
"Marvin Ducksch","Birmingham City"
"Marcos Ezequiel Gómez Paredes","Club 2 de Mayo"
"Marcos Ezequiel Gómez Paredes","Club Guaraní"
"Marcos Ezequiel Gómez Paredes","Olimpia"
"Kevin Stöger","Borussia Mönchengladbach"
"Dodi Lukebakio","Benfica"
"Dodi Lukebakio","Sevilla"
"Ben Old","Saint-Étienne"
"Linton Maina","FC Köln"
"Renato Steffen","Lugano"
"Jonatan Braut Brunes","Raków Częstochowa"
"Jonatan Braut Brunes","Sparta Praha"
"Dominik Hollý","FK Jablonec"
"Dominik Hollý","Sparta Praha"
"Jordy Caicedo","Huracán"
"Jordy Caicedo","Sporting Gijón"
"Lucas Morales","Club Sportivo Luqueño"
"Lucas Morales","Nacional"
"Lucas Morales","Olimpia"
"Micael","Inter Miami"
"Micael","Palmeiras"
"Auston Trusty","Celtic"
"Alan Steve Minda García","Atlético Mineiro"
"Alan Steve Minda García","Cercle Brugge"
"Alphonso Davies","Bayern Munich"
"Yang Hyun-Jun","Celtic"
"Jack Thomson","Kilmarnock"
"Jack Thomson","Swindon Town"
"Matheus Martins","Botafogo"
"Cristian Volpato","Sassuolo"
"Bitelo","Dinamo Moscow"
"Julian Ryerson","Borussia Dortmund"
"Jose Ignacio Castro Mena","Huachipato"
"Jose Ignacio Castro Mena","Universidad de Chile"
"Maximilian Mittelstädt","VfB Stuttgart"
"Mikael Ishak","Lech Poznan"
"Fabian Bredlow","VfB Stuttgart"
"Lucas Höler","Freiburg"
"Lucas Torró","Osasuna"
"Matheus Cunha","Manchester United"
"Marcelo Saracchi","Celtic"
"Marcelo Saracchi","Houston Dynamo"
"Agustín Amado","Boston River"
"Macauley Gillesphey","Bradford City"
"Macauley Gillesphey","Charlton Athletic"
"Samuel Mráz","Servette"
"Hamed Traorè","AFC Bournemouth"
"Hamed Traorè","Olympique de Marseille"
"Ryan Christie","AFC Bournemouth"
"Diego Rossi","Columbus Crew"
"Diego Rossi","Monterrey"
"Christian Ramírez","Austin FC"
"Christian Ramírez","LA Galaxy"
"Thierry Gale","Bolton Wanderers"
"Gorka Guruzeta","Athletic Club"
"Serdar Gürler","Eyüpspor"
"Serdar Gürler","Çorum"
"Carlos Gruezo","LDU Quito"
"Carlos Gruezo","Santos Laguna"
"Jamie Mullins","Wycombe Wanderers"
"Eric Remedi","Peñarol"
"Esequiel Barco","Spartak Moscow"
"Leandro González Pírez","Estudiantes"
"Leandro González Pírez","River Plate"
"Héctor Villalba","Barcelona"
"Héctor Villalba","Peñarol"
"Josef Martínez","Columbus Crew"
"Josef Martínez","Tijuana"
"Gerrit Holtmann","Bochum"
"Ridle Baku","RB Leipzig"
"Zé Vitor","Nacional"
"Ronaldo","Bahia"
"Figueiredo","Alverca"
"Ryan Guilherme","Rio Ave"
"Matías Galarza","Atlanta United"
"Matías Galarza","River Plate"
"Matías Galarza","Talleres de Córdoba"
"Guilherme Romão","Santa Clara"
"Kevin","Fulham"
"Adriano Firmino","Santa Clara"
"Adriano Firmino","Wuhan Three Towns"
"Kaiki","Como"
"Kaiki","Cruzeiro"
"Matheus Pereira","Santa Clara"
"Matheus Pereira","Toronto FC"
"Pablo Maia","São Paulo"
"Arthur Chaves","Augsburg"
"Arthur Chaves","Hoffenheim"
"Igor Paixão","Olympique de Marseille"
"Adrian Segečić","Portsmouth"
"Milton Valenzuela","Atlas"
"Milton Valenzuela","Independiente"
"Nicolas Hasler","Vaduz"
"Lorenzo Carissoni","Calcio Padova"
"Lorenzo Carissoni","Juve Stabia"
"Magnus Riisnæs","Bodø"
"Magnus Riisnæs","Glimt"
"Geny Catamo","Sporting CP"
"Tyler Adams","AFC Bournemouth"
"Sebastián Britos","Peñarol"
"Sebastián Britos","Universitario"
"Lucas Janson","Boca Juniors"
"Lucas Janson","Gimnasia La Plata"
"Alejandro Silva","Deportivo Recoleta"
"Alejandro Silva","Olimpia"
"Gianluca Busio","Venezia"
"Felipe Augusto","Trabzonspor"
"Felipe Augusto","Zenit St. Petersburg"
"Sandro Kulenović","Dinamo Zagreb"
"Sandro Kulenović","Torino"
"Ellis Iandolo","Colchester United"
"Marcin Wasielewski","Katowice"
"Jakub Łabojko","Motor Lublin"
"Jakub Łabojko","Piast Gliwice"
"Stuart Findlay","Hearts"
"Samuel Williams","Chicago Fire"
"Samuel Williams","Colorado Springs"
"Adam Murphy","Fleetwood Town"
"Adam Murphy","Swindon Town"
"Arquimides Ordonez","FC Tulsa"
"Arquimides Ordonez","Loudoun United"
"Taichi Fukui","FC Arouca"
"Paulo Victor","Querétaro"
"Paulo Victor","Santa Clara"
"Ethan Bartlow","Sporting Kansas City"
"Ethan Bartlow","Tampa Bay Rowdies"
"Armando Quitirna","Wycombe Wanderers"
"Williot Swedberg","Celta Vigo"
"James Abankwah","Udinese"
"James Abankwah","Watford"
"Anthony Baron","Servette"
"Anthony Baron","Yverdon Sport FC"
"Jefferson Savarino","Botafogo"
"Jefferson Savarino","Fluminense"
"Danny Wilson","Livingston"
"Danny Wilson","Sporting JAX"
"Kellyn Acosta","Pogoń Szczecin"
"Marcelo Fernández","Libertad"
"Martin Remacle","Korona Kielce"
"Ianis Stoica","Estrela Amadora"
"Mihael Mlinaric","Zagłębie Lubin"
"Tuomas Ollila","Guingamp"
"Tuomas Ollila","Paris FC"
"Mirko Pigliacelli","Catanzaro"
"Matías Mansilla","Estudiantes"
"Matías Mansilla","Unión"
"Raul Florucz","Union Saint-Gilloise"
"Brayan Ceballos","CF Montreal"
"Brayan Ceballos","New England Revolution"
"Leyser Chaverra","Deportivo Cali"
"Leyser Chaverra","Independiente Medellín"
"Yani Quintero","América de Cali"
"Yani Quintero","Deportivo Cali"
"John Alex Palacios","Orenburg"
"Jean Pierre Arroyo","Independiente del Valle"
"Valentín Barco","Chelsea"
"Valentín Barco","Strasbourg"
"Jusef Erabi","KRC Genk"
"Jusef Erabi","Preston North End"
"Daniel Londoño","Independiente Medellín"
"Daniel Londoño","Once Caldas"
"Oliver Sonne","Burnley"
"Oliver Sonne","Sparta Praha"
"Alassana Jatta","Casa Pia AC"
"Alassana Jatta","Notts County"
"Ibrahim Said","Motherwell"
"Lasso Coulibaly","Auxerre"
"Leo Walta","Swansea City"
"Román Riquelme","Argentinos Juniors"
"Román Riquelme","Talleres de Córdoba"
"Federico Redondo","Elche"
"Francisco Chaverra","Independiente Medellín"
"Francisco Chaverra","Millonarios"
"Horațiu Moldovan","Eyüpspor"
"Horațiu Moldovan","Real Oviedo"
"Rareș Ilie","Empoli"
"Rareș Ilie","Mantova"
"Filip Majchrowicz","RKS Radomiak Radom"
"Ben Bobzien","Dynamo Dresden"
"Ben Bobzien","FSV Mainz 05"
"Nelson Deossa","Real Betis"
"Yaroslav Gladyshev","Dinamo Moscow"
"Viktor Melekhin","Rostov"
"Deian Sorescu","Gazişehir Gaziantep"
"Luca Herrmann","Dynamo Dresden"
"Jannis Heuer","Greuther Fürth"
"Jannis Heuer","Preußen Münster"
"Mohamed Kaba","Lecce"
"Mohamed Kaba","Nantes"
"Ilyes Hamache","Amiens"
"Ilyes Hamache","Cambuur Leeuwarden"
"Konrad Faber","Dynamo Dresden"
"Konrad Faber","Osnabrück"
"Clemens Riedel","Darmstadt 98"
"Clemens Riedel","Espanyol"
"Paul Joly","Kaiserslautern"
"Iyad Mohamed","Casa Pia AC"
"Iyad Mohamed","Portsmouth"
"Maximilian Rohr","SV 07 Elversberg"
"Mohamed Koné","Sporting Charleroi"
"Sergio Álvarez","Eibar"
"Dávid Krčík","Karviná"
"Dávid Krčík","Viktoria Plzen"
"Marc Cardona","FC Andorra"
"Marc Cardona","Las Palmas"
"Mateusz Grzybek","Zagłębie Lubin"
"Adam Radwański","Wisła Płock"
"Adam Radwański","Zagłębie Lubin"
"Karol Knap","Cracovia Kraków"
"Fynn Lakenmacher","Darmstadt 98"
"Morgan Faßbender","Bruk-Bet Termalica Nieciecza"
"Morgan Faßbender","Korona Kielce"
"Julian Niehues","FC Heidenheim"
"Richmond Tachie","Kaiserslautern"
"Richmond Tachie","Magdeburg"
"Ole Pohlmann","Greuther Fürth"
"Ole Pohlmann","Rio Ave"
"Michael Ameyaw","Raków Częstochowa"
"Roggerio Nyakossi","OH Leuven"
"Malik Sawadogo","Vaduz"
"Ronaldo Cesar","Rostov"
"Mathias Delorge","Gent"
"Cisse Sandra","Club Brugge"
"Cisse Sandra","Westerlo"
"Egas Cacintura","FK Akhmat Grozny"
"Virgil Ghiță","Hannover 96"
"Lucas Humberto Assadi Reygadas","Universidad de Chile"
"Deniz Undav","VfB Stuttgart"
"Josef Svanda","Teplice"
"Daniel Vasulin","Sigma Olomouc"
"Daniel Vasulin","Viktoria Plzen"
"Daniel Vasulin","Zbrojovka Brno"
"Erik Prekop","Baník Ostrava"
"Erik Prekop","Górnik Zabrze"
"Erik Prekop","Slavia Praha"
"Adam Vlkanova","Hradec Králové"
"Denis Donat","Mladá Boleslav"
"Daniil Kuznetsov","Fk Rubin Kazan"
"Joel Pereira","Reading"
"Matheus Reis","CSKA Moscow"
"Matheus Reis","Sporting CP"
"Yuri Gorshkov","Krylya Sovetov"
"Yuri Gorshkov","Zenit St. Petersburg"
"Dmitriy Kabutov","Fk Rubin Kazan"
"Maksim Vityugov","Krylya Sovetov"
"Ivan Sergeev","Dinamo Moscow"
"Aleksandr Soldatenkov","Krylya Sovetov"
"Aleksandr Soldatenkov","Sochi"
"Bogdan Ovsyannikov","Orenburg"
"Sergey Bozhin","Krylya Sovetov"
"Sergey Pinyaev","Lokomotiv Moscow"
"Lucas Pos","Yverdon Sport FC"
"Philipp Treu","Freiburg"
"Yannik Engelhardt","Borussia Mönchengladbach"
"Yannik Engelhardt","Freiburg"
"Max Rosenfelder","Freiburg"
"Jordy Makengo","Freiburg"
"Robert Wagner","Dynamo Dresden"
"Robert Wagner","Holstein Kiel"
"Maximilian Dietz","Greuther Fürth"
"Maximilian Dietz","Górnik Zabrze"
"Lukas Pinckert","SV 07 Elversberg"
"Sergey Babkin","Krylya Sovetov"
"Sergey Babkin","Lokomotiv Moscow"
"Hyun-seok Hong","Gent"
"Hyun-seok Hong","Nantes"
"Alfie Jones","Middlesbrough"
"Daouda Guindo","Stade Brestois"
"Daouda Guindo","Stade de Reims"
"Jason Ceka","Dynamo Dresden"
"Jason Ceka","SV 07 Elversberg"
"Felix Bacher","Estoril"
"Felix Bacher","Lyon"
"Lucas Cepeda","Colo Colo"
"Lucas Cepeda","Elche"
"Linus Gechter","Hertha Berlin"
"Santiago Castro","AS Roma"
"Santiago Castro","Bologna"
"Neil El Aynaoui","AS Roma"
"Konstantin Nizhegorodov","Fk Rubin Kazan"
"Florian Hoxha","Vaduz"
"Florian Hoxha","Étoile Carouge FC"
"Juraj Chvatal","Hradec Králové"
"Juraj Chvatal","Sigma Olomouc"
"Yaroslav Mikhaylov","Rostov"
"Yaroslav Mikhaylov","Zenit St. Petersburg"
"Kirill Zinovich","Dynamo Makhachkala"
"Joel Felix","Arminia Bielefeld"
"Luke McCowan","Celtic"
"Josh Campbell","Hibernian"
"Josué Díaz","Cruz Azul"
"Florian Kleinhansl","Darmstadt 98"
"Florian Kleinhansl","Kaiserslautern"
"Phoenix Patterson","Stevenage"
"Pascal Loretz","Hannover 96"
"Pascal Loretz","Luzern"
"Nelson Okeke","Bohemians 1905"
"Nelson Okeke","FK Jablonec"
"Félix Lemaréchal","Club Brugge"
"Félix Lemaréchal","Strasbourg"
"Benjamin Källman","Hannover 96"
"Glen Kamara","Queens Park Rangers"
"Glen Kamara","Rennes"
"Ali McCann","Preston North End"
"Nilson Angulo","RSC Anderlecht"
"Nilson Angulo","Sunderland"
"Josimar Alcócer","Sparta Praha"
"Josimar Alcócer","Westerlo"
"Ryan Glover","Barnet"
"Ryan Glover","Stockport County"
"Noé Sow","Sion"
"Derek Mazou-Sacko","Millwall"
"Derek Mazou-Sacko","Rodez"
"Tanguy Zoukrou","BSC Young Boys"
"Tanguy Zoukrou","Kocaelispor"
"Deji Elerewe","Bromley"
"Deji Elerewe","Lincoln City"
"Karim Sow","FC Lausanne Sport"
"Melvin Mastil","FC Lausanne Sport"
"Melvin Mastil","Stade Nyonnais"
"Tommy Leigh","Bradford City"
"Tommy Leigh","Bristol Rovers"
"Will Mannion","Charlton Athletic"
"Giovani Versini","Pau"
"Gonçalo Esteves","Alverca"
"Gonçalo Esteves","Catanzaro"
"Kiko Bondoso","Moreirense"
"Regan Hendry","Mansfield Town"
"Lucas Soares","Santa Clara"
"Jota","Beşiktaş"
"Jota","Nottingham Forest"
"Jack Bonham","Bolton Wanderers"
"Gassan Ahadme Yahyai","Cambridge United"
"Gassan Ahadme Yahyai","Stevenage"
"Álex Petxarroman","AD Ceuta FC"
"Álex Petxarroman","FC Andorra"
"Julen Agirrezabala","Racing Santander"
"Julen Agirrezabala","Valencia"
"Bilal Nadir","Hamburger SV"
"Bilal Nadir","Olympique de Marseille"
"Bradley Locko","Stade Brestois"
"Adem Zorgane","Union Saint-Gilloise"
"Noah Rupp","FC Wil 1900"
"Noah Rupp","Thun"
"Bernardo Vital","Jagiellonia Białystok"
"Chiquinho","Alverca"
"Reece Hutchinson","Crewe Alexandra"
"Elias Achouri","FC København"
"Elias Achouri","San Diego FC"
"Mohamed Bouldini","Academico Viseu"
"Mohamed Bouldini","Granada"
"Mohamed Bouldini","RC Deportivo La Coruña"
"Tomás Händel","FK Crvena Zvezda"
"Tomás Händel","Vitória Guimarães"
"Miguel Maga","Vitória Guimarães"
"Gui Guedes","Almería"
"Paul Glatzel","Swindon Town"
"Elliot Nevitt","Cambridge United"
"Elliot Nevitt","Gillingham"
"Elliot Nevitt","Oldham Athletic"
"Pável Pérez","Toluca"
"Fred Onyedinma","Wycombe Wanderers"
"Faber Gil","Atlético Bucaramanga"
"Faber Gil","Atlético Nacional"
"Faber Gil","Jaguares de Córdoba"
"Antoine Hainaut","Venezia"
"Jesús Areso","Athletic Club"
"Fran Navarro","Sporting Braga"
"Aboubacar Lô","Amiens"
"Aboubacar Lô","Stade Lavallois"
"Milan Robin","Le Mans"
"Esteban Lepaul","Angers"
"Esteban Lepaul","Rennes"
"Mirko Salvi","Basel"
"Mischa Eberhard","Vaduz"
"Lewin Blum","BSC Young Boys"
"Lewin Blum","Sporting Charleroi"
"Ali Kabacalman","Sion"
"Shkelqim Vladi","FC Aarau"
"Shkelqim Vladi","St. Gallen"
"Néhemie Lusuena","FC Stade Lausanne-Ouchy"
"Kevin Martin","FC Stade Lausanne-Ouchy"
"Kevin Martin","Yverdon Sport FC"
"William Le Pogam","Rapperswil-Jona"
"William Le Pogam","Yverdon Sport FC"
"Kay Tejan","Dunkerque"
"Kay Tejan","Telstar"
"Oussama El Azzouzi","Auxerre"
"Oussama El Azzouzi","Bologna"
"Rui Mendes","FC Groningen"
"Rui Mendes","Telstar"
"Alexsandro Ribeiro","Lille"
"Kevin Pina","FK Krasnodar"
"Juninho","Flamengo"
"Juninho","Pumas UNAM"
"Batxi","FK Krasnodar"
"Pedro Pacheco","Santa Clara"
"Philip Brittijn","Fortuna Sittard"
"Levi Smans","SC Heerenveen"
"Robin Koch","Eintracht Frankfurt"
"Mathias Løvik","Molde"
"Mathias Løvik","Parma Calcio 1913"
"Mathias Løvik","Trabzonspor"
"Marco Thaler","FC Aarau"
"Cher Ndour","Fiorentina"
"Elves Baldé","RKS Radomiak Radom"
"Emirhan Topçu","Beşiktaş"
"Anıl Yaşar","Eyüpspor"
"Kerwin Vargas","Athletico Paranaense"
"Kerwin Vargas","Charlotte"
"Manu Silva","Benfica"
"Sidney Lima","Santa Clara"
"Chiedozie Ogbene","Ipswich Town"
"Chiedozie Ogbene","Sheffield United"
"Mor Ndiaye","Pogoń Szczecin"
"Kellan Gordon","Crawley Town"
"Kellan Gordon","Notts County"
"Gustavo Martins Furtado dos Santos","FK Krasnodar"
"Gustavo Martins Furtado dos Santos","Sochi"
"Miki Villar","Jagiellonia Białystok"
"Miki Villar","Wieczysta Krakow"
"Paulinho","Palmeiras"
"Enes Keskin","Alanyaspor"
"Fin Back","Colchester United"
"Fin Back","Wycombe Wanderers"
"Mouhamadou Diarra","Sunderland"
"Scott Banks","Barnsley"
"Scott Banks","Blackpool"
"Scott Banks","St. Pauli"
"Justin Smith","CD Eldense"
"Justin Smith","Sporting Gijón"
"Phillipp Mwene","FSV Mainz 05"
"Gökhan Sazdağı","Beşiktaş"
"Gökhan Sazdağı","Kayserispor"
"Gökhan Sazdağı","Çorum"
"Kazımcan Karataş","Galatasaray"
"Kazımcan Karataş","Istanbul Basaksehir"
"Milutin Osmajić","Genoa"
"Milutin Osmajić","Preston North End"
"Iván Chapela","Burgos"
"Iván Chapela","Tenerife"
"Guilherme Ramos","Beijing Guoan"
"Guilherme Ramos","Hamburger SV"
"Noah Weißhaupt","Darmstadt 98"
"Noah Weißhaupt","Hannover 96"
"Noah Weißhaupt","Legia Warszawa"
"Mortadha Ben Ouannes","Kasımpaşa"
"Onur Ergün","Istanbul Basaksehir"
"Bertuğ Yıldırım","Istanbul Basaksehir"
"Bertuğ Yıldırım","Rennes"
"William Neil Goodwin","Colchester United"
"William Neil Goodwin","Gillingham"
"Alfie Dorrington","Aberdeen"
"Alfie Dorrington","Salford City"
"Eduard Löwen","San Jose Earthquakes"
"Eduard Löwen","St. Louis City"
"Jamie Donley","Luton Town"
"Jamie Donley","Oxford United"
"Jamie Donley","Stoke City"
"Jaden Williams","Colchester United"
"Liam Bennett","Cambridge United"
"Archie Gray","Tottenham Hotspur"
"Zé Pedro","Cagliari"
"Zé Pedro","FC Porto"
"João Mendes","Vitória Guimarães"
"Mees de Wit","AZ Alkmaar"
"Filip Lissah","Falkirk"
"Filip Lissah","Swansea City"
"Kyrell Wilson","Falkirk"
"Kyrell Wilson","Gent"
"Cameron Congreve","Dundee"
"Cameron Congreve","Westerlo"
"Iwan Morgan","Grimsby Town"
"Iwan Morgan","Shrewsbury Town"
"Lennard Hartjes","Excelsior"
"Berke Özer","Eyüpspor"
"Berke Özer","Lille"
"Tayyib Sanuç","Beşiktaş"
"Tayyib Sanuç","Gazişehir Gaziantep"
"Tayyib Sanuç","Rizespor"
"İzzet Çelik","Alanyaspor"
"Semih Güler","Gazişehir Gaziantep"
"Semih Güler","Kayserispor"
"Giuliano Simeone","Atlético Madrid"
"Lewis Koumas","Birmingham City"
"Lewis Koumas","Hull City"
"Lewis Koumas","Liverpool"
"Nikita Krivtsov","FK Krasnodar"
"Gavi","Barcelona"
"Harvey Blair","Portsmouth"
"Alexis Charveys","Rapperswil-Jona"
"Aurélien Platret","US Boulogne"
"Samuel Bossiwa Bessolo","Étoile Carouge FC"
"Tomasz Pieńko","Raków Częstochowa"
"Tomasz Pieńko","Zagłębie Lubin"
"Mateusz Łęgowski","Eyüpspor"
"Mateusz Łęgowski","Motor Lublin"
"Augustin Anello","Boston River"
"Augustin Anello","Philadelphia Union"
"Rafik Belghali","Hellas Verona"
"Rafik Belghali","Mechelen"
"José Carmona","Sevilla"
"Jorge Moreno","Cádiz"
"Jorge Moreno","Tenerife"
"Ben Middlemas","Swindon Town"
"Oğuz Aydın","Fenerbahçe"
"Ryad Hachem","Nantes"
"Ryad Hachem","Red Star FC"
"Oğulcan Ülgün","Gençlerbirligi"
"Serhat Öztaşdelen","Kocaelispor"
"Feyttullah Emircan Gürlük","Orenburg"
"Feyttullah Emircan Gürlük","Çorum"
"Ogün Bayrak","Göztepe"
"Muharrem Cinan","Kocaelispor"
"Naim García","Leganés"
"Aritz Aldasoro","Racing Santander"
"Aritz Aldasoro","Real Oviedo"
"Jon Magunazelaia","Eibar"
"Jon Karrikaburu","Burgos"
"Jon Karrikaburu","Real Sociedad"
"Javi Martón","Eibar"
"Peru Rodríguez","CyD Leonesa"
"Peru Rodríguez","Real Sociedad B"
"Mamadou Diop","Auxerre"
"Mamadou Diop","Grenoble Foot"
"Otto Hindrich","Legia Warszawa"
"César Gelabert","Sporting Gijón"
"Tomáš Frühwald","Bohemians 1905"
"Jordi Liongola","RAAL La Louvière"
"Jordi Liongola","Sheffield Wednesday"
"Loic Williams","Colorado Rapids"
"Loic Williams","Granada"
"Oier Luengo","Burgos"
"Oier Luengo","Real Oviedo"
"Rodrigo Conceição","Jagiellonia Białystok"
"Rodrigo Conceição","Tondela"
"Melih Kabasakal","Eyüpspor"
"Melih Kabasakal","Gazişehir Gaziantep"
"Melih Kabasakal","Trabzonspor"
"Aleksander Andresen","Fredrikstad"
"Aleksander Andresen","HamKam"
"Florian Le Joncour","SV 07 Elversberg"
"Zakaria El Ouahdi","KRC Genk"
"Nuno Lima","Alanyaspor"
"Mamadou Jobe","Cambridge United"
"Zé Ferreira","Gil Vicente"
"Isac Lidberg","Borussia Mönchengladbach"
"Isac Lidberg","Darmstadt 98"
"Fábio Ronaldo","Estrela Amadora"
"Fábio Ronaldo","Motor Lublin"
"Stepan Chaloupek","Slavia Praha"
"Romaine Mundle","Sunderland"
"Niklas Ødegård","Kristiansund"
"Niklas Ødegård","Molde"
"Joel Mvuka","Bodø"
"Joel Mvuka","Glimt"
"Joel Mvuka","Lorient"
"Fernand Goure","RKS Radomiak Radom"
"Fernand Goure","Westerlo"
"Kyan Vaesen","OH Leuven"
"Kyan Vaesen","Westerlo"
"Taha Altıkardeş","Göztepe"
"Celil Yüksel","Samsunspor"
"Kallum Xzeiba Tracey Cesay","Salford City"
"Axel Camblan","Clermont Foot"
"Axel Camblan","Stade Brestois"
"Alessio Zerbin","Cremonese"
"Alessio Zerbin","Frosinone"
"Lorenzo Palmisani","Frosinone"
"Jovany Ikanga","Red Star FC"
"Yunus Çift","Samsunspor"
"Souleymane Diaby","Winterthur"
"Turpal-Ali Ibishev","FK Akhmat Grozny"
"Kevin Berkoe","Salford City"
"Kevin Berkoe","Shrewsbury Town"
"Kelly N’Mai","Salford City"
"Noah Eile","Bristol City"
"Simone Canestrelli","Pisa"
"Léo Pétrot","Elche"
"Léo Pétrot","RSC Anderlecht"
"Tyler Fredricson","FC Lausanne Sport"
"Tyler Fredricson","Manchester United"
"Lewis Miley","Newcastle United"
"Ben Parkinson","Falkirk"
"Gabriele Piccinini","Pisa"
"Lorenzo Lucca","Napoli"
"Lorenzo Lucca","Nottingham Forest"
"Leo Castledine","Huddersfield Town"
"Leo Castledine","Middlesbrough"
"Lewis Hall","Newcastle United"
"Adedire Mebude","Rizespor"
"Adedire Mebude","Westerlo"
"Mahamadou Susoho","Kocaelispor"
"Mahamadou Susoho","Livingston"
"Joel Ndala","Cercle Brugge"
"Joel Ndala","Hull City"
"Joel Ndala","Sheffield Wednesday"
"Nico O'Reilly","Manchester City"
"Nicolas Galazzi","Monza"
"Luca Woodhouse","Exeter City"
"Barış Alper Yılmaz","Galatasaray"
"Bahadır Güngördü","Konyaspor"
"Dimitris Sounas","US Avellino"
"Samuele Angori","Pisa"
"Simone Santoro","Modena"
"David Jurásek","Beşiktaş"
"David Jurásek","Slavia Praha"
"Andrea Favilli","US Avellino"
"Luca Parodi","Virtus Entella"
"Andrea Cagnano","Delfino Pescara 1936"
"Andrea Cagnano","US Avellino"
"Alessandro Gabrielloni","Juve Stabia"
"Alessandro Gabrielloni","Palermo"
"Viljami Sinisalo","Celtic"
"Michele Collocolo","Cremonese"
"Rareş Cătălin Burnete","Juve Stabia"
"Rareş Cătălin Burnete","Südtirol"
"Andy Polo","Universitario"
"Odeluga Offiah","Preston North End"
"Kacper Łopata","Bristol Rovers"
"Kacper Łopata","Walsall"
"Dairon Asprilla","Atlético Nacional"
"Tom Fellows","Southampton"
"Tom Fellows","West Bromwich Albion"
"Ted Cann","Rotherham United"
"Jobe Bellingham","Borussia Dortmund"
"Alfie Chang","Bristol Rovers"
"Alfie Chang","Walsall"
"Mason Hancock","Walsall"
"Burak Alili","Stade Nyonnais"
"George Wickens","Lincoln City"
"Abdelkahar Kadri","Gent"
"Tijanni Noslin","Lazio"
"Metehan Mimaroğlu","Gençlerbirligi"
"Metehan Mimaroğlu","Trabzonspor"
"Jordan Wright","Newport County AFC"
"Jamie McDonnell","Mansfield Town"
"Jamie McDonnell","Oxford United"
"Malachi Boateng","Plymouth Argyle"
"Mika Biereth","AS Monaco"
"Norman Bassette","Kaiserslautern"
"Norman Bassette","Stade de Reims"
"Norman Bassette","Westerlo"
"Carl Robert Johnston","Peterborough United"
"Ryan Ponti","Rodez"
"Markus Haaland","Brann"
"Faride Alidou","Eintracht Braunschweig"
"Faride Alidou","Holstein Kiel"
"Faride Alidou","Kaiserslautern"
"Théo Le Bris","Lorient"
"Amadou Mbengue","Queens Park Rangers"
"Thimothée Lo-Tutala","Colchester United"
"Thimothée Lo-Tutala","Doncaster Rovers"
"Cristian Cásseres Jr.","Toulouse"
"Rico Browne","Walsall"
"George Hall","Port Vale"
"Jordan James","Leicester City"
"Jordan James","Wolverhampton Wanderers"
"Brandon Khela","Peterborough United"
"Nordine Kandil","Amiens"
"Nordine Kandil","Nancy"
"Kristi Montgomery","Blackburn Rovers"
"Julien Kouadio","FC Annecy"
"Enzo Tchato","Montpellier"
"Milan Zonneveld","Sparta Rotterdam"
"Milan Zonneveld","Telstar"
"Ibrahim Moriba Coulibaly","Clermont Foot"
"Alex Lowry","Motherwell"
"Alex Lowry","Wycombe Wanderers"
"Melker Ellborg","Malmö FF"
"Melker Ellborg","Sunderland"
"Felipe Salomoni","Audax Italiano"
"Felipe Salomoni","Universidad de Chile"
"Gorby","Sporting Braga"
"Jachym Serak","FK Pardubice"
"Akor Adams","Sevilla"
"Akor Adams","Venezia"
"Joe Low","Huddersfield Town"
"Daniele James Collinge","Barnet"
"Kane Thompson-Sommers","Bristol Rovers"
"Kane Thompson-Sommers","Fleetwood Town"
"Kane Thompson-Sommers","Milton Keynes Dons"
"Matthew Dennis","Burton Albion"
"Matthew Dennis","Notts County"
"Ethan Pye","Stockport County"
"Omri Gandelman","Gent"
"Omri Gandelman","Lecce"
"Einar Galilea","Málaga"
"Andri Gudjohnsen","Blackburn Rovers"
"Andri Gudjohnsen","Gent"
"Ibrahim Olawoyin","Rizespor"
"Christophe Kabongo","Mladá Boleslav"
"Christophe Kabongo","Viktoria Plzen"
"Pelle Clement","FC Groningen"
"Pelle Clement","Sparta Rotterdam"
"Wes Harding","Millwall"
"Wes Harding","Plymouth Argyle"
"Cohen Bramall","Luton Town"
"Cohen Bramall","Milton Keynes Dons"
"Cletus Nombil","Zlín"
"Darnell Furlong","Ipswich Town"
"Darnell Furlong","West Bromwich Albion"
"Nolan Binet","US Boulogne"
"Rico Henry","Brentford"
"Aziz Kayondo","Slovan Liberec"
"Valentín Depietri","Talleres de Córdoba"
"Carles Aleñà","Deportivo Alavés"
"Emmanuel Longelo","Motherwell"
"Junior Olaitan","Beşiktaş"
"Junior Olaitan","Göztepe"
"Novatus Miroshi","Göztepe"
"Francesco Bardi","Mantova"
"Francesco Bardi","Palermo"
"Santiago Eneme","Sparta Praha"
"Daniel Afriyie Barnieh","FC Aarau"
"Abdul Fatawu","Ipswich Town"
"Abdul Fatawu","Leicester City"
"Bojan Miovski","Girona"
"Bojan Miovski","Rangers"
"Antoine Makoumbou","Sampdoria"
"Antoine Makoumbou","Samsunspor"
"Luis Asué","Leganés"
"Luis Asué","Shanghai Shenhua"
"Zavier Gozo","Crystal Palace"
"Zavier Gozo","Real Salt Lake"
"Luke Plange","Grasshopper"
"Courtney Clarke","Walsall"
"Sampson Dweh","Viktoria Plzen"
"Rafael Guerrero","Tigres UANL"
"Sam Tickle","Bristol City"
"Sam Tickle","Wigan Athletic"
"Paddy Lane","Reading"
"Samuel Amo-Ameyaw","Strasbourg"
"Caylan Vickers","Barnsley"
"Caylan Vickers","Wigan Athletic"
"Kyle McAdam","Mansfield Town"
"Kyle McAdam","Northampton Town"
"Jack Perkins","Northampton Town"
"Josh Powell","Colchester United"
"Josh Powell","Fleetwood Town"
"Esapa Osong","Fleetwood Town"
"Esapa Osong","Motherwell"
"Joe Gardner","Falkirk"
"Joe Gardner","Mansfield Town"
"Bobby Clark","Derby County"
"N'Dri Koffi","Catanzaro"
"Courtney Baker-Richardson","Newport County AFC"
"Courtney Baker-Richardson","Tranmere Rovers"
"Filippo Delli Carri","Monza"
"Todd Cantwell","Blackburn Rovers"
"Luigi Cuppone","Virtus Entella"
"Aladji Bamba","AS Monaco"
"Aladji Bamba","Newcastle United"
"Nasser Djiga","Rangers"
"Nasser Djiga","Wolverhampton Wanderers"
"Luca Pandolfi","Catanzaro"
"Luca Pandolfi","US Avellino"
"Azeem Abdulai","Hibernian"
"Azeem Abdulai","Leyton Orient"
"Joel Cotterill","Bristol Rovers"
"Joel Cotterill","Dundee"
"Miloš Ćoćić","Vaduz"
"Martin Delavallée","Sporting Charleroi"
"Jahnoah Markelo","Coventry City"
"Jahnoah Markelo","FC Zürich"
"Frank Castañeda","Atlético Bucaramanga"
"Frank Castañeda","Cúcuta Deportivo"
"Frank Castañeda","Llaneros"
"João Goulart","Casa Pia AC"
"Damienus Reverson","FC Zürich"
"Juan Manuel Boselli Graf","FK Krasnodar"
"Juan Manuel Boselli Graf","Nizhny Novgorod"
"Vic Chambaere","Union Saint-Gilloise"
"Antonio Fiori","Cesena"
"Antonio Fiori","Frosinone"
"Antonio Fiori","Mantova"
"Steven Folly Nador","Modena"
"Gvidas Gineitis","Torino"
"Filippo Mane","Borussia Dortmund"
"Justin Kumi","Juve Stabia"
"Justin Kumi","US Avellino"
"Tommaso Corazza","Cesena"
"Tommaso Corazza","Delfino Pescara 1936"
"Tommaso Corazza","Vicenza Virtus"
"Giuseppe Ambrosino","Modena"
"Giuseppe Ambrosino","Napoli"
"Diego Coppola","Brighton & Hove Albion"
"Diego Coppola","Paris FC"
"Davide Bragantini","Mantova"
"Lorenzo Ignacchiti","Empoli"
"Lorenzo Ignacchiti","Mantova"
"Michael Kayode","Brentford"
"Luca Lipani","Sassuolo"
"Matteo Dagasso","Delfino Pescara 1936"
"Matteo Dagasso","Venezia"
"Fabio Abiuso","Carrarese Calcio 1908"
"Enoch Owusu","St. Gallen"
"Alwande Roaldsøy","Sparta Rotterdam"
"Lorenzo Lucchesi","Monza"
"Alessandro Dellavalle","Calcio Padova"
"Alessandro Dellavalle","Modena"
"Antonio Vergara","Napoli"
"Marin Karamarko","Wisła Płock"
"Arkell Jude-Boyd","Cheltenham Town"
"Arkell Jude-Boyd","Shrewsbury Town"
"Sonny Cox","Exeter City"
"Bartłomiej Kłudka","Lechia Gdańsk"
"Bartłomiej Kłudka","Zagłębie Lubin"
"Frantisek Cech","Hradec Králové"
"Martim Fernandes","FC Porto"
"Pablo Barrios","Atlético Madrid"
"Carlos Martín","Atlético Madrid"
"Carlos Martín","Rayo Vallecano"
"Javier Boñar","Atlético Madrid"
"Javier Boñar","Girona"
"Ryan Hardie","Bolton Wanderers"
"Ryan Hardie","Huddersfield Town"
"Ryan Hardie","Wrexham"
"Joe Westley","Dundee"
"Denzel Hall","Rotherham United"
"George Abbott","Mansfield Town"
"George Abbott","Wycombe Wanderers"
"João Moutinho","Lech Poznan"
"Redouane Halhal","Mechelen"
"Redouane Halhal","Venezia"
"Parfait Guiagon","Sporting Charleroi"
"Liam Chipperfield","Sion"
"Daniil Denisov","Spartak Moscow"
"Roland Idowu","St Mirren"
"Harry Whitwell","West Bromwich Albion"
"Owen Goodman","Barnsley"
"Owen Goodman","Dundee"
"Owen Goodman","Huddersfield Town"
"Tayo Adaramola","Cercle Brugge"
"Tayo Adaramola","Leyton Orient"
"Tayo Adaramola","Sheffield Wednesday"
"Liam Fraser","Reading"
"Jimmy Dunne","Queens Park Rangers"
"Demetri Mitchell","Leyton Orient"
"Connor O'Riordan","Barnsley"
"Connor O'Riordan","Blackburn Rovers"
"Connor O'Riordan","Doncaster Rovers"
"Killian Corredor","Darmstadt 98"
"Killian Corredor","Nantes"
"Sinclair Armstrong","Bristol City"
"Sinclair Armstrong","Göztepe"
"Luke Harris","Oxford United"
"Luke Harris","Wigan Athletic"
"Luke Harris","Wycombe Wanderers"
"Idris Odutayo","Bromley"
"Idris Odutayo","Dundee"
"Junior Noguera","Deportivo Recoleta"
"Junior Noguera","Rionegro"
"Rodri Alonso","Moreirense"
"Jorge Pascual","Granada"
"Darren Robinson","Doncaster Rovers"
"Antoine Mille","Troyes"
"Franco Fagúndez","Santa Fe"
"Franco Fagúndez","Santos Laguna"
"Cristhian Mosquera","Arsenal"
"Marvel","Leganés"
"Gonzalo García","Fulham"
"Gonzalo García","Real Madrid"
"David Gonzalez","Burgos"
"Rocco Shein","Fredrikstad"
"Rocco Shein","Portsmouth"
"Ugo Raghouber","Burnley"
"Ugo Raghouber","Levante UD"
"Ugo Raghouber","Lille"
"Anselmo MacNulty","Magdeburg"
"Anselmo MacNulty","PEC Zwolle"
"Fabio Di Michele Sanchez","Eintracht Braunschweig"
"Lukas Ambros","Górnik Zabrze"
"Lukas Ambros","RSC Anderlecht"
"Josué Cuero","LDU Quito"
"Manuel Bueno","Sevilla"
"Marcelo Expósito","Burgos"
"Kike Salas","Sevilla"
"Jonas Krumrey","Holstein Kiel"
"Jonas Krumrey","Osnabrück"
"Dijon Kameri","Cracovia Kraków"
"Liam Morrison","Aberdeen"
"Liam Morrison","Queens Park Rangers"
"Estanis Pedrola","Las Palmas"
"Estanis Pedrola","Sampdoria"
"Lucas Copado","Energie Cottbus"
"Lucas Copado","Paderborn"
"Josep Cerdà","FC Andorra"
"Josep Cerdà","Mallorca"
"Álex Valle","Como"
"Aleksandar Pavlović","Bayern Munich"
"Aleix Garrido","Eibar"
"Ilias Akhomach","Rayo Vallecano"
"Ilias Akhomach","Villarreal"
"Davide Veroli","Palermo"
"Davide Veroli","Südtirol"
"Will Lankshear","Middlesbrough"
"Will Lankshear","Oxford United"
"Louie Marsh","Chesterfield"
"Louie Marsh","Falkirk"
"Kamarl Grant","Blackpool"
"Kamarl Grant","Bromley"
"Sydie Peck","Sheffield United"
"Jaydon Banel","Burnley"
"Jaydon Banel","Derby County"
"Tristan Gooijer","Lommel"
"Tristan Gooijer","PEC Zwolle"
"Renato Veiga","Villarreal"
"Mateus Fernandes","Southampton"
"Mateus Fernandes","Tottenham Hotspur"
"Mateus Fernandes","West Ham United"
"Diogo Travassos","Moreirense"
"Diogo Travassos","Sporting Braga"
"Martim Marques","Lugano"
"Gilberto Batista","Moreirense"
"Andrew Smith","Gillingham"
"Divin Mubama","Southampton"
"Divin Mubama","Stoke City"
"George Earthy","Bristol City"
"George Earthy","Reading"
"George Earthy","West Ham United"
"Kaelan Casey","Leyton Orient"
"Kaelan Casey","Swansea City"
"Lewis Orford","Stevenage"
"Lewis Orford","West Ham United"
"Gideon Kodua","Luton Town"
"Oliver Scarles","West Ham United"
"Murphy Cooper","Barnsley"
"Murphy Cooper","Plymouth Argyle"
"Murphy Cooper","Sheffield Wednesday"
"Malcolm Ebiowei","Blackpool"
"Malcolm Ebiowei","Crawley Town"
"David Acquah","FC Aarau"
"Severin Ottiger","Luzern"
"Severin Ottiger","Winterthur"
"Demir Tıknaz","Beşiktaş"
"Demir Tıknaz","Sporting Braga"
"Gilles Richard","Stade Nyonnais"
"Gilles Richard","Yverdon Sport FC"
"Clinton Nsiala","Rangers"
"Clinton Nsiala","Westerlo"
"Bojan Kovacevic","Cádiz"
"Mamady Diambou","Salzburg"
"Mamady Diambou","Stade Brestois"
"JJ McKiernan","Bromley"
"JJ McKiernan","Burton Albion"
"Shaqai Forde","Bristol Rovers"
"Ryan Andrews","BSC Young Boys"
"Ryan Andrews","Watford"
"Kamil Amadu Conteh","Bristol Rovers"
"Kamil Amadu Conteh","Bromley"
"Kamil Amadu Conteh","Lincoln City"
"Arda Kurtulan","Göztepe"
"Frankie Terry","Colchester United"
"Sonny Perkins","Leyton Orient"
"Sonny Perkins","Wigan Athletic"
"Yannis Nahounou","Nancy"
"Reda Belahyane","Lazio"
"Benn Ward","Accrington Stanley"
"Benn Ward","Reading"
"Chris Rigg","Sunderland"
"Tom Watson","Brighton & Hove Albion"
"Tom Watson","Leicester City"
"Tom Watson","Millwall"
"Zak Bradshaw","Cambridge United"
"Tawanda Chirewa","Barnsley"
"Tawanda Chirewa","Wolverhampton Wanderers"
"Abraham Marcus","Estrela Amadora"
"Zak Lovelace","Millwall"
"Romain Esse","Coventry City"
"Romain Esse","Crystal Palace"
"Jonathan Fontana","Neuchâtel Xamax"
"Ryan Fosso","Fortuna Sittard"
"Ryan Fosso","Standard Liège"
"Elias Maluvunu","Winterthur"
"Cristian Cañozales","Carabobo"
"Cristian Cañozales","Rionegro"
"Max Conway","Bolton Wanderers"
"Jeyland Mitchell","Strasbourg"
"Jeyland Mitchell","Sturm Graz"
"Lucas Bretelle","Le Mans"
"Lucas Bretelle","RAAL La Louvière"
"Vladislav Saus","Baltika"
"Vladislav Saus","Spartak Moscow"
"Melker Widell","Swansea City"
"Hugo Bolin","Borussia Mönchengladbach"
"Hugo Bolin","Malmö FF"
"Guillaume Restes","Toulouse"
"Rayan Touzghar","Pau"
"Rayan Touzghar","Standard Liège"
"António Silva","AFC Bournemouth"
"António Silva","Benfica"
"Pedro Santos","Famalicão"
"João Neves","Paris Saint-Germain"
"André Gomes","Alverca"
"André Gomes","Casa Pia AC"
"Fermín López","Barcelona"
"Juho Talvitie","Lommel"
"Juho Talvitie","NAC Breda"
"Younes Taha","FC Groningen"
"Younes Taha","Twente"
"Anan Khalaili","Crystal Palace"
"Anan Khalaili","Union Saint-Gilloise"
"Kane Taylor","Oldham Athletic"
"Kane Taylor","Rochdale"
"Warren Zaïre-Emery","Paris Saint-Germain"
"Djeidi Gassama","Rangers"
"Daouda Weidmann","Twente"
"Jiri Spacil","Sigma Olomouc"
"Martin Suchomel","Hradec Králové"
"Martin Suchomel","Sparta Praha"
"Adam Ševínský","Sparta Praha"
"Patrik Vydra","Sparta Praha"
"Maksym Dyachuk","Baník Ostrava"
"Maksym Dyachuk","Lechia Gdańsk"
"Paul Wanner","PSV Eindhoven"
"Gustavo Varela","Gil Vicente"
"Gustavo Varela","Monza"
"Stefan Lekovic","Estrela Amadora"
"Thibault Klidjé","Hibernian"
"Chemsdine Talbi","Sunderland"
"Kyriani Sabbe","Club Brugge"
"Denzel De Roeve","Brann"
"Denzel De Roeve","Union Saint-Gilloise"
"Romeo Vermant","Club Brugge"
"Jorne Spileers","Club Brugge"
"Víctor Muñoz","Liverpool"
"Víctor Muñoz","Osasuna"
"Sverre Nypan","Lommel"
"Sverre Nypan","Middlesbrough"
"Kévin Danois","Auxerre"
"Maghnes Akliouche","AS Monaco"
"Maghnes Akliouche","Paris Saint-Germain"
"Denis Vala","Bohemians 1905"
"Harrison Armstrong","Everton"
"Harrison Armstrong","Preston North End"
"Elias Jelert","Le Havre"
"Elias Jelert","Southampton"
"Finley Munroe","Blackpool"
"Finley Munroe","Middlesbrough"
"Finley Munroe","Swindon Town"
"Kadan Young","Aston Villa"
"Kadan Young","FC Annecy"
"Kadan Young","Reading"
"Samuel Dahl","Benfica"
"Dawda Camara","Cádiz"
"Dawda Camara","Girona"
"Nacho Martín","Sporting Gijón"
"Sławomir Abramowicz","Jagiellonia Białystok"
"André Luiz","Olympiacos"
"André Luiz","Rio Ave"
"André Luiz","Sporting Kansas City"
"Mile Svilar","AS Roma"
"Lucas França","Nacional"
"Lucas França","Santa Clara"
"Moussa Kyabou","Gençlerbirligi"
"Emirhan İlkhan","Torino"
"Rafiu Durosinmi","KRC Genk"
"Rafiu Durosinmi","Pisa"
"Rafiu Durosinmi","Viktoria Plzen"
"Nathan Butler-Oyedeji","FC Lausanne Sport"
"Jorge Ruvalcaba","New York Red Bulls"
"Jorge Ruvalcaba","Pumas UNAM"
"Lukas Willen","Pogoń Szczecin"
"Lukas Willen","Zulte Waregem"
"Brad Ihionvien","Colchester United"
"Brad Ihionvien","Peterborough United"
"Brad Ihionvien","Shrewsbury Town"
"Ilias Sebaoui","Sint-Truiden"
"Salim Diakité","Juve Stabia"
"Salim Diakité","Palermo"
"Salim Diakité","Zulte Waregem"
"Ivan Smolcic","Como"
"Hugo Álvarez","Celta Vigo"
"Tomás Jacob","Atlanta United"
"Tomás Jacob","Necaxa"
"Adrian Blake","FC Utrecht"
"Dara Costelloe","Wigan Athletic"
"Henok Teklab","OH Leuven"
"Nicolai Remberg","Hamburger SV"
"Jamie Knight-Lebel","Motherwell"
"Jamie Knight-Lebel","Swindon Town"
"Teun Wilke","Fortaleza CEIF"
"Teun Wilke","Guadalajara"
"Gatlin O'Donkor","Oxford United"
"Augustine Boakye","Saint-Étienne"
"Valentín Carboni","Genoa"
"Valentín Carboni","Racing Club"
"Luigi Cherubini","Benevento"
"Luigi Cherubini","Sampdoria"
"Jake Leake","Colchester United"
"Jake Leake","Oldham Athletic"
"Matty Jacob","Hull City"
"Matty Jacob","Reading"
"Óscar Rivas","Vitória Guimarães"
"Sindre Egeli","Ipswich Town"
"Yannick Agnero","Lech Poznan"
"Semih Kılıçsoy","Beşiktaş"
"Semih Kılıçsoy","Cagliari"
"Rodrigo Ribeiro","Augsburg"
"Rodrigo Ribeiro","Sporting CP"
"Youssef Chermiti","Rangers"
"Abde Ezzalzouli","Real Betis"
"Steve Seddon","AFC Wimbledon"
"Iker Bravo","Las Palmas"
"Iker Bravo","Udinese"
"Iker Bravo","Watford"
"Kyreece Lisbie","Colchester United"
"Kyreece Lisbie","Reading"
"Kyrell Lisbie","Millwall"
"Kyrell Lisbie","Peterborough United"
"Sam Parker","Swansea City"
"Sam Parker","Wycombe Wanderers"
"Baptiste Mouazan","Grenoble Foot"
"James Connolly","Crewe Alexandra"
"James Connolly","Walsall"
"Cian Ashford","Cardiff City"
"Matthew Baker","Newport County AFC"
"Matthew Baker","Notts County"
"Moritz Broschinski","Basel"
"Moritz Broschinski","Bochum"
"Moritz Broschinski","Karlsruher SC"
"Dan Barlaser","Hibernian"
"Dan Barlaser","Milton Keynes Dons"
"Sonny Aljofree","Notts County"
"Sonny Aljofree","Rotherham United"
"Dimitrios Keramitsis","Pogoń Szczecin"
"Diogo Spencer","AVS"
"Diogo Spencer","Alverca"
"Kenan Yıldız","Juventus"
"Dajaune Brown","Derby County"
"Dajaune Brown","Port Vale"
"Dajaune Brown","Rochdale"
"Wouter Goes","AZ Alkmaar"
"Leny Yoro","Manchester United"
"Jacopo Martini","Carrarese Calcio 1908"
"Jacopo Martini","Südtirol"
"Tom Rothe","Union Berlin"
"Jorrel Hato","Chelsea"
"Artem Kasimov","Orenburg"
"Jonathan De Donno","Neuchâtel Xamax"
"Jonathan De Donno","Vaduz"
"Marko Soldo","Dinamo Zagreb"
"Marko Soldo","Sigma Olomouc"
"Ante Crnac","Norwich City"
"Leopold Querfeld","Union Berlin"
"Tobi Oluwayemi","Kilmarnock"
"Tobi Oluwayemi","Leyton Orient"
"Álex Sala","Córdoba CF"
"Álex Sala","Lecce"
"Álex Sala","Mallorca"
"Guilherme Smith","Union Saint-Gilloise"
"Gustavo Hamer","Coventry City"
"Gustavo Hamer","Sheffield United"
"Zian Flemming","Burnley"
"Andre Brooks","Norwich City"
"Andre Brooks","Sheffield United"
"Harrison Neal","Fleetwood Town"
"Ezechiel Banzuzi","RB Leipzig"
"Andreas Gianniotis","Kasımpaşa"
"Lazar Carević","Famalicão"
"Matej Maglica","Darmstadt 98"
"Matej Maglica","Kocaelispor"
"Callum Scanlon","Cardiff City"
"Fabry Castro","Atlético Bucaramanga"
"Amadou Samoura","Guingamp"
"Mouhamed Diop","Troyes"
"César Tárrega","Valencia"
"Amar Fatah","Dundee United"
"Amar Fatah","Lecce"
"Joel Colwill","Cardiff City"
"Charlie Crew","Doncaster Rovers"
"Charlie Crew","Walsall"
"Tanatswa Nyakuhwa","Cardiff City"
"Tanatswa Nyakuhwa","Newport County AFC"
"Tom Conlon","Oldham Athletic"
"Tom Conlon","Tranmere Rovers"
"Ryan De Havilland","Bristol Rovers"
"Ryan De Havilland","Peterborough United"
"Clément Billemaz","FC Annecy"
"Antoine Larose","FC Annecy"
"Tomás Conechny","Racing Club"
"Uriel Antuna","Pumas UNAM"
"Guillermo Enrique","Aldosivi"
"Guillermo Enrique","Alianza Lima"
"Deyovaisio Zeefuik","Hertha Berlin"
"Mateo Cassierra","Atlético Mineiro"
"Mateo Cassierra","Zenit St. Petersburg"
"Taty Castellanos","Lazio"
"Taty Castellanos","West Ham United"
"Cristián Alonso Riquelme Piña","Colo Colo"
"Cristián Alonso Riquelme Piña","Deportes Concepcion"
"Marcus Edwards","Burnley"
"Kjell Scherpen","Ipswich Town"
"Kjell Scherpen","Union Saint-Gilloise"
"Marcus Ifill","Bromley"
"Ruairi McConville","Norwich City"
"Joshua Duffus","Saint-Étienne"
"Jack Hinshelwood","Brighton & Hove Albion"
"Tom van de Looi","Famalicão"
"Jake Clarke-Salter","Queens Park Rangers"
"Vyacheslav Karavaev","Zenit St. Petersburg"
"Cameron Humphreys","Huddersfield Town"
"Cameron Humphreys","Ipswich Town"
"Damián Pizarro","Audax Italiano"
"Damián Pizarro","Le Havre"
"Damián Pizarro","Racing Club"
"Bernd Leno","Fulham"
"Donyell Malen","AS Roma"
"Donyell Malen","Aston Villa"
"Zac Williams","Barnet"
"Zac Williams","Kilmarnock"
"Liam Coyle","Accrington Stanley"
"Chris Forino-Joseph","Bolton Wanderers"
"Arif Boşluk","Konyaspor"
"Arif Boşluk","Trabzonspor"
"Álex Jiménez","AC Milan"
"Álex Jiménez","AFC Bournemouth"
"Álex Jiménez","Fiorentina"
"Juan Bernat","Eibar"
"Bilal El Khannouss","Leicester City"
"Bilal El Khannouss","VfB Stuttgart"
"Kamiel Van de Perre","Union Saint-Gilloise"
"Adnane Abid","Standard Liège"
"August Priske","Birmingham City"
"Dmitri Vasiljev","Orenburg"
"Dmitri Vasiljev","Sochi"
"Gabriele Guarino","Empoli"
"Gabriele Guarino","Samsunspor"
"Sergio Lozano","Jagiellonia Białystok"
"Sergio Lozano","Levante UD"
"Calvin Miller","Falkirk"
"Calvin Miller","Hearts"
"Ali Al-Hamadi","Ipswich Town"
"Ali Al-Hamadi","Luton Town"
"Ali Al-Hamadi","Sheffield Wednesday"
"Myenty Abena","Gazişehir Gaziantep"
"Igor Drapiński","Piast Gliwice"
"Vladislav Shitov","Krylya Sovetov"
"Alexander Hack","FC Zürich"
"Marco Friedl","Werder Bremen"
"Mason Burstow","Bolton Wanderers"
"Mason Burstow","Sheffield Wednesday"
"Joseph Gbode","Gillingham"
"Joseph Gbode","Luton Town"
"Joseph Gbode","Shrewsbury Town"
"Sam Gale","Barnsley"
"Sam Gale","Gillingham"
"Bobby Faulkner","Harrogate Town"
"Bobby Faulkner","Tranmere Rovers"
"Bas Kuipers","FC Arouca"
"Bas Kuipers","Sparta Rotterdam"
"Bas Kuipers","Twente"
"Mattias Svanberg","Wolfsburg"
"Emiliano Rigoni","Belgrano"
"Emiliano Rigoni","León"
"Emiliano Rigoni","São Paulo"
"Cameron Bragg","Southampton"
"Jimmy-Jay Morgan","Peterborough United"
"Jimmy-Jay Morgan","West Bromwich Albion"
"Tyler Dibling","Everton"
"Tyler Dibling","Southampton"
"Noussair Mazraoui","Manchester United"
"Ibrahima Baldé","Rodez"
"Rayyan Baniya","Konyaspor"
"Rayyan Baniya","Trabzonspor"
"Sebastian Palmer-Houlden","Gillingham"
"Sebastian Palmer-Houlden","Motherwell"
"Michal Nalepa","Zagłębie Lubin"
"Santiago Núñez","Estudiantes"
"Iván Leguizamón","Olimpia"
"Dimitrios Goutas","Gençlerbirligi"
"Håkon Røsten","KFUM-Kameratene Oslo"
"Håkon Røsten","Rosenborg BK"
"Anosike Ementa","Zulte Waregem"
"Dariusz Stalmach","Magdeburg"
"Dariusz Stalmach","Werder Bremen"
"Lewis Brunt","Bolton Wanderers"
"Lewis Brunt","Wrexham"
"Will Alves","Huddersfield Town"
"Will Alves","Leicester City"
"Ben Gibson","Stoke City"
"Cameron Carter-Vickers","Celtic"
"George Byers","Port Vale"
"Luismi Cruz","RC Deportivo La Coruña"
"Benja Domínguez","Bologna"
"Benja Domínguez","Sassuolo"
"Jacob Farrell","Portsmouth"
"Jacob Farrell","Western Sydney Wanderers"
"Anton Miranchuk","Dinamo Moscow"
"Anton Miranchuk","Sion"
"Tyreece Campbell","Charlton Athletic"
"Lucas Ness","Notts County"
"Dailon Livramento","Casa Pia AC"
"Dailon Livramento","Hellas Verona"
"Jean Nsame","Legia Warszawa"
"Jean Nsame","Pogoń Szczecin"
"Michel Aebischer","Pisa"
"Michel Aebischer","Union Berlin"
"David von Ballmoos","Lugano"
"Loris Benito","BSC Young Boys"
"Christian Fassnacht","BSC Young Boys"
"Djibril Sow","Genoa"
"Djibril Sow","Sevilla"
"Diogo Dalot","Manchester United"
"Aleš Čermák","Bohemians 1905"
"Lakyle Samuel","Bromley"
"Lakyle Samuel","Exeter City"
"Jahmai Simpson-Pusey","Celtic"
"Jahmai Simpson-Pusey","FC Köln"
"Max Alleyne","Burnley"
"Max Alleyne","Manchester City"
"Max Alleyne","Watford"
"Jaden Heskey","Sheffield Wednesday"
"Patrik Hrošovský","KRC Genk"
"Patrik Hrošovský","Viktoria Plzen"
"Jan Kovařík","Bohemians 1905"
"Nikita Chernov","Krylya Sovetov"
"Rodrigo Becão","Fenerbahçe"
"Rodrigo Becão","Kasımpaşa"
"Ivan Oblyakov","CSKA Moscow"
"Jaka Bijol","Leeds United"
"Fedor Chalov","Kayserispor"
"Fedor Chalov","PAOK Thessaloniki"
"Vasilis Barkas","FC Utrecht"
"Nicolò Zaniolo","Galatasaray"
"Nicolò Zaniolo","Udinese"
"James Bree","Charlton Athletic"
"James Bree","Southampton"
"Miguel Chaiwa","Hibernian"
"Franco Escobar","Newell's Old Boys"
"Franco Escobar","Peñarol"
"Josh Earl","Barnsley"
"Josh Earl","Blackpool"
"Alex Paulsen","Lechia Gdańsk"
"Alex Paulsen","Motherwell"
"Javi Llabrés","Burgos"
"Javi Llabrés","Mallorca"
"James Sands","New York City FC"
"James Sands","St. Pauli"
"Kaj Sierhuis","Fortuna Sittard"
"Kaj Sierhuis","NEC"
"Jordy Clasie","AZ Alkmaar"
"Justin Bijlow","Genoa"
"Calvin Verdonk","Lille"
"Calvin Verdonk","NEC"
"Marcelo Flores","Tigres UANL"
"Bradley Ibrahim","Plymouth Argyle"
"Leon Bergsma","Neuchâtel Xamax"
"Myles Lewis-Skelly","Arsenal"
"Dennis Johnsen","Cremonese"
"Dennis Johnsen","Palermo"
"Delano Burgzorg","Bristol City"
"Delano Burgzorg","Middlesbrough"
"Delano Burgzorg","Preston North End"
"Carlos Puga","Málaga"
"Lucas Calodat","Le Mans"
"Yadaly Diaby","Grenoble Foot"
"Kamory Doumbia","Stade Brestois"
"Danel Sinani","Sampdoria"
"Danel Sinani","St. Pauli"
"Alexandre Jesus","Orenburg"
"Mauro Júnior","PSV Eindhoven"
"Dani Lorenzo","Málaga"
"André Vidigal","Alverca"
"André Vidigal","Wycombe Wanderers"
"Arijanet Murić","Sassuolo"
"Joe Mendes","Samsunspor"
"Tom Davies","Newport County AFC"
"Łukasz Poręba","SV 07 Elversberg"
"Yangel Herrera","Girona"
"Yangel Herrera","Real Sociedad"
"Marco Farfán","Tigres UANL"
"Adama Traoré","Gençlerbirligi"
"Loïs Openda","Juventus"
"Loïs Openda","Lyon"
"Loïs Openda","RB Leipzig"
"Hans Vanaken","Club Brugge"
"Arnaut Danjuma","Valencia"
"Karlo Letica","FC Lausanne Sport"
"Karlo Letica","Luzern"
"Christian Witzig","St. Gallen"
"Sebastián Driussi","River Plate"
"Andrey Lunev","Dinamo Moscow"
"Joel Robles","Estoril"
"Erik Jirka","Katowice"
"Erik Jirka","Piast Gliwice"
"Dewar Victoria","Inter Bogotá"
"Dewar Victoria","Millonarios"
"Antonio Milić","Lech Poznan"
"Antonio Milić","Wieczysta Krakow"
"Vakhtang Chanturishvili","FK Jablonec"
"Jonathan Rowe","Bologna"
"Jonathan Rowe","Olympique de Marseille"
"Saxon Earley","Stevenage"
"Abu Kamara","Getafe"
"Abu Kamara","Hull City"
"Abu Kamara","Portsmouth"
"Tony Springett","Leyton Orient"
"Tony Springett","Norwich City"
"Jonathan Tomkinson","Cheltenham Town"
"Samuel Chukwueze","AC Milan"
"Samuel Chukwueze","Fulham"
"Joris Kramer","Go Ahead Eagles"
"Mihajlo Ilić","Cesena"
"Mihajlo Ilić","RSC Anderlecht"
"Lewis O'Brien","Wrexham"
"Lewis Schouten","AZ Alkmaar"
"Lewis Schouten","Excelsior"
"Ro-Zangelo Daal","AZ Alkmaar"
"Dave Kwakman","AZ Alkmaar"
"Dave Kwakman","FC Volendam"
"Mexx Meerdink","AZ Alkmaar"
"Francisco Perruzzi","Aldosivi"
"Francisco Perruzzi","San Lorenzo de Almagro"
"Fredrik Gulbrandsen","Lillestrøm"
"Fredrik Gulbrandsen","Molde"
"Jørgen Strand Larsen","Crystal Palace"
"Jørgen Strand Larsen","Wolverhampton Wanderers"
"Enzo Roco","Fatih Karagümrük"
"Enzo Roco","Palestino"
"Cyle Larin","Feyenoord"
"Cyle Larin","Southampton"
"Jan Chramosta","FK Jablonec"
"David Lischka","Baník Ostrava"
"David Lischka","Bohemians 1905"
"Tomas Holes","Slavia Praha"
"Michal Travnik","Slovácko"
"Lukáš Masopust","Slovan Liberec"
"Mario Martín","Getafe"
"Álvaro Rodríguez","AFC Bournemouth"
"Álvaro Rodríguez","Elche"
"Mahir Emreli","Kaiserslautern"
"Mahir Emreli","Raków Częstochowa"
"Nemanja Gudelj","Getafe"
"Nemanja Gudelj","Sevilla"
"Giorgi Abuashvili","Metz"
"Bryan Zaragoza","AS Roma"
"Bryan Zaragoza","Celta Vigo"
"Kieron Bowie","Hellas Verona"
"Kieron Bowie","Hibernian"
"Kieron Bowie","Sassuolo"
"Matthew Dibley-Dias","Chesterfield"
"Matthew Dibley-Dias","Newport County AFC"
"Dominik Livaković","Dinamo Zagreb"
"Dominik Livaković","Fenerbahçe"
"Daniel Olmo","Barcelona"
"Amir Rrahmani","Napoli"
"Eljif Elmas","Atalanta"
"Eljif Elmas","Napoli"
"Michael Frey","Antwerp"
"Michael Frey","Grasshopper"
"Michael Frey","Queens Park Rangers"
"Mbwana Samatta","Le Havre"
"Sander Berge","Fulham"
"Joakim Maehle","Wolfsburg"
"Ruslan Malinovskiy","Genoa"
"Ruslan Malinovskiy","Trabzonspor"
"Leandro Trossard","Arsenal"
"Leandro Trossard","Beşiktaş"
"Jan Matousek","Bohemians 1905"
"Vladimír Coufal","Hoffenheim"
"Vaclav Sejk","SC Heerenveen"
"Vaclav Sejk","Sigma Olomouc"
"Aleksandr Maksimenko","Spartak Moscow"
"Nikolay Rasskazov","Krylya Sovetov"
"Georgiy Dzhikiya","Antalyaspor"
"Georgiy Dzhikiya","Lokomotiv Moscow"
"Lorenzo Melgarejo","Libertad"
"Emile Smith Rowe","Fulham"
"Antonio Marchesano","Winterthur"
"Antonio Marchesano","Yverdon Sport FC"
"Benjamin Kololli","Sion"
"Bryan David Corozo Caicedo","Libertad"
"Bryan David Corozo Caicedo","Mushuc Runa"
"Théo Chennahi","Montpellier"
"Simon Murray","Dundee"
"Leon McCann","Falkirk"
"Andréa Le Borgne","Como"
"Andréa Le Borgne","Hellas Verona"
"Andréa Le Borgne","US Avellino"
"Nehemiah Fernandez","Nancy"
"Finley Barbrook","Colchester United"
"Finley Barbrook","Falkirk"
"Andy Rinomhota","Reading"
"Yllan Okou","RAAL La Louvière"
"Alan Patrick","Internacional"
"Noah Naujoks","Excelsior"
"Dikeni Salifou","Mechelen"
"Lyall Cameron","Aberdeen"
"Lyall Cameron","Rangers"
"Yu Hirakawa","Bristol City"
"Yu Hirakawa","Hull City"
"Dávid Hancko","Atlético Madrid"
"Brandon Cover","Rotherham United"
"Joe Wormleighton","Northampton Town"
"Oliver Irow","Mansfield Town"
"Oliver Irow","Plymouth Argyle"
"Henry Cartwright","Bradford City"
"Henry Cartwright","Falkirk"
"Josh Woods","Accrington Stanley"
"Stefano Marino","Paderborn"
"Marcos Portillo","Melgar"
"Marcos Portillo","Talleres de Córdoba"
"Ruari Paton","Port Vale"
"Ruari Paton","St Johnstone"
"Archie Collins","Huddersfield Town"
"Archie Collins","Peterborough United"
"Harry Milne","Hearts"
"Alex Adrián Arce Barrios","Independiente Rivadavia"
"Alex Adrián Arce Barrios","LDU Quito"
"Jhon Jhon","Zenit St. Petersburg"
"Naves","Alverca"
"Naves","Necaxa"
"Mathias Rasmussen","St. Pauli"
"Mathias Rasmussen","Union Saint-Gilloise"
"Mohammed Kudus","Tottenham Hotspur"
"Andreas Skov Olsen","Istanbul Basaksehir"
"Andreas Skov Olsen","Rangers"
"Andreas Skov Olsen","Wolfsburg"
"Seydou Fini","Frosinone"
"Seydou Fini","Genoa"
"Jack Sanders","Milton Keynes Dons"
"Emersonn","Göztepe"
"Emersonn","Ipswich Town"
"Emersonn","Toulouse"
"Wesley","AS Roma"
"Wesley","Flamengo"
"Matheus Cunha","Cruzeiro"
"Matheus Cunha","Internacional"
"Tom Gaal","St. Gallen"
"Allan","Corinthians"
"Allan","Flamengo"
"David Bates","Amed SK"
"David Bates","Standard Liège"
"Declan John","St Mirren"
"Beni Mukendi","Vitória Guimarães"
"Jizz Hornkamp","AZ Alkmaar"
"Jizz Hornkamp","Heracles Almelo"
"Diego Villares","RC Deportivo La Coruña"
"Trilli","Córdoba CF"
"Trilli","Real Valladolid"
"Jonathan Burkardt","Eintracht Frankfurt"
"Aleksandar Stanković","Club Brugge"
"Aleksandar Stanković","Inter Milan"
"Brais Martínez","Burgos"
"Junior Firpo","Real Betis"
"Gyan de Regt","Excelsior"
"Gyan de Regt","Holstein Kiel"
"Léo Besson","FC Stade Lausanne-Ouchy"
"Léo Besson","Servette"
"Marc Aguado","Elche"
"Iván Gil","Eibar"
"Iván Gil","Las Palmas"
"Sergio Molina","FC Andorra"
"Mathis Clairicia","Alverca"
"Mathis Clairicia","Bochum"
"Mathis Clairicia","Sochaux"
"Cristian Carracedo","Córdoba CF"
"Ale Meléndez","AD Ceuta FC"
"Ale Meléndez","Albacete"
"Marc Pubill","Atlético Madrid"
"Walid Bouabdeli","Nancy"
"Martin Adeline","Hamburger SV"
"Martin Adeline","Troyes"
"Arturo Calabresi","Pisa"
"Vincent Felder","Étoile Carouge FC"
"Stanislas Kielt","Guingamp"
"Eliezer Mayenda","Rennes"
"Eliezer Mayenda","Sunderland"
"Marc Cucurella","Chelsea"
"Marc Cucurella","Real Madrid"
"Amine Hemia","Guingamp"
"Erwan Colas","Le Mans"
"Rafa Marín","Napoli"
"Rafa Marín","Villarreal"
"Brayann Pereira","NEC"
"Ibrahim Diakité","Cercle Brugge"
"Fraser Taylor","St Mirren"
"Dean Campbell","Northampton Town"
"Dean Campbell","Notts County"
"David Turnbull","Cardiff City"
"Cihan Çanak","Gençlerbirligi"
"Cihan Çanak","Trabzonspor"
"David Costas","Real Oviedo"
"Damian Dąbrowski","Zagłębie Lubin"
"Alberto Dadie","Burgos"
"Alberto Dadie","Real Sociedad B"
"Dinis Pinto","Moreirense"
"Leonardo Buta","Eibar"
"Leonardo Buta","Red Star FC"
"Leonardo Buta","Rio Ave"
"Iván Fresneda","Sporting CP"
"Yael Mouanga","Montpellier"
"Jacques Ekomié","Angers"
"Jacques Ekomié","Wrexham"
"Lohann Doucet","Dunkerque"
"Lohann Doucet","Paris FC"
"Lohann Doucet","Vitória Guimarães"
"Gregor Kobel","Borussia Dortmund"
"Djibril Lamego","RAAL La Louvière"
"Rafał Wolski","RKS Radomiak Radom"
"Roberto Massimo","Górnik Zabrze"
"Dušan Vlahović","Beşiktaş"
"Dušan Vlahović","Juventus"
"Nestory Irankunda","Sporting CP"
"Nestory Irankunda","Watford"
"Glenn McConnell","Cambridge United"
"Saël Kumbedi","Lyon"
"Saël Kumbedi","Wolfsburg"
"Jankat Yılmaz","Eyüpspor"
"Jankat Yılmaz","Galatasaray"
"Elvis Rexhbecaj","Augsburg"
"Elvis Rexhbecaj","Wolfsburg"
"Freddie Issaka","Bristol Rovers"
"Freddie Issaka","Plymouth Argyle"
"Lukas Daschner","St. Gallen"
"Moses Simon","Paris FC"
"Iker Benito","Osasuna"
"Iker Benito","Querétaro"
"Diego Gómez","Necaxa"
"Diego Gómez","Phoenix Rising"
"Raúl Sánchez","CD Castellón"
"Raúl Sánchez","Necaxa"
"Ionut Radu","Celta Vigo"
"Ivan Cavaleiro","FC Zürich"
"Ivan Cavaleiro","Tondela"
"Damian van der Haar","PEC Zwolle"
"Bram Lagae","Dunkerque"
"Tom Bischof","Bayern Munich"
"Joe Thomas","Newport County AFC"
"Trai Hume","Sunderland"
"Nils Rossen","Telstar"
"Javi Guerra","Valencia"
"Mamadou Camara","Montpellier"
"Mamadou Camara","Stade Lavallois"
"Sam Long","Oxford United"
"Adrián Dela","Levante UD"
"Vinícius Júnior","Real Madrid"
"Alexander Rossipal","Dynamo Dresden"
"Jordan Storey","Preston North End"
"Caspar Jander","Nürnberg"
"Caspar Jander","Southampton"
"Justin Njinmah","Werder Bremen"
"Mika Baur","Celtic"
"Mika Baur","Paderborn"
"Habib Diallo","Metz"
"Luca Ranieri","Fiorentina"
"Jason Lokilo","Piast Gliwice"
"André Ceitil","Academico Viseu"
"André Ceitil","Tondela"
"Maestro","Alanyaspor"
"Mario Gila","AC Milan"
"Mario Gila","Lazio"
"Beyatt Lekoueiry","FC Lausanne Sport"
"Jón Thorsteinsson","Brann"
"Jón Thorsteinsson","Hertha Berlin"
"Carlo Holse","Samsunspor"
"Carlo Holse","St. Louis City"
"Juan Carlos Arana","Racing Santander"
"Dani de Wit","FC Utrecht"
"Frank Feller","FC Heidenheim"
"Sandro Lauper","BSC Young Boys"
"Leonardo Bertone","Luzern"
"Leonardo Bertone","Thun"
"Yanis Zouaoui","Le Havre"
"Tom Lowery","Kilmarnock"
"Lucas Maronnier","Troyes"
"Jeanuël Belocian","Bayer Leverkusen"
"Jeanuël Belocian","Wolfsburg"
"Pablo Pagis","Lorient"
"Pablo Pagis","Paris FC"
"Cameron Pring","Bristol City"
"Sam Klein","Brisbane Roar"
"Sam Klein","St. Pauli"
"Óscar Cortés","Huracán"
"Óscar Cortés","Rangers"
"Óscar Cortés","Sporting Gijón"
"Isaac Camargo","Atlético Grau"
"Isaac Camargo","Boyacá Chicó"
"Alexis Manyoma","Colorado Rapids"
"Alexis Manyoma","Deportivo Cali"
"Alexis Manyoma","Estudiantes"
"Mathias Jensen","Brentford"
"Yunus Akgün","Galatasaray"
"Dmitriy Barinov","CSKA Moscow"
"Dmitriy Barinov","Lokomotiv Moscow"
"Srđan Babić","Spartak Moscow"
"Clinton Mata","Lyon"
"Marvelous Nakamba","Luton Town"
"Marvelous Nakamba","Sheffield Wednesday"
"Brandon Mechele","Club Brugge"
"Siebe Schrijvers","OH Leuven"
"Dara O'Shea","Ipswich Town"
"Paulinho","Toluca"
"Danilho Doekhi","Lazio"
"Danilho Doekhi","Union Berlin"
"Nayel Mehssatou","Kortrijk"
"Nayel Mehssatou","Standard Liège"
"Théo Leoni","Stade de Reims"
"Lucas Noubi","RC Deportivo La Coruña"
"Maïdine Douane","Clermont Foot"
"Ben Doak","AFC Bournemouth"
"Bryan Heynen","KRC Genk"
"Jhon Lucumí","Bologna"
"Jhon Lucumí","Juventus"
"Valon Berisha","FC Zürich"
"José Sá","Wolverhampton Wanderers"
"Amine Salama","NAC Breda"
"Amine Salama","Stade de Reims"
"Chuba Akpom","Ipswich Town"
"Oumar Ngom","Estrela Amadora"
"Oumar Ngom","Lecce"
"Jack Milne","Aberdeen"
"Mark McKenzie","Toulouse"
"Matías Kranevitter","Fatih Karagümrük"
"Matías Kranevitter","Racing Club"
"Matías Kranevitter","River Plate"
"Gustavo Cazonatti","Mirassol Futebol Clube"
"Gustavo Cazonatti","Sporting Cristal"
"Johan Rojas","Necaxa"
"Johan Rojas","Vasco da Gama"
"Nassim-Othmane Zoukit","FC Aarau"
"Nassim-Othmane Zoukit","Thun"
"Simone Stroscio","Grasshopper"
"Tom Baack","Nürnberg"
"Tom Baack","Paderborn"
"Andre Dozzell","DC United"
"Andre Dozzell","Portsmouth"
"Daniel Kanu","Notts County"
"Daniel Kanu","Walsall"
"Ange N'Guessan","Slavia Praha"
"Ange N'Guessan","Slovan Liberec"
"Craig Sibbald","Dundee United"
"Craig Sibbald","Falkirk"
"Ibrahim Sulemana","Bologna"
"Ibrahim Sulemana","Cagliari"
"Daniel Bîrligea","FC FCSB"
"Daniel Bîrligea","Frosinone"
"Gabriele Calvani","Frosinone"
"Brian Beyer","Vaduz"
"Brian Beyer","Winterthur"
"Matheus Dias","Nacional"
"Deveron Fonville","NEC"
"Gabriele Moncini","Bari"
"Gabriele Moncini","Vicenza Virtus"
"Jack Clarke","Ipswich Town"
"Lamine Sy","Auxerre"
"Roland Sallai","Galatasaray"
"Sydney van Hooijdonk","Estrela Amadora"
"Sydney van Hooijdonk","NAC Breda"
"Jakub Kucera","Hradec Králové"
"Matej Sin","AZ Alkmaar"
"Matej Sin","Baník Ostrava"
"Jiri Boula","Baník Ostrava"
"Jorge Luis Sanguina Morínigo","Club 2 de Mayo"
"Jorge Luis Sanguina Morínigo","Sportivo Ameliano"
"Franco Pardo","Racing Club"
"Franco Pardo","Santos Laguna"
"Robin Zentner","FSV Mainz 05"
"Facundo Bernal","Fluminense"
"Facundo Bernal","Real Betis"
"Maximiliano Juambeltz Fernández","Juan Pablo II College"
"Maximiliano Juambeltz Fernández","Progreso"
"Andrés Ferrari","Sint-Truiden"
"Andrés Ferrari","Sporting Gijón"
"Pablo Matías González Maciel","Albion"
"Pablo Matías González Maciel","Guayaquil City"
"Axel Ezequiel Prado Sire","CA Juventud"
"Axel Ezequiel Prado Sire","Cerro Largo"
"Elías Ezequiel Alfonso Aranda","Club 2 de Mayo"
"Elías Ezequiel Alfonso Aranda","Club Rubio Nu"
"Terence Vancooten","Burton Albion"
"Terence Vancooten","Stevenage"
"Keshi Anderson","Birmingham City"
"Keshi Anderson","Portsmouth"
"Esteban Matus","Audax Italiano"
"Esteban Matus","Olimpia"
"Philip Otele","Basel"
"Philip Otele","Hamburger SV"
"Alemão","Pachuca"
"Alemão","Rayo Vallecano"
"Santiago Fabián Silva Silva","Huachipato"
"Santiago Fabián Silva Silva","Nacional"
"Rafael Haller","Boston River"
"Rafael Haller","Liverpool"
"Jimmy Evans","Nancy"
"Jimmy Evans","Universidad Católica"
"Lucas Michal","AS Monaco"
"Lucas Michal","Cercle Brugge"
"Lucas Michal","Metz"
"Eliesse Ben Seghir","AS Monaco"
"Eliesse Ben Seghir","Bayer Leverkusen"
"Marcos Acuña","River Plate"
"Néstor Giménez","Libertad"
"Derlis Osmar Rodríguez Maciel","Cerro Porteño"
"Derlis Osmar Rodríguez Maciel","Club Guaraní"
"Elvio de Jesús Vera Brítez","Libertad"
"Elvio de Jesús Vera Brítez","Sportivo Ameliano"
"Rodrigo Pérez","Olimpia"
"Rodrigo Pérez","Peñarol"
"Rodrigo Pérez","Unión La Calera"
"Vítor Tormena","FK Krasnodar"
"Bruno Antúnez","Boston River"
"Jonathan Asp Jensen","Grasshopper"
"Jonathan Asp Jensen","RC Deportivo La Coruña"
"Nolan Martens","Excelsior"
"Christiaan Ravych","Cercle Brugge"
"Tjark Ernst","Feyenoord"
"Tjark Ernst","Hertha Berlin"
"Sidiki Franck Camara","Yverdon Sport FC"
"Sidiki Franck Camara","Étoile Carouge FC"
"David Zalazar","Banfield"
"David Zalazar","Central Córdoba SdE"
"Kalazán Suárez","Deportivo Cali"
"Kalazán Suárez","Inter Bogotá"
"Ezequiel Forclaz","AA Estudiantes Río Cuarto"
"Ezequiel Forclaz","Cerro"
"Cristian Zabala","CA Sarmiento"
"Cristian Zabala","Independiente del Valle"
"Johan Caicedo","Atlético San Luis"
"Johan Caicedo","Deportivo Pasto"
"Patrick Beach","Melbourne City"
"Patrick Beach","Troyes"
"Facundo Buonanotte","Chelsea"
"Facundo Buonanotte","Elche"
"Facundo Buonanotte","Leeds United"
"Dylan Glaby","Central Córdoba SdE"
"Dylan Glaby","Coquimbo Unido"
"Dylan Glaby","Palestino"
"Matías Di Benedetto","Universitario"
"Michael Brouwer","FC Utrecht"
"Renzo Mariano Malanca","Banfield"
"Renzo Mariano Malanca","Huachipato"
"Juan Camilo Mosquera","Atlético Bucaramanga"
"Lucas Carrizo","Huracán"
"Lucas Carrizo","Newell's Old Boys"
"Federico Fattori","Argentinos Juniors"
"Federico Fattori","Talleres de Córdoba"
"Mateo Del Blanco","Strasbourg"
"Mateo Del Blanco","Unión"
"Loïc Socka Bongué","Clermont Foot"
"Loïc Socka Bongué","FC Stade Lausanne-Ouchy"
"Pavel Juroska","Slovácko"
"Théo Golliard","Winterthur"
"David Mella","RC Deportivo La Coruña"
"Filip Cuic","Pogoń Szczecin"
"Talha Ülvan","Eyüpspor"
"Martín Barrios","CA Platense"
"Martín Barrios","Racing Club"
"Joseph Nonge","Kocaelispor"
"Joseph Nonge","Stade Brestois"
"Wallisson","Coritiba Fbc"
"Wallisson","Mirassol Futebol Clube"
"Dorgeles Nene","Fenerbahçe"
"Gabriel Vidovic","Dinamo Zagreb"
"Gabriel Vidovic","Paderborn"
"Anthony Martial","Monterrey"
"André-Pierre Gignac","Tigres UANL"
"Thomás Serna","Club Nacional"
"Thomás Serna","Libertad"
"Marc-André ter Stegen","Ajax"
"Marc-André ter Stegen","Girona"
"Drey Wright","Dundee"
"Jacob Chapman","Crawley Town"
"Jacob Chapman","St Mirren"
"Bambasé Conté","Hoffenheim"
"Bambasé Conté","SV 07 Elversberg"
"Konstantinos Koulierakis","AS Roma"
"Konstantinos Koulierakis","Wolfsburg"
"Bruno Verrengia","Catanzaro"
"Niccolò Pisilli","AS Roma"
"Zach Booth","Excelsior"
"Zach Booth","Real Salt Lake"
"Kuryu Matsuki","Southampton"
"Anton Kade","Augsburg"
"Anton Kade","Basel"
"Karel Pojezny","Baník Ostrava"
"Karel Pojezny","SK Artis Brno"
"Adrián Quiroz","Los Chankas"
"Adrián Quiroz","Universitario"
"Bryan Ramírez","Cincinnati"
"Bryan Ramírez","LDU Quito"
"Václav Pilař","Bohemians 1905"
"Václav Pilař","Hradec Králové"
"Kodai Sano","NEC"
"Kodai Sano","PSV Eindhoven"
"John Jairo Ontaneda Campos","Aucas"
"John Jairo Ontaneda Campos","Rionegro"
"Alan Ariel García Jama","Aucas"
"Alan Ariel García Jama","Libertad"
"Gian Franco Allala","LDU Quito"
"Adam Markhiev","Nürnberg"
"Valentín Gómez","Real Betis"
"Valentín Gómez","Vélez Sarsfield"
"Hugo Ancajima","Universitario"
"Haissem Hassan","Celtic"
"Haissem Hassan","Real Oviedo"
"Ben Wilmot","Stoke City"
"Nick Markanich","CD Castellón"
"Nick Markanich","Houston Dynamo"
"Vanja Drkusic","Espanyol"
"Vanja Drkusic","Zenit St. Petersburg"
"Ben Davies","Bolton Wanderers"
"Ben Davies","Oxford United"
"Liam Walsh","Luton Town"
"Max O’Leary","Bristol City"
"Max O’Leary","West Bromwich Albion"
"Evan Weir","Peterborough United"
"Evan Weir","Walsall"
"Nathan Asiimwe","AFC Wimbledon"
"Nathan Asiimwe","Charlton Athletic"
"Miles Leaburn","Charlton Athletic"
"Karoy Anderson","Blackpool"
"Karoy Anderson","Charlton Athletic"
"Paul Jaeckel","Magdeburg"
"Paul Jaeckel","Preußen Münster"
"Christian Ebere","Cruz Azul"
"Boulaye Dia","Lazio"
"Salih Uçan","Beşiktaş"
"Salih Uçan","Gençlerbirligi"
"Chima Okoroji","St. Gallen"
"Sebastian Kerk","Arka Gdynia"
"Sebastian Kerk","Zagłębie Lubin"
"Alexander Nübel","Beşiktaş"
"Alexander Nübel","VfB Stuttgart"
"Nico González","Atlético Madrid"
"Nico González","Juventus"
"Jhon Solís","Birmingham City"
"Jhon Solís","Girona"
"Juan Jose Arias","Atlético Nacional"
"Juan Jose Arias","Real Salt Lake"
"Kevin Parra","Atlético Nacional"
"Kevin Parra","Inter Bogotá"
"Marat Apshatsev","Dynamo Makhachkala"
"Marat Apshatsev","Fk Rubin Kazan"
"Egor Teslenko","Fk Rubin Kazan"
"Milan Havel","Bohemians 1905"
"Milan Havel","Viktoria Plzen"
"Reuell Walters","Blackpool"
"Reuell Walters","Luton Town"
"Jack Lankester","Crewe Alexandra"
"Khetag Khosonov","Akron"
"Ryan Barnett","Milton Keynes Dons"
"Ryan Barnett","Wrexham"
"Garath McCleary","Gillingham"
"Miguel De la Fuente","Almería"
"Miguel De la Fuente","Leganés"
"Cody Gakpo","Liverpool"
"Nelson Abbey","Rio Ave"
"Joe Hodge","Motherwell"
"Joe Hodge","Tondela"
"Anthony Valencia","Antwerp"
"Zak Sturge","Millwall"
"Ozan Kabak","Hoffenheim"
"Zech Obiero","Leyton Orient"
"Zech Obiero","Tranmere Rovers"
"Alexis Saelemaekers","AC Milan"
"Sebastiaan Bornauw","Hamburger SV"
"Sebastiaan Bornauw","Leeds United"
"Vitalii Mykolenko","Everton"
"Jun-Ho Bae","Stoke City"
"Andrés Montaño","Cruz Azul"
"Jakub Piotrowski","Udinese"
"Magomed Ozdoev","FK Krasnodar"
"Magomed Ozdoev","PAOK Thessaloniki"
"Emanuel Mammana","Vélez Sarsfield"
"Layan Loor","Independiente del Valle"
"José Sosa","Estudiantes"
"Kévin Cabral","Red Star FC"
"Agustín García Basso","Racing Club"
"Agustín García Basso","Universidad Católica"
"Mika Godts","Ajax"
"Mika Godts","Paris Saint-Germain"
"Thomas Claes","Zulte Waregem"
"Adam Zrelak","Katowice"
"Kacper Łukasiak","Katowice"
"André Ferreira","Moreirense"
"Rein Van Helden","Antwerp"
"Rein Van Helden","Sint-Truiden"
"Lucien Agoumé","Sevilla"
"Dante Polvara","Aberdeen"
"Dante Polvara","St. Louis City"
"Malcom Edjouma","FC FCSB"
"Malcom Edjouma","Qingdao Manatee"
"Ian Murphy","Colorado Rapids"
"Ian Murphy","San Diego FC"
"Pape Gueye","Villarreal"
"Albie Morgan","Blackpool"
"Lewis Smith","Aberdeen"
"Lewis Smith","Livingston"
"Juan Foyth","Villarreal"
"Kalidou Sidibé","FK Akhmat Grozny"
"Kalidou Sidibé","Guingamp"
"Cauley Woodrow","Luton Town"
"Cauley Woodrow","Wycombe Wanderers"
"Bali Mumba","Huddersfield Town"
"Bali Mumba","Plymouth Argyle"
"Metinho","Basel"
"Aleksandr Kovalenko","Lokomotiv Moscow"
"Aleksandr Kovalenko","Sochi"
"Daniel Jr","Nacional"
"Vitor Roque","Palmeiras"
"Ethan Erhahon","Bolton Wanderers"
"John Yeboah","Venezia"
"Borja Mayoral","Getafe"
"Bosun Lawal","Stoke City"
"Rocco Vata","Watford"
"Luuk Brouwers","SC Heerenveen"
"Máximo Perrone","Como"
"Mats Deijl","Feyenoord"
"Mats Deijl","Go Ahead Eagles"
"Sam Kersten","SC Heerenveen"
"Han-Noah Massengo","Augsburg"
"Ethan Horvath","New York Red Bulls"
"Ethan Horvath","Sheffield Wednesday"
"Dominik Szoboszlai","Liverpool"
"Ilias Chair","Queens Park Rangers"
"Himad Abdelli","Angers"
"Himad Abdelli","Olympique de Marseille"
"Kylian Kouassi","Blackpool"
"Kylian Kouassi","Cambridge United"
"Kylian Kouassi","Colchester United"
"Javier Sánchez","FC Arouca"
"Javier Sánchez","Real Valladolid"
"Tomáš Chorý","Slavia Praha"
"Egor Golenkov","Rostov"
"Joe Taylor","Huddersfield Town"
"Joe Taylor","Wigan Athletic"
"Andrej Stojcevski","Slovácko"
"Oumar Diakité","Cercle Brugge"
"Oumar Diakité","Stade de Reims"
"Lawrence Agyekum","Cercle Brugge"
"Matías Espíndola","Deportivo Maldonado"
"Matías Espíndola","Necaxa"
"Matvey Safonov","Paris Saint-Germain"
"Albert Sambi Lokonga","Hamburger SV"
"Leorat Bega","Hellas Verona"
"Leorat Bega","Stade Nyonnais"
"Alex Franco","Olimpia"
"Wilson Isidor","Sunderland"
"Alphadjo Cissè","AC Milan"
"Alphadjo Cissè","Catanzaro"
"Stole Dimitrievski","Valencia"
"Fidel Barajas","Atlético San Luis"
"Fidel Barajas","Monterey Bay"
"Pablo Ínsua","Granada"
"Pablo Ínsua","Real Zaragoza"
"Désiré Doué","Paris Saint-Germain"
"Branco van den Boomen","Angers"
"Siebe Van der Heyden","Gent"
"Jay Idzes","Sassuolo"
"Rafik El Arguioui","Cambuur Leeuwarden"
"Rafik El Arguioui","FC Utrecht"
"Hayate Matsuda","Hannover 96"
"Scott Bain","Falkirk"
"Oumar Sako","Rostov"
"Matthew Smith","Newport County AFC"
"Joël Drommel","Sparta Rotterdam"
"Joël Drommel","Twente"
"James Beadle","Birmingham City"
"Oliver Arblaster","Sheffield United"
"Kosi Thompson","Colorado Rapids"
"Kosi Thompson","Toronto FC"
"Efe Sarıkaya","Grenoble Foot"
"Edoardo Soleri","Sampdoria"
"Edoardo Soleri","Spezia"
"Ruben Rodrigues","Bolton Wanderers"
"Mathis Hamdi","Le Mans"
"Mathis Hamdi","Troyes"
"Nathan Gassama","Baltika"
"Danilo","Botafogo"
"Danilo","NEC"
"Danilo","Rangers"
"Noa Lang","Galatasaray"
"Noa Lang","Napoli"
"Jurgen Ekkelenkamp","Udinese"
"Sven Botman","Newcastle United"
"Halil Dervişoğlu","Gazişehir Gaziantep"
"Halil Dervişoğlu","Rizespor"
"Abdou Harroui","Hellas Verona"
"Jasper Schendelaar","PEC Zwolle"
"Kenzo Goudmijn","Derby County"
"Kenzo Goudmijn","Go Ahead Eagles"
"Stijn van Gassel","Excelsior"
"Gustavo Rubén Caballero González","Portsmouth"
"Gustavo Rubén Caballero González","Santos"
"Martijn Kaars","Magdeburg"
"Martijn Kaars","St. Pauli"
"Oliver Provstgaard","Lazio"
"Joey Veerman","Borussia Dortmund"
"Joey Veerman","PSV Eindhoven"
"Etienne Vaessen","FC Groningen"
"Emil Hansson","Blackpool"
"Emil Hansson","Excelsior"
"Koen Kostons","PEC Zwolle"
"Peer Koopmeiners","AZ Alkmaar"
"Farès Chaïbi","Eintracht Frankfurt"
"Armando Obispo","PSV Eindhoven"
"Korede Osundina","Casa Pia AC"
"Joël Piroe","Leeds United"
"Joël Piroe","West Ham United"
"Justin de Haas","Famalicão"
"Justin de Haas","Valencia"
"Stephen Negru","Bristol Rovers"
"Stephen Negru","Swindon Town"
"Stephen Negru","Tranmere Rovers"
"Thijs Oosting","PEC Zwolle"
"Richard Sedlacek","FK Jablonec"
"Richard Sedlacek","Teplice"
"Zakaria Aboukhlal","Torino"
"Boy Kemper","NAC Breda"
"Boy Kemper","Queens Park Rangers"
"Melle Meulensteen","Go Ahead Eagles"
"Odysseus Velanas","PEC Zwolle"
"Andrejs Ciganiks","Luzern"
"Kyle Scott","Crawley Town"
"Kyle Scott","Las Vegas Lights"
"Elvis Velasco","LDU Quito"
"Elvis Velasco","Mushuc Runa"
"Senne Lynen","Werder Bremen"
"Bedirhan Ozyurt","Alanyaspor"
"Bedirhan Ozyurt","Eyüpspor"
"Ole Romeny","Fortuna Sittard"
"Ole Romeny","Oxford United"
"Gigli Ndefe","Slovácko"
"Ilias Bronkhorst","Excelsior"
"Ilias Bronkhorst","Huddersfield Town"
"Kenneth Taylor","Ajax"
"Kenneth Taylor","Lazio"
"Brian Brobbey","Sunderland"
"Sergiño Dest","PSV Eindhoven"
"Quinten Timber","Feyenoord"
"Quinten Timber","Olympique de Marseille"
"Mike Trésor","Burnley"
"Youssef El Kachati","NEC"
"Youssef El Kachati","Stade de Reims"
"Robbie Cundy","Cheltenham Town"
"Loni Laurent","Rodez"
"Daniel Kyerewaa","Reading"
"Artem Karpukas","Lokomotiv Moscow"
"Artem Karpukas","Zenit St. Petersburg"
"Teddy Bishop","Colchester United"
"Elayis Tavsan","Reggiana"
"Elayis Tavsan","Samsunspor"
"Rhys Bozinovski","Heracles Almelo"
"Rhys Bozinovski","Perth Glory"
"Joe Quigley","Bristol Rovers"
"Joe Quigley","Oldham Athletic"
"Jayden Joseph","Leicester City"
"Jayden Joseph","Tranmere Rovers"
"James Brophy","Cambridge United"
"James Brophy","Gillingham"
"Dan Happe","Aberdeen"
"Dan Happe","Leyton Orient"
"Yassin Belkhdim","Angers"
"Josh Koroma","Chesterfield"
"Josh Koroma","Leyton Orient"
"Marvin Ekpiteta","Milton Keynes Dons"
"Giovanni Haag","Fortuna Düsseldorf"
"Giovanni Haag","Red Star FC"
"Lloyd Jones","Charlton Athletic"
"Rafik Messali","Toulouse"
"Danny Namaso","Auxerre"
"Michal Sadílek","Slavia Praha"
"Macaulay Tait","Livingston"
"Macaulay Tait","St Johnstone"
"Ulisses Garcia","Olympique de Marseille"
"Ulisses Garcia","Sassuolo"
"Konstantin Kuchaev","Rostov"
"Kristijan Bistrović","Akron"
"Kaj de Rooij","PEC Zwolle"
"Kaj de Rooij","Real Valladolid"
"Jeong Woo-Yeong","Union Berlin"
"Dejan Joveljić","Seattle Sounders"
"Dejan Joveljić","Sporting Kansas City"
"Giulian Biancone","Olympiacos"
"Giulian Biancone","RSC Anderlecht"
"Hakeeb Adelakun","Cheltenham Town"
"Hakeeb Adelakun","Doncaster Rovers"
"Ed Francis","Exeter City"
"Ed Francis","Rochdale"
"Bukayo Saka","Arsenal"
"Zech Medley","Bromley"
"Zech Medley","Fleetwood Town"
"Zech Medley","York City"
"Sam Schreck","Arminia Bielefeld"
"Marios Vrousai","Rio Ave"
"Randal Kolo Muani","Juventus"
"Randal Kolo Muani","Tottenham Hotspur"
"Başar Önal","Lille"
"Başar Önal","NEC"
"Simon Sohm","Bologna"
"Simon Sohm","Fiorentina"
"Simon Sohm","Venezia"
"Bledian Krasniqi","FC Zürich"
"Thierry Correia","Valencia"
"Thierry Correia","Venezia"
"Wendel","Zenit St. Petersburg"
"Yari Verschaeren","RSC Anderlecht"
"Yari Verschaeren","Sampdoria"
"Edo Kayembe","Watford"
"Yan Valery","BSC Young Boys"
"Yan Valery","Sheffield Wednesday"
"Josh Dacres-Cogley","Bolton Wanderers"
"Josh Dacres-Cogley","Stockport County"
"Yanis Begraoui","Estoril"
"Robin Le Normand","Atlético Madrid"
"Oliver Skipp","Leicester City"
"Ilyas Chouaref","Sion"
"Max Bird","Birmingham City"
"Max Bird","Bristol City"
"Sem Steijn","Feyenoord"
"Simon Janssen","Excelsior"
"Evert Linthorst","Go Ahead Eagles"
"Josh Sargent","Norwich City"
"Josh Sargent","Toronto FC"
"Juan Miranda","Bologna"
"Sergio Gómez","Real Sociedad"
"Ahmed Kutucu","Galatasaray"
"Ahmed Kutucu","Rizespor"
"Cyril Ngonge","Espanyol"
"Cyril Ngonge","Torino"
"Ondřej Mihálik","Hradec Králové"
"Orkun Kökçü","Beşiktaş"
"Diego Gómez","Brighton & Hove Albion"
"Florian Escales","FC Annecy"
"Hannes Delcroix","Lugano"
"Gregory Wüthrich","BSC Young Boys"
"Jaroslav Zelený","Sparta Praha"
"Jorge Broun","Rosario Central"
"Jorge Broun","Universidad Concepción"
"Isaac Hutchinson","Bristol Rovers"
"Isaac Hutchinson","Cheltenham Town"
"Isaac Hutchinson","Doncaster Rovers"
"Adrià Pedrosa","Elche"
"Adrià Pedrosa","Rayo Vallecano"
"Adrià Pedrosa","Sevilla"
"Radinio Balker","Huddersfield Town"
"Harry Souttar","Leicester City"
"Tom McIntyre","Aberdeen"
"Tom McIntyre","Bradford City"
"Daniel Bielica","NAC Breda"
"Daniel Bielica","Portsmouth"
"Lenny Vallier","Dunkerque"
"Lenny Vallier","Nacional"
"Maxence Lacroix","Chelsea"
"Maxence Lacroix","Crystal Palace"
"Eddy Sylvestre","Dunkerque"
"Eddy Sylvestre","Grenoble Foot"
"Romain Faivre","Auxerre"
"Ander Barrenetxea","Real Sociedad"
"Philipp Sander","Borussia Mönchengladbach"
"Jamie Brandon","Kilmarnock"
"Angel Gomes","Olympique de Marseille"
"Angel Gomes","Wolverhampton Wanderers"
"Gabriel Osho","Auxerre"
"Gabriel Osho","Cardiff City"
"Armani Little","Gillingham"
"Lutsharel Geertruida","PSV Eindhoven"
"Lutsharel Geertruida","Sunderland"
"Damola Ajayi","Bromley"
"Damola Ajayi","Doncaster Rovers"
"Sam McCallum","Sheffield United"
"Aaron Paul Morley","Bolton Wanderers"
"Aaron Paul Morley","Wycombe Wanderers"
"Alex Hartridge","Burton Albion"
"Alex Hartridge","Plymouth Argyle"
"Mattie Pollock","Watford"
"Angus Gunn","Nottingham Forest"
"Angus Gunn","San Jose Earthquakes"
"Alex Gogic","St Mirren"
"José Córdoba","Norwich City"
"Emiliano Amor","Colo Colo"
"Emiliano Amor","Defensa y Justicia"
"Emiliano Amor","San Lorenzo de Almagro"
"Bryan Gil","Girona"
"Alexander Freeman","Villarreal"
"Ben House","Lincoln City"
"Lucas Mincarelli","Estrela Amadora"
"Lucas Mincarelli","Montpellier"
"Zakaria Ariss","Bastia"
"Zakaria Ariss","Rizespor"
"Aihen Muñoz","Real Sociedad"
"Tanitoluwa Oluwaseyi","Villarreal"
"Lance Duijvestijn","Darmstadt 98"
"Lance Duijvestijn","Fortuna Sittard"
"Lance Duijvestijn","Sparta Rotterdam"
"Benja Cremaschi","Parma Calcio 1913"
"Jacen Russell-Rowe","Toulouse"
"Zach Mitchell","Hibernian"
"Zach Mitchell","St Johnstone"
"Anton Gaaei","Ajax"
"Sam Gallagher","Stoke City"
"Callum Slattery","Motherwell"
"Callum Slattery","Sheffield Wednesday"
"Diego Otoya","Monterey Bay"
"Diego Otoya","Sporting Cristal"
"Ethan Hamilton","Dundee"
"Ethan Hamilton","Lincoln City"
"Maximilian Arfsten","Columbus Crew"
"Maximilian Arfsten","Middlesbrough"
"Lucas Paquetá","Flamengo"
"Lucas Paquetá","West Ham United"
"MaKenzie Kirk","Barnsley"
"MaKenzie Kirk","Portsmouth"
"Kieran Dowell","Hull City"
"Kieran Dowell","Rangers"
"Kion Etete","Rotherham United"
"Kion Etete","St Mirren"
"Esmir Bajraktarevic","PSV Eindhoven"
"Malcolm Fry","Lexington SC"
"Malcolm Fry","New England Revolution"
"Emmanuel Fernandez","Rangers"
"Elias Filet","FC Aarau"
"Elias Filet","RAAL La Louvière"
"Matías González","Central Español"
"Matías González","Peñarol"
"Brian Mansilla","FC Arouca"
"Anton Ekeroth","HamKam"
"Anton Ekeroth","Sigma Olomouc"
"Leif Davis","Ipswich Town"
"Olakunle Junior Olusegun","Nizhny Novgorod"
"Olakunle Junior Olusegun","Rostov"
"George Lloyd","Shrewsbury Town"
"Princewill Ehibhatiomhan","Salford City"
"Princewill Ehibhatiomhan","Swindon Town"
"Mio Backhaus","Freiburg"
"Mio Backhaus","Werder Bremen"
"Milan Smit","Darmstadt 98"
"Milan Smit","Go Ahead Eagles"
"Milan Smit","Stoke City"
"Guilherme Schettine","Moreirense"
"Guilherme Schettine","Tianjin Jinmen Tiger"
"Lee Kang-In","Atlético Madrid"
"Lee Kang-In","Paris Saint-Germain"
"Andreas Katsantonis","Piast Gliwice"
"Garang Kuol","Sparta Praha"
"Matthew Young","Huddersfield Town"
"Matthew Young","Salford City"
"Oumar Solet","Udinese"
"Alexis Segovia","Atlético Tucumán"
"Alexis Segovia","Cerro Largo"
"Derry Murkin","Derby County"
"Derry Murkin","FC Utrecht"
"Enzo Cantero","Clermont Foot"
"Ben White","Arsenal"
"Nikolai Hopland","SC Heerenveen"
"Hasan Kuruçay","Schalke 04"
"Kristian Eriksen","Brann"
"Kristian Eriksen","Molde"
"Julian Gonstad","HamKam"
"Julian Gonstad","KFUM-Kameratene Oslo"
"Arkadiusz Reca","Legia Warszawa"
"Jack Simpson","Chesterfield"
"Jack Simpson","Leyton Orient"
"Adrian Dabasse","Nancy"
"Pierce Charles","Queens Park Rangers"
"Pierce Charles","Sheffield Wednesday"
"Bailey Cadamarteri","Sheffield Wednesday"
"Bailey Cadamarteri","Wrexham"
"Christos Zafeiris","PAOK Thessaloniki"
"Christos Zafeiris","Slavia Praha"
"Everardo López","Toluca"
"Adam Daghim","Hoffenheim"
"Adam Daghim","Wolfsburg"
"Yosuke Furukawa","Darmstadt 98"
"Lewis Billington","Crewe Alexandra"
"Taofeek Ismaheel","Górnik Zabrze"
"Taofeek Ismaheel","Lech Poznan"
"James Ball","Swindon Town"
"Diego Lainez","Tigres UANL"
"Dylan Escobar","Coquimbo Unido"
"Dylan Escobar","Deportes Limache"
"Lluís López","Albacete"
"Paulinho Bóia","Nacional"
"Paulinho Bóia","Widzew Łódź"
"Samú","Vitória Guimarães"
"Gavin Molloy","Aberdeen"
"Richonell Margaret","Go Ahead Eagles"
"Santiago Toloza","Defensa y Justicia"
"Santiago Toloza","O'Higgins"
"Jan Tredl","FK Pardubice"
"Gilberto Flores","Cincinnati"
"Gilberto Flores","Libertad"
"César Inga","Universitario"
"Lucas Pires","Burnley"
"Rwan Cruz","Botafogo"
"Rwan Cruz","Ludogorets Razgrad"
"Julian Eitschberger","Hertha Berlin"
"Théo Magnin","Red Star FC"
"Théo Magnin","Servette"
"Tony Yogane","Aberdeen"
"Tony Yogane","Dundee"
"Callum Marshall","Bochum"
"Callum Marshall","Luton Town"
"Callum Marshall","West Ham United"
"Giovane","Hellas Verona"
"Giovane","Napoli"
"Kévin Pedro","Saint-Étienne"
"Clayton","Olympiacos"
"Clayton","Rio Ave"
"José Contreras","Barcelona"
"Hugo Magnetti","Stade Brestois"
"Víctor Mollejo","Burgos"
"Joaquín Muñoz","Málaga"
"Mamadou Coulibaly","AS Monaco"
"Jamie Shackleton","Sheffield United"
"Moises","Fortaleza"
"Moises","Santos"
"Ryan Gravenberch","Liverpool"
"Rhaldney","Alverca"
"Rhaldney","Göztepe"
"Diogo Mendes","Neuchâtel Xamax"
"Vangelis Pavlidis","Benfica"
"Luke Bolton","Mansfield Town"
"Pedro Neto","Chelsea"
"Joe Powell","Rotherham United"
"Joe Powell","Salford City"
"Lisandro Magallán","Vélez Sarsfield"
"Paik Seung-Ho","Birmingham City"
"Paul Seguin","Hertha Berlin"
"Ewan Henderson","Wycombe Wanderers"
"Isa Sakamoto","Westerlo"
"Brad Lyons","Aberdeen"
"Brad Lyons","Kilmarnock"
"Luca Connell","Barnsley"
"Andrey Santos","Chelsea"
"Andrey Santos","Manchester United"
"John Mercado","Sparta Praha"
"Diogo Calila","Santa Clara"
"Ema Twumasi","Piast Gliwice"
"Dominik Mares","Mladá Boleslav"
"Luquinhas","RKS Radomiak Radom"
"Luquinhas","Santa Clara"
"Luka Hyryläinen","Magdeburg"
"Conor Shaughnessy","Portsmouth"
"Javier Galán","Atlético Madrid"
"Javier Galán","Celta Vigo"
"Javier Galán","Osasuna"
"Corey Blackett-Taylor","Bolton Wanderers"
"Corey Blackett-Taylor","Derby County"
"Rabbi Matondo","Brann"
"Rabbi Matondo","Rangers"
"Mohamed Ihattaren","Fortuna Sittard"
"Gastón Campi","Barcelona"
"Gastón Campi","Barracas Central"
"Ernest Nuamah","Lyon"
"Keven Schlotterbeck","Augsburg"
"Keven Schlotterbeck","Southampton"
"Ben Stevenson","Cheltenham Town"
"Sam Stubbs","Shrewsbury Town"
"Liam Millar","Hull City"
"André Silva","São Paulo"
"Jubal","FK Krasnodar"
"Amos Pieper","Werder Bremen"
"Matty Virtue","Fleetwood Town"
"Matty Virtue","Swindon Town"
"Callum O'Hare","Sheffield United"
"Jake Doyle-Hayes","Exeter City"
"Leandro Barreiro","Benfica"
"Horemans sieves","FC Utrecht"
"Jozo Stanic","St. Gallen"
"Sam Dalby","Bolton Wanderers"
"Gustavo Aguilar","Libertad"
"Adrián Alcaraz","Libertad"
"Adrián Alcaraz","Olimpia"
"Adrián Alcaraz","Pachuca"
"Gabriel Xavier","Bahia"
"Gabriel Xavier","Shenzhen Peng City FC"
"Lawrence Ofori","Casa Pia AC"
"Lawrence Ofori","Moreirense"
"Cristian Borja","América"
"Zak Jules","Eyüpspor"
"Zak Jules","Rotherham United"
"Shane McLoughlin","Cambridge United"
"Nicolás Fonseca","León"
"Nicolás Fonseca","Real Oviedo"
"Ferro","Estoril"
"Florentino","Benfica"
"Florentino","Burnley"
"Yuri Ribeiro","Blackburn Rovers"
"Casper De Norre","Millwall"
"Manor Solomon","Fiorentina"
"Manor Solomon","Villarreal"
"Manor Solomon","West Ham United"
"Mateusz Zukowski","Magdeburg"
"Álex Sola","Almería"
"Álex Sola","Getafe"
"Álex Sola","Granada"
"Nikola Moro","Bologna"
"Josh Knight","Portsmouth"
"Gonçalo Paciência","Santa Clara"
"Jacob Ramsey","Newcastle United"
"Bryant Akono Bilongo","Bristol Rovers"
"Bryant Akono Bilongo","Rochdale"
"Oscar Thorn","Colchester United"
"Oscar Thorn","Lincoln City"
"Vakoun Bayo","Udinese"
"Alex Matos","Göztepe"
"Alex Matos","Sheffield United"
"Osman Foyo","AFC Wimbledon"
"Osman Foyo","Rhode Island"
"Mark Sykes","Bristol City"
"Mark Sykes","Millwall"
"Ibrahima Camará","RKS Radomiak Radom"
"Bernardo Schappo","Estrela Amadora"
"Emerson Royal","Flamengo"
"Junya Ito","KRC Genk"
"Anto Grgic","Lugano"
"Yann Bisseck","Inter Milan"
"Andy Pelmard","Clermont Foot"
"Andy Pelmard","Jagiellonia Białystok"
"Jan Zamburek","ADO Den Haag"
"Jan Zamburek","Heracles Almelo"
"Julien Boyer","US Boulogne"
"Jens Odgaard","Bologna"
"Oscar Gloukh","Ajax"
"Gideon Mensah","Auxerre"
"Gideon Mensah","FC Köln"
"Erling Haaland","Manchester City"
"Sékou Koïta","CSKA Moscow"
"Sékou Koïta","Gençlerbirligi"
"Oladapo Afolayan","Blackburn Rovers"
"Oladapo Afolayan","St. Pauli"
"James Garner","Everton"
"Ben Johnson","Ipswich Town"
"Ben Johnson","Stoke City"
"Bart van Rooij","Twente"
"Udoka Godwin-Malife","Burton Albion"
"Udoka Godwin-Malife","Reading"
"Léo Leroy","Basel"
"Léo Leroy","Preston North End"
"Tahith Chong","Sheffield United"
"Gerard Garner","Newport County AFC"
"Jonathan David","Juventus"
"Birger Verstraete","OH Leuven"
"Roman Yaremchuk","Lyon"
"Roman Yaremchuk","Olympiacos"
"Ivo Rodrigues","Motor Lublin"
"Elías de León Aristegui","Cerro Largo"
"Elías de León Aristegui","Deportivo Maldonado"
"Aurélio Buta","Eintracht Frankfurt"
"Aurélio Buta","São Paulo"
"Alvin Obinna Okoro","Juve Stabia"
"Alvin Obinna Okoro","Südtirol"
"Bambo Diaby","Elche"
"Bambo Diaby","Granada"
"Lukas Marecek","Teplice"
"Aleksandar Vukotic","Darmstadt 98"
"Filip Prebsl","Karviná"
"Filip Prebsl","Mladá Boleslav"
"Filip Prebsl","Viktoria Plzen"
"Daniel Smekal","FK Pardubice"
"Takehiro Tomiyasu","Ajax"
"Takehiro Tomiyasu","Crystal Palace"
"Ciaron Brown","Oxford United"
"Yellu Santiago","FC Arouca"
"Yellu Santiago","Hellas Verona"
"Yellu Santiago","Marítimo"
"Kai Wagner","Birmingham City"
"Kai Wagner","Philadelphia Union"
"Harvey Rodgers","Grimsby Town"
"Derek Cornelius","Olympique de Marseille"
"Derek Cornelius","Rangers"
"Hwang In-Beom","FC Porto"
"Hwang In-Beom","Feyenoord"
"Mërgim Vojvoda","Como"
"Mërgim Vojvoda","Udinese"
"Marco Bürki","Thun"
"Ewoud Pletinckx","OH Leuven"
"Nono","Korona Kielce"
"Unai Elgezabal","Eibar"
"Unai Elgezabal","Levante UD"
"Domingos Duarte","Getafe"
"Domingos Duarte","São Paulo"
"Iñigo de Galarreta","Athletic Club"
"Jhegson Méndez","Independiente del Valle"
"Diego Mariño","Albacete"
"Uros Djurdjevic","Atlas"
"Uros Djurdjevic","Monterrey"
"André Geraldes","Casa Pia AC"
"Mason Greenwood","Fenerbahçe"
"Mason Greenwood","Olympique de Marseille"
"Marco Ilaimaharitra","Standard Liège"
"Fabijan Krivak","Sigma Olomouc"
"Agustín Giay","Palmeiras"
"Taiwo Awoniyi","Coventry City"
"Taiwo Awoniyi","Nottingham Forest"
"Jean Butez","Como"
"Samuel Essende","Augsburg"
"Samuel Essende","BSC Young Boys"
"Alessio Castro-Montes","FC Köln"
"Alessio Castro-Montes","Union Saint-Gilloise"
"Maxime Busi","Antwerp"
"Maxime Busi","Stade de Reims"
"Rubén García","Osasuna"
"Malko Sartoretti","FC Stade Lausanne-Ouchy"
"Augustin Drakpe","Slovan Liberec"
"Carlos Clerc","Real Valladolid"
"José Matos","AD Ceuta FC"
"Aleix Febas","Celta Vigo"
"Aleix Febas","Elche"
"Andrés Martín","Racing Santander"
"Georgi Minoungou","Colorado Rapids"
"Georgi Minoungou","Seattle Sounders"
"Hans Caviglia","Fiorentina"
"Hans Caviglia","Parma Calcio 1913"
"Miliano Jonathans","Excelsior"
"Miliano Jonathans","FC Utrecht"
"Irvin Cardona","Saint-Étienne"
"Vitinho","Botafogo"
"Abakar Sylla","Nantes"
"Abakar Sylla","Strasbourg"
"Tajon Buchanan","Villarreal"
"Kévin Appin","Burgos"
"Luis Rioja","Valencia"
"José Corpas","Albacete"
"José Corpas","Eibar"
"Edwin Cerrillo","América"
"Edwin Cerrillo","LA Galaxy"
"Stoichkov","Granada"
"Stoichkov","RC Deportivo La Coruña"
"Carlos Hernández","AD Ceuta FC"
"Martin Valjent","Mallorca"
"Pervis Estupiñán","AC Milan"
"Antonio Raillo","Mallorca"
"Dani Rodríguez","Leganés"
"Dani Rodríguez","Mallorca"
"Akeel Higgins","Exeter City"
"Akeel Higgins","Wigan Athletic"
"Luis Suárez","Sporting CP"
"Ryan Rydel","Exeter City"
"Ryan Rydel","Stockport County"
"Konan N’Dri","Lecce"
"Geoffry Hairemans","Antwerp"
"Žan Celar","Basel"
"Žan Celar","Fortuna Düsseldorf"
"Žan Celar","Queens Park Rangers"
"Jamie Sterry","Doncaster Rovers"
"Ethan Ross","Falkirk"
"Héctor Hernández","Gil Vicente"
"Óscar Valentín","Rayo Vallecano"
"Rui Silva","Sporting CP"
"Idris El Mizouni","Leyton Orient"
"Mats Wieffer","Brighton & Hove Albion"
"Mayka Okuka","Stade Nyonnais"
"Mayka Okuka","Yverdon Sport FC"
"Josan","Elche"
"Juan Cruz","Osasuna"
"Juan Cruz","Real Oviedo"
"Dani Calvo","Real Oviedo"
"Dylan Mbayo","PEC Zwolle"
"Dylan Mbayo","Stade Lavallois"
"Olivier Deman","Werder Bremen"
"Miguel Loureiro","RC Deportivo La Coruña"
"Toby Collyer","Hull City"
"Toby Collyer","West Bromwich Albion"
"Arne Sicker","Arminia Bielefeld"
"Dominik Reimann","Magdeburg"
"Davy Roef","Gent"
"Sergio Herrera","Osasuna"
"Michael Olise","Bayern Munich"
"Daniel Bassi","Bodø"
"Daniel Bassi","Glimt"
"Daniel Bassi","Lillestrøm"
"Yousef Salech","Cardiff City"
"Mathias Jørgensen","Blackburn Rovers"
"Mathias Jørgensen","Bodø"
"Mathias Jørgensen","Glimt"
"Ander Guevara","Deportivo Alavés"
"Brenden Aaronson","Leeds United"
"Tete Morente","Elche"
"Tete Morente","Lecce"
"Toni Martínez","Deportivo Alavés"
"Alberto Jiménez","CD Castellón"
"Luis Pérez","Gazişehir Gaziantep"
"Luis Milla","Como"
"Luis Milla","Getafe"
"Sergio González","Burgos"
"Diogo Prioste","Benfica"
"Diogo Prioste","Gil Vicente"
"Jacob Lungi Sørensen","Brann"
"Emir Ortakaya","Eyüpspor"
"Emir Ortakaya","Kocaelispor"
"Emir Ortakaya","Rizespor"
"Kike Barja","Osasuna"
"Franz Roggow","Hannover 96"
"Mads Andersen","Luton Town"
"Casper Nielsen","Standard Liège"
"Wolke Janssens","Sint-Truiden"
"Sebastian Grönning","Hertha Berlin"
"Borja Galán","Katowice"
"Billy van Duijl","AZ Alkmaar"
"Billy van Duijl","Cambuur Leeuwarden"
"Mustapha Bundu","Hannover 96"
"Alexander Munksgaard","Baník Ostrava"
"Alexander Munksgaard","Kristiansund"
"Ylber Ramadani","Lecce"
"Ylber Ramadani","Çorum"
"Mads Pedersen","Augsburg"
"Mads Pedersen","Hertha Berlin"
"Mikkel Damsgaard","Brentford"
"Mohamed Daramy","Stade de Reims"
"Junior Mwanga","Le Havre"
"Junior Mwanga","Nantes"
"Junior Mwanga","Strasbourg"
"Frank Onyeka","Brentford"
"Frank Onyeka","Coventry City"
"Ibrahim Cissoko","Bolton Wanderers"
"Ibrahim Cissoko","PEC Zwolle"
"Paul Onuachu","Trabzonspor"
"Michael Adu-Poku","Barrow"
"Michael Adu-Poku","Watford"
"Hugo Vallejo","Piast Gliwice"
"Keinan Davis","Udinese"
"Fraser Murray","Wigan Athletic"
"Roger Brugué","Levante UD"
"Ander Cantero","Burgos"
"Ruben van Bommel","PSV Eindhoven"
"William Balikwisha","OH Leuven"
"Mateo Mejia","Burgos"
"Tony Strata","Vitória Guimarães"
"Arsène Kouassi","Lorient"
"Leandro Antonetti","Estrela Amadora"
"Alexander Bah","Benfica"
"Lautaro Leonel Pastran Tello","Colo Colo"
"Lautaro Leonel Pastran Tello","LDU Quito"
"Baltasar Rodríguez","Estudiantes"
"Baltasar Rodríguez","Racing Club"
"Stefan Gartenmann","Ferencvaros"
"Stefan Gartenmann","Sampdoria"
"Santiago Hidalgo","Toulouse"
"Fran Gámez","Albacete"
"Sergio Ortu","Albacete"
"Sergio Ortu","Cádiz"
"Emile Acquah","Dundee"
"Emile Acquah","Harrogate Town"
"Emile Acquah","Notts County"
"Joe Ward","Derby County"
"Stepan Langer","Sigma Olomouc"
"Stepan Langer","Zbrojovka Brno"
"Simon Graves","PEC Zwolle"
"Aribim Pepple","Plymouth Argyle"
"Alfonso Espino","Racing Club"
"Alfonso Espino","Rayo Vallecano"
"Andrés Sarmiento","Atlético Nacional"
"Adam Jakobsen","CD Castellón"
"Bernardo","Sporting Braga"
"Bernardo","Tondela"
"Oliver Olsen","Bochum"
"Mathias Ross","Plymouth Argyle"
"Lewis McCann","Fleetwood Town"
"Bobby Kamwa","Bristol Rovers"
"Bobby Kamwa","Newport County AFC"
"Eric Smith","St. Pauli"
"Enric Llansana","RSC Anderlecht"
"Neto Borges","Bristol City"
"Neto Borges","Middlesbrough"
"Morten Frendrup","Genoa"
"Gianluca Prestianni","Benfica"
"Rasmus Nicolaisen","Toulouse"
"Santiago Castañeda","Paderborn"
"Ronald Koeman Jr.","Telstar"
"Edon Zhegrova","Juventus"
"Lucas Olaza","FK Krasnodar"
"Adam Beaudry","Colorado Rapids"
"Adam Beaudry","Loudoun United"
"Rafał Adamski","Legia Warszawa"
"Nathan Ordaz","DC United"
"Nathan Ordaz","LAFC"
"Fredrik Sjøvold","Bodø"
"Fredrik Sjøvold","Glimt"
"Eduardo Camavinga","Real Madrid"
"Pol Valentín","Preston North End"
"Matúš Holíček","Crewe Alexandra"
"Oliver Antman","RSC Anderlecht"
"Oliver Antman","Rangers"
"Peter Vindahl","Sampdoria"
"Peter Vindahl","Sparta Praha"
"Théo Sainte-Luce","Montpellier"
"Nathan Collins","Brentford"
"Álex Muñoz","Almería"
"Jan Kral","Sigma Olomouc"
"Grigoris Kastanos","Hellas Verona"
"Malick Fofana","Lyon"
"Momodou Sonko","Gent"
"Alexandre Lauray","Le Mans"
"Finn Becker","Nürnberg"
"Roberto Piccoli","Bologna"
"Roberto Piccoli","Fiorentina"
"Mikkel Kaufmann","FC Heidenheim"
"Andrei Ratiu","Rayo Vallecano"
"James Hill","AFC Bournemouth"
"Dion Pereira","Crawley Town"
"Griffin Yow","New England Revolution"
"Griffin Yow","Westerlo"
"Alex Bonetig","Portland Timbers"
"Alex Bonetig","Western Sydney Wanderers"
"Christoph Daferner","Dynamo Dresden"
"Rumarn Burrell","Queens Park Rangers"
"Allan Linguet","Dunkerque"
"Anthony Musaba","Fenerbahçe"
"Anthony Musaba","Norwich City"
"Anthony Musaba","Samsunspor"
"Mike Eerdhuijzen","FC Utrecht"
"Mike Eerdhuijzen","Mechelen"
"Ibrahim Karamoko","Standard Liège"
"Armel Bella-Kotchap","Hellas Verona"
"Armel Bella-Kotchap","Venezia"
"Nicky Beloko","FC Lausanne Sport"
"Sebastian Jung","Karlsruher SC"
"José Caro","Las Palmas"
"Martín Zubimendi","Arsenal"
"Jensen Weir","Wigan Athletic"
"Harvey Elliott","Aston Villa"
"Harvey Elliott","Liverpool"
"Will Norris","Salford City"
"Will Norris","Wycombe Wanderers"
"Maximilian Kilman","West Ham United"
"Macauley Southam-Hales","Bristol Rovers"
"Sacha Boey","Bayern Munich"
"Sacha Boey","Galatasaray"
"Kevin Sessa","Hertha Berlin"
"Billy Mitchell","Millwall"
"Billy Mitchell","Sheffield Wednesday"
"Enzo Le Fée","Sunderland"
"Gianluca Gaetano","Atalanta"
"Gianluca Gaetano","Cagliari"
"Loïc Mbe Soh","Sint-Truiden"
"Loïc Mbe Soh","Sparta Praha"
"Abel Ruiz","Girona"
"Alejandro Catena","Osasuna"
"Ronan Darcy","Chesterfield"
"Ronan Darcy","Crawley Town"
"Finn van Breemen","Basel"
"Finn van Breemen","Famalicão"
"Yehvann Diouf","OGC Nice"
"Sergio Camello","Rayo Vallecano"
"Wesley Fofana","Chelsea"
"Bryan Reynolds","Rennes"
"Bryan Reynolds","Westerlo"
"Mark Flekken","Bayer Leverkusen"
"Gonzalo Villar","Dinamo Zagreb"
"Gonzalo Villar","Elche"
"Otar Kakabadze","Cracovia Kraków"
"Manu Koné","AS Roma"
"Gaëtan Poussin","Red Star FC"
"Élie Youan","Hibernian"
"Élie Youan","Wisła Kraków"
"Musa Juwara","Pogoń Szczecin"
"Giacomo Raspadori","Atalanta"
"Giacomo Raspadori","Atlético Madrid"
"Leonardo Sernicola","Benevento"
"Leonardo Sernicola","Spezia"
"Alfonso Herrero","Málaga"
"Theo Bair","Auxerre"
"Theo Bair","FC Lausanne Sport"
"Artem Dovbyk","AS Roma"
"Artem Dovbyk","Bologna"
"Leonardo Valencia","Deportes Concepcion"
"Leonardo Valencia","Deportes Limache"
"Jean Lucas","Bahia"
"Wéverton","Grêmio"
"Wéverton","Palmeiras"
"Marcelo Lomba","Palmeiras"
"Gustavo Gómez","Palmeiras"
"Bruno Henrique","Internacional"
"Edenilson","Botafogo"
"Edenilson","Grêmio"
"Iago","Bahia"
"Iago","São Paulo"
"Marcos Rocha","Grêmio"
"Marcos Rocha","Palmeiras"
"Nicolás López","CA Platense"
"Nicolás López","Nacional"
"Umut Tohumcu","Hoffenheim"
"Umut Tohumcu","Holstein Kiel"
"Gatito Fernández","Cerro Porteño"
"Deyverson","Fortaleza"
"Deyverson","LDU Quito"
"Luan","Toluca"
"Fernando Costanza","Krylya Sovetov"
"Bruno Guimarães","Arsenal"
"Bruno Guimarães","Newcastle United"
"Piris da Motta","Cerro Porteño"
"Bruno Henrique","Flamengo"
"Éverton Ribeiro","Bahia"
"Léo Pereira","Flamengo"
"Erick","Bahia"
"Braian Romero","Olimpia"
"Braian Romero","Vélez Sarsfield"
"Yago Pikachu","Clube do Remo"
"Yago Pikachu","Fortaleza"
"Noé Lebreton","NEC"
"Bruno Pacheco","Chapecoense"
"Bruno Pacheco","Fortaleza"
"Everaldo","Bahia"
"Everaldo","Fluminense"
"Felix Keidel","SV 07 Elversberg"
"Arthur Gomes","Dinamo Moscow"
"Noah Sadiki","Sunderland"
"Rick","Talleres de Córdoba"
"Ümit Akdağ","Alanyaspor"
"Ilhan Fakili","Beşiktaş"
"Ilhan Fakili","Clermont Foot"
"El Hadj Mory Kone","Clermont Foot"
"Max Weiß","Burnley"
"Paulo Victor","Alanyaspor"
"Éverton","Flamengo"
"Alisson","Fluminense"
"Alisson","São Paulo"
"Zé Welison","Clube do Remo"
"Zé Welison","Fortaleza"
"Cassiano","Casa Pia AC"
"Óscar Perea","AVS"
"Óscar Perea","América"
"Sebastian Bohac","Karviná"
"Sebastian Bohac","Viktoria Plzen"
"Caio Henrique","AS Monaco"
"Caio Henrique","Ajax"
"João Pedro","Chelsea"
"Gilberto","Athletico Paranaense"
"Gilberto","Bahia"
"Pedro","Flamengo"
"Nino","Zenit St. Petersburg"
"Moisés","CSKA Moscow"
"Kosta Nedeljkovic","RB Leipzig"
"Kosta Nedeljkovic","Rangers"
"Artur","Botafogo"
"Artur","São Paulo"
"Stefan Bukinac","BSC Young Boys"
"Stefan Džodić","Almería"
"Jovan Milosevic","Sporting Braga"
"Jovan Milosevic","Werder Bremen"
"Jovan Mijatovic","Eintracht Braunschweig"
"Jovan Mijatovic","OH Leuven"
"Vincent Burlet","Cracovia Kraków"
"Vincent Burlet","Lille"
"Vincent Burlet","US Boulogne"
"Stanis Idumbo","AS Monaco"
"Stanis Idumbo","Sevilla"
"Arthur Vermeeren","Olympique de Marseille"
"Arthur Vermeeren","RB Leipzig"
"Arthur Piedfort","Auxerre"
"Arthur Piedfort","Westerlo"
"Douglas","FK Krasnodar"
"David Duarte","Bahia"
"Lennon Miller","Udinese"
"João Veloso","Benfica"
"João Veloso","Moreirense"
"Ivan Lima","Benfica"
"Ivan Lima","Piast Gliwice"
"Afonso Moreira","Bayer Leverkusen"
"Afonso Moreira","Lyon"
"Bobby Wales","Dundee"
"Bobby Wales","Huddersfield Town"
"Bobby Wales","Swansea City"
"Vivaldo Semedo","Alverca"
"Vivaldo Semedo","Watford"
"Helinho","Toluca"
"Júnior Sornoza","Independiente del Valle"
"Robert Arboleda","São Paulo"
"Igor Vinicius","Santos"
"Igor Vinicius","São Paulo"
"Antony","Real Betis"
"Colin Coosemans","RSC Anderlecht"
"Wouter Burger","Hoffenheim"
"Daan Heymans","KRC Genk"
"Pepê","FC Porto"
"Silas Huber","FC Zürich"
"Martín Sarrafiore","Atlante"
"Martín Sarrafiore","O'Higgins"
"Luan","São Paulo"
"Alerrandro","CSKA Moscow"
"Alerrandro","Internacional"
"Raphael Veiga","América"
"Raphael Veiga","Palmeiras"
"Oscar Højlund","Eintracht Frankfurt"
"Noah Nartey","Lyon"
"Luca Di Maggio","Calcio Padova"
"Luca Di Maggio","US Avellino"
"Laurin Ulrich","Magdeburg"
"Laurin Ulrich","Paderborn"
"Dzenan Pejcinovic","VfB Stuttgart"
"Dzenan Pejcinovic","Wolfsburg"
"Maurice Krattenmacher","Hertha Berlin"
"Maurice Krattenmacher","SV 07 Elversberg"
"Pio Esposito","Inter Milan"
"Rafael Lubach","Nürnberg"
"Rosen Bozhinov","Antwerp"
"Rosen Bozhinov","Pisa"
"Jaden Slory","Feyenoord"
"Jaden Slory","Go Ahead Eagles"
"Jaden Slory","Willem II"
"Dean Donny Huijsen","Real Madrid"
"Bernt Klaverboer","SC Heerenveen"
"Bruno Méndez","Toluca"
"Tinga","Coritiba Fbc"
"Tinga","Fortaleza"
"Marinho","EC Vitória"
"Marinho","Fortaleza"
"Ronaldo","Internacional"
"Luciano","São Paulo"
"Kirill Stolbov","Krylya Sovetov"
"Iván Garriel","Real Valladolid"
"Youssef Enríquez","Deportivo Alavés"
"Yarek Gasiorowski","PSV Eindhoven"
"Dani Pérez","Real Betis"
"Dani Pérez","Real Valladolid"
"Víctor Moreno","CyD Leonesa"
"Víctor Moreno","Tenerife"
"Rodrigo Mendoza","Atlético Madrid"
"Rodrigo Mendoza","Elche"
"Aaron Hickey","Brentford"
"José Gragera","Burgos"
"José Gragera","RC Deportivo La Coruña"
"Pedro Díaz","Rayo Vallecano"
"Damián Rodríguez","Celta Vigo"
"Damián Rodríguez","Cádiz"
"Damián Rodríguez","Racing Santander"
"Issa Kaloga","FC Stade Lausanne-Ouchy"
"Lois Ndema","Rapperswil-Jona"
"Michal Bilek","Teplice"
"Julien Duranville","Basel"
"Julien Duranville","Lyon"
"Selmin Hodza","FC Zürich"
"Miguel Reichmuth","FC Zürich"
"Marek Icha","FK Pardubice"
"Marek Icha","Slovan Liberec"
"Solomon John","Mladá Boleslav"
"Jan Suchan","FK Jablonec"
"Jan Suchan","Slovácko"
"Josep Martínez","Inter Milan"
"Kirian Rodríguez","Las Palmas"
"Orest Lebedenko","FC Arouca"
"Orest Lebedenko","Vitória Guimarães"
"Luca Koleosho","Espanyol"
"Luca Koleosho","Paris FC"
"Mamadou Sarr","Chelsea"
"Mamadou Sarr","Strasbourg"
"Jakub Lewicki","Piast Gliwice"
"Dawid Drachal","Jagiellonia Białystok"
"Zoumana Diallo","OGC Nice"
"Orri Óskarsson","Real Sociedad"
"Mertcan Ayhan","Schalke 04"
"Can Uzun","Eintracht Frankfurt"
"Baran Gezek","Alanyaspor"
"Baran Gezek","Eyüpspor"
"Efe Akman","FC Andorra"
"Theo Bergvall","FC Lausanne Sport"
"Carlos Neva","Albacete"
"Aarón Escandell","Real Oviedo"
"Josh Mulligan","Hibernian"
"Finlay Robertson","Dundee"
"Tobias Slotsager","Hellas Verona"
"Allan Godói","Göztepe"
"Abdallah Gning","Baník Ostrava"
"Abdallah Gning","Karviná"
"Víctor Sebastián Quintana Herrera","Club Sportivo Luqueño"
"Víctor Sebastián Quintana Herrera","Olimpia"
"Andy Irving","Sparta Praha"
"Andy Irving","West Ham United"
"Patryk Makuch","Raków Częstochowa"
"Kasper Høgh","Bodø"
"Kasper Høgh","Glimt"
"Kasper Høgh","Celtic"
"Grego Sierra","Burgos"
"Cathal Heffernan","Cambridge United"
"Cathal Heffernan","Harrogate Town"
"Robbie Deas","Kilmarnock"
"Edvin Austbø","Viking"
"Edvin Austbø","West Ham United"
"Alan Núñez","Cerro Porteño"
"Alan Núñez","Nacional"
"Axel Jonatan Alfonzo Villarreal","Deportes Limache"
"Axel Jonatan Alfonzo Villarreal","Olimpia"
"Patrik Kleiver Mercado Altamirano","Independiente del Valle"
"Nico Paz","Como"
"Eduardo Antonio Anderson Gómez","Baltika"
"Milos Lukovic","Las Palmas"
"Milos Lukovic","Preston North End"
"Jonas Adjetey","Basel"
"Jonas Adjetey","Wolfsburg"
"Diego Sánchez","Sporting Gijón"
"Anis Hadj Moussa","Feyenoord"
"Mohamed Azzi","Dynamo Makhachkala"
"Yacine Titraoui","Lens"
"Yacine Titraoui","Sporting Charleroi"
"Mateusz Skrzypczak","Lech Poznan"
"Ricardo Daniel Pepi","PSV Eindhoven"
"Aníbal Aaron Páez Cardozo","Club Rubio Nu"
"Aníbal Aaron Páez Cardozo","San Lorenzo"
"Jorge Hurtado","Deportes Tolima"
"Jorge Hurtado","Millonarios"
"Gustavo Puerta","Racing Santander"
"Igor Lichnovsky","América"
"Igor Lichnovsky","Fatih Karagümrük"
"Igor Lichnovsky","Universidad de Chile"
"Rodrigo Contreras","Millonarios"
"Rodrigo Contreras","Universidad de Chile"
"Matías Hernández","Banfield"
"Matías Hernández","San Lorenzo de Almagro"
"Carlos Alberto Rodríguez","Cruz Azul"
"Alexis Vega","Toluca"
"Hugo González","Toluca"
"Adam Bareiro","Boca Juniors"
"Adam Bareiro","Fortaleza"
"Ángel Zaldívar","Juárez"
"Ángel Zaldívar","LD Alajuelense"
"Rogelio Funes Mori","León"
"Rogelio Funes Mori","Universidad Concepción"
"Dermane Karim","Lorient"
"Dermane Karim","Troyes"
"Wesley","Cruzeiro"
"Wesley","Real Sociedad"
"Marcel Ruiz","Toluca"
"Vladimir Loroña","Tigres UANL"
"Luis Quiñones","América de Cali"
"Luis Quiñones","Pachuca"
"Johan Vásquez","Genoa"
"Stefan Medina","Monterrey"
"Irven Ávila","Sporting Cristal"
"Alexis Canelo","Atlético Tucumán"
"Alexis Canelo","Puebla"
"César Montes","Lokomotiv Moscow"
"Diego Valdés","Vélez Sarsfield"
"Brodie Spencer","Oxford United"
"Henry Martín","América"
"Andrés Ibargüen","Atlético Bucaramanga"
"Andrés Ibargüen","Deportivo Pasto"
"Guido Rodríguez","Valencia"
"Guido Rodríguez","West Ham United"
"Renato Ibarra","Independiente del Valle"
"Renato Ibarra","Mushuc Runa"
"Jorge Sánchez","Cruz Azul"
"Jorge Sánchez","PAOK Thessaloniki"
"Bruno Valdez","Cerro Porteño"
"Bruno Valdez","Sportivo Trinidense"
"Artūr Dolžnikov","Sigma Olomouc"
"Artūr Dolžnikov","Slovácko"
"José Herrera","Fortaleza"
"José Herrera","Red Bull Bragantino"
"Rahim Alhassane","Bologna"
"Rahim Alhassane","Real Oviedo"
"Murilo","Palmeiras"
"Gonzalo González","AA Estudiantes Río Cuarto"
"Gonzalo González","Gimnasia La Plata"
"Derlis González","Olimpia"
"Péter Baráth","Raków Częstochowa"
"Péter Baráth","Sigma Olomouc"
"David Loiola","Botafogo"
"David Loiola","Dinamo Moscow"
"Billy Arce","Atlético Nacional"
"Billy Arce","Mazatlán"
"Kacper Kozlowski","Gazişehir Gaziantep"
"Jefferson Ruan Pereira dos Santos","Botafogo"
"Jefferson Ruan Pereira dos Santos","Liaoning Tieren"
"Cláudio Winck","Kasımpaşa"
"Rodrigo Dourado","América"
"Roque Santa Cruz","Club Nacional"
"Roque Santa Cruz","Libertad"
"Juan José Giménez Delgado","Club Rubio Nu"
"Juan José Giménez Delgado","Sport Huancayo"
"Jesper Karlström","Udinese"
"Fredrik Ulvestad","Pogoń Szczecin"
"Carl Starfelt","Celta Vigo"
"Benjamin Nygren","Celtic"
"Fidan Aliti","Alanyaspor"
"Nils Fröling","Dynamo Dresden"
"Vitinho","Internacional"
"Paulinho","Botafogo"
"Paulinho","FC Midtjylland"
"Arvid Brorsson","Monza"
"Arvid Brorsson","Raków Częstochowa"
"Marcus Mathisen","Magdeburg"
"Marcus Mathisen","St. Pauli"
"Martí Vilà","FC Andorra"
"Igor Thiago","Brentford"
"Carlos Redru","AD Ceuta FC"
"Gustav Henriksson","Cracovia Kraków"
"Dario Naamo","Dundee United"
"Houssem Mrezigue","Dynamo Makhachkala"
"Gustav Berggren","Lech Poznan"
"Gustav Berggren","New York Red Bulls"
"Oliver Christensen","Fiorentina"
"Oliver Christensen","Sturm Graz"
"Pedro Francisco","Famalicão"
"Juninho","Internacional"
"Kevin Londoño","Atlético Bucaramanga"
"Diego Ortegoza","Racing Club"
"Diego Ortegoza","Talleres de Córdoba"
"Juan Pablo Nieto","Deportes Tolima"
"Juan Pablo Nieto","Once Caldas"
"Edwin Velasco","Deportivo Cali"
"Edwin Velasco","Deportivo Pasto"
"Andrés Felipe Román","Atlético Nacional"
"Collins Sichenje","Charlton Athletic"
"Mauricio","Palmeiras"
"Odilon Kossounou","Atalanta"
"Lucas Hernández","Peñarol"
"Jonas Therkelsen","Holstein Kiel"
"Renato Marques","Coritiba Fbc"
"Renato Marques","Mirassol Futebol Clube"
"Murillo","Nottingham Forest"
"Juan David Torres Henríquez","Phoenix Rising"
"Juan David Torres Henríquez","Sport Boys"
"Cuiabano","Botafogo"
"Cuiabano","Vasco da Gama"
"Luis Díaz","Bayern Munich"
"Diego Emmanuel Acosta Curtido","Club 2 de Mayo"
"Diego Emmanuel Acosta Curtido","Deportes Concepcion"
"Diogo Bezerra","Rio Ave"
"Álvaro Montero","Boca Juniors"
"Álvaro Montero","Vélez Sarsfield"
"Yan Maranhão","Moreirense"
"Pedro Lima","AVS"
"Pedro Lima","Sporting CP"
"Weslley Patati","AZ Alkmaar"
"Omar Albornoz","Atlético Bucaramanga"
"Omar Albornoz","Cúcuta Deportivo"
"Thiago Balieiro","Vitória Guimarães"
"Willer Ditta","Cruz Azul"
"Fabrizio Peralta","Cerro Porteño"
"Fredy Hinestroza","Atlético Bucaramanga"
"Miguel Silveira","Cusco"
"Miguel Silveira","Universitario"
"Jair Cunha","Botafogo"
"Jair Cunha","Nottingham Forest"
"André Henrique","Grêmio"
"André Henrique","Göztepe"
"Endrick","Lyon"
"Endrick","Real Madrid"
"Jefté","Palmeiras"
"Jefté","Rangers"
"Jorge Obregón","Deportivo Pasto"
"Jorge Obregón","Rionegro"
"Andrés Colorado","Deportivo Cali"
"Andrés Colorado","Once Caldas"
"Juan Dinenno","Deportivo Cali"
"Juan Dinenno","São Paulo"
"Pablo Ruan","Nacional"
"Luis Guilherme","Sporting CP"
"Luis Guilherme","West Ham United"
"Diego Herazo","Nacional"
"Diego Herazo","San Lorenzo de Almagro"
"Israel Alba","Alianza Valledupar"
"Israel Alba","Atlético Bucaramanga"
"Jhon Arias","Palmeiras"
"Jhon Arias","Wolverhampton Wanderers"
"Fabián Sambueza","Atlético Bucaramanga"
"Eduardo Vargas","Nacional"
"Eduardo Vargas","Universidad de Chile"
"Marcelo Díaz","Universidad de Chile"
"Kevin Balanta","Santa Fe"
"Kevin Balanta","Santos Laguna"
"Nicolás Benedetti","Deportivo Cali"
"Nicolás Benedetti","Las Palmas"
"Nicolás Benedetti","Mazatlán"
"Lautaro Díaz","Racing Club"
"Lautaro Díaz","Santos"
"Carlos Henao","Atlético Bucaramanga"
"Carlos Henao","Jaguares de Córdoba"
"Andrey Estupiñán","Deportivo Pasto"
"Andrey Estupiñán","Millonarios"
"Jesper Karlsson","Aberdeen"
"Jesper Karlsson","FC Utrecht"
"Jhon Vásquez","Atlético Bucaramanga"
"Jhon Vásquez","Llaneros"
"Yhormar Hurtado","América de Cali"
"Yhormar Hurtado","Deportes Tolima"
"Henrik Melland","Aalesund"
"Henrik Melland","Lillestrøm"
"Daniel Muñoz","Crystal Palace"
"Álvaro Angulo","Pumas UNAM"
"Deiver Machado","Lens"
"Deiver Machado","Nantes"
"Hernán Barcos","Alianza Lima"
"Hernán Barcos","FC Cajamarca"
"Hernán Barcos","Sporting Cristal"
"Iván Rojas","Once Caldas"
"Iván Rojas","Rionegro"
"Leo Bengtsson","Lech Poznan"
"Ricardo Márquez","CS Cartaginés"
"Ricardo Márquez","Rionegro"
"Magnus Westergaard","Vålerenga"
"Magnus Westergaard","Wycombe Wanderers"
"Rodrigo López","Pumas UNAM"
"Mateo García","Atlas"
"Mateo García","Newell's Old Boys"
"Aarón Mejía","América"
"Aldair Quintana","Atlético Bucaramanga"
"Aldair Quintana","Independiente del Valle"
"Alan Saldivia","Colo Colo"
"Alan Saldivia","Vasco da Gama"
"Ondrej Zmrzly","Górnik Zabrze"
"Ondrej Zmrzly","Slavia Praha"
"José Raúl Zúñiga","América"
"Daniel Trubac","Hradec Králové"
"Daniel Trubac","Teplice"
"Jakub Brabec","Rio Ave"
"David Šimek","FK Pardubice"
"David Šimek","SK Artis Brno"
"Matěj Polidar","FK Jablonec"
"Tomas Huk","Sigma Olomouc"
"Tomas Huk","Slovácko"
"Jeison Medina","Independiente Medellín"
"Jeison Medina","Independiente del Valle"
"Jeison Medina","LDU Quito"
"Anel Ahmedhodzic","Burnley"
"Anel Ahmedhodzic","Feyenoord"
"José Ortiz","Atlético Bucaramanga"
"José Ortiz","Independiente Medellín"
"Diego  Chávez","Atlético Bucaramanga"
"Diego  Chávez","Deportivo Pasto"
"Rodriguinho","Red Bull Bragantino"
"Rodriguinho","São Paulo"
"Przemyslaw Placheta","Austin FC"
"Przemyslaw Placheta","Oxford United"
"Jean Carlos Silva","Raków Częstochowa"
"Rafael","São Paulo"
"Éderson","Atalanta"
"Mihajlo Banjac","Krylya Sovetov"
"Strahinja Pavlović","AC Milan"
"Nikola Cumic","Fk Rubin Kazan"
"Nikola Cumic","Real Zaragoza"
"Yeicar Perlaza","Atlético Nacional"
"Yeicar Perlaza","Santa Fe"
"Kilian Toscano","Atlético Nacional"
"Kilian Toscano","Santa Fe"
"Juan Torres","Deportes Tolima"
"Juan Torres","Necaxa"
"Ignacio Aliseda","Cerro Porteño"
"Alexis Castro","Estudiantes"
"Domingo Blanco","Defensa y Justicia"
"Domingo Blanco","Tijuana"
"Ezequiel Unsain","Necaxa"
"Ezequiel Unsain","Talleres de Córdoba"
"Gastón Togni","CA Platense"
"Gastón Togni","Pachuca"
"Gastón Togni","Peñarol"
"Matías Rojas","Libertad"
"Matías Rojas","River Plate"
"Lisandro Martínez","Manchester United"
"Alexander Barboza","Botafogo"
"Alexander Barboza","Palmeiras"
"Francisco Reyes","Tigres UANL"
"Marcos Senesi","AFC Bournemouth"
"Marcos Senesi","Tottenham Hotspur"
"Gabriel Rojas","Cruzeiro"
"Gabriel Rojas","Racing Club"
"Rubén Botta","Defensa y Justicia"
"Rubén Botta","Nacional"
"Rubén Botta","Talleres de Córdoba"
"Jones El-Abdellaoui","Celta Vigo"
"Gustavo Torres","Cúcuta Deportivo"
"Gustavo Torres","Deportivo Pereira"
"Kevin Viveros","Athletico Paranaense"
"Kevin Viveros","Atlético Nacional"
"Vojtech Smrz","Bohemians 1905"
"Łukasz Sekulski","Wisła Płock"
"Jan Grzesik","RKS Radomiak Radom"
"Jorman Campuzano","Atlético Nacional"
"Darío Benedetto","Barcelona"
"Darío Benedetto","Olimpia"
"Sebastián Villa","Boca Juniors"
"Sebastián Villa","Independiente Rivadavia"
"Emanuel Reynoso","Deportivo Cali"
"Emanuel Reynoso","Talleres de Córdoba"
"Franco Moyano","Instituto"
"Franco Moyano","Puebla"
"Fabian Hiszpański","Wisła Płock"
"Said Hamulic","Wisła Płock"
"Mory Gbane","Stade de Reims"
"Claudio Spinelli","Independiente del Valle"
"Claudio Spinelli","Vasco da Gama"
"Carlos Quintana","Deportivo Riestra"
"Carlos Quintana","Rosario Central"
"Marek Bartoš","Motor Lublin"
"Elías Gómez","Vélez Sarsfield"
"Alexis MacAllister","Liverpool"
"Erick Castillo","Alianza Lima"
"Gerardo Arteaga","Monterrey"
"Brian Lozano","Cerro Largo"
"Brian Lozano","Defensor Sporting"
"Fernando Gorriarán","Tigres UANL"
"Nicolò Tresoldi","Club Brugge"
"Elías Pereyra","Barracas Central"
"Elías Pereyra","Defensa y Justicia"
"Mingiyan Beveev","Baltika"
"Sander Svendsen","Konyaspor"
"Sander Svendsen","Kristiansund"
"Juan Iturbe","Cerro Porteño"
"Juljan Shehu","Widzew Łódź"
"Ignacio Malcorra","Independiente"
"Ignacio Malcorra","Unión"
"Léo Scienza","FC Heidenheim"
"Léo Scienza","Southampton"
"Juan Pablo Vigón","Tigres UANL"
"Camilo Mayada","Danubio"
"Camilo Mayada","Deportivo Maldonado"
"Camilo Mayada","Peñarol"
"Nicolás Ibáñez","Cruz Azul"
"Nicolás Ibáñez","Tigres UANL"
"Andrey Mendel","Baltika"
"Rodrigo Zalazar","Sporting Braga"
"Rodrigo Zalazar","Sporting CP"
"Patryk Kun","Legia Warszawa"
"Patryk Kun","Wisła Płock"
"Tomas Petrasek","Hradec Králové"
"Oscar Schwartau","Norwich City"
"Ivan Oleynikov","Krylya Sovetov"
"Valentin Paltsev","Dynamo Makhachkala"
"Valentin Paltsev","FK Krasnodar"
"Matous Trmal","Teplice"
"Marek Havlík","Slovácko"
"Ivan Schranz","Slavia Praha"
"Lukas Provod","Slavia Praha"
"Dominik Piła","Cracovia Kraków"
"Martin Koscelník","Slovácko"
"Marat Bokoev","Akron"
"Sergey Pryakhin","Baltika"
"Sergey Pryakhin","FK Akhmat Grozny"
"Maksim Borisko","Baltika"
"Evgeni Latyshonok","Baltika"
"Evgeni Latyshonok","Zenit St. Petersburg"
"Ondrej Karafiat","Mladá Boleslav"
"Ondrej Karafiat","Nürnberg"
"Ilya Petrov","Baltika"
"Jan Mikula","Slovan Liberec"
"Maksim Sidorov","FK Akhmat Grozny"
"Matej Hybs","Bohemians 1905"
"Matej Hybs","Mladá Boleslav"
"Leonardo Heredia","CA Platense"
"Leonardo Heredia","Central Córdoba SdE"
"Danila Vedernikov","Orenburg"
"Ilya Rozhkov","Fk Rubin Kazan"
"Daniil Motorin","Fk Rubin Kazan"
"Veljko Birmancevic","Getafe"
"Veljko Birmancevic","Sparta Praha"
"Miroslav Bogosavac","FK Akhmat Grozny"
"Tomás González","Deportivo Riestra"
"Tomás González","Unión"
"Fraser Hornby","Darmstadt 98"
"Fraser Hornby","Wolfsburg"
"Nathan Broadhead","Ipswich Town"
"Nathan Broadhead","Wrexham"
"Anthony Gordon","Barcelona"
"Anthony Gordon","Newcastle United"
"Lewis Gibson","Preston North End"
"Adolfo Gaich","Estudiantes"
"Adolfo Gaich","Krylya Sovetov"
"Lukas Bartosak","Zlín"
"Stanislav Dostal","Zlín"
"Sævar Atli Magnússon","Brann"
"Tomas Poznar","Zlín"
"Rodrigo Villalba","Libertad"
"Jakub Uhrincat","Hradec Králové"
"Soslan Kagermazov","Dynamo Makhachkala"
"Temirkan Sundukov","Dynamo Makhachkala"
"Mutalip Alibekov","Dynamo Makhachkala"
"Alan Aguerre","Central Córdoba SdE"
"Pol Fernández","Fortaleza"
"Pol Fernández","Rosario Central"
"Ricardo Chávez","Monterrey"
"Maximiliano Salas","Independiente Rivadavia"
"Maximiliano Salas","Racing Club"
"Maximiliano Salas","River Plate"
"Aníbal Chalá","Barcelona"
"Aníbal Chalá","Olimpia"
"Alan Medina","Pumas UNAM"
"Luca Kjerrumgaard","Watford"
"Sebastián Córdova","Toluca"
"Jonathan González","Juárez"
"Jonathan González","San Jose Earthquakes"
"Erik Janza","Górnik Zabrze"
"Ryan Graydon","Fleetwood Town"
"Ryan Graydon","Salford City"
"Abel Paredes","Olimpia"
"Abel Paredes","Sportivo Ameliano"
"Vaclav Jurecka","Baník Ostrava"
"Vaclav Jurecka","Rizespor"
"Pavel Šulc","Lyon"
"Pavel Šulc","Viktoria Plzen"
"Lukas Sadilek","Górnik Zabrze"
"Lukas Sadilek","Sparta Praha"
"Srdjan Plavsic","Baník Ostrava"
"Srdjan Plavsic","Raków Częstochowa"
"Ibrahim Salah","Antwerp"
"Ibrahim Salah","Basel"
"Ibrahim Salah","Rennes"
"Adam Hlozek","Hoffenheim"
"Mateo Burdisso","Aucas"
"Mateo Burdisso","Delfin"
"Michal Sacek","Górnik Zabrze"
"Gastón Lódico","Instituto"
"Gastón Lódico","Racing Club"
"Nicolás Pasquini","CA Sarmiento"
"Nicolás Pasquini","Sporting Cristal"
"Gonzalo Montiel","River Plate"
"Milton Casco","Atlético Nacional"
"Milton Casco","River Plate"
"Rafael Borré","Internacional"
"Rafael Borré","River Plate"
"Nacho Fernández","Gimnasia La Plata"
"Nacho Fernández","River Plate"
"Exequiel Palacios","Bayer Leverkusen"
"Exequiel Palacios","Ipswich Town"
"Lucas Pratto","Coquimbo Unido"
"Lucas Pratto","Olimpia"
"Ladislav Krejčí","Girona"
"Ladislav Krejčí","Wolverhampton Wanderers"
"Alan Franco","São Paulo"
"Alan Franco","Tigres UANL"
"Martín Campaña","Liverpool"
"Martín Campaña","Peñarol"
"Fabricio Bustos","River Plate"
"Emanuel Brítez","EC Vitória"
"Emanuel Brítez","Fortaleza"
"Ryan One","Lincoln City"
"Ryan One","Sheffield United"
"Julián Quiñónes","Deportivo Cali"
"Julián Quiñónes","Deportivo Pasto"
"Massimo Decoene","Mechelen"
"Nachon Nsingi","OH Leuven"
"Nachon Nsingi","RAAL La Louvière"
"Nachon Nsingi","Rodez"
"Richie Sagrado","Venezia"
"Mamadou Sangaré","Brentford"
"Mamadou Sangaré","Lens"
"Tomas Ladra","Viktoria Plzen"
"Laco Takacs","Teplice"
"Marek Hanousek","Dukla Praha"
"Marek Hanousek","Widzew Łódź"
"Lukáš Hůlka","Bohemians 1905"
"Lukáš Hůlka","Slovan Liberec"
"Dominik Plechaty","SK Artis Brno"
"Dominik Plechaty","Slovan Liberec"
"Mateusz Praszelik","Cracovia Kraków"
"Dejan Sorgić","Vaduz"
"Dejan Sorgić","Yverdon Sport FC"
"Ugo Bonnet","Grenoble Foot"
"Junior Dina Ebimbe","Schalke 04"
"Junior Dina Ebimbe","Stade Brestois"
"Willy Vogt","Bellinzona"
"Willy Vogt","Motherwell"
"Matthieu Huard","Red Star FC"
"Lukas Fadinger","Motherwell"
"Nikolas Sattlberger","KRC Genk"
"Jean Hugonet","Hannover 96"
"Jean Hugonet","Magdeburg"
"Cem Üstündag","Amed SK"
"Cem Üstündag","Kasımpaşa"
"Lucas Bergvall","Tottenham Hotspur"
"Carlos Miguel","Palmeiras"
"Jim Allevinah","Angers"
"Jim Allevinah","Kasımpaşa"
"Quentin Braat","Rodez"
"Ryan Kessler","FC Aarau"
"Ryan Kessler","Sion"
"Daniel Holzer","Baník Ostrava"
"Jérémy Mellot","CD Castellón"
"Maxwell Gyamfi","Kaiserslautern"
"Diego Barbosa","Toluca"
"Javier Correa","Colo Colo"
"Sebastián Vegas","Colo Colo"
"Sebastián Vegas","León"
"Joachim Eickmayer","Bastia"
"Joachim Eickmayer","Red Star FC"
"Jonas Kersken","Arminia Bielefeld"
"Mateo Biondic","Union Saint-Gilloise"
"Falko Michel","Magdeburg"
"Michal Skoras","Club Brugge"
"Michal Skoras","Gent"
"Michal Skoras","Lens"
"Calvin Brackelmann","Augsburg"
"Calvin Brackelmann","Paderborn"
"Alexander Nollenberger","Magdeburg"
"Mauro Da Luz","Aldosivi"
"Mauro Da Luz","Atlético Grau"
"Nicolás Leguizamón","Deportivo Cuenca"
"Nicolás Leguizamón","Juan Pablo II College"
"Evgeni Staver","Fk Rubin Kazan"
"Robin Fellhauer","Augsburg"
"Maurice Neubauer","Hannover 96"
"Nicolas Kristof","SV 07 Elversberg"
"Semih Sahin","Kaiserslautern"
"Lucas Javier Acevedo","Atlético Grau"
"Lucas Javier Acevedo","Deportivo Táchira"
"Cristian Tarragona","Talleres de Córdoba"
"Cristian Tarragona","Unión"
"Kevin Gutiérrez","Argentinos Juniors"
"Kevin Gutiérrez","Necaxa"
"Tomás Badaloni","Necaxa"
"Tomás Badaloni","Rosario Central"
"Agustín Manzur","Club Guaraní"
"Agustín Manzur","Libertad"
"Alexis Martín Arias","Cerro Porteño"
"Alexis Martín Arias","Nacional"
"Agustín Rossi","Flamengo"
"Érick Aguirre","Monterrey"
"Edwin Cardona","Atlético Nacional"
"William Tesillo","Atlético Nacional"
"Rodolfo Cota","América"
"Fernando Arce","Toluca"
"Razhab Magomedov","Dynamo Makhachkala"
"Timur Magomedov","Dynamo Makhachkala"
"Miler Bolaños","Emelec"
"Miler Bolaños","Guayaquil City"
"Sebastián Boselli","Estudiantes"
"Sebastián Boselli","Getafe"
"Sebastián Boselli","River Plate"
"Enner Valencia","Boca Juniors"
"Enner Valencia","Internacional"
"Enner Valencia","Pachuca"
"Nahuel Guzmán","Tigres UANL"
"Ianis Hagi","Alanyaspor"
"Niklas Schmidt","Darmstadt 98"
"Niklas Schmidt","Toulouse"
"Thierry Lutonda","RAAL La Louvière"
"Marvin Wanitzek","Karlsruher SC"
"Philipp Hofmann","Bochum"
"Lukas Watkowiak","St. Gallen"
"Andrés Mosquera","América de Cali"
"Andrés Mosquera","Rionegro"
"Kevin Johan Amaro Viega","KRC Genk"
"Kevin Johan Amaro Viega","Liverpool"
"Lion Lauberbach","Mechelen"
"Lion Lauberbach","Venezia"
"Finn Porath","Holstein Kiel"
"Finn Porath","Schalke 04"
"Kevin Ehlers","Eintracht Braunschweig"
"Nahuel Bustos","Santa Fe"
"Nahuel Bustos","Talleres de Córdoba"
"Thiago Almada","Atlético Madrid"
"Thiago Almada","River Plate"
"Pablo Galdames","Burgos"
"Javier Méndez","Colo Colo"
"Javier Méndez","Peñarol"
"Ollie Tanner","Cardiff City"
"Tiziano Correa Reyes","Cerro Largo"
"Tiziano Correa Reyes","Nacional"
"Guido Herrera","Talleres de Córdoba"
"Gabriel Arias","Newell's Old Boys"
"Gabriel Arias","Racing Club"
"Enzo Díaz","São Paulo"
"Nahuel Tenaglia","Deportivo Alavés"
"Tomás Pochettino","EC Vitória"
"Tomás Pochettino","Fortaleza"
"Gastón Giménez","Cerro Porteño"
"Matías Zaracho","Racing Club"
"Lucas Robertone","Almería"
"Lucas Robertone","Vélez Sarsfield"
"Leandro Fernández","Argentinos Juniors"
"Leandro Fernández","Defensa y Justicia"
"Leandro Fernández","Universidad de Chile"
"Joseph Nduquidi","Amiens"
"Joseph Nduquidi","Metz"
"Ibrahim Fofana","Amiens"
"Ibrahim Fofana","Westerlo"
"Kevin Van Den Kerkhof","Sporting Charleroi"
"Agustín Bouzat","Houston Dynamo"
"Agustín Bouzat","Vélez Sarsfield"
"Nicolás Domínguez","Nottingham Forest"
"Braian Cufré","Aldosivi"
"Braian Cufré","Central Córdoba SdE"
"Braian Cufré","Clube do Remo"
"Jefferson Mena","Atlético Bucaramanga"
"Jefferson Mena","Boyacá Chicó"
"Samba Diba","Grenoble Foot"
"Owen Moxon","Cambridge United"
"Owen Moxon","Stockport County"
"Owen Moxon","Wigan Athletic"
"Nahuel Estévez","Palermo"
"Nahuel Estévez","Parma Calcio 1913"
"Matías Pellegrini","Vélez Sarsfield"
"Iván Gómez","CA Platense"
"Iván Gómez","Central Córdoba SdE"
"Nazareno Colombo","Racing Club"
"Matte Smets","KRC Genk"
"Duvan Vergara","Racing Club"
"Isaac Ogundere","AFC Wimbledon"
"Jorge Carrascal","Flamengo"
"Robert Rojas","Libertad"
"Robert Rojas","Olimpia"
"Lucas Martínez","River Plate"
"Nicolás De La Cruz","Flamengo"
"Will Evans","Mansfield Town"
"Will Evans","Plymouth Argyle"
"Robin Risser","Lens"
"Mahamadou Kanouté","Yverdon Sport FC"
"Nathaniel Adjei","Lorient"
"Tomáš Vlček","Slavia Praha"
"David Watson","Bolton Wanderers"
"David Watson","Kilmarnock"
"Tom Booth","Crewe Alexandra"
"Germán Berterame","Inter Miami"
"Germán Berterame","Monterrey"
"Luis Reyes","Monterrey"
"Jordi Osei-Tutu","Bolton Wanderers"
"Jordi Osei-Tutu","Millwall"
"Yannick Eduardo","ADO Den Haag"
"Yannick Eduardo","Hoffenheim"
"Leonardo Rocha","Raków Częstochowa"
"Leonardo Rocha","Zagłębie Lubin"
"David Okereke","Benevento"
"David Okereke","Cremonese"
"Dominik Janosek","Sigma Olomouc"
"Antonin Krapka","Zlín"
"Jamie Leweling","VfB Stuttgart"
"Merchas Doski","Viktoria Plzen"
"Agustín Palavecino","Cruz Azul"
"Luis Chávez","Dinamo Moscow"
"Yaimar Medina","KRC Genk"
"Lisandro Alzugaray","LDU Quito"
"Lisandro Alzugaray","Universitario"
"Jonathan Herrera","CA Sarmiento"
"Jonathan Herrera","Deportivo Riestra"
"Gonzalo Piovi","Cruz Azul"
"Julián Fernández","Atlético Tucumán"
"Julián Fernández","Palestino"
"Francisco Fydriszewski","Independiente Medellín"
"Francisco Fydriszewski","Junior"
"Cecilio Domínguez","Cerro Porteño"
"Ruslan Kul","Orenburg"
"Agustín Almendra","Cerro Porteño"
"Agustín Almendra","Necaxa"
"Agustín Almendra","Racing Club"
"Edis Bytyqi","FC Wil 1900"
"Nemanja Tekijaški","FK Jablonec"
"Gustavo Velázquez","Cerro Porteño"
"Kastriot Imeri","BSC Young Boys"
"Kastriot Imeri","Thun"
"Varol Tasar","Yverdon Sport FC"
"Itaitinga","Étoile Carouge FC"
"Miroslav Stevanovic","Servette"
"Anthony Sauthier","Yverdon Sport FC"
"Steve Rouiller","Servette"
"Timothé Cognat","Servette"
"Linus Obexer","FC Aarau"
"Nias Hefti","Sion"
"Nicola Sutter","FC Stade Lausanne-Ouchy"
"Olivier Custodio","FC Lausanne Sport"
"Kristall Ingason","Brann"
"Logi Tómasson","Samsunspor"
"Numa Lavanchy","Sion"
"Jan Bamert","Thun"
"Albian Ajeti","Basel"
"Izer Aliu","FC Aarau"
"Blaz Kramer","Konyaspor"
"Raoul Petretta","Darmstadt 98"
"Noah Okafor","Leeds United"
"Omar Alderete","Sunderland"
"Eray Cömert","Torino"
"Eray Cömert","Valencia"
"Luca Zuffi","Winterthur"
"Anton Mitryushkin","Lokomotiv Moscow"
"Dante Vanzeir","Cercle Brugge"
"Dante Vanzeir","Gent"
"Cameron Humphreys","Port Vale"
"Rob Schoofs","Mechelen"
"Rob Schoofs","Union Saint-Gilloise"
"Danijel Šturm","Sigma Olomouc"
"Danijel Šturm","Slavia Praha"
"Žan Vipotnik","Swansea City"
"Nikola Storm","Antalyaspor"
"Nikola Storm","Mechelen"
"Christian Conteh","Eintracht Braunschweig"
"Christian Conteh","FC Heidenheim"
"Martín Payero","Cremonese"
"Martín Payero","Watford"
"Julián Carranza","Leicester City"
"Julián Carranza","Necaxa"
"Ezequiel Piovi","Estudiantes"
"Jorge Rodríguez","Monterrey"
"Juan Álvarez","Gimnasia Mendoza"
"Juan Álvarez","San Lorenzo de Almagro"
"Oskar Leśniak","Piast Gliwice"
"José Caicedo","Portland Timbers"
"José Caicedo","Pumas UNAM"
"Danilo Arboleda","Banfield"
"Danilo Arboleda","San Lorenzo de Almagro"
"Muhammed Damar","Hoffenheim"
"Muhammed Damar","Wolfsburg"
"Egor Pogostnov","Lokomotiv Moscow"
"Vadim Rakov","Krylya Sovetov"
"Vadim Rakov","Lokomotiv Moscow"
"Steve Ngoura","Cercle Brugge"
"Skelly Alvero","Amiens"
"Skelly Alvero","Werder Bremen"
"Edwuin Cetré","Estudiantes"
"Johan Carbonero","Internacional"
"Darko Nejasmic","NEC"
"Josip Juranovic","Union Berlin"
"Ardian Ismajli","Torino"
"Kyliane Dong","Bolton Wanderers"
"Kyliane Dong","Pau"
"Miguel Barbieri","Deportivo Riestra"
"Miguel Barbieri","Universidad Concepción"
"Nahuel Molina","AS Roma"
"Nahuel Molina","Atlético Madrid"
"Givairo Read","Feyenoord"
"Aske Adelgaard","Go Ahead Eagles"
"Aske Adelgaard","Twente"
"Leonidas Stergiou","FC Heidenheim"
"Leonidas Stergiou","VfB Stuttgart"
"Betim Fazliji","St. Gallen"
"Cédric Itten","Fortuna Düsseldorf"
"Cédric Itten","Werder Bremen"
"Blas Riveros","Cerro Porteño"
"Blas Riveros","Talleres de Córdoba"
"Santiago Jiménez","Atlético Bucaramanga"
"Santiago Jiménez","Deportivo Pasto"
"Liziero","Nacional"
"Arthur Cabral","Botafogo"
"Bruno Fuchs","Palmeiras"
"Alan Cervantes","América"
"Dieter Villalpando","Everton"
"Dieter Villalpando","Juárez"
"Patrik Hellebrand","Górnik Zabrze"
"Patrik Hellebrand","Korona Kielce"
"Petr Kodes","Hradec Králové"
"Petr Kodes","Teplice"
"Anders Hagelskjaer","Wycombe Wanderers"
"Liridon Mulaj","Neuchâtel Xamax"
"Christian Ordóñez","Parma Calcio 1913"
"Christian Ordóñez","Vélez Sarsfield"
"Léo Seydoux","Neuchâtel Xamax"
"Jordan Lotomba","Feyenoord"
"Sven Köhler","Eintracht Braunschweig"
"Sven Köhler","Grasshopper"
"Jiri Klima","Mladá Boleslav"
"Yasin Özcan","Beşiktaş"
"Yasin Özcan","RSC Anderlecht"
"Youssef Maziz","Colorado Rapids"
"Youssef Maziz","OH Leuven"
"Nordi Mukiele","Sunderland"
"Cédric Zesiger","Augsburg"
"Cédric Zesiger","BSC Young Boys"
"Jackson Smith","Grimsby Town"
"Jackson Smith","Port Vale"
"Aurélien Scheidler","Dender"
"Aurélien Scheidler","Sporting Charleroi"
"Ben Sheaf","Coventry City"
"Ben Sheaf","Wrexham"
"Déinner Quiñones","Alianza Valledupar"
"Déinner Quiñones","Once Caldas"
"Joel Silva","Nacional"
"Brennan Johnson","Crystal Palace"
"Brennan Johnson","Everton"
"Brennan Johnson","Tottenham Hotspur"
"Gustavo Silva","Vitória Guimarães"
"Joe White","Bradford City"
"Joe White","Crewe Alexandra"
"Joe White","Leyton Orient"
"Danilo Veiga","Lecce"
"Nik Tzanev","Huddersfield Town"
"Nik Tzanev","Newport County AFC"
"Nesta Guinness-Walker","Aberdeen"
"Nesta Guinness-Walker","Northampton Town"
"Rhys Norrington-Davies","Queens Park Rangers"
"Rhys Norrington-Davies","Sheffield United"
"Ryan Giles","Hull City"
"Conor Gallagher","Atlético Madrid"
"Conor Gallagher","Tottenham Hotspur"
"Elliott Moore","Northampton Town"
"Elliott Moore","Oxford United"
"Sami Ouaissa","NEC"
"Colby Bishop","Portsmouth"
"Jesús Angulo","Toluca"
"Samuel Krasniqi","Grasshopper"
"Gaëtan Coucke","Cercle Brugge"
"Gaëtan Coucke","Sampdoria"
"Mateo Klimowicz","Atlético San Luis"
"Mateo Klimowicz","Cerro Porteño"
"Armin Gigovic","BSC Young Boys"
"Armin Gigovic","Holstein Kiel"
"Adrián Fuentes","Córdoba CF"
"Adrián Fuentes","Mallorca"
"Stefan Lončar","Akron"
"Chris Kablan","FC Zürich"
"Shkelqim Demhasaj","Neuchâtel Xamax"
"Shkelqim Demhasaj","Yverdon Sport FC"
"Frédéric Guilbert","Nantes"
"Remo Arnold","Winterthur"
"Anthony Lopes","Angers"
"Anthony Lopes","Nantes"
"Fábio Jaló","Barnsley"
"Fábio Jaló","Oldham Athletic"
"Jonathan Bland","Barnsley"
"Jan Kuchta","Legia Warszawa"
"Jan Kuchta","Sparta Praha"
"Jason Knight","Bristol City"
"Marçal","Botafogo"
"Yukinari Sugawara","Southampton"
"Yukinari Sugawara","Werder Bremen"
"Damian Michalski","Zagłębie Lubin"
"Jonas Martin","US Boulogne"
"Luis Sánchez","Deportes Tolima"
"Luis Sánchez","Once Caldas"
"Joan Castro","Atlético Nacional"
"Joan Castro","Inter Bogotá"
"Felipe Mora","Atlético San Luis"
"Felipe Mora","Portland Timbers"
"Yoann Salmier","Clermont Foot"
"Claudio Baeza","Vélez Sarsfield"
"Juan Bauza","Atlético Nacional"
"Youri Tielemans","Aston Villa"
"Youri Tielemans","Manchester United"
"Andrija Vukcevic","Preston North End"
"Rodrigo Aliendro","River Plate"
"Rodrigo Aliendro","Vélez Sarsfield"
"Alex Vigo","Independiente Rivadavia"
"Alex Vigo","Talleres de Córdoba"
"Lautaro Giannetti","Antalyaspor"
"Lautaro Giannetti","Newell's Old Boys"
"Darío Cáceres","Central Córdoba SdE"
"Darío Cáceres","Defensa y Justicia"
"Bertrand Traoré","Ajax"
"Bertrand Traoré","Sunderland"
"Julián Álvarez","Atlético Madrid"
"Lee Ndlovu","Barnet"
"Lee Ndlovu","Notts County"
"Josh Bowler","Blackpool"
"Lyndon Dykes","Birmingham City"
"Lyndon Dykes","Charlton Athletic"
"Lyndon Dykes","Millwall"
"Lima","América"
"Lima","Fluminense"
"Marco Kana","RSC Anderlecht"
"Juan Brunetta","Tigres UANL"
"Filip Ugrinic","BSC Young Boys"
"Filip Ugrinic","Valencia"
"Ko Itakura","Ajax"
"Ko Itakura","Borussia Mönchengladbach"
"Stiven Barreiro","León"
"Stiven Barreiro","Millonarios"
"Kiko","Moreirense"
"Roberts Uldrikis","Arminia Bielefeld"
"Yann Bodiger","AD Ceuta FC"
"Macaulay Langstaff","Millwall"
"Macaulay Langstaff","Salford City"
"Walter Bou","Lanús"
"Walter Bou","O'Higgins"
"Sean McLoughlin","Blackburn Rovers"
"Jorge Herrando","Osasuna"
"Walid Cheddira","Lecce"
"Walid Cheddira","Sassuolo"
"Walid Cheddira","US Avellino"
"Mehdi Dorval","Bari"
"Mehdi Dorval","Catanzaro"
"Patrick Soko","Almería"
"Patrick Soko","Leganés"
"Ousmane Diakité","West Bromwich Albion"
"Nathaniel Brown","Bayern Munich"
"Nathaniel Brown","Eintracht Frankfurt"
"Owen Bailey","Doncaster Rovers"
"Chidera Ejuke","Sevilla"
"Welinton Torrão","Santa Clara"
"Julio Pleguezuelo","Plymouth Argyle"
"Lindon Selahi","Widzew Łódź"
"Millenic Alli","Charlton Athletic"
"Millenic Alli","Luton Town"
"Millenic Alli","Portsmouth"
"Emil Holm","Bologna"
"Emil Holm","Juventus"
"Milan van Ewijk","Coventry City"
"Blair Spittal","Hearts"
"Mamadou Samassa","Stade Lavallois"
"Marcus Fraser","St Mirren"
"Thierno Barry","Everton"
"Ivan Marconi","Virtus Entella"
"Giovanni Giunti","Calcio Padova"
"Hugo Vetlesen","Club Brugge"
"Álvaro Aceves","Real Valladolid"
"David Torres","Real Valladolid"
"Derry Scherhant","Freiburg"
"Tim Oermann","Bayer Leverkusen"
"Tim Oermann","Sturm Graz"
"Thore Pedersen","Brann"
"Marcus Thuram","Inter Milan"
"Fredrik Knudsen","Brann"
"Martin Cedidla","FK Jablonec"
"Saîf-Eddine Khaoui","Red Star FC"
"Vetle Dragsnes","Brann"
"Vetle Dragsnes","Sporting Charleroi"
"Sondre Liseth","Górnik Zabrze"
"Jacob Slater","Harrogate Town"
"Jacob Slater","Tranmere Rovers"
"Jasper Pattenden","Stevenage"
"Marcos Luna","Almería"
"Bård Finne","Brann"
"Matteo Prati","Cagliari"
"Matteo Prati","Racing Santander"
"Matteo Prati","Torino"
"George Hemmings","Aston Villa"
"Facundo Zabala","Independiente"
"Facundo Zabala","Olimpia"
"Joe Ironside","Tranmere Rovers"
"Dan Ballard","Sunderland"
"Jake Eastwood","Cambridge United"
"Ondrej Kricfalusi","Baník Ostrava"
"Ondrej Kricfalusi","Union Saint-Gilloise"
"Jake Beesley","Bradford City"
"Jake Beesley","Burton Albion"
"Alban Lafont","Amed SK"
"Alban Lafont","Panathinaikos"
"Karl Etta Eyong","Levante UD"
"Karl Etta Eyong","Villarreal"
"Carl Piergianni","Stevenage"
"Ibou Touray","Bradford City"
"Ibrahim Maza","Bayer Leverkusen"
"Leo Farrell","Barnsley"
"Mikey Moore","Rangers"
"Mikey Moore","Tottenham Hotspur"
"Yusuf Akhamrich","Bristol Rovers"
"Yusuf Akhamrich","Leyton Orient"
"Niccolò Corrado","Empoli"
"Niccolò Corrado","Frosinone"
"Johnathan Panzo","Birmingham City"
"Johnathan Panzo","Rio Ave"
"Kristian Thorstvedt","Sassuolo"
"Brandon Powell","Barrow"
"Brandon Powell","Blackburn Rovers"
"Kenneth Mamah","AD Ceuta FC"
"Kenneth Mamah","CD Castellón"
"Abde Rebbach","Deportivo Alavés"
"Lalo Aguilar","Leganés"
"Adu Ares","Eibar"
"Jonathan Dubasin","Osasuna"
"Jonathan Dubasin","Sporting Gijón"
"Taylor Allen","Salford City"
"Taylor Allen","Wycombe Wanderers"
"Alexander Djiku","Fenerbahçe"
"Alexander Djiku","Spartak Moscow"
"Corey Whitely","Bromley"
"Danny McNamara","Charlton Athletic"
"Danny McNamara","Millwall"
"Ryan Loft","Cambridge United"
"Ryan Loft","Crawley Town"
"Benjamin André","Lille"
"Jon Mellish","Milton Keynes Dons"
"Jon Mellish","Wigan Athletic"
"Dani Tasende","Córdoba CF"
"Dani Tasende","Real Zaragoza"
"Carlos Romero","Espanyol"
"Carlos Romero","Villarreal"
"Saúl del Cerro","Burgos"
"Victor Froholdt","FC Porto"
"Jens Petter Hauge","Bodø"
"Jens Petter Hauge","Glimt"
"Abel Bretones","Osasuna"
"Marc Bombardó","FC Andorra"
"Phil Harres","Holstein Kiel"
"Ulrik Saltnes","Bodø"
"Ulrik Saltnes","Glimt"
"Håkon Evjen","Bodø"
"Håkon Evjen","Glimt"
"Fredrik Bjørkan","Bodø"
"Fredrik Bjørkan","Glimt"
"Marius Lode","Brisbane Roar"
"Marius Lode","Sarpsborg 08"
"Patrick Berg","Bodø"
"Patrick Berg","Glimt"
"Robert Taylor","Austin FC"
"Robert Taylor","LA Galaxy"
"Marco Curto","Empoli"
"Fabian Tait","Südtirol"
"Simone Davì","Südtirol"
"Raphael Kofler","Cagliari"
"Raphael Kofler","Südtirol"
"Brayan Córdoba","América de Cali"
"Brayan Córdoba","Cúcuta Deportivo"
"Haitam Aleesami","Bodø"
"Haitam Aleesami","Glimt"
"Raoul Bellanova","Atalanta"
"Ui-Jo Hwang","Alanyaspor"
"Agustín Rogel","Hertha Berlin"
"Agustín Rogel","Internacional"
"Agustín Rogel","Nacional"
"Paulo Vitor","AVS"
"Paulo Vitor","Vitória Guimarães"
"Efthymios Koulouris","Pogoń Szczecin"
"Efthymios Koulouris","Wieczysta Krakow"
"Joris Chotard","Montpellier"
"Joris Chotard","Stade Brestois"
"Agus Medina","Albacete"
"Frazer Blake-Tracy","Mansfield Town"
"Abdoul Kader Bamba","Clermont Foot"
"Abdoul Kader Bamba","Granada"
"Domagoj Bradarić","Hellas Verona"
"Tiago Djaló","Beşiktaş"
"Mickaël Facchinetti","Neuchâtel Xamax"
"Beto","Everton"
"Nermin Karić","Juve Stabia"
"Nermin Karić","Virtus Entella"
"Clément Akpa","Auxerre"
"John McAtee","Bolton Wanderers"
"Matchoi Djaló","Nacional"
"Matchoi Djaló","Wisła Płock"
"Maracás","Moreirense"
"Mario Dorgeles","Sporting Braga"
"Nuno Tavares","Lazio"
"João Escoval","Akron"
"Hrvoje Smolcic","Kocaelispor"
"Hrvoje Smolcic","Çorum"
"Ezequiel Ponce","Elche"
"Ezequiel Ponce","Houston Dynamo"
"Pepelu","Valencia"
"Fabio Gerli","Cremonese"
"Fabio Gerli","Modena"
"Paulo","Modena"
"Paulo","Monza"
"Gabriele Bracaglia","Frosinone"
"Rayan Ghrieb","Magdeburg"
"Rayan Ghrieb","Nürnberg"
"Freddy Mbemba","Guingamp"
"Freddy Mbemba","Sporting Charleroi"
"Teo Quintero","Sparta Rotterdam"
"Nacho Miras","Mechelen"
"Amando Lapage","Westerlo"
"Simion Michez","Mechelen"
"Simion Michez","Sigma Olomouc"
"Lucas Stassin","Saint-Étienne"
"Denis Huseinbasic","FC Köln"
"Denis Huseinbasic","Sporting Braga"
"Kanu","Bahia"
"Abner","Lyon"
"Nehuén Pérez","FC Porto"
"Kylian Mbappé","Real Madrid"
"Joaquin Seys","Club Brugge"
"Sacha Bansé","Greuther Fürth"
"Stefan Knežević","Luzern"
"Filipe Soares","Nacional"
"Ibrahima Sory Bangoura","KRC Genk"
"Christian Borchgrevink","Hearts"
"Felix Myhre","Brann"
"Felix Myhre","West Bromwich Albion"
"Mikkel Maigaard","Cracovia Kraków"
"Mikkel Maigaard","Wieczysta Krakow"
"Kellen Fisher","Norwich City"
"Tchamba","Casa Pia AC"
"Tchamba","Clube do Remo"
"Marcus Pedersen","Torino"
"Nicolas Pépé","Villarreal"
"Tiago Santos","Lille"
"Júnior Alonso","Atlanta United"
"Júnior Alonso","Atlético Mineiro"
"Allan Saint-Maximin","América"
"Allan Saint-Maximin","Charlotte"
"Allan Saint-Maximin","Lens"
"Ibrahim Sangaré","Nottingham Forest"
"Ivan Ilić","Lecce"
"Ivan Ilić","Torino"
"Torbjørn Heggem","Bologna"
"Torbjørn Heggem","West Bromwich Albion"
"Steven Sessegnon","AFC Wimbledon"
"Steven Sessegnon","Wigan Athletic"
"Dylan Durivaux","Red Star FC"
"Kassoum Ouattara","AS Monaco"
"Kassoum Ouattara","Beşiktaş"
"Dembo Sylla","Lorient"
"Dembo Sylla","Red Star FC"
"Radosław Murawski","Lech Poznan"
"Pablo Torre","Mallorca"
"Zakaria Eddahchouri","RC Deportivo La Coruña"
"Mael Corboz","Arminia Bielefeld"
"Mael Corboz","Grenoble Foot"
"Igor Vujačić","Fk Rubin Kazan"
"Oihan Sancet","Athletic Club"
"Yuri Berchiche","Athletic Club"
"Kevin Zeroli","Juve Stabia"
"Kevin Zeroli","Monza"
"Dorian Paloschi","Grasshopper"
"Davide Bartesaghi","AC Milan"
"Adam Bakoune","Monza"
"Salim Musah","Werder Bremen"
"Joshua Kitolano","Bodø"
"Joshua Kitolano","Glimt"
"Joshua Kitolano","Sparta Rotterdam"
"Jamaldeen Jimoh-Aloba","Aston Villa"
"Jamaldeen Jimoh-Aloba","West Bromwich Albion"
"Odin Bjørtuft","Bodø"
"Odin Bjørtuft","Glimt"
"Umut Nayir","Konyaspor"
"Umut Nayir","Trabzonspor"
"Güven Yalçın","Alanyaspor"
"Güven Yalçın","Kasımpaşa"
"Christopher Nkunku","AC Milan"
"Christopher Nkunku","RB Leipzig"
"Emre Kılınç","Samsunspor"
"Kai Andrews","Coventry City"
"Kai Andrews","Hibernian"
"Kai Andrews","Oxford United"
"Adrien Rabiot","AC Milan"
"Adrien Rabiot","Olympique de Marseille"
"Patrick Brouwer","Telstar"
"Berat Özdemir","Istanbul Basaksehir"
"Berat Özdemir","Çorum"
"Jon Moncayola","Osasuna"
"Kelvin Amian","Nantes"
"Alvaro Mantilla","Racing Santander"
"Gabriel Fernández","Cruz Azul"
"Flavio Russo","Delfino Pescara 1936"
"Flavio Russo","Virtus Entella"
"Brando Moruzzi","Empoli"
"Brando Moruzzi","US Avellino"
"Dion Charles","Blackpool"
"Dion Charles","Huddersfield Town"
"Nathan Trott","Cardiff City"
"Ahmed Ildız","Göztepe"
"Ahmed Ildız","Çorum"
"Mert Günok","Beşiktaş"
"Mert Günok","Fenerbahçe"
"İrfan Can Kahveci","Fenerbahçe"
"İrfan Can Kahveci","Kasımpaşa"
"Darko Churlinov","Kocaelispor"
"Darko Churlinov","Pogoń Szczecin"
"Enzo Tacafred","Nancy"
"Steven Baseya","Alverca"
"Paul Mukairu","Pogoń Szczecin"
"Yalçın Kayan","Eyüpspor"
"Yalçın Kayan","Samsunspor"
"Kamil Glik","Cracovia Kraków"
"Mame Thiam","Eyüpspor"
"Mame Thiam","Çorum"
"Haris Hajradinovic","Kasımpaşa"
"Filip Novak","FK Jablonec"
"Uğurcan Çakır","Galatasaray"
"Uğurcan Çakır","Trabzonspor"
"Erik Wekesser","Kaiserslautern"
"Levent Mercan","Fenerbahçe"
"Nat Phillips","West Bromwich Albion"
"Ömer Ali Şahiner","Istanbul Basaksehir"
"Marko Jevtovic","Konyaspor"
"Dominic Ballard","Bristol City"
"Dominic Ballard","Leyton Orient"
"Ellis Harrison","Bristol Rovers"
"Francisco Ortega","Olympiacos"
"Francisco Ortega","River Plate"
"Ruben Vargas","Sevilla"
"Ramón Enríquez","Málaga"
"Sergio Ruiz","Granada"
"Sergio Ruiz","Las Palmas"
"Zakaria Fdaouch","Nancy"
"Patrick Dorgu","Manchester United"
"Facundo Medina","Bayer Leverkusen"
"Facundo Medina","Olympique de Marseille"
"Ali Dembélé","Mantova"
"Ali Dembélé","Torino"
"Marco Dalla Vecchia","Cesena"
"Marco Dalla Vecchia","Virtus Entella"
"Alieu Njie","Torino"
"Adam Mayor","Cambridge United"
"Adam Mayor","Hibernian"
"Ryan Trevitt","Wigan Athletic"
"Mikel Merino","Arsenal"
"Dani Fernández","Krylya Sovetov"
"James Dornelly","Peterborough United"
"Benjamin Arthur","Celtic"
"Benjamin Arthur","Portsmouth"
"Randy Nteka","Rayo Vallecano"
"Jaume Grau","AVS"
"Jaume Grau","Tianjin Jinmen Tiger"
"Gonçalo Costa","Estoril"
"Ferdi Kadıoğlu","Brighton & Hove Albion"
"Deniz Türüç","Istanbul Basaksehir"
"Deniz Türüç","Konyaspor"
"Vedat Muriqi","Fenerbahçe"
"Vedat Muriqi","Mallorca"
"Curro Sánchez","Burgos"
"Alejandro Zendejas","América"
"Jorge Díaz Price","Toluca"
"Iñigo Vicente","Racing Santander"
"Khellven","Palmeiras"
"Pedri","Barcelona"
"Riki Rodríguez","Albacete"
"Riki Rodríguez","RC Deportivo La Coruña"
"Samuel Obeng","AD Ceuta FC"
"Samuel Obeng","Albacete"
"Isi Palazón","Rayo Vallecano"
"Maksym Khlan","Górnik Zabrze"
"Kevin Álvarez","América"
"Nikita Glushkov","Dynamo Makhachkala"
"Ollie Clarke","Swindon Town"
"Cas Odenthal","Bari"
"Cas Odenthal","Sassuolo"
"Matteo Francesconi","Cesena"
"Leroy Sané","Galatasaray"
"Luca Marianucci","Napoli"
"Luca Marianucci","Torino"
"Dominic Vavassori","Atalanta"
"Dominic Vavassori","Palermo"
"Ringo Meerveld","SC Heerenveen"
"Andrés Correa","Deportivo Cali"
"Andrés Correa","Once Caldas"
"Facundo Mura","Inter Miami"
"Facundo Mura","Racing Club"
"Odin Bailey","Portsmouth"
"Odin Bailey","Stockport County"
"Miguel Jacquet","Club Guaraní"
"Miguel Jacquet","Libertad"
"Miguel Jacquet","Sportivo Ameliano"
"Nicolo Calabrese","Carrarese Calcio 1908"
"Nicolo Calabrese","Hellas Verona"
"Mayke","Palmeiras"
"Mayke","Santos"
"Kamil Piątkowski","Legia Warszawa"
"Tommaso Martinelli","Sampdoria"
"Tommaso Martinelli","US Avellino"
"Daniel Udoh","Salford City"
"Daniel Udoh","Wycombe Wanderers"
"Klajdi Lolos","Crawley Town"
"Klajdi Lolos","Peterborough United"
"Brian Mansilla","FK Akhmat Grozny"
"Brian Mansilla","Rodina Moskva"
"Romário Baró","RKS Radomiak Radom"
"Alistair Smith","AFC Wimbledon"
"Patrick Bauer","AFC Wimbledon"
"Patrick Bauer","Cambridge United"
"Adrián Ortolá","Guingamp"
"Giacomo Stabile","Bari"
"Giacomo Stabile","Juve Stabia"
"Giacomo Stabile","Südtirol"
"Julián Millán","Fluminense"
"Julián Millán","Nacional"
"Lars-Jørgen Salvesen","Derby County"
"Jayson Molumby","West Bromwich Albion"
"Tamerlan Musaev","CSKA Moscow"
"Edmond Tapsoba","Bayer Leverkusen"
"Jay Dasilva","Coventry City"
"Samuel Lino","Flamengo"
"Kofi Balmer","Bristol Rovers"
"Kofi Balmer","Motherwell"
"Daizen Maeda","Celtic"
"Daizen Maeda","Ipswich Town"
"Danilo","Flamengo"
"Nikola Krstović","Atalanta"
"Jayden Richardson","St Mirren"
"Jack Sparkes","Bristol Rovers"
"Jarvis Thornton","Sheffield Wednesday"
"Kyle Walker-Peters","West Ham United"
"Becir Omeragic","Basel"
"Becir Omeragic","Montpellier"
"Ederson","Fenerbahçe"
"Mohammed Fuseini","Union Saint-Gilloise"
"Kell Watts","Cambridge United"
"Hugo Vandermersch","St. Gallen"
"Jacob Greaves","Ipswich Town"
"Jan Paul van Hecke","Brighton & Hove Albion"
"Jan Paul van Hecke","Tottenham Hotspur"
"Ethan Williams","Falkirk"
"Ethan Williams","Peterborough United"
"Ethan Wheatley","Bradford City"
"Ethan Wheatley","Northampton Town"
"Corey O'Keeffe","Barnsley"
"Corey O'Keeffe","Stockport County"
"Florent Mollet","FC Lausanne Sport"
"Elias Sørensen","PEC Zwolle"
"Elias Sørensen","Vålerenga"
"Maldini Kacurri","Grimsby Town"
"Ethan Nwaneri","Arsenal"
"Ethan Nwaneri","Olympique de Marseille"
"Gastón Brugman","Delfino Pescara 1936"
"Gastón Brugman","Modena"
"Gaetano Castrovilli","Bari"
"Gaetano Castrovilli","Cesena"
"Rayan Philippe","Hamburger SV"
"Zan Zuzek","Gençlerbirligi"
"Jude Bellingham","Real Madrid"
"Gaizka Larrazabal","Bolton Wanderers"
"Gaizka Larrazabal","Casa Pia AC"
"Furkan Soyalp","Amed SK"
"Furkan Soyalp","Kayserispor"
"Patrizio Masini","Frosinone"
"Patrizio Masini","Genoa"
"Ruan","Alanyaspor"
"Octavio Rivero","Barcelona"
"Octavio Rivero","Universidad de Chile"
"Jaydee Canvot","Crystal Palace"
"Jaydee Canvot","Toulouse"
"Mathis Saka","Rodez"
"Mathis Saka","Toulouse"
"Harrison Burrows","Sheffield United"
"Arthur Zagre","Excelsior"
"Arthur Zagre","FC Utrecht"
"Noah Edjouma","Lille"
"Noah Edjouma","Toulouse"
"Mathys De Carvalho","Lyon"
"Yvann Titi","Troyes"
"Brian Rodríguez","América"
"Coleen Louis","Amiens"
"Coleen Louis","Basel"
"Liam Henderson","Sampdoria"
"Paweł Dawidowicz","Hellas Verona"
"Paweł Dawidowicz","Raków Częstochowa"
"Thiago Ojeda","CyD Leonesa"
"Thiago Ojeda","Real Valladolid"
"Gennaro Tutino","Sampdoria"
"Gennaro Tutino","US Avellino"
"Dimitri Bisoli","Cesena"
"Andrea Cistana","Bari"
"Andrea Cistana","Spezia"
"Sandro Tonali","Newcastle United"
"Sandro Tonali","Tottenham Hotspur"
"Ayoze Pérez","Villarreal"
"Borja Sainz","FC Porto"
"Óscar Gil","OH Leuven"
"Jacopo Petriccione","Catanzaro"
"Arda Kızıldağ","Gazişehir Gaziantep"
"Isaac Hayden","Leyton Orient"
"Isaac Hayden","Queens Park Rangers"
"Nathan Jacques García","FC Stade Lausanne-Ouchy"
"Nathan Jacques García","Neuchâtel Xamax"
"Gustav Isaksen","Lazio"
"Lisandro López","Belgrano"
"Lisandro López","Olimpia"
"Michal Karbownik","Hertha Berlin"
"Michal Karbownik","Istanbul Basaksehir"
"Jamaal Lascelles","Leicester City"
"Jamaal Lascelles","Newcastle United"
"Matteo Di Giusto","Luzern"
"Ilan Sauter","FC Zürich"
"Harry Winks","Cagliari"
"Harry Winks","Leicester City"
"Santiago Moreno","FC Dallas"
"Santiago Moreno","Fluminense"
"Badredine Bouanani","OGC Nice"
"Badredine Bouanani","VfB Stuttgart"
"Michel Diaz","Stade Brestois"
"Michel Diaz","Troyes"
"Nadir Zortea","Bologna"
"Yaya Fofana","Stade de Reims"
"Rémy Labeau Lascary","Auxerre"
"Rémy Labeau Lascary","Stade Brestois"
"Jostein Gundersen","Bodø"
"Jostein Gundersen","Glimt"
"Nolan Gillot","RAAL La Louvière"
"Giacomo Corona","Palermo"
"Giacomo Corona","Virtus Entella"
"Tommaso Pobega","Bologna"
"Lewis Dunk","Brighton & Hove Albion"
"Kevin De Bruyne","Napoli"
"Nicolás Otamendi","Benfica"
"Nicolás Otamendi","River Plate"
"Samuele Birindelli","Monza"
"Salvatore Elia","Cremonese"
"Salvatore Elia","Empoli"
"Davide Frattesi","Inter Milan"
"Davide Frattesi","Lazio"
"Florian Lejeune","Rayo Vallecano"
"Giacomo Calò","Frosinone"
"Matej Chalus","Baník Ostrava"
"Roberto de la Rosa","Monterrey"
"Víctor Dávila","América"
"Andrés Arroyo","Everton"
"Andrés Arroyo","Fortaleza CEIF"
"Andrés Arroyo","Pachuca"
"Marc-Olivier Doué","CD Castellón"
"Cheikh Niasse","Gençlerbirligi"
"Cheikh Niasse","Hellas Verona"
"Pascal Groß","Borussia Dortmund"
"Pascal Groß","Brighton & Hove Albion"
"Jhon Durán","Benfica"
"Jhon Durán","Fenerbahçe"
"Jhon Durán","Zenit St. Petersburg"
"Daniel Souček","FK Jablonec"
"Keenan Gough","Bristol Rovers"
"Keenan Gough","Charlton Athletic"
"Micah Mbick","Charlton Athletic"
"Micah Mbick","Colchester United"
"George Tanner","Bristol City"
"Diego Valoyes","Juárez"
"Diego Valoyes","Talleres de Córdoba"
"Paulo Díaz","Atlanta United"
"Paulo Díaz","River Plate"
"Abdu Conté","Casa Pia AC"
"Show","Kocaelispor"
"Finn Delap","Burton Albion"
"George Stanger","Kilmarnock"
"Will Collar","Burton Albion"
"Will Collar","Milton Keynes Dons"
"Felix Correia","Lille"
"Adil Aouchiche","Aberdeen"
"Adil Aouchiche","Schalke 04"
"Jakub Markovic","Slavia Praha"
"Bryant Nieling","Modena"
"Umut Meras","Amed SK"
"Umut Meras","Eyüpspor"
"Jefferson Intriago","Barcelona"
"Jefferson Intriago","Mazatlán"
"Gauthier Hein","Metz"
"Gauthier Hein","OGC Nice"
"Fahem Benaïssa","Casa Pia AC"
"Fahem Benaïssa","Mantova"
"Stratos Svarnas","Raków Częstochowa"
"Leo Skiri Østigård","Genoa"
"Takefusa Kubo","Real Sociedad"
"Damián Fernández","Defensa y Justicia"
"Damián Fernández","Vélez Sarsfield"
"Rodrigo Riquelme","Real Betis"
"Adam Senior","Barnet"
"Thomas O'Connor","Peterborough United"
"Daniel Hanslik","Bochum"
"Daniel Hanslik","Kaiserslautern"
"Matija Mitrovic","Vitória Guimarães"
"Enrique Clemente","Las Palmas"
"Rabby Nzingoula","Nürnberg"
"Rabby Nzingoula","Strasbourg"
"Rabby Nzingoula","West Bromwich Albion"
"Gessime Yassine","Dunkerque"
"Gessime Yassine","Strasbourg"
"Francisco Pizzini","Emelec"
"Francisco Pizzini","Vélez Sarsfield"
"Juan Nardoni","Grêmio"
"Juan Nardoni","Racing Club"
"Pietro Comuzzo","Fiorentina"
"Pietro Comuzzo","Torino"
"Ibane Bowat","Huddersfield Town"
"Ibane Bowat","Portsmouth"
"Mateo Carabajal","Independiente del Valle"
"Gonzalo Plata","Flamengo"
"Lucas Tousart","Stade Brestois"
"Ryan Broom","Cheltenham Town"
"Denis Dragus","Eyüpspor"
"Denis Dragus","Gazişehir Gaziantep"
"Santiago Pierotti","Lecce"
"Marcelo Weigandt","Boca Juniors"
"Marcelo Weigandt","LDU Quito"
"Nicolás Capaldo","Hamburger SV"
"Neraysho Kasanwirjo","Brann"
"Neraysho Kasanwirjo","Fortuna Sittard"
"Victor Olatunji","Real Salt Lake"
"Victor Olatunji","Sparta Praha"
"Matteo Brunori","Ascoli Calcio"
"Matteo Brunori","Palermo"
"Matteo Brunori","Sampdoria"
"Davide Bettella","Catanzaro"
"Davide Bettella","Delfino Pescara 1936"
"Davide Bettella","Juve Stabia"
"Jacopo Segre","Palermo"
"Guglielmo Vicario","Juventus"
"Guglielmo Vicario","Tottenham Hotspur"
"Kialy Abdoul Kone","AD Ceuta FC"
"Pelayo Fernández","Cádiz"
"Pelayo Fernández","Rayo Vallecano"
"Álvaro Núñez","Celta Vigo"
"Álvaro Núñez","Elche"
"Sergi Altimira","Real Betis"
"Sergi Altimira","Sporting CP"
"Salvatore Esposito","Sampdoria"
"Salvatore Esposito","Spezia"
"Iván Calero","CyD Leonesa"
"Iván Calero","Real Zaragoza"
"Moussa Ndiaye","RSC Anderlecht"
"Moussa Ndiaye","Schalke 04"
"Siren Diao","Cesena"
"Siren Diao","Mirandés"
"Mbala N'Zola","Pisa"
"Mbala N'Zola","Sassuolo"
"Andrea Colpani","Monza"
"Cristian Căuz","Empoli"
"Cristian Căuz","Modena"
"Youssef Maleh","Cremonese"
"Youssef Maleh","Lecce"
"Tomas Zlatohlavek","Baník Ostrava"
"Tomas Zlatohlavek","Teplice"
"Michal Fukala","Zlín"
"Enrico Delprato","Parma Calcio 1913"
"Moussa Yeo","Salzburg"
"Moussa Yeo","Swansea City"
"Marco Sala","US Avellino"
"Marshall Munetsi","Paris FC"
"Marshall Munetsi","Wolverhampton Wanderers"
"Timothé Nkada","Standard Liège"
"Niklas Beste","Freiburg"
"Riccardo Marchizza","Frosinone"
"Riccardo Marchizza","Vicenza Virtus"
"Emmanuel Gyasi","Palermo"
"Tawfik Bentayeb","RSC Anderlecht"
"Tawfik Bentayeb","Troyes"
"Luca Vignali","Spezia"
"Luca Vignali","Virtus Entella"
"Dylan Tait","Dundee United"
"Dylan Tait","Falkirk"
"Brad Spencer","Falkirk"
"Christos Donis","RKS Radomiak Radom"
"George Nurse","Cheltenham Town"
"George Nurse","Shrewsbury Town"
"Nariman Akhundzada","Columbus Crew"
"Nariman Akhundzada","Erzurumspor"
"Nariman Akhundzada","Qarabağ FK"
"Albert Labík","Karviná"
"Albert Labík","SK Artis Brno"
"Albert Labík","Slavia Praha"
"Martin Šubert","Mladá Boleslav"
"Chidozie Awaziem","Konyaspor"
"Chidozie Awaziem","Nantes"
"Andreas Ntoi","Rio Ave"
"Aljoscha Kemlein","Union Berlin"
"Jean Lambert Evans","Rodez"
"Frank Anguissa","Napoli"
"Nökkvi Thórisson","Sparta Rotterdam"
"Nökkvi Thórisson","Telstar"
"Salvatore Molina","Südtirol"
"Junior Messias","Genoa"
"Georgios Liavas","Rio Ave"
"Andreas Hirzel","FC Aarau"
"Isak Jansson","OGC Nice"
"Darius Johnson","Phoenix Rising"
"Darius Johnson","San Jose Earthquakes"
"Aune Heggebø","West Bromwich Albion"
"Elias Baum","Eintracht Frankfurt"
"Rafael Nel","Sporting CP"
"Nacho Ferri","Feyenoord"
"Nacho Ferri","Westerlo"
"Ethan Mbappé","Lille"
"Jerome Opoku","Istanbul Basaksehir"
"Nnamdi Ofoborh","Barnet"
"Jacob Wright","Norwich City"
"Dani Martinez","Atlético Madrid"
"Noni Madueke","Arsenal"
"Jeremy Agbonifo","Basel"
"Jeremy Agbonifo","Jagiellonia Białystok"
"Julio Díaz","Atlético Madrid"
"Julio Díaz","Sevilla"
"Elione Fernandes Neto","Hradec Králové"
"Emirhan Demircan","FC Utrecht"
"Emirhan Demircan","Telstar"
"Max Scholze","Estrela Amadora"
"Paris Brunner","AS Monaco"
"Daniel Kelly","Millwall"
"Jacobo Ramón","Como"
"César Palacios","Fulham"
"César Palacios","Real Madrid"
"Juan Mendoza","FC Zürich"
"Léo Vieira","Bahia"
"Léo Vieira","Chapecoense"
"Xeka","Estoril"
"Guillermo Vallejo","AD Ceuta FC"
"Mikel Goti","Córdoba CF"
"Mikel Goti","Real Sociedad"
"Jon Guruzeta","Eibar"
"Unai Gómez","Athletic Club"
"Unai Gómez","Udinese"
"Beñat Gerenabarrena","Athletic Club"
"Beñat Gerenabarrena","CD Castellón"
"Hugo Rincón","Athletic Club"
"Hugo Rincón","Girona"
"Mario Soberón","Albacete"
"Mario Soberón","Real Zaragoza"
"Henri Koudossou","Arminia Bielefeld"
"Henri Koudossou","Nürnberg"
"Filippo Sgarbi","Calcio Padova"
"Guilherme Montóia","Estrela Amadora"
"Guilherme Montóia","Jagiellonia Białystok"
"Tyrique George","Chelsea"
"Tyrique George","Everton"
"Adam Randell","Bristol City"
"Lamine Yamal","Barcelona"
"Alexandr Sojka","Hradec Králové"
"Alexandr Sojka","Viktoria Plzen"
"Ángel Alarcón","FC Porto"
"Ángel Alarcón","FC Utrecht"
"Rubén Yáñez","Sporting Gijón"
"Antonio Sánchez","Mallorca"
"Marcel Łubik","Górnik Zabrze"
"Marcel Łubik","Wisła Kraków"
"Mert Kömür","Augsburg"
"Mariano Díaz","Deportivo Alavés"
"Kwame Poku","Queens Park Rangers"
"Besfort Zeneli","Union Saint-Gilloise"
"Jack Aitchison","Bristol Rovers"
"Jack Aitchison","Exeter City"
"Fabrizio Cavegn","Bristol Rovers"
"Fabrizio Cavegn","Vaduz"
"Sebastian Otoa","Genoa"
"Antonio Rüdiger","Real Madrid"
"Christoph Kobald","Karlsruher SC"
"Hugo Cuypers","Chicago Fire"
"Hugo Cuypers","Monterrey"
"João Moutinho","Sporting Braga"
"Gabriel Strefezza","Olympiacos"
"Gabriel Strefezza","Palermo"
"Gabriel Strefezza","Parma Calcio 1913"
"Fıratcan Üzüm","Gençlerbirligi"
"Maximiliano Gutiérrez","Huachipato"
"Maximiliano Gutiérrez","Independiente"
"Francisco González","O'Higgins"
"Francisco González","Tijuana"
"Leonardo Candellone","Juve Stabia"
"Luca Palmiero","US Avellino"
"Marcos Peano","RAAL La Louvière"
"Adrian Beck","FC Heidenheim"
"Adrian Beck","Osnabrück"
"Pathé Ciss","Rayo Vallecano"
"Darryl Bakola","Olympique de Marseille"
"Darryl Bakola","Sassuolo"
"Thomas Meunier","Lille"
"Thomas Meunier","Sunderland"
"Juan Martín Lucero","Fortaleza"
"Juan Martín Lucero","Universidad de Chile"
"Henrique Arreiol","Legia Warszawa"
"Francesco Di Mariano","Calcio Padova"
"Francesco Di Mariano","Modena"
"Manuel De Luca","Cremonese"
"Manuel De Luca","Modena"
"Michał Rakoczy","Cracovia Kraków"
"Michał Rakoczy","Górnik Zabrze"
"Tomas Tavares","Marítimo"
"Tomas Tavares","Wisła Płock"
"Olaf Gorter","Lecce"
"Marcos Antonio","São Paulo"
"Nicolas Madsen","Queens Park Rangers"
"Carlos Eduardo","Gil Vicente"
"Manu Fuster","Las Palmas"
"Xavi Moreno","CE Sabadell FC"
"Xavi Moreno","Real Valladolid"
"Andrea Meroni","Bari"
"Andrea Meroni","Mantova"
"Pontus Almqvist","Parma Calcio 1913"
"Brendan Wiredu","Plymouth Argyle"
"Brendan Wiredu","Salford City"
"Pedro Mendes","Modena"
"Daniil Utkin","Baltika"
"Daniil Utkin","FK Krasnodar"
"Mousa Al Tamari","Rennes"
"Pedro Santos","FC Arouca"
"Vasco Moreira","Alverca"
"Antoine Bernier","Sporting Charleroi"
"Dominik Greif","Lyon"
"Tommaso Berti","Cesena"
"Tommaso Berti","Cremonese"
"Marius Wörl","Arminia Bielefeld"
"Chema Andrés","VfB Stuttgart"
"Pol Lozano","Espanyol"
"Nazmi Gripshi","Fk Rubin Kazan"
"Ermal Krasniqi","Amed SK"
"Ermal Krasniqi","Legia Warszawa"
"Ermal Krasniqi","Sparta Praha"
"Albion Rrahmani","Sparta Praha"
"Albion Rrahmani","Venezia"
"Igor Diveev","CSKA Moscow"
"Igor Diveev","Zenit St. Petersburg"
"Tiago Esgaio","FC Arouca"
"Luciano Nequecaur","Libertad"
"Luciano Nequecaur","Sport Boys"
"Bernardo Silva","Manchester City"
"Bernardo Silva","Real Madrid"
"Christian Oliva","Nacional"
"Christian Oliva","Santos"
"Koji Miyoshi","Bochum"
"Alisson Santos","Napoli"
"Alisson Santos","Sporting CP"
"Zaidu Sanusi","FC Porto"
"Eric García","Barcelona"
"Richard Sánchez","Olimpia"
"Richard Sánchez","Racing Club"
"Federico Viñas","Real Oviedo"
"Federico Viñas","Toluca"
"Jordan Obita","Hibernian"
"Tayfur Bingöl","Kocaelispor"
"Lucas Merolla","Cerro Porteño"
"Lucas Merolla","Mazatlán"
"Moussa Niakhaté","Lyon"
"Xavier Amaechi","Plymouth Argyle"
"Ruben Roosken","Huddersfield Town"
"Ruben Roosken","Oxford United"
"Jhonny Quiñónez","Barcelona"
"Ozziel Herrera","Tigres UANL"
"Pierre Lees-Melou","Paris FC"
"Pierre Lees-Melou","Stade Brestois"
"Aníbal Moreno","Palmeiras"
"Aníbal Moreno","River Plate"
"Isaiah Okafor","FC Wil 1900"
"Isaiah Okafor","FC Zürich"
"Milan Heca","Slovácko"
"Yussi Diarra","Cádiz"
"Yussi Diarra","Córdoba CF"
"Vegard Erlien","Real Valladolid"
"Carlos Protesoni","Deportivo Alavés"
"Nihad Mujakić","Erzurumspor"
"Nihad Mujakić","Eyüpspor"
"Nihad Mujakić","Gazişehir Gaziantep"
"Pietro Ceccaroni","Palermo"
"Giannis Papanikolaou","Rizespor"
"Giannis Papanikolaou","Widzew Łódź"
"José Paradela","Cruz Azul"
"Alberto Reina","Real Oviedo"
"Aisar Ahmed","AD Ceuta FC"
"Aisar Ahmed","Real Oviedo"
"Lucas Perrin","Nantes"
"Lucas Perrin","Sporting Gijón"
"Dylan Borrero","América de Cali"
"Dylan Borrero","Chapecoense"
"Dylan Borrero","Fortaleza"
"Nicola Leali","Genoa"
"Nicola Leali","Hellas Verona"
"Leonardo Benedetti","Sampdoria"
"Leonardo Benedetti","Virtus Entella"
"Mardochée Nzita","Sporting Charleroi"
"Pablo Durán","Celta Vigo"
"Yoel Lago","Celta Vigo"
"Kyle Walker","Burnley"
"Raúl García","Osasuna"
"Maas Willemsen","SC Heerenveen"
"Izan González","Girona"
"Izan González","Granada"
"Carlos Vicente","Birmingham City"
"Carlos Vicente","Deportivo Alavés"
"Luis Chacón","CyD Leonesa"
"Luis Chacón","Real Valladolid"
"Álex Sancris","Getafe"
"Álex Sancris","Leganés"
"Aiyegun Tosin","Lorient"
"Justin Roth","Thun"
"Hussein Ali","Pogoń Szczecin"
"Johnny","Atlético Madrid"
"Carlos Albarrán","Córdoba CF"
"Gabriele Zappa","Cagliari"
"Gabriele Zappa","Hellas Verona"
"Marco Carnesecchi","Atalanta"
"Deniz Gül","FC Porto"
"Kenny Lala","Stade Brestois"
"Ismaëlo Ganiou","Lens"
"Álex Remiro","Real Sociedad"
"Darlin Yongwa","Lorient"
"Darlin Yongwa","Norwich City"
"Jérémy Gelin","Nancy"
"Gabriel Pec","Cruzeiro"
"Gabriel Pec","LA Galaxy"
"Farid Alfa-Ruprecht","Bochum"
"Farid Alfa-Ruprecht","Hertha Berlin"
"Abdoulaye Kanté","Middlesbrough"
"Abdoulaye Kanté","Saint-Étienne"
"Fábio Tavares","Burton Albion"
"Fábio Tavares","Rotherham United"
"Álex Suárez","Las Palmas"
"Marley Aké","Yverdon Sport FC"
"Marley Aké","Zulte Waregem"
"Santiago Sosa","Racing Club"
"Santiago Sosa","Vasco da Gama"
"Victor Boniface","Bayer Leverkusen"
"Victor Boniface","Werder Bremen"
"Gennaro Borrelli","Cagliari"
"Aleksey Tataev","Orenburg"
"Alessandro Vogliacco","Cremonese"
"Alessandro Vogliacco","PAOK Thessaloniki"
"Alassane Pléa","PSV Eindhoven"
"Ísak Jóhannesson","FC Köln"
"Ludovic Blas","Rennes"
"Sergi Darder","Mallorca"
"Donnell McNeilly","AFC Wimbledon"
"Donnell McNeilly","Wycombe Wanderers"
"Eneko Jauregi","Málaga"
"Mat Ryan","Levante UD"
"Urko Izeta","Athletic Club"
"Urko Izeta","Cádiz"
"Jonas Oehmichen","Dynamo Dresden"
"Maziar Kouhyar","Notts County"
"Tochi Chukwuani","Rangers"
"Tochi Chukwuani","Sturm Graz"
"Søren Tengstedt","Go Ahead Eagles"
"Jefferson Encada","Estrela Amadora"
"John Stones","Inter Milan"
"John Stones","Manchester City"
"Alex Lebarbier","Real Sociedad B"
"Jon Gorrotxategi","Real Sociedad"
"Aitor Fraga","Real Sociedad B"
"Montassar Talbi","Lorient"
"Guido Carrillo","Estudiantes"
"Adama Boiro","Athletic Club"
"Asier Osambela","Osasuna"
"Iker Muñoz","Osasuna"
"Miguel Román","Celta Vigo"
"Jon Balda","Real Sociedad B"
"Facundo Colidio","River Plate"
"Facundo Colidio","Vasco da Gama"
"Calum Agius","Crewe Alexandra"
"Hamari Traoré","Paris FC"
"Ronald Araujo","Barcelona"
"Ronald Araujo","Liverpool"
"Muhammed Cham","Slavia Praha"
"Muhammed Cham","Trabzonspor"
"Melih İbrahimoğlu","Konyaspor"
"Kevin Piscopo","Bari"
"Kevin Piscopo","Juve Stabia"
"Oliver Edvardsen","Ajax"
"Ferreirinha","São Paulo"
"Federico Bonini","Almería"
"Cheikh Fall","Pau"
"Florian Thauvin","Lens"
"Antonio Candela","Catanzaro"
"Antonio Candela","Empoli"
"Antonio Candela","Spezia"
"Micky van de Ven","Tottenham Hotspur"
"Djordje Petrovic","AFC Bournemouth"
"David Puskac","FK Jablonec"
"David Puskac","Slovácko"
"Jesús Álvarez","Huesca"
"Jesús Álvarez","Tenerife"
"Diego Percan","Arka Gdynia"
"Diego Percan","Córdoba CF"
"Jon Guthrie","Northampton Town"
"Vinicius Souza","Wolfsburg"
"Marquinhos","Spartak Moscow"
"Travis Hernes","FC Groningen"
"Gabriel Sara","Galatasaray"
"Benjamin Mendy","Pogoń Szczecin"
"Renzo Sánchez","CA Juventud"
"Renzo Sánchez","Wanderers"
"Steven Benda","Feyenoord"
"Steven Benda","Millwall"
"Álvaro Valles","Real Betis"
"Michal Beran","FK Jablonec"
"Michal Beran","Sigma Olomouc"
"Vincent Janssen","Antwerp"
"Vincent Janssen","Portland Timbers"
"Philippe Keny","FC Zürich"
"Rayan Cherki","Manchester City"
"Armando Dobra","Chesterfield"
"Armando Dobra","Leyton Orient"
"Jay Lynch","Fleetwood Town"
"Yann Gboho","Toulouse"
"Víctor Gómez","Sporting Braga"
"Tanguy Coulibaly","Montpellier"
"Tanguy Coulibaly","Samsunspor"
"Jorge De Frutos","Rayo Vallecano"
"Ertugrul Taskiran","Alanyaspor"
"Ertugrul Taskiran","Erzurumspor"
"Alexander Domínguez","LDU Quito"
"Lilian Njoh","Servette"
"Alexandro Bernabéi","Internacional"
"Manuel Cicconi","Carrarese Calcio 1908"
"Manuel Cicconi","Sampdoria"
"Juan Gutiérrez","Córdoba CF"
"Juan Gutiérrez","Mirandés"
"Charles De Ketelaere","Atalanta"
"Kiko Femenía","Getafe"
"Souleymane Faye","Granada"
"Souleymane Faye","Lorient"
"Souleymane Faye","Sporting CP"
"Jeremie Frimpong","Liverpool"
"Juan Purata","Tigres UANL"
"Aynsley Pears","Blackburn Rovers"
"Davy van den Berg","FC Utrecht"
"Davy van den Berg","Luton Town"
"Jacob Murphy","Newcastle United"
"Osvaldo Rodríguez","Tigres UANL"
"Eldar Ćivić","Baltika"
"Akim Abdallah","Guingamp"
"Akim Abdallah","Pau"
"Jarrad Branthwaite","Everton"
"Josh Davison","Cheltenham Town"
"Josh Davison","Shrewsbury Town"
"Josh Davison","Tranmere Rovers"
"Morgan Whittaker","Middlesbrough"
"Lino Tempelmann","Eintracht Braunschweig"
"Thibo Somers","Antwerp"
"Massimiliano Mangraviti","Cesena"
"Hristiyan Petrov","SC Heerenveen"
"Richarlison","Tottenham Hotspur"
"Ilane Touré","AS Monaco"
"Iván Arboleda","CA Sarmiento"
"Iván Arboleda","Rionegro"
"Andy Cannon","Burton Albion"
"Andy Cannon","Fleetwood Town"
"Gustavo Dulanto","Sport Boys"
"Gustavo Dulanto","Universitario"
"Tarık Çetin","Fenerbahçe"
"Vinícius Lopes","Santa Clara"
"Luke McGee","Tranmere Rovers"
"Franco Alfonso","Central Córdoba SdE"
"Franco Alfonso","Olimpia"
"Jamal Lowe","Sheffield Wednesday"
"Mateo Chávez","AZ Alkmaar"
"Nathan Redmond","Blackburn Rovers"
"Nathan Redmond","Sheffield Wednesday"
"Issa Soumaré","Le Havre"
"Issa Soumaré","Rennes"
"Nathaniel Chalobah","Charlton Athletic"
"Nathaniel Chalobah","Sheffield Wednesday"
"Fabian Kunze","Kaiserslautern"
"Tommaso Augello","Palermo"
"Facundo Farías","Estudiantes"
"Tanguy Ahile","Guingamp"
"Morgan Bokele","Dunkerque"
"Morgan Bokele","Metz"
"Dylan Ourega","Guingamp"
"Dylan Ourega","Westerlo"
"Lanroy Machine","Angers"
"Lanroy Machine","SC Heerenveen"
"Romelu Lukaku","Fenerbahçe"
"Romelu Lukaku","Napoli"
"Tete","Grêmio"
"Tete","Panathinaikos"
"Gabriel Batista","Botafogo"
"Gabriel Batista","Santa Clara"
"Ismail Jakobs","Galatasaray"
"Taylan Antalyalı","Rizespor"
"Dominic Thompson","Beveren"
"Dominic Thompson","Kilmarnock"
"Pape Meïssa Ba","Red Star FC"
"Pape Meïssa Ba","Widzew Łódź"
"Nicolas Kocik","Le Mans"
"Théo Guivarch","Clermont Foot"
"Keane Lewis-Potter","Brentford"
"Ephron Mason-Clarke","Coventry City"
"Dan Sweeney","AFC Wimbledon"
"Dan Sweeney","Stevenage"
"Abdurrahim Dursun","Gençlerbirligi"
"Thiago Silva","FC Porto"
"Thiago Silva","Fluminense"
"Moussa Diarra","Deportivo Alavés"
"Moussa Diarra","RSC Anderlecht"
"Asier Villalibre","Racing Santander"
"Jack Diamond","Stockport County"
"James Belshaw","Harrogate Town"
"James Belshaw","Notts County"
"Connor Hall","Port Vale"
"Diogo Costa","FC Porto"
"Bartosz Bialek","Darmstadt 98"
"Bartosz Bialek","Wieczysta Krakow"
"Nilton","Estrela Amadora"
"Nilton","Marítimo"
"Fidel Daniel Ambríz González","Monterrey"
"Mojmír Chytil","Slavia Praha"
"Geoffrey Kondo","Cercle Brugge"
"Geoffrey Kondo","Dunkerque"
"Jakub Kolar","Zlín"
"Evanilson","AFC Bournemouth"
"Marcos Felipe","Bahia"
"Marcos Felipe","Eyüpspor"
"Marcos Felipe","Çorum"
"Josko Gvardiol","Manchester City"
"Ricardo Azevedo","Étoile Carouge FC"
"Tom Ince","Tranmere Rovers"
"Tom Ince","Watford"
"Giuliano Galoppo","River Plate"
"Eric Ramírez","Huracán"
"Eric Ramírez","Unión"
"Samuel Gueulette","RAAL La Louvière"
"Kémo Cissé","Red Star FC"
"Gonzalo Crettaz","NEC"
"Josué Kongolo","KRC Genk"
"Nathan Aké","Fenerbahçe"
"Nathan Aké","Manchester City"
"Matej Radosta","Teplice"
"Ivan Nekic","Holstein Kiel"
"Emil Kornvig","Brann"
"Emil Kornvig","Widzew Łódź"
"Thom van Bergen","FC Groningen"
"Edgar González","CE Sabadell FC"
"Edgar González","FC Andorra"
"Kieran Trippier","Newcastle United"
"Kieran Trippier","Wolverhampton Wanderers"
"Ricky-Jade Jones","St. Pauli"
"Richard Taylor","Bolton Wanderers"
"Richard Taylor","Bromley"
"Ales Mandous","FK Pardubice"
"Ales Mandous","Mladá Boleslav"
"Okan Kocuk","Samsunspor"
"Lucas Rosa","Ajax"
"Luis Malagón","América"
"Franco Calderón","Universidad de Chile"
"Erencan Yardımcı","Eintracht Braunschweig"
"Erencan Yardımcı","Kaiserslautern"
"Danylo Sikan","RSC Anderlecht"
"Danylo Sikan","Trabzonspor"
"Demarai Gray","Birmingham City"
"Ben Cabango","Swansea City"
"Aleksey Sutormin","Fakel"
"Aleksey Sutormin","Krylya Sovetov"
"Israel Reyes","América"
"Luca Orellano","Monterrey"
"Gennaro Acampora","Ascoli Calcio"
"Gennaro Acampora","Delfino Pescara 1936"
"Ethan Galbraith","Stoke City"
"Ethan Galbraith","Swansea City"
"Ethan Laird","Birmingham City"
"Dylan Levitt","Hibernian"
"Dylan Levitt","Leyton Orient"
"Victor Mayela","Dunkerque"
"Ousmane Camara","CD Castellón"
"Lucas Da Cunha","Como"
"Timo Becker","Schalke 04"
"Benedikt Pichler","Hannover 96"
"Maxence Caqueret","Como"
"Umut Güneş","Istanbul Basaksehir"
"Abdoul Ouattara","Ipswich Town"
"Abdoul Ouattara","Strasbourg"
"Samir El Mourabet","Strasbourg"
"Kasey Palmer","Hull City"
"Kasey Palmer","Luton Town"
"Patric Pfeiffer","Darmstadt 98"
"Pablo Martínez","Levante UD"
"Pablo Martínez","Málaga"
"Marcus Rashford","Barcelona"
"Marcus Rashford","Manchester United"
"Roman Kvet","Bohemians 1905"
"Roman Kvet","Dender"
"Lorik Emini","Rapperswil-Jona"
"Shaquil Delos","Grenoble Foot"
"Shaquil Delos","RAAL La Louvière"
"Alan Marinelli","Slovácko"
"Rodrigo Villagra","CSKA Moscow"
"Rodrigo Villagra","Internacional"
"David Zima","Slavia Praha"
"Arbnor Muja","Samsunspor"
"Arbnor Muja","Sint-Truiden"
"Clément Vidal","Grenoble Foot"
"Melvin Bard","OGC Nice"
"Troy Parrott","AZ Alkmaar"
"Troy Parrott","Real Betis"
"Oliver Casey","Blackpool"
"Tyrone Mings","Aston Villa"
"Curtis Jones","Inter Milan"
"Curtis Jones","Liverpool"
"Georges Mikautadze","Lyon"
"Georges Mikautadze","Villarreal"
"Eric Bailly","Columbus Crew"
"Eric Bailly","Real Oviedo"
"Othmane Maamma","Watford"
"Luis Henrique","Inter Milan"
"Uğurcan Yazğılı","Konyaspor"
"Maarten Vandevoordt","RB Leipzig"
"Juan Portilla","Athletico Paranaense"
"Juan Portilla","Talleres de Córdoba"
"Marco Burch","Legia Warszawa"
"Marco Burch","Servette"
"Yassine Khalifi","Sporting Charleroi"
"Taylor Harwood-Bellis","Southampton"
"James Ward-Prowse","Burnley"
"James Ward-Prowse","Southampton"
"James Ward-Prowse","West Ham United"
"Tim Staubli","FC Wil 1900"
"Zack Nelson","AFC Wimbledon"
"Zack Nelson","Luton Town"
"Cédric Soares","São Paulo"
"Hugo Picard","Columbus Crew"
"Hugo Picard","Troyes"
"Ricardo Mangas","Monza"
"Ricardo Mangas","Spartak Moscow"
"Ricardo Mangas","Sporting CP"
"Patrick Wimmer","Hoffenheim"
"Patrick Wimmer","Wolfsburg"
"Nicolás Castro","Toluca"
"Taylor Perry","Exeter City"
"Taylor Perry","Shrewsbury Town"
"Scott Robertson","Notts County"
"Dmitri Skopintsev","Dinamo Moscow"
"Oli McBurnie","Hull City"
"Mustapha Isah","Kristiansund"
"Mustapha Isah","RAAL La Louvière"
"David de Gea","Fiorentina"
"Hector Kyprianou","Watford"
"Jan Thielmann","FC Köln"
"Jack Rudoni","Coventry City"
"Manu Sánchez","Levante UD"
"Ebrima Colley","BSC Young Boys"
"Ebrima Colley","Konyaspor"
"Yassin Oukili","Casa Pia AC"
"Yassin Oukili","Fortuna Sittard"
"Harry Maguire","Manchester United"
"Mourad El Ghezouani","Elche"
"Mourad El Ghezouani","Tijuana"
"Ivor Pandur","Hull City"
"Ivor Pandur","Rangers"
"Marc Guiu","Chelsea"
"Marc Guiu","Sunderland"
"Lasse Johnsen","Malmö FF"
"Lasse Johnsen","Sporting Kansas City"
"Miguel Ortega","Deportes Tolima"
"Miguel Ortega","Llaneros"
"Wilfred Ndidi","Beşiktaş"
"Dirk Proper","NEC"
"Dirk Proper","SC Heerenveen"
"Alexandros Kyziridis","Hearts"
"Alexandros Kyziridis","Çorum"
"Alexis Beka","FC Aarau"
"Alexis Beka","RAAL La Louvière"
"Josh Acheampong","Chelsea"
"Ransford Königsdörffer","FSV Mainz 05"
"Ransford Königsdörffer","Hamburger SV"
"Nicolò Rovella","Lazio"
"Louie Sibley","Bradford City"
"Louie Sibley","Oxford United"
"Marcel Wędrychowski","Katowice"
"Zaid Romero","Club Brugge"
"Zaid Romero","Getafe"
"Steve Cook","Queens Park Rangers"
"Steve Cook","Wycombe Wanderers"
"Max Crocombe","Millwall"
"Sontje Hansen","Gazişehir Gaziantep"
"Sontje Hansen","Middlesbrough"
"Lenny Agbaire","Rotherham United"
"Javier Cabrera","Peñarol"
"Olwethu Makhanya","Philadelphia Union"
"Olwethu Makhanya","Rangers"
"Connor Metcalfe","St. Pauli"
"Ryan Strain","Dundee United"
"Ryan Strain","Falkirk"
"Riley McGree","Middlesbrough"
"Sam Silvera","Middlesbrough"
"Sam Silvera","Milton Keynes Dons"
"Jack Whatmough","Huddersfield Town"
"Cammy Devlin","Hearts"
"Cammy Devlin","Rangers"
"Ben Waine","Port Vale"
"Tim Payne","Olimpia"
"Tim Payne","Wellington Phoenix"
"Francis Onyeka","Bochum"
"Francis Onyeka","SV 07 Elversberg"
"James Wilson","Cheltenham Town"
"John Koutroumbis","Motherwell"
"Naci Ünüvar","Heracles Almelo"
"Naci Ünüvar","Twente"
"Anastasios Douvikas","Como"
"Ed James","Exeter City"
"Diego","FK Krasnodar"
"Juan","Göztepe"
"Siad Gourville","RAAL La Louvière"
"Siad Gourville","US Boulogne"
"Tobías Reinhart","Reggiana"
"Tobías Reinhart","Universidad de Chile"
"Ruan","Atlético Mineiro"
"Ruan","São Paulo"
"Jacob Bedeau","Notts County"
"Dag­ur Dan Þór­halls­son","CF Montreal"
"Dag­ur Dan Þór­halls­son","San Diego FC"
"Zachary Sapsford","Dundee United"
"Ruel Sotiriou","Bristol Rovers"
"Ruel Sotiriou","Chesterfield"
"Tariq Lamptey","Fiorentina"
"Tariq Lamptey","Queens Park Rangers"
"Ross MacIver","Falkirk"
"Adam Idah","Celtic"
"Adam Idah","Swansea City"
"Matt O'Riley","Brighton & Hove Albion"
"Matt O'Riley","Olympique de Marseille"
"Miguel Atienza","Burgos"
"Miguel Atienza","Leganés"
"Soufian Gouram","Hertha Berlin"
"Apostolos Stamatelopoulos","Motherwell"
"Apostolos Stamatelopoulos","Sydney"
"Ryan Teague","Mechelen"
"Ryan Teague","Melbourne City"
"Valentin Rongier","Rennes"
"Michel Adopo","Cagliari"
"Germán Valera","Elche"
"Kacper Urbański","Górnik Zabrze"
"Kacper Urbański","Legia Warszawa"
"Cristian Gutiérrez","Cádiz"
"Cristian Gutiérrez","Las Palmas"
"Emmanuel Adegboyega","Rotherham United"
"Eder García","Athletic Club"
"Eder García","Córdoba CF"
"Lucien Dähler","Thun"
"Jake Richards","Luton Town"
"Pedro Milans","Corinthians"
"Pedro Milans","Peñarol"
"Álex Forés","Burgos"
"Álex Forés","Real Oviedo"
"Adrien Thomasson","Lens"
"Adrien Thomasson","Rennes"
"Tiago Parente","Estoril"
"Mikulas Konecny","FK Pardubice"
"Mikulas Konecny","Slavia Praha"
"Ivan Komarov","Rostov"
"Timothy Weah","Olympique de Marseille"
"Nathanael Blair","Central Coast Mariners"
"Nathanael Blair","Perth Glory"
"Miguel Vázquez","América"
"Iván Balliu","Rayo Vallecano"
"Mason Stajduhar","Las Vegas Lights"
"Mason Stajduhar","Real Salt Lake"
"Nemanja Matić","Sassuolo"
"Luke Shaw","Manchester United"
"Gerald Alders","Ajax"
"Gerald Alders","Telstar"
"Quentin Paris","FC Annecy"
"Quentin Paris","Stade de Reims"
"Abdoul Karim Traoré","OH Leuven"
"Filip Kocaba","Zagłębie Lubin"
"Alexis Sánchez","CF Montreal"
"Alexis Sánchez","Sevilla"
"Rhys Walters","Port Vale"
"Kaye Furo","Brentford"
"Kaye Furo","Club Brugge"
"Matty James","Wrexham"
"Antonio Spagnoli","Winterthur"
"Jake Girdwood-Reich","Auckland FC"
"Jake Girdwood-Reich","Motherwell"
"Patrick Kelly","Barnsley"
"Favour Fawunmi","Leyton Orient"
"Favour Fawunmi","Oldham Athletic"
"Favour Fawunmi","Stoke City"
"Divine Mukasa","Leicester City"
"Divine Mukasa","Manchester City"
"Divine Mukasa","West Ham United"
"Conor McGrandles","Lincoln City"
"Juan Pablo Goicochea","Defensor Sporting"
"Juan Pablo Goicochea","Juan Pablo II College"
"Kanayo Megwa","Hibernian"
"Daniil Shantaliy","Rostov"
"René Osmar Rodríguez Echeverria","Club 2 de Mayo"
"René Osmar Rodríguez Echeverria","Club Guaraní"
"Alexis Cantero","Club Sportivo Luqueño"
"Alexis Cantero","Orenburg"
"Check Keita","Sporting Charleroi"
"Ryan Ledson","Huddersfield Town"
"Tim Janisch","Nürnberg"
"Niklas Kolbe","Hertha Berlin"
"Bastien Donio","Górnik Zabrze"
"Robinio Vaz","AS Roma"
"Robinio Vaz","Olympique de Marseille"
"Aaron Loupalo-Bi","Fleetwood Town"
"Aaron Loupalo-Bi","Walsall"
"Callum Osmand","Celtic"
"Ra'ees Bangura-Williams","Cambridge United"
"Ra'ees Bangura-Williams","Millwall"
"Luka Jovanovic","Adelaide United"
"Luka Jovanovic","San Jose Earthquakes"
"George Campbell","West Bromwich Albion"
"Pascal Klemens","Hertha Berlin"
"Florian Haxha","Motor Lublin"
"Lukas Lerager","FC København"
"Lukas Lerager","Widzew Łódź"
"Hernani","Monza"
"Hernani","Palermo"
"Hernani","Parma Calcio 1913"
"Valmir Matoshi","Thun"
"Nikita Haikin","Bodø"
"Nikita Haikin","Glimt"
"Loïc Badé","Bayer Leverkusen"
"Saidy Janko","BSC Young Boys"
"Laurent Kissiedou","Charleston Battery"
"Laurent Kissiedou","FK Pardubice"
"Japhet Tanganga","Millwall"
"Japhet Tanganga","Sheffield United"
"Conor Coventry","Charlton Athletic"
"Tyreece John-Jules","Kilmarnock"
"Kees Smit","AZ Alkmaar"
"Rhian Brewster","Derby County"
"Josh March","Crewe Alexandra"
"Maxence Rivera","SC Heerenveen"
"Adam Phillips","Barnsley"
"Adam Phillips","Bradford City"
"Ben Chrisene","Norwich City"
"Pape Demba Diop","Nürnberg"
"Pape Demba Diop","Strasbourg"
"Pape Demba Diop","Toulouse"
"Joel John Randall","Blackpool"
"Joel John Randall","Bolton Wanderers"
"Mathias Kjölö","Twente"
"Jesús Rivas","Puebla"
"Jesús Rivas","Pumas UNAM"
"Andrea Fulignati","Cremonese"
"Andrea Fulignati","Empoli"
"Juande Rivas","Piast Gliwice"
"Tomas Koubek","Slovan Liberec"
"Leonardo Fernández","Peñarol"
"Adrien Hunou","Clermont Foot"
"Faris Moumbagna","Cremonese"
"Faris Moumbagna","Olympique de Marseille"
"Sidi Sané","Eintracht Braunschweig"
"Matteo Gabbia","AC Milan"
"Ramon Francesco Guzzo","FC Aarau"
"Lassana Coulibaly","Lecce"
"Elliot Watt","Motherwell"
"Elliot Watt","Samsunspor"
"Yusuf Barasi","Eyüpspor"
"Yusuf Barasi","Kasımpaşa"
"Óscar Clemente","Grasshopper"
"Terem Moffi","FC Porto"
"Terem Moffi","Hamburger SV"
"Terem Moffi","OGC Nice"
"Joe Rankin-Costello","Charlton Athletic"
"Giovanni Reyna","Borussia Mönchengladbach"
"Giovanni Reyna","Strasbourg"
"Jeremy Márquez","Cruz Azul"
"João Rêgo","Benfica"
"João Rêgo","Casa Pia AC"
"Alexis Gutiérrez","América"
"Francis Coquelin","Nantes"
"Francis Coquelin","Stade Lavallois"
"Jonathan Perlaza","Barcelona"
"Jonathan Perlaza","Querétaro"
"Grant-Leon Ranos","Borussia Mönchengladbach"
"Grant-Leon Ranos","Eintracht Braunschweig"
"Michael Estrada","LDU Quito"
"Tammy Abraham","Aston Villa"
"Tammy Abraham","Beşiktaş"
"Bryan Limbombe","Heracles Almelo"
"Bryan Limbombe","Marítimo"
"James Tilley","AFC Wimbledon"
"James Tilley","Wycombe Wanderers"
"Nikola Vlašić","Torino"
"Nathan Wood","Southampton"
"Giannis-Fivos Botos","FK Pardubice"
"Antoine Colassin","Sporting Charleroi"
"Jay Stansfield","Birmingham City"
"Yeray Cabanzón","FC Andorra"
"Yeray Cabanzón","Racing Santander"
"Yeray Cabanzón","Real Valladolid"
"Mariano Gómez","FC Zürich"
"Mariano Gómez","Ferencvaros"
"Djibril Sidibé","Le Mans"
"Djibril Sidibé","Toulouse"
"Álvaro Rojas","Cienciano"
"Álvaro Rojas","Juan Pablo II College"
"Zachary Athekame","AC Milan"
"Zachary Athekame","BSC Young Boys"
"Zachary Athekame","Lyon"
"Ademola Lookman","Atalanta"
"Ademola Lookman","Atlético Madrid"
"Mauricio Cuevas","LA Galaxy"
"Mauricio Cuevas","Santos Laguna"
"Jonathan Silva Pertinhes","Calcio Padova"
"Jonathan Silva Pertinhes","Mantova"
"Fernando Niño","Burgos"
"Fernando Niño","Elche"
"Homer Martínez","Deportes Tolima"
"Homer Martínez","Juárez"
"Alan Omerovic","Rapperswil-Jona"
"Marc Guehi","Crystal Palace"
"Marc Guehi","Manchester City"
"Andre Gray","Fatih Karagümrük"
"Andre Gray","Port Vale"
"Rıdvan Yılmaz","Beşiktaş"
"Emin Bayram","Istanbul Basaksehir"
"Emin Bayram","Westerlo"
"Catriel Cabellos","Sporting Cristal"
"Joël Schingtienne","Venezia"
"Salifou Soumah","Malmö FF"
"Salifou Soumah","RKS Radomiak Radom"
"Kevin Andrade","Baltika"
"Kevin Andrade","Zenit St. Petersburg"
"Rodrigo Ureña","Millonarios"
"Rodrigo Ureña","Universitario"
"Ashvin Balaruban","Thun"
"Julian Von Moos","Luzern"
"Julian Von Moos","Servette"
"Martín Rabuñal","Defensor Sporting"
"Martín Rabuñal","Liverpool"
"Chinwendu Johan Nkama","FC Stade Lausanne-Ouchy"
"Kilyan Jusseron-Veniere","FC Annecy"
"Nadir El Jamali","Saint-Étienne"
"Pau Cubarsí Paredes","Barcelona"
"Javi Castro","Cádiz"
"Javi Castro","Racing Santander"
"Allan Ackra","Clermont Foot"
"Zelimkhan Bakaev","Lokomotiv Moscow"
"Jorg Schreuders","FC Groningen"
"Ionuţ Nedelcearu","Akron"
"Jordan Gabriel","Port Vale"
"Carlos Alcaraz","Everton"
"Filip Stojilković","Cracovia Kraków"
"Filip Stojilković","Pisa"
"Charlie Reilly","Dundee"
"Vitinha","Paris Saint-Germain"
"Matt Phillips","Oxford United"
"Matt Phillips","Stevenage"
"Javi Rodríguez","Celta Vigo"
"Fer López","Celta Vigo"
"Fer López","Wolverhampton Wanderers"
"Jordan Pickford","Everton"
"Oisin McEntee","Hearts"
"Jay McGrath","Doncaster Rovers"
"Dominic Calvert-Lewin","Leeds United"
"Enzo Molebe","FC Lausanne Sport"
"Enzo Molebe","Lyon"
"Enzo Molebe","Montpellier"
"Idrissa Sabaly","Red Star FC"
"Idrissa Sabaly","Strasbourg"
"Aymane Mourid","Baltika"
"Zakaria Ztouti","Nancy"
"Diego Alende","FC Andorra"
"Mauricio Isais","Toluca"
"Ronaldo Cisneros","LD Alajuelense"
"Ronaldo Cisneros","Querétaro"
"Juan Requena","Deportivo Táchira"
"Juan Requena","Universitario"
"Juan Requena","Unión La Calera"
"Kiernan Dewsbury-Hall","Everton"
"Ranjan Neelakandan","FC Annecy"
"Ranjan Neelakandan","Yverdon Sport FC"
"Tom Dele-Bashiru","Gençlerbirligi"
"Tom Dele-Bashiru","Watford"
"Fredrik Hammar","Mechelen"
"Tommy Doyle","Birmingham City"
"Tommy Doyle","Wolverhampton Wanderers"
"Sam Field","Norwich City"
"Sam Field","Queens Park Rangers"
"Neco Williams","Nottingham Forest"
"Tyrese Fornah","Northampton Town"
"Cristian Neira","Alianza Lima"
"Cristian Neira","Atlético Grau"
"Abraham Odoh","Peterborough United"
"Abraham Odoh","Salford City"
"Giorgi Gocholeishvili","Cádiz"
"Giorgi Gocholeishvili","Hamburger SV"
"Ryan Croasdale","Port Vale"
"Neill Byrne","Bradford City"
"Neill Byrne","Doncaster Rovers"
"Robbie Gotts","Doncaster Rovers"
"Joseph Hungbo","Swindon Town"
"Joseph Hungbo","Wigan Athletic"
"Alejandro Francés","Girona"
"Sergio Cubero","Eibar"
"Pablo Vázquez","Sporting Gijón"
"Álex Corredera","Sporting Gijón"
"El Bilal Touré","Beşiktaş"
"El Bilal Touré","Parma Calcio 1913"
"Liam Cullen","Leicester City"
"Liam Cullen","Swansea City"
"Nick Woltemade","Newcastle United"
"Nick Woltemade","VfB Stuttgart"
"Kevin Rodríguez","Union Saint-Gilloise"
"Daniel Maldini","Atalanta"
"Daniel Maldini","Cagliari"
"Daniel Maldini","Lazio"
"Cheikh Sabaly","Metz"
"Cheikh Sabaly","Vancouver Whitecaps"
"Amin Nabizada","Watford"
"Matías Pérez","Cerro Porteño"
"Stephen Welsh","Celtic"
"Stephen Welsh","Motherwell"
"Stephen Welsh","Swansea City"
"Róbert Boženík","Stoke City"
"Manu Hernando","Racing Santander"
"Aboubaka Soumahoro","Hamburger SV"
"Aboubaka Soumahoro","Mallorca"
"Mohamadou Kante","West Ham United"
"Omar Sissoko","Paris FC"
"Omar Sissoko","Pau"
"Kevin Mac Allister","Union Saint-Gilloise"
"Luke Offord","Crewe Alexandra"
"Luke Offord","Milton Keynes Dons"
"Davinson Sánchez","Galatasaray"
"Finley Potter","Fleetwood Town"
"Jamie McGrath","Hibernian"
"Rassoul Ndiaye","Le Havre"
"Iván Barbero","FC Arouca"
"Leighton Clarkson","Aberdeen"
"Leighton Clarkson","Blackpool"
"Caoimhín Kelleher","Brentford"
"Ki-Jana Hoever","Sheffield United"
"Ki-Jana Hoever","Wolverhampton Wanderers"
"Adrián Balboa","Nizhny Novgorod"
"Adrián Balboa","Racing Club"
"Alejandro Ramos","ADT"
"Alejandro Ramos","Melgar"
"Gastón Ávila","Fortaleza"
"Gastón Ávila","Rosario Central"
"Granit Xhaka","Sunderland"
"José Fontán","FC Arouca"
"Aldo Corzo","Universitario"
"Pablo Míguez","FC Cajamarca"
"Pablo Míguez","Juan Pablo II College"
"Pathé Mboup","Pau"
"Pathé Mboup","Stade Brestois"
"Victor Camille Petit-Viretti","FC Aarau"
"Rio Cardines","Bristol City"
"Rio Cardines","Crystal Palace"
"Hindolo Mustapha","Notts County"
"Hindolo Mustapha","West Bromwich Albion"
"Ruben Loftus-Cheek","AC Milan"
"Dario Špikić","Rio Ave"
"Chris Wood","Nottingham Forest"
"Dan Kemp","Stevenage"
"Sandro Ramírez","Las Palmas"
"Thibaut Courtois","Real Madrid"
"Sead Kolasinac","Atalanta"
"Héctor Bellerín","Real Betis"
"Jamie Mccart","Hearts"
"Bryang Kayo","OH Leuven"
"Janio Pósito","Juan Pablo II College"
"Janio Pósito","Los Chankas"
"John Vega","ADT"
"John Vega","FC Cajamarca"
"Leandro Sosa","Sporting Cristal"
"Sebastian Bergier","Widzew Łódź"
"Thibault Rambaud","FC Annecy"
"Caolan Boyd-Munce","Wycombe Wanderers"
"Martín Távara","Sporting Cristal"
"Carlos Cabello","ADT"
"Carlos Cabello","Cienciano"
"Jesús Castillo","Universitario"
"Christofer Gonzales","Sporting Cristal"
"Matt Butcher","Salford City"
"Jorge Murrugarra","Universitario"
"Maximilian Beier","Borussia Dortmund"
"Clinton Mola","Bristol Rovers"
"Chris Willock","Cardiff City"
"Davide Buglio","Catanzaro"
"Davide Buglio","Juve Stabia"
"Alex Oxlade-Chamberlain","Celtic"
"Jairo Vélez","Alianza Lima"
"Jairo Vélez","Universitario"
"Yorleys Mena","Llaneros"
"Yorleys Mena","Sport Huancayo"
"Vitor Carvalho","Sporting Braga"
"Filip Szymczak","Lech Poznan"
"Filip Szymczak","Sporting Charleroi"
"Filip Szymczak","Zagłębie Lubin"
"Fran Tudor","Raków Częstochowa"
"Ali Maamar","RSC Anderlecht"
"Mohamed Salah","Liverpool"
"Mohamed Salah","Trabzonspor"
"Kacper Chodyna","Legia Warszawa"
"George McEachran","Chesterfield"
"George McEachran","Grimsby Town"
"Orges Bunjaku","FC Wil 1900"
"Owen Eames","Derby County"
"Xherdan Shaqiri","Basel"
"Jairo Concha","Universitario"
"Jordan Guivin","ADT"
"Jordan Guivin","Universitario"
"Neil Glossoa","Pau"
"Neil Glossoa","SK Artis Brno"
"Horacio Calcaterra","Universitario"
"Gianfranco Chávez","Alianza Lima"
"Gianfranco Chávez","Sporting Cristal"
"Yordi Vílchez","Comerciantes Unidos"
"Yordi Vílchez","FC Cajamarca"
"Joaquín González","Cádiz"
"Logan Dorsey","FC Tulsa"
"Logan Dorsey","Rhode Island"
"Nicolas Raskin","Rangers"
"Maxime López","Paris FC"
"Jokin Ezkieta","Cádiz"
"Jokin Ezkieta","Racing Santander"
"Lionel Mpasi-Nzau","Le Havre"
"Jhamir Adrián D´Arrigo Huanca","Alianza Lima"
"Jhamir Adrián D´Arrigo Huanca","Melgar"
"Orlando Núñez","ADT"
"Orlando Núñez","Deportivo Garcilaso"
"Jesús Castillo","Alianza Lima"
"Imad Rondić","Preußen Münster"
"Imad Rondić","Raków Częstochowa"
"Tristan Degreef","RSC Anderlecht"
"Edgar Elizalde","Defensor Sporting"
"Edgar Elizalde","Millonarios"
"Mohamed Toure","Norwich City"
"Luiz Gustavo","Athletico Paranaense"
"Luiz Gustavo","São Paulo"
"Ricardo Lagos","Alianza Lima"
"Ricardo Lagos","Cusco"
"Ricardo Lagos","FC Cajamarca"
"Harry Amass","Norwich City"
"Harry Amass","Sheffield Wednesday"
"Steven Rivadeneyra","Club Alianza Atlético Sullana"
"Steven Rivadeneyra","Sport Boys"
"Issa Kaboré","Wrexham"
"Cade Cowell","Guadalajara"
"Cade Cowell","New York Red Bulls"
"Maxi Araújo","Sporting CP"
"Jan Kliment","Sigma Olomouc"
"Lamin Jawo","FK Jablonec"
"Filip Zorvan","FK Jablonec"
"Pedro Delgado","Dalian Yingbo"
"Pedro Delgado","Shandong Taishan"
"Jesús Pretell","LDU Quito"
"Jesús Pretell","Sporting Cristal"
"Georgios Vagiannidis","Sporting CP"
"Ben Krauhaus","Bromley"
"Ben Krauhaus","Falkirk"
"Renzo Garcés","Alianza Lima"
"Adonis Frías","León"
"Adonis Frías","Santos"
"Alex Valera","Universitario"
"Luis Benites","ADT"
"Luis Benites","Atlético Grau"
"Tygo Land","FC Groningen"
"Tygo Land","PSV Eindhoven"
"Matej Pulkrab","Teplice"
"Christoph Klarer","Birmingham City"
"Anis Slimane","Norwich City"
"Karim Adeyemi","Barcelona"
"Karim Adeyemi","Borussia Dortmund"
"Maxim De Cuyper","Brighton & Hove Albion"
"Andri Baldursson","Kasımpaşa"
"Gedeon Guzina","Orenburg"
"Lilian Egloff","Karlsruher SC"
"Alan Soñora","Cerro Porteño"
"Alan Soñora","Newell's Old Boys"
"Adam Karabec","Lyon"
"Adam Karabec","Sparta Praha"
"Agustín Lagos","CA Platense"
"Agustín Lagos","Vélez Sarsfield"
"Samuel Ballet","Amed SK"
"Samuel Ballet","Antalyaspor"
"Christopher Lungoyi","Gazişehir Gaziantep"
"Christopher Lungoyi","Wieczysta Krakow"
"Trey Nyoni","Liverpool"
"Joseph Rafferty","Rotherham United"
"Milos Kopecny","Zlín"
"Ngal'ayel Mukau","Lille"
"Mohamed Diomandé","Rangers"
"Mohamed Diomandé","Çorum"
"Stanley Kanu","Zlín"
"Jonatan Galván","Central Córdoba SdE"
"Jonatan Galván","Instituto"
"Dion Sanderson","Derby County"
"Meschack Elia","Alanyaspor"
"Sebastián Cáceres","América"
"Filip Kubala","Baník Ostrava"
"Emanuele Zuelli","Calcio Padova"
"Emanuele Zuelli","Carrarese Calcio 1908"
"Pierre-Emile Højbjerg","Olympique de Marseille"
"Arnaud Kalimuendo","Eintracht Frankfurt"
"Arnaud Kalimuendo","Nottingham Forest"
"Yannik Keitel","Augsburg"
"Tanner Tessmann","Lyon"
"Youssouf Ndayishimiye","OGC Nice"
"Cristian Dájome","Inter Bogotá"
"Cristian Dájome","Santos Laguna"
"Arthur Atta","Fiorentina"
"Arthur Atta","Udinese"
"Nobel Mendy","Hull City"
"Nobel Mendy","Rayo Vallecano"
"Stephen McLaughlin","Mansfield Town"
"Oleksandr Zinchenko","Ajax"
"Oleksandr Zinchenko","Nottingham Forest"
"Matías Sepúlveda","Lanús"
"Matías Sepúlveda","Universidad de Chile"
"Augusto Batalla","Rayo Vallecano"
"Antonio Díaz","Universidad Concepción"
"Antonio Díaz","Universidad de Chile"
"Paddy Madden","Accrington Stanley"
"Paddy Madden","Chesterfield"
"Ariel Uribe","Audax Italiano"
"Ariel Uribe","Universidad Concepción"
"Théo Bouchlarhem","FC Stade Lausanne-Ouchy"
"Théo Bouchlarhem","Sion"
"Théo Bouchlarhem","Étoile Carouge FC"
"Eduard Bello","Atlético Nacional"
"Eduard Bello","Deportivo Cali"
"Ben Winterburn","AFC Bournemouth"
"Ben Winterburn","Barnet"
"Mohamed Belloumi","Hull City"
"Nahki Wells","Luton Town"
"Javier Altamirano","Universidad de Chile"
"Israel Poblete","Universidad de Chile"
"Ryan Fraser","Southampton"
"Ryan Fraser","Western Sydney Wanderers"
"Gabriel Jesús Castellón Velazquez","Universidad de Chile"
"Fernando de Paul","Colo Colo"
"Fernando Cornejo","LDU Quito"
"Pablo Lavandeira","Alianza Lima"
"Pablo Lavandeira","Atlético Grau"
"Pablo Lavandeira","FC Cajamarca"
"Andrés García","Aston Villa"
"Andrés García","Getafe"
"Carlos Rotondi","Cruz Azul"
"Matías Dituro","Elche"
"Benjamín Kuscevic","Fortaleza"
"Benjamín Kuscevic","Toronto FC"
"Ignacio Saavedra","Fk Rubin Kazan"
"Ignacio Saavedra","Sochi"
"Arthur Masuaku","Konyaspor"
"Arthur Masuaku","Lens"
"Arthur Masuaku","Sunderland"
"Matías Fernández","Colo Colo"
"Matías Fernández","Independiente del Valle"
"Deniz Ertaş","Konyaspor"
"Víctor Méndez","Colo Colo"
"Jaïro Riedewald","Sheffield United"
"Andrés Castrin","Sevilla"
"Fabián Hormazábal","Universidad de Chile"
"Gethin Jones","Milton Keynes Dons"
"Óscar Opazo","Colo Colo"
"Óscar Opazo","Everton"
"Brayan Cortés","Argentinos Juniors"
"Brayan Cortés","Colo Colo"
"Brayan Cortés","Peñarol"
"Manuel Lanzini","River Plate"
"Manuel Lanzini","Vélez Sarsfield"
"Tomás Alarcón Vergara","Colo Colo"
"Tom Atcheson","Blackburn Rovers"
"Bilal Bafdili","Mechelen"
"Nicolás Ramírez","Universidad de Chile"
"César Pinares","Audax Italiano"
"César Pinares","Deportes Limache"
"Aimé Omgba","Gent"
"Teddy Averlant","Amiens"
"Teddy Averlant","Guingamp"
"Théo Epailly","RAAL La Louvière"
"Théo Epailly","US Boulogne"
"Nicolás Guerra","Instituto"
"Nicolás Guerra","Universidad de Chile"
"Rayan Lutin","Amed SK"
"Rayan Lutin","Amiens"
"Jesús Ramírez","Nacional"
"Jesús Ramírez","Çorum"
"Marcos Rojo","Racing Club"
"Gonzalo Valle","LDU Quito"
"Michael Hoyos","Independiente del Valle"
"Michael Hoyos","Newell's Old Boys"
"Michael Hoyos","Sporting Cristal"
"Jonas Harder","Basel"
"Jonas Harder","Calcio Padova"
"Olivier Giroud","Lille"
"Reda Laalaoui","Westerlo"
"Pablo Sáenz","Granada"
"Pablo Sáenz","Real Oviedo"
"Jaze Kabia","Grimsby Town"
"Jaze Kabia","Leyton Orient"
"Joseph Olowu","Leyton Orient"
"Joseph Olowu","Stockport County"
"Ronan Hale","Gillingham"
"Lilian Raolisoa","Angers"
"Akin Odimayo","Crawley Town"
"Akin Odimayo","Newport County AFC"
"Eoin Toal","Bolton Wanderers"
"Antoine Joujou","Famalicão"
"Antoine Joujou","Nantes"
"Luis Amarilla","Cerro Porteño"
"Dominic Solanke","Tottenham Hotspur"
"Nicolás Díaz","Alianza Lima"
"Nicolás Díaz","Puebla"
"Lewis Cook","AFC Bournemouth"
"Aron Sasu","AFC Wimbledon"
"Youri Regeer","Ajax"
"Callum Wilson","Brentford"
"Callum Wilson","West Ham United"
"Ramón Juárez","América"
"Jordy Alcívar","Independiente del Valle"
"Florent Hadergjonaj","Alanyaspor"
"José Quintero","LDU Quito"
"Alex McCarthy","Leicester City"
"Alex McCarthy","Southampton"
"Scott McTominay","Napoli"
"Gabriel Suazo","Sevilla"
"Marino Illescas","AD Ceuta FC"
"Marino Illescas","Mirandés"
"Gonçalo Nogueira","Vitória Guimarães"
"Michael Obafemi","Blackpool"
"Michael Obafemi","Bochum"
"Antonio Imputato","Modena"
"Andrea Giorgini","Juve Stabia"
"Andrea Giorgini","Südtirol"
"Ronan Coughlan","Fleetwood Town"
"Sofiane Boufal","Le Havre"
"Sofiane Boufal","Union Saint-Gilloise"
"Manfred Ugalde","Spartak Moscow"
"Neil Farrugia","Barnsley"
"Neil Farrugia","Dundee United"
"Liam Scales","Celtic"
"Romelle Donovan","Brentford"
"Romelle Donovan","Sheffield United"
"Charlie Taylor","Derby County"
"Charlie Taylor","West Bromwich Albion"
"Rodrigo Mora","AS Roma"
"Rodrigo Mora","FC Porto"
"James Tarkowski","Everton"
"Andy Lyons","Blackpool"
"Jesús Trindade","Barcelona"
"Jesús Trindade","Peñarol"
"Giovanni González","FK Krasnodar"
"Giovanni González","River Plate"
"Crispin McLean","Fleetwood Town"
"Loris Karius","Schalke 04"
"Jay Robinson","Monza"
"Jay Robinson","Southampton"
"André Lacximicant","Estoril"
"Abdelhamid Sabiri","Eyüpspor"
"Abdelhamid Sabiri","Fiorentina"
"Alan Rodríguez","Internacional"
"Alan Rodríguez","Rosario Central"
"Joaquín Piquerez","Palmeiras"
"Luciano Boggio","Nacional"
"Iván Román","Atlético Mineiro"
"Iván Román","Colo Colo"
"Romain Matthys","CD Castellón"
"Emanuele Rao","Bari"
"Emanuele Rao","Pisa"
"Rafa Rodríguez","Málaga"
"Calixte Ligue","FC Zürich"
"Calixte Ligue","Mantova"
"Brajan Gruda","Brighton & Hove Albion"
"Brajan Gruda","RB Leipzig"
"Carlos Zambrano","Alianza Lima"
"Carlos Zambrano","Sport Boys"
"Shea Lacey","Manchester United"
"Irakli Yegoian","Excelsior"
"Brahim Díaz","Real Madrid"
"Romario Caicedo","Emelec"
"Romario Caicedo","Guayaquil City"
"Jakob Lemmer","Dynamo Dresden"
"Miguel Parrales","Barcelona"
"Miguel Parrales","Orense"
"Dixon Arroyo","Barcelona"
"Dixon Arroyo","Guayaquil City"
"Bryan Carabalí","Barcelona"
"Martín González","Boston River"
"Nicolás Rodríguez","Nacional"
"Matías Arezo","Peñarol"
"Gastón Olveira","Olimpia"
"Lucas Abascia","Central Córdoba SdE"
"Lucas Abascia","Querétaro"
"José Neris","Defensor Sporting"
"José Neris","Emelec"
"Alex Iwobi","Fulham"
"Gonzalo Montes","Torque"
"Gonzalo Montes","Universidad de Chile"
"Ignacio de Arruabarrena","Barcelona"
"Ignacio de Arruabarrena","FC Arouca"
"Cenk Tosun","Fenerbahçe"
"Cenk Tosun","Kasımpaşa"
"Samuel Ntamack","Amiens"
"Samuel Ntamack","Huesca"
"Samuel Ntamack","Piast Gliwice"
"Mauro Méndez","Banfield"
"Mauro Méndez","Estudiantes"
"Mauro Méndez","Tigre"
"Leonardo País","Albion"
"Leonardo País","Cerro"
"César Araújo","Tigres UANL"
"Semir Telalovic","Arminia Bielefeld"
"Semir Telalovic","Nürnberg"
"Matt Targett","Hull City"
"Matt Targett","Middlesbrough"
"Miguel Navarro","Colorado Rapids"
"Miguel Navarro","Talleres de Córdoba"
"Marcelino Núñez","Ipswich Town"
"Marcelino Núñez","Norwich City"
"Wilfried Singo","Galatasaray"
"Allan Wlk","Deportivo Recoleta"
"Allan Wlk","Lanús"
"Ariel Gamarra","Cerro Porteño"
"Ariel Gamarra","Puebla"
"César Olmedo","Olimpia"
"Alexis Fretes","Libertad"
"Andrew Robertson","Liverpool"
"Andrew Robertson","Tottenham Hotspur"
"Javier Burrai","CA Sarmiento"
"Javier Burrai","Millonarios"
"Javier Burrai","Talleres de Córdoba"
"Carlos Montaño","Barcelona"
"Carlos Montaño","Cusco"
"Gustavo Vallecilla","Barcelona"
"Iván Zambrano","LDU Quito"
"Iván Zambrano","Libertad"
"Williams Riveros","Universitario"
"Byron Castillo","Barcelona"
"Emmanuel Martínez","EC Vitória"
"Emmanuel Martínez","Fortaleza"
"Mario García","Racing Santander"
"Mario García","Widzew Łódź"
"Facu González","Racing Santander"
"Yeltzin Erique","Deportivo Cuenca"
"Yeltzin Erique","LDU Quito"
"Daniel de la Cruz","LDU Quito"
"Daniel de la Cruz","Nacional"
"Leonel Quiñónez","LDU Quito"
"Davide Zappacosta","Atalanta"
"Kevin Minda","LDU Quito"
"Kevin Minda","Melgar"
"Diego Armas","Orense"
"Diego Armas","Técnico Universitario"
"José Carabalí","LDU Quito"
"José Carabalí","Universitario"
"Pedro","Zenit St. Petersburg"
"Yahia Fofana","Rizespor"
"Adam Zadrazil","Hradec Králové"
"Marcel Čermák","Dukla Praha"
"Marcel Čermák","Teplice"
"Giacomo Quagliata","RC Deportivo La Coruña"
"Karol Struski","Raków Częstochowa"
"Trent Alexander-Arnold","Real Madrid"
"Santiago Quirós","CA Platense"
"Santiago Quirós","Racing Club"
"Jeffrey de Lange","Olympique de Marseille"
"Tomás Avilés","CF Montreal"
"Tomás Avilés","O'Higgins"
"Vasil Kušej","Slavia Praha"
"Vasil Kušej","Slovan Liberec"
"Samuel  Renel","Red Star FC"
"Thomas van den Belt","Twente"
"Julian Krahl","Kaiserslautern"
"Thiago Vecino","Nizhny Novgorod"
"Thiago Vecino","O'Higgins"
"Tom Slončík","Hradec Králové"
"Tom Slončík","Viktoria Plzen"
"Virgil van Dijk","Liverpool"
"Adrian Przyborek","Lazio"
"Adrian Przyborek","Pogoń Szczecin"
"Szczepan Mucha","Piast Gliwice"
"Gonzalo Aguirre","Alianza Lima"
"Gonzalo Aguirre","Cienciano"
"José Nicolás Amasifuen de Paz","Alianza Lima"
"José Nicolás Amasifuen de Paz","Deportivo Moquegua"
"Lisandro André Vásquez Pizarro","Los Chankas"
"Lisandro André Vásquez Pizarro","Sport Boys"
"Brian Ocampo","Coritiba Fbc"
"Brian Ocampo","Cádiz"
"Santiago Rodríguez","Botafogo"
"Luis Mejía","Nacional"
"Salomón Rodríguez","Colo Colo"
"Salomón Rodríguez","Torque"
"Sergio Rochet","Internacional"
"Santiago Solari","Racing Club"
"Emiliano Martínez","Palmeiras"
"Armando Méndez","Club Guaraní"
"Armando Méndez","Newell's Old Boys"
"Nicolás Rossi","CA Juventud"
"Nicolás Rossi","Club 2 de Mayo"
"Diego Barrera","Central Córdoba SdE"
"Facundo Castelli","Deportivo Garcilaso"
"Facundo Castelli","Mushuc Runa"
"Luuk Johannes Christianus Breedijk","FC Wil 1900"
"George Johnston","Bolton Wanderers"
"George Johnston","Luton Town"
"Mateu Morey","Mallorca"
"Emerson Pata","Independiente del Valle"
"Shawn Adewoye","Fortuna Sittard"
"Shawn Adewoye","Lommel"
"Yomar Rene Rocha Rodriguez","Akron"
"Yomar Rene Rocha Rodriguez","Bolívar"
"Christian Pastina","Calcio Padova"
"Manuel Roffo","Cerro Porteño"
"Manuel Roffo","Instituto"
"Marco Pompetti","Calcio Padova"
"Marco Pompetti","Catanzaro"
"Mauro Luna Diale","CA Platense"
"Mauro Luna Diale","Unión"
"Rodrigo Castillo","Fluminense"
"Rodrigo Castillo","Lanús"
"Felipe Sánchez","Santos Laguna"
"Felipe Sánchez","Schalke 04"
"Allahyar Sayyadmanesh","Lech Poznan"
"Allahyar Sayyadmanesh","Westerlo"
"Elia Caprile","Cagliari"
"Thiago Maia","Internacional"
"Ewan Hatfout","Le Mans"
"Joe Walsh","Queens Park Rangers"
"Joe Walsh","Wigan Athletic"
"John Tolkin","Holstein Kiel"
"Sebastian Berhalter","Middlesbrough"
"Sebastian Berhalter","Vancouver Whitecaps"
"Luiz Araujo","Flamengo"
"Moritz Nicolas","Borussia Mönchengladbach"
"Joe Scally","Borussia Mönchengladbach"
"Jayden Nelson","Austin FC"
"Jayden Nelson","Bolton Wanderers"
"Malick Thiaw","Newcastle United"
"Demba Thiam","Monza"
"Edoardo Corvi","Parma Calcio 1913"
"Paul Riveros","Club Guaraní"
"Paul Riveros","Club Sportivo Luqueño"
"Charlie Caton","Accrington Stanley"
"Stephan Ambrosius","Karlsruher SC"
"Stephan Ambrosius","St. Gallen"
"Mattia Viti","Fiorentina"
"Mattia Viti","Sampdoria"
"Marco Brescianini","Atalanta"
"Marco Brescianini","Fiorentina"
"Jorge Rodarte","Cruz Azul"
"Aleksa Terzic","Frosinone"
"Aleksa Terzic","Salzburg"
"Stefano Di Mario","Virtus Entella"
"Ian Lawlor","Crewe Alexandra"
"Ian Lawlor","Doncaster Rovers"
"Marius Gersbeck","Hertha Berlin"
"Armando Broja","Burnley"
"Jack Marriott","Reading"
"Ben Garrity","Port Vale"
"Filip Stankovic","Venezia"
"Aaron Wan-Bissaka","Aston Villa"
"Aaron Wan-Bissaka","West Ham United"
"Jorge Soto","América de Cali"
"Jorge Soto","Rionegro"
"Danny Andrew","Exeter City"
"Danny Andrew","Fleetwood Town"
"Danny Andrew","Stockport County"
"Maksym Taloverov","Stoke City"
"Will Aimson","Salford City"
"Will Aimson","Wigan Athletic"
"Lukas Ullrich","Borussia Mönchengladbach"
"Wladimiro Falcone","Lecce"
"Lucas Quintana","Cerro Porteño"
"Andrés Gudiño","Cruz Azul"
"Luis Cárdenas","Monterrey"
"David Stepanek","FK Jablonec"
"David Stepanek","Slovácko"
"Maximiliano Añasco","Cerro Largo"
"Maximiliano Añasco","Club Guaraní"
"Ivan Mesík","Charlton Athletic"
"Ivan Mesík","Heracles Almelo"
"Matyáš Vojta","Mladá Boleslav"
"Matyáš Vojta","Sparta Praha"
"Finn Dahmen","Augsburg"
"Vladimír Neuman","FK Pardubice"
"Vladimír Neuman","Karviná"
"Victor Lindelöf","Aston Villa"
"Iván Jaime","CF Montreal"
"Iván Jaime","Las Palmas"
"Paul Charpentier","Deportivo Recoleta"
"Paul Charpentier","Orense"
"Jersson González","Deportes Tolima"
"Jersson González","Orenburg"
"Leonardo Lopes","Gent"
"Thomas Galdames","Krylya Sovetov"
"Jakub Kałuziński","Antalyaspor"
"Jakub Kałuziński","Istanbul Basaksehir"
"Alexander Alvarado","LDU Quito"
"Carlos Cuero","Aucas"
"Carlos Cuero","Técnico Universitario"
"Damián Puebla","Orenburg"
"Fousseni Diabaté","Kasımpaşa"
"Jhon Espinoza","Independiente del Valle"
"Jhon Espinoza","Kasımpaşa"
"Santiago Fernández","Talleres de Córdoba"
"Pierre-Emerick Aubameyang","Olympique de Marseille"
"Pierre-Emerick Aubameyang","RC Deportivo La Coruña"
"Andrea Ghion","Empoli"
"Andrea Ghion","Sassuolo"
"Jonnathan Mina","Barcelona"
"Jonnathan Mina","Universidad Católica"
"Michal Kohút","Baník Ostrava"
"Connor O’Brien","Accrington Stanley"
"Kai Trewin","Melbourne City"
"Kai Trewin","New York City FC"
"Tidjany Touré","Gil Vicente"
"Sheriff Kassama","Bari"
"Sheriff Kassama","Juve Stabia"
"Ao Tanaka","Leeds United"
"Ryoya Morishita","Blackburn Rovers"
"Ryoya Morishita","Legia Warszawa"
"Shogo Taniguchi","Sint-Truiden"
"Hidemasa Morita","Hull City"
"Hidemasa Morita","Sporting CP"
"Santiago Mouriño","Villarreal"
"Tomás Verón Lupi","Grasshopper"
"Tomás Verón Lupi","Nacional"
"Anderson Arroyo","Burgos"
"Anderson Arroyo","Fk Rubin Kazan"
"Deivis Barone","Olimpia"
"Deivis Barone","Sportivo Trinidense"
"Raphael Lipinski","Rodez"
"Ryan Tafazolli","Swindon Town"
"Daiki Hashioka","Borussia Mönchengladbach"
"Daiki Hashioka","Gent"
"Daiki Hashioka","Slavia Praha"
"Zion Suzuki","Aston Villa"
"Zion Suzuki","Parma Calcio 1913"
"Elliot Bonds","Fleetwood Town"
"Elliot Bonds","Salford City"
"Bart Verbruggen","Brighton & Hove Albion"
"Dan Casey","Wycombe Wanderers"
"Alfie May","Doncaster Rovers"
"Alfie May","Huddersfield Town"
"Ciarán Kelly","Bradford City"
"Ciarán Kelly","Bristol Rovers"
"Tsuyoshi Watanabe","Feyenoord"
"Liam Mandeville","Chesterfield"
"Fodé Sylla","Lens"
"Fodé Sylla","Sion"
"Isaiah Jones","Luton Town"
"Mathys Tourraine","Clermont Foot"
"Mathys Tourraine","Pau"
"Mathys Tourraine","Rodez"
"Andrea Carboni","Monza"
"Federico Pereira","Toluca"
"Camilo Cándido","Atlético Nacional"
"Camilo Cándido","Nacional"
"Eddie Nketiah","Crystal Palace"
"Franco Romero","Peñarol"
"Franco Romero","Sporting Cristal"
"Franco Romero","Torque"
"Cole Campbell","Borussia Dortmund"
"Cole Campbell","Hoffenheim"
"Cole Campbell","SV 07 Elversberg"
"Rudi Molotnikov","Hibernian"
"Cheick Konaté","Clermont Foot"
"Monju Momuluh","Arminia Bielefeld"
"Pau Sans","Cracovia Kraków"
"Pau Sans","Real Zaragoza"
"Gift Orban","Amed SK"
"Gift Orban","Hellas Verona"
"Lucas Moura","São Paulo"
"Aldair Zárate","Atlético Bucaramanga"
"Martín Fernández","Albacete"
"Martín Fernández","Atlante"
"Ben Whiteman","Preston North End"
"Ben Whiteman","Wrexham"
"Luka Vušković","Brighton & Hove Albion"
"Luka Vušković","Hamburger SV"
"Leon Opitz","Karlsruher SC"
"Leon Opitz","Osnabrück"
"Idris Kanu","Barnet"
"Janis Lüthi","Neuchâtel Xamax"
"Janis Lüthi","Rapperswil-Jona"
"Rômulo","Tigres UANL"
"Ryan Edwards","Falkirk"
"Ryan Edwards","Sporting JAX"
"Vicente Pizarro","Colo Colo"
"Vicente Pizarro","Rosario Central"
"Gastón Martirena","Nacional"
"Gastón Martirena","Racing Club"
"Janner Corozo","Barcelona"
"Janner Corozo","LDU Quito"
"Konstantinos Karetsas","Borussia Dortmund"
"Konstantinos Karetsas","KRC Genk"
"Harlen Castillo","Atlético Nacional"
"Japa","Cruzeiro"
"Japa","Mirassol Futebol Clube"
"Guido Villar","Independiente del Valle"
"Jairo Molina","Boyacá Chicó"
"Jairo Molina","Club Alianza Atlético Sullana"
"Luis García","Toluca"
"Tyrese Noslin","Barnsley"
"Tyrese Noslin","Telstar"
"Elton Fikaj","Piast Gliwice"
"Mike Maignan","AC Milan"
"Ruben Aguilar","Lens"
"Maduka Okoye","Udinese"
"Filippo Reale","Carrarese Calcio 1908"
"Filippo Reale","Juve Stabia"
"Filippo Reale","US Avellino"
"Ellyes Skhiri","Eintracht Frankfurt"
"Ellyes Skhiri","FC Köln"
"José Rivera","Universitario"
"Antoni Sarcevic","Bradford City"
"Moisés Caicedo","Chelsea"
"Jhon Sánchez","Club Guaraní"
"Jhon Sánchez","Comerciantes Unidos"
"Angelo Preciado","Atlético Mineiro"
"Angelo Preciado","Sparta Praha"
"Joaquín Pereyra","ADT"
"Joaquín Pereyra","Danubio"
"Gustavo Del Prete","Atlas"
"Gustavo Del Prete","San Lorenzo de Almagro"
"Cristopher Fiermarín","Atlético Bucaramanga"
"Cristopher Fiermarín","Defensa y Justicia"
"Matías Cóccaro","Atlas"
"Matías Cóccaro","Newell's Old Boys"
"Ashley Maynard-Brewer","Dundee United"
"Ashley Maynard-Brewer","Gillingham"
"Josh Austerfield","Rotherham United"
"Josh Austerfield","Salford City"
"Richard Mina","LDU Quito"
"Shin Yamada","Celtic"
"Shin Yamada","OH Leuven"
"Shin Yamada","Preußen Münster"
"Kyogo Furuhashi","Birmingham City"
"Kyogo Furuhashi","LA Galaxy"
"Munashe Garananga","FC København"
"Munashe Garananga","Hibernian"
"Mateja Stjepanović","Moreirense"
"Djawal Kaïba","FC Wil 1900"
"Enol Rodríguez","Córdoba CF"
"Enol Rodríguez","Huesca"
"Koki Saito","Queens Park Rangers"
"Daisuke Yokota","Hannover 96"
"Daisuke Yokota","Rangers"
"Nathan Lowe","Hibernian"
"Nathan Lowe","Stockport County"
"Nathan Lowe","Wycombe Wanderers"
"Horacio Benincasa","ADT"
"Horacio Benincasa","Deportivo Garcilaso"
"Anthony Descotte","FC Volendam"
"Anthony Descotte","Fortuna Sittard"
"Anthony Descotte","Sporting Charleroi"
"Paskal Meyer","Motor Lublin"
"Jayden Sweeney","Grimsby Town"
"Luis Moisés Gómez Cuero","ADT"
"Luis Moisés Gómez Cuero","Emelec"
"Curtis Tilt","Bradford City"
"Curtis Tilt","Burton Albion"
"Ibrahim Osman","Auxerre"
"Ibrahim Osman","Birmingham City"
"Ibrahim Osman","Brighton & Hove Albion"
"Ollie Turton","Salford City"
"Gabriel Neves","Estudiantes"
"Richard Schunke","Independiente del Valle"
"Michael Carcelén","Aucas"
"Michael Carcelén","Querétaro"
"Tomoya Ando","St. Pauli"
"Jason Gnakpa","Yverdon Sport FC"
"Carlos Orejuela","Libertad"
"Carlos Orejuela","Mushuc Runa"
"Rodrigo Aguirre","América"
"Rodrigo Aguirre","Tigres UANL"
"Jessy Deminguet","Metz"
"Piero Hincapié","Arsenal"
"Piero Hincapié","Bayer Leverkusen"
"Kevin Paredes","FC Utrecht"
"Kevin Paredes","Wolfsburg"
"Keisuke Goto","Freiburg"
"Keisuke Goto","Sint-Truiden"
"Conner Antley","DC United"
"Conner Antley","Tampa Bay Rowdies"
"Ahmed Kendouci","Lugano"
"Pablo Erustes","Melgar"
"Pablo Erustes","Sport Boys"
"Bright Samuel","Birmingham City"
"Mileta Rajovic","Legia Warszawa"
"Hayden Carter","Blackburn Rovers"
"Luca Oyen","SC Heerenveen"
"Felipe Loyola","Pisa"
"Miguel Pernía","Carabobo"
"Miguel Pernía","Fortaleza CEIF"
"Miguel Pernía","Inter Bogotá"
"Lawrence Shankland","Hearts"
"Lawrence Shankland","Rangers"
"Jake Reeves","AFC Wimbledon"
"Jake Reeves","Barnet"
"Aleksandr Sobolev","Zenit St. Petersburg"
"Alessandro Seghetti","Calcio Padova"
"Merwan Ifnaoui","Troyes"
"Fabio Ruggeri","Carrarese Calcio 1908"
"Ezri Konsa","Arsenal"
"Ezri Konsa","Aston Villa"
"Khvicha Kvaratskhelia","Paris Saint-Germain"
"Jari De Busser","AZ Alkmaar"
"Jari De Busser","Go Ahead Eagles"
"Damion Downs","Hamburger SV"
"Damion Downs","Southampton"
"Alessandro Bellemo","Sampdoria"
"Alessandro Bellemo","Spezia"
"Duncan McGuire","Houston Dynamo"
"Duncan McGuire","Orlando City"
"Federico Ravaglia","Bologna"
"Federico Ravaglia","Watford"
"Trey Samuel-Ogunsuyi","Falkirk"
"Trey Samuel-Ogunsuyi","Shrewsbury Town"
"Charlie Goode","Milton Keynes Dons"
"Charlie Goode","Stevenage"
"Dani Cárdenas","Rayo Vallecano"
"Mitja Ilenič","New York City FC"
"Mitja Ilenič","Raków Częstochowa"
"Kryspin Szcześniak","Górnik Zabrze"
"Kryspin Szcześniak","RKS Radomiak Radom"
"Conor Chaplin","Ipswich Town"
"Conor Chaplin","Leicester City"
"Conor Chaplin","Portsmouth"
"Brandon Thomas-Asante","Coventry City"
"Ayase Ueda","Feyenoord"
"Michael Smith","Mansfield Town"
"Michael Smith","Preston North End"
"Lukas Mai","Lugano"
"Mats Rots","Hoffenheim"
"Mats Rots","Twente"
"Emeka Adeile","Burton Albion"
"Emeka Adeile","FC Utrecht"
"Jaurès Assoumou","Samsunspor"
"Jaurès Assoumou","Troyes"
"Alessandro Confente","Juve Stabia"
"Alessandro Confente","Pisa"
"Nathaniel Opoku","Newport County AFC"
"Nathaniel Opoku","Northampton Town"
"Gianluca Frabotta","Cesena"
"Simone Pontisso","Catanzaro"
"Simone Pontisso","Cremonese"
"Efkan Bekiroğlu","Göztepe"
"Denil Maldonado","Fk Rubin Kazan"
"Nicolò Buso","Catanzaro"
"Nicolò Buso","Mantova"
"Ramiz Zerrouki","Twente"
"Peter Kioso","Oxford United"
"Peter Kioso","Peterborough United"
"Tyler Goodrham","Oxford United"
"Lewie Coyle","Hull City"
"Dom Jefferies","Lincoln City"
"Murray Wallace","Huddersfield Town"
"Josh Ruffels","Shrewsbury Town"
"Ebenezer Akinsanmiro","Monza"
"Ebenezer Akinsanmiro","Pisa"
"Christian Akpan","KRC Genk"
"Kendry Páez","River Plate"
"Kendry Páez","Strasbourg"
"Ryan Sweeney","Mansfield Town"
"Ayumu Seko","Le Havre"
"Kieffer Moore","Wrexham"
"Tatsuhiro Sakamoto","Coventry City"
"Tomoki Iwata","Birmingham City"
"Brian Oyola","Aucas"
"Brian Oyola","Barcelona"
"Tom Nichols","Swindon Town"
"Younes Ebnoutalib","Eintracht Frankfurt"
"Younes Ebnoutalib","SV 07 Elversberg"
"Joe Aribo","Leicester City"
"Joe Aribo","Southampton"
"Anas Tajaouart","RAAL La Louvière"
"Anas Tajaouart","RSC Anderlecht"
"Joane Gadou","Borussia Dortmund"
"Joane Gadou","Salzburg"
"Senny Mayulu","Paris Saint-Germain"
"Makaya Diaby","Cercle Brugge"
"Jefferson Valverde","Delfin"
"Jefferson Valverde","Emelec"
"Stevan Raicevic","Rapperswil-Jona"
"Danila Kozlov","CSKA Moscow"
"Danila Kozlov","FK Krasnodar"
"Eric da Silva Moreira","Excelsior"
"Eric da Silva Moreira","Rio Ave"
"Max Marie","Eintracht Braunschweig"
"Samuel Kotto","Gent"
"Samuel Kotto","Stade de Reims"
"Matvey Kislyak","CSKA Moscow"
"Kirill Glebov","CSKA Moscow"
"Gerard Vandeplas","Antwerp"
"Alejandro Calvo","FC Andorra"
"Robin Mirisola","KRC Genk"
"Lucas Høgsberg","Strasbourg"
"Nahuel Herrera","Peñarol"
"Nikita Saltykov","Lokomotiv Moscow"
"Alex Tóth","AFC Bournemouth"
"Alex Tóth","Ferencvaros"
"Keegan Hughes","Birmingham Legion"
"Keegan Hughes","New England Revolution"
"Michał Gurgul","Lech Poznan"
"Thérence Koudou","Mechelen"
"Joaquín Mosqueira","Talleres de Córdoba"
"Joaquín Mosqueira","Tigre"
"Joaquín Mosqueira","Unión"
"Yuto Tsunashima","Antwerp"
"Juan Arizala","Udinese"
"Samir Mayo","Cúcuta Deportivo"
"Samir Mayo","Inter Bogotá"
"Connor Ronan","Aberdeen"
"Connor Ronan","Colorado Rapids"
"Enzo Fernandez","Chelsea"
"Fabricio Domínguez","Cerro Porteño"
"Federico Girotti","Alianza Lima"
"Federico Girotti","Talleres de Córdoba"
"Tola Showunmi","Crawley Town"
"Tola Showunmi","Louisville City"
"Alejandro Olazabal","FC Cajamarca"
"Alejandro Olazabal","Sporting Cristal"
"Ian Wisdom","Sporting Cristal"
"Mika Mármol","Feyenoord"
"Mika Mármol","Las Palmas"
"Matt Crooks","Hull City"
"Diogo Nascimento","Olympiacos"
"Diogo Nascimento","Rio Ave"
"Alexis Fariña","Cerro Porteño"
"Alexis Fariña","Club 2 de Mayo"
"Richard Torales","Club Guaraní"
"Richard Torales","Sportivo Ameliano"
"Marvin Park","Las Palmas"
"Benjamin Sesko","Manchester United"
"Sam Nombe","Milton Keynes Dons"
"Sam Nombe","Rotherham United"
"Alejandro Mestanza","Academico Viseu"
"Alejandro Mestanza","Getafe"
"Timur Suleymanov","Rostov"
"Enzo Bardeli","Dunkerque"
"Enzo Bardeli","Levante UD"
"Samy Morsy","Blackburn Rovers"
"Samy Morsy","Bristol City"
"Alessandro Siano","Cesena"
"Paulo Bernardo","Celtic"
"Paulo Bernardo","Górnik Zabrze"
"Yunus Musah","AC Milan"
"Yunus Musah","Atalanta"
"Milan Lexa","FK Pardubice"
"Milan Lexa","Slovan Liberec"
"Christian Burgess","Gent"
"Christian Burgess","Union Saint-Gilloise"
"Gonçalo Ramos","AC Milan"
"Gonçalo Ramos","Paris Saint-Germain"
"Adrià Altimira","RC Deportivo La Coruña"
"Adrià Altimira","Villarreal"
"Gora Diouf","Mechelen"
"Julien Lomboto","Rio Ave"
"Kaly Sene","BSC Young Boys"
"Kaly Sene","FC Lausanne Sport"
"Kaly Sene","Middlesbrough"
"Konstantinos Tzolakis","Hull City"
"Konstantinos Tzolakis","Olympiacos"
"Hugo González","Celta Vigo"
"Javier Mena","Deportivo Cali"
"Javier Mena","Deportivo Pereira"
"Julius Dirksen","Go Ahead Eagles"
"Gonzalo Requena","Krylya Sovetov"
"Gonzalo Requena","Tigre"
"Regan Poole","Portsmouth"
"Yvan Dimi","Amiens"
"Yvan Dimi","Górnik Zabrze"
"Klemen Mihelak","FK Jablonec"
"Tomás Esteves","Bari"
"Tomás Esteves","Pisa"
"Raphael Nwadike","Club Brugge"
"Raphael Nwadike","Eintracht Frankfurt"
"Festy Ebosele","Erzurumspor"
"Festy Ebosele","Istanbul Basaksehir"
"Will Vaulks","Oxford United"
"Will Vaulks","Tranmere Rovers"
"Eiran Cashin","Birmingham City"
"Eiran Cashin","Blackburn Rovers"
"Beckham Castro","Lugano"
"Beckham Castro","Millonarios"
"Imourane Hassane","Grasshopper"
"Callum Elder","Derby County"
"Callum Elder","Lincoln City"
"Nile John","Moreirense"
"Matthis Abline","AS Monaco"
"Matthis Abline","Nantes"
"Dennis Cirkin","Queens Park Rangers"
"Dennis Cirkin","Sunderland"
"Reece James","Rotherham United"
"Reece James","Sheffield Wednesday"
"Stavros Gavriel","Nacional"
"Stavros Gavriel","Zulte Waregem"
"Kylian Gasnier","Pau"
"Reeco Hackett","Lincoln City"
"Víctor Chust","Elche"
"Nicolò Fagioli","Fiorentina"
"Rogers Mato","Hearts"
"Sam Hoskins","Northampton Town"
"Tom Krauß","FC Köln"
"Noah Fatar","US Boulogne"
"Jordan Brown","Blackpool"
"Gonçalo Borges","Feyenoord"
"Pierre Kalulu","Juventus"
"Brandon Cambridge","Orange County SC"
"Brandon Cambridge","Sacramento Republic"
"Aaron Bibout","KRC Genk"
"Kal Naismith","Luton Town"
"Tiago Gouveia","Benfica"
"Tiago Gouveia","Gençlerbirligi"
"Tiago Gouveia","OGC Nice"
"Lasse Günther","SV 07 Elversberg"
"Uguchukwu Iwu","Fk Rubin Kazan"
"David Affengruber","Elche"
"Georgiy Sudakov","Benfica"
"Johnny Klein","Brooklyn FC"
"Johnny Klein","Monterey Bay"
"Eythor Björgolfsson","Motherwell"
"Clay Holstad","FC Dallas"
"Clay Holstad","Rhode Island"
"Kelliano","FK Akhmat Grozny"
"Facundo Ezequiel dos Santos","Boston River"
"Tuur Rommens","Rangers"
"Tuur Rommens","Westerlo"
"Kevin Csoboth","Gençlerbirligi"
"Kevin Csoboth","St. Gallen"
"Levi Colwill","Chelsea"
"Nico González","Manchester City"
"Nico González","Newcastle United"
"Cedric Teguia","AD Ceuta FC"
"Cedric Teguia","Moreirense"
"Rodrigo Pinheiro","Famalicão"
"Lewis Fiorini","Stockport County"
"Sinaly Diomandé","Auxerre"
"Shaun McWilliams","Cheltenham Town"
"Shaun McWilliams","Rotherham United"
"Antonín Kinský","Tottenham Hotspur"
"Johan Gómez","Eintracht Braunschweig"
"Sergio Arribas","Almería"
"Friedrich Müller","Dynamo Dresden"
"Christos Tzolis","Arsenal"
"Christos Tzolis","Club Brugge"
"Elias Saad","Augsburg"
"Elias Saad","Hannover 96"
"Elias Saad","Nashville SC"
"Caleb Okoli","Leicester City"
"Justin Kalumba","Angers"
"Justin Kalumba","Mallorca"
"Mario Soriano","RC Deportivo La Coruña"
"Lars Villiger","Luzern"
"Thierno Ballo","Millwall"
"Thierno Ballo","Saint-Étienne"
"Francho Serrano","Getafe"
"Francho Serrano","Real Zaragoza"
"Ilaix Moriba","Celta Vigo"
"Nick Powell","Bradford City"
"Mads Bidstrup","Lyon"
"Mads Bidstrup","Salzburg"
"Aral Simsir","FC Midtjylland"
"Aral Simsir","Trabzonspor"
"Bayley McCann","Doncaster Rovers"
"Nicolò Cambiaghi","Bologna"
"Harley Mills","Peterborough United"
"Agustin Quiroga","AA Estudiantes Río Cuarto"
"Agustin Quiroga","Central Córdoba SdE"
"Tobias Raschl","Dynamo Dresden"
"Tobias Raschl","Kaiserslautern"
"Tobias Raschl","Preußen Münster"
"Adrian Bernabe","Parma Calcio 1913"
"Ian Maatsen","Aston Villa"
"Reda Khadra","Le Havre"
"Reda Khadra","Stade de Reims"
"Filippo Ranocchia","Palermo"
"Immanuel Pherai","Hamburger SV"
"Immanuel Pherai","SV 07 Elversberg"
"Billy Koumetio","Charlton Athletic"
"Billy Koumetio","Dundee"
"Ian Poveda","Atlético Nacional"
"Ian Poveda","Inter Bogotá"
"Gavin Bazunu","Southampton"
"Gavin Bazunu","Stoke City"
"Pablo Gozalbez","FC Arouca"
"Pablo Ramón","Racing Santander"
"Georginio Rutter","Brighton & Hove Albion"
"Roman Yakuba","Zagłębie Lubin"
"Matisse Didden","FC Utrecht"
"Ibon Sanchez","Athletic Club"
"Ibon Sanchez","Cádiz"
"Eber Caicedo","Delfin"
"Eber Caicedo","Orense"
"Flavius Daniliuc","Basel"
"Lucas Romero","Juárez"
"Lucas Romero","Universidad de Chile"
"Junior Adamu","Celtic"
"Junior Adamu","Freiburg"
"Junior Adamu","Schalke 04"
"Lewis Bate","Stockport County"
"Tiago Brito","Estoril"
"Edimilson Fernandes","BSC Young Boys"
"Giuseppe Leone","Juve Stabia"
"Giuseppe Leone","Pisa"
"David Herold","Borussia Mönchengladbach"
"David Herold","Karlsruher SC"
"Harry Howell","Brighton & Hove Albion"
"Harry Howell","Leicester City"
"Nesta Elphege","Grenoble Foot"
"Nesta Elphege","Parma Calcio 1913"
"Eus Waayers","Go Ahead Eagles"
"Matěj Jurásek","Norwich City"
"Matěj Jurásek","Sparta Praha"
"Thiago Fernández","Levante UD"
"Thiago Fernández","Real Oviedo"
"Lamine Dabo","Delfino Pescara 1936"
"Lamine Dabo","Luton Town"
"Ahmed Kashi","FC Annecy"
"Álvaro Martín","CD Castellón"
"Álvaro Martín","FC Andorra"
"Dilan Markanday","Chesterfield"
"Wiktor Bogacz","Cracovia Kraków"
"Terry Yegbe","Lech Poznan"
"Terry Yegbe","Metz"
"Arnau Tenas","Mallorca"
"Arnau Tenas","Villarreal"
"Jack Payne","Colchester United"
"Bartol Franjić","Venezia"
"Xavi Simons","RB Leipzig"
"Xavi Simons","Tottenham Hotspur"
"Bright Arrey-Mbi","Sporting Braga"
"Bradley Fink","Dundee"
"Bradley Fink","Wycombe Wanderers"
"Luifer Hernández","Cúcuta Deportivo"
"Luifer Hernández","Puebla"
"Tim Schreiber","Dynamo Dresden"
"Ismael Saibari","Bayern Munich"
"Ismael Saibari","PSV Eindhoven"
"Ruben Alte","Sandefjord"
"Ruben Alte","Viking"
"Sondre Langås","Derby County"
"Owen Elding","Hibernian"
"Simone Zanon","Carrarese Calcio 1908"
"Simone Zanon","Pisa"
"Cláudio Soares","Hearts"
"Joe Newell","Hibernian"
"Andreas Helmersen","Bodø"
"Andreas Helmersen","Glimt"
"Jens Husebø","Start"
"Jens Husebø","Tromsø"
"Martin Hellan","Brann"
"Martin Hellan","Sandefjord"
"Lucas Bernadou","Grenoble Foot"
"Sondre Ørjasæter","Twente"
"Rasmus Holten","Brann"
"Rasmus Holten","Sandefjord"
"Aleksandr Sandrachuk","Dynamo Makhachkala"
"Nicholas Oyekunle","Leyton Orient"
"Nicholas Oyekunle","Southampton"
"Thomas Keybus","Westerlo"
"El Hadji Malick Diouf","West Ham United"
"Senne Lammens","Antwerp"
"Senne Lammens","Manchester United"
"Jesse Randall","Auckland FC"
"Jesse Randall","Dundee United"
"Lamine Camara","AS Monaco"
"Janderson","Göztepe"
"José Marsà","Mechelen"
"Kian Williams","Detroit City"
"Kian Williams","Indy Eleven"
"Vladimir Khubulov","Dynamo Makhachkala"
"Vladimir Khubulov","Krylya Sovetov"
"Semi Ajayi","Hull City"
"Carlos Dotor","Málaga"
"Marvin Cuni","Bari"
"Marvin Cuni","Sampdoria"
"Mauricio Willimann","Luzern"
"Mauricio Willimann","SC Kriens"
"Tamar Svetlin","Korona Kielce"
"Tamar Svetlin","Saint-Étienne"
"Pablo Rodríguez","Lech Poznan"
"Bartuğ Elmaz","Fatih Karagümrük"
"Bartuğ Elmaz","Fenerbahçe"
"Franco Tongya","Gençlerbirligi"
"Christopher Scott","Antwerp"
"Malik Tillman","Bayer Leverkusen"
"Malo Gusto","Chelsea"
"Max Power","Bradford City"
"Max Power","Wigan Athletic"
"Ar'jany Martha","Rotherham United"
"Maksim Mukhin","Rostov"
"Maksim Mukhin","Sochi"
"Lee Evans","Blackpool"
"Lee Evans","Bradford City"
"Lee Evans","Northampton Town"
"Pedro Alemañ","Granada"
"Jordi Martín","CD Eldense"
"Jordi Martín","Huesca"
"Georgios Koutsias","Famalicão"
"Georgios Koutsias","Lugano"
"Ben Knight","Cambridge United"
"Erick Pulga","Bahia"
"Tiago Araújo","Gent"
"José Antonio de la Rosa","Cádiz"
"Joao Ferreira","Saint-Étienne"
"Ernie Weaver","Sheffield Wednesday"
"Koni De Winter","AC Milan"
"Brandon Soppy","FC Lausanne Sport"
"Cielo Tschantret","Lexington SC"
"Cielo Tschantret","Sporting Kansas City"
"Danila Prokhin","Rostov"
"Louie Barry","Sheffield United"
"Louie Barry","Sheffield Wednesday"
"Louie Barry","Stockport County"
"Christian Rasmussen","Bochum"
"Christian Rasmussen","Fortuna Düsseldorf"
"Joe Johnson","Luton Town"
"Ramiro Matías Degregorio","Liverpool"
"Ramiro Matías Degregorio","Racing Club"
"Lukas Cerv","Viktoria Plzen"
"Eseosa Sule","St Mirren"
"Eseosa Sule","West Bromwich Albion"
"Morgan Rogers","Aston Villa"
"Morgan Rogers","Chelsea"
"Angelo Stiller","VfB Stuttgart"
"Fran Pérez","Rayo Vallecano"
"Kenny Nagera","Rodez"
"Manu Lama","Granada"
"Oscar Fraulo","Borussia Mönchengladbach"
"Oscar Fraulo","Derby County"
"Jacob Devaney","Hibernian"
"Jacob Devaney","St Mirren"
"Fisayo Dele-Bashiru","Lazio"
"Niccolò Squizzato","Delfino Pescara 1936"
"Niccolò Squizzato","Virtus Entella"
"Paris Maghoma","Norwich City"
"Afonso Sousa","Samsunspor"
"Nabili Touaizi","Alverca"
"Eoghan O'Connell","Barnsley"
"Eoghan O'Connell","Stockport County"
"Bashir Humphreys","Burnley"
"Naouirou Ahamada","Auxerre"
"Layton Stewart","AFC Wimbledon"
"Layton Stewart","Thun"
"Simon Ebonog","Le Havre"
"Olabade Aluko","Leicester City"
"Metehan Baltacı","Galatasaray"
"Metehan Baltacı","Gençlerbirligi"
"Amar Dedić","Benfica"
"Amar Dedić","Newcastle United"
"Santi García","Gil Vicente"
"Marcel Lotka","Energie Cottbus"
"Marcel Lotka","Fortuna Düsseldorf"
"Declan Rice","Arsenal"
"Jordi Escobar","AD Ceuta FC"
"Jordi Escobar","AVS"
"Jordi Escobar","Huesca"
"Marvin Akahomen","Basel"
"Marvin Akahomen","SC Kriens"
"George Nevett","Peterborough United"
"Leo Kokubo","Sint-Truiden"
"Maksim Petrov","Baltika"
"Javi Rueda","Celta Vigo"
"Archie Brown","Fenerbahçe"
"Liam Delap","Chelsea"
"Liam Delap","Nottingham Forest"
"Jakob Napoleon Romsaas","Sporting Charleroi"
"Reno Münz","Greuther Fürth"
"Reno Münz","Westerlo"
"Noah Adedeji-Sternberg","KRC Genk"
"Shio Fukuda","Karlsruher SC"
"Elijah Dijkstra","AZ Alkmaar"
"Bryan Okoh","Auxerre"
"Bryan Okoh","FC Lausanne Sport"
"Nicolas Seiwald","RB Leipzig"
"Cole Palmer","Chelsea"
"Konrad De La Fuente","AD Ceuta FC"
"Konrad De La Fuente","FC Lausanne Sport"
"Konrad De La Fuente","Sporting Gijón"
"Dominik Oroz","Krylya Sovetov"
"Duk","Atlas"
"Duk","Leganés"
"Freddie Willcox","Cheltenham Town"
"Luka Sučić","Real Sociedad"
"Fernando Medrano","Estoril"
"Fernando Medrano","Mirandés"
"Filip Thorvaldsen","Twente"
"Filip Thorvaldsen","Vålerenga"
"Myles Peart-Harris","Brentford"
"Myles Peart-Harris","Middlesbrough"
"Myles Peart-Harris","Oxford United"
"Jérémy Jacquet","Liverpool"
"Jérémy Jacquet","Rennes"
"Jack Stephens","Southampton"
"Guilain Davis Zrankeon","Étoile Carouge FC"
"Malick Mbaye","Metz"
"Malick Mbaye","Zulte Waregem"
"Papa Amadou Diallo","Norwich City"
"Nolan Galves","Rodez"
"Nolan Galves","West Bromwich Albion"
"Christ Makosso","Auxerre"
"Christ Makosso","Luton Town"
"Christ Makosso","Oxford United"
"Dominik Pech","BSC Young Boys"
"Samuel Marques","Grasshopper"
"Paul Scholl","Karlsruher SC"
"Javier Fernández","Nürnberg"
"Aleksey Mironov","Rostov"
"Mario Lemina","Galatasaray"
"Julián Bazán","Deportivo Pereira"
"Julián Bazán","New York Red Bulls"
"Timothée Pembélé","Le Havre"
"Renato Bellucci","Nacional"
"Renato Bellucci","Paris Saint-Germain"
"Harvey White","Plymouth Argyle"
"Harvey White","Stevenage"
"Kian Fitz-Jim","Ajax"
"Kian Fitz-Jim","Torino"
"Daniel Langhamer","Mladá Boleslav"
"Peque Fernández","Sevilla"
"Josh Laurent","Burnley"
"Antonio Blanco","Deportivo Alavés"
"Luca Bombino","San Diego FC"
"Luca Bombino","Stoke City"
"Marcos Peña","Famalicão"
"James Wilson","Hearts"
"Samuel Iling-Junior","Bolton Wanderers"
"Samuel Iling-Junior","Pisa"
"Samuel Iling-Junior","West Bromwich Albion"
"Henrique Araújo","Benfica"
"Henrique Araújo","Casa Pia AC"
"Kirill Shchetinin","FK Akhmat Grozny"
"Kirill Shchetinin","Rostov"
"Rayan","AFC Bournemouth"
"Alexandre Parsemain","Lugano"
"Alexandre Parsemain","Moreirense"
"Ilyas Azizi","Toulouse"
"Seny Koumbassa","Toulouse"
"Leon Avdullahu","Hoffenheim"
"Alexandr Buzek","Karviná"
"Alexandr Buzek","Slavia Praha"
"Alexandr Buzek","Slovan Liberec"
"David Luiz","Fortaleza"
"David Luiz","Pafos"
"Chafik El Hansar","Nancy"
"Patrik Dulay","Slovan Liberec"
"Tomás Araújo","Benfica"
"Kaïl Boudache","Lyon"
"Kaïl Boudache","OGC Nice"
"Rodrigo Guth","Fortuna Sittard"
"Rodrigo Guth","Talleres de Córdoba"
"Agustín Albarracín","Albacete"
"Agustín Albarracín","Cagliari"
"Matteo Ruggeri","Aston Villa"
"Matteo Ruggeri","Atlético Madrid"
"Danila Khotulev","Orenburg"
"Jordan Correia","Rodez"
"David Semenchuk","Rostov"
"Liam Henderson","Falkirk"
"Finn Yeats","Falkirk"
"Thibo Baeten","Go Ahead Eagles"
"Tidiam Gomis","RB Leipzig"
"Bastien Meupiyou","Alverca"
"Jesús Vázquez","Valencia"
"Mathis Lambourde","Reggiana"
"Mathis Lambourde","Servette"
"Yanis Issoufou","Montpellier"
"Jandro Orellana","Cádiz"
"Jandro Orellana","Estoril"
"Andreas Christensen","Barcelona"
"Liam Thompson","Derby County"
"Liam Thompson","Mansfield Town"
"Xavier Simons","Bolton Wanderers"
"Formose Mendy","Lorient"
"Formose Mendy","Watford"
"Miguel Baeza","Nacional"
"Aleksandr Silyanov","Lokomotiv Moscow"
"N'Golo Kanté","Fenerbahçe"
"Mathis Touho","Amiens"
"Mathis Touho","Rodez"
"Lorenzo Sgarbi","Delfino Pescara 1936"
"Lorenzo Sgarbi","US Avellino"
"Radu Drăgușin","Fiorentina"
"Radu Drăgușin","Tottenham Hotspur"
"Miguel Gutiérrez","Bayer Leverkusen"
"Miguel Gutiérrez","Napoli"
"Jan Reichert","Nürnberg"
"Geovany Quenda","Chelsea"
"Geovany Quenda","Sporting CP"
"Gil Martins","Gil Vicente"
"Diogo Sousa","Strasbourg"
"Diogo Sousa","Vitória Guimarães"
"Gonçalo Moreira","Benfica"
"Noah Streit","CF Montreal"
"Noah Streit","Neuchâtel Xamax"
"Roméo Beney","Famalicão"
"Sebastian Madejski","Cracovia Kraków"
"Francisco Conceição","Juventus"
"Jakub Surovcik","Sparta Praha"
"Nathan Fernandes","Botafogo"
"Luca Raimund","Fortuna Düsseldorf"
"Luca Raimund","Osnabrück"
"Conrad Harder","RB Leipzig"
"Conrad Harder","Sporting CP"
"Rúben Dantas Fernandes","Luzern"
"Henry Lawrence","Standard Liège"
"Ilya Vakhania","FK Krasnodar"
"Ilya Vakhania","Rostov"
"Noah Holm","Brann"
"Juanmi Latasa","Real Valladolid"
"Max Moerstedt","Hoffenheim"
"Almugera Kabar","Borussia Dortmund"
"Almugera Kabar","NEC"
"Charles Herrmann","Borussia Mönchengladbach"
"Charles Herrmann","Cercle Brugge"
"Taylan Bulut","Beşiktaş"
"Taylan Bulut","Schalke 04"
"Finn Jeltsch","VfB Stuttgart"
"Matteo Cichella","Frosinone"
"Marcos Alonso","Celta Vigo"
"Winsley Boteli","Sion"
"Corsin Konietzke","St. Gallen"
"Junior Zé","Basel"
"Junior Zé","Eintracht Braunschweig"
"Gentrit Muslija","FC Wil 1900"
"Cheveyo Tsawa","Club Brugge"
"Cheveyo Tsawa","FC Zürich"
"Rhodri Smith","BSC Young Boys"
"Rhodri Smith","Winterthur"
"Dies Janse","Ajax"
"Dies Janse","FC Groningen"
"Zépiqueno Redmond","FC Annecy"
"Zépiqueno Redmond","Huddersfield Town"
"Othniël Raterink","ADO Den Haag"
"Othniël Raterink","Cagliari"
"Dominik Szala","Górnik Zabrze"
"Dominik Szala","Śląsk Wrocław"
"Igor Orlikowski","Zagłębie Lubin"
"Romeo Akachukwu","Colchester United"
"Romeo Akachukwu","Southampton"
"Daniel Mikołajewski","Luzern"
"Daniel Mikołajewski","Parma Calcio 1913"
"Fábio Baldé","Hamburger SV"
"Fábio Baldé","Strasbourg"
"Trevis Dago","Stade Lavallois"
"Dan Agyei","Kocaelispor"
"Mattia Liberali","Catanzaro"
"Mattia Liberali","Como"
"Matteo Cocchi","Calcio Padova"
"Matteo Cocchi","Inter Milan"
"Jon Martín","Real Sociedad"
"Izan Merino","Málaga"
"Vittorio Magni","Cesena"
"Giacomo De Pieri","Ascoli Calcio"
"Giacomo De Pieri","Bari"
"Giacomo De Pieri","Juve Stabia"
"Mihajlo Cvetković","RSC Anderlecht"
"Matija Popović","CSKA Moscow"
"Luka Topalović","Carrarese Calcio 1908"
"Luka Topalović","Inter Milan"
"Abdukodir Khusanov","Manchester City"
"Abbosbek Fayzullaev","Istanbul Basaksehir"
"Riccardo Tonin","Delfino Pescara 1936"
"Riccardo Tonin","Südtirol"
"Lorenzo Colombo","Genoa"
"Emanuele Pecorino","Catanzaro"
"Emanuele Pecorino","Südtirol"
"Alex Daho","Dunkerque"
"Mamadou Diakhon","Club Brugge"
"Mamadou Diakhon","Stade de Reims"
"Francesco Ruocco","Mantova"
"Tomás Pérez","Defensa y Justicia"
"Tomás Pérez","Racing Club"
"Giacomo Olzer","Delfino Pescara 1936"
"Giacomo Olzer","Modena"
"Naoufel El Hannach","Montpellier"
"Ro Abajas","Hradec Králové"
"Ro Abajas","Huesca"
"Enzo Koffi","Le Havre"
"Noam Obougou","Le Havre"
"Noam Obougou","Nancy"
"Tochukwu Nnadi","Olympique de Marseille"
"Tochukwu Nnadi","Zulte Waregem"
"Umeh Emmanuel","FC Zürich"
"Salim Fago Lawal","Viktoria Plzen"
"Alessandro Romano","AS Roma"
"Alessandro Romano","Cagliari"
"Alessandro Romano","Spezia"
"Diego Mascardi","Spezia"
"Diego Mascardi","Torino"
"Elie N'Tamon","Stade de Reims"
"Souleymane Basse","Pau"
"Oumar Diouf","Sint-Truiden"
"Ebrima Singhateh","FK Jablonec"
"Ebrima Singhateh","Karviná"
"Ebrima Singhateh","Sparta Praha"
"Adama Bojang","Sporting Charleroi"
"Adama Bojang","Stade de Reims"
"Claudio Echeverri","Bayer Leverkusen"
"Claudio Echeverri","Girona"
"Mikel Jauregizar","Athletic Club"
"Sebastián Zaracho","Club Guaraní"
"Sebastián Zaracho","Rosario Central"
"Iñigo Arguibide","Osasuna"
"Alexsandro Amorim","Alverca"
"Alexsandro Amorim","Genoa"
"César Ramírez","Club 2 de Mayo"
"César Ramírez","Club Guaraní"
"Victor Céspedes","Club Guaraní"
"Victor Céspedes","San Lorenzo"
"Brian Cipenga","Almería"
"Brian Cipenga","CD Castellón"
"Miguel Graneros","Deportivo Garcilaso"
"Miguel Graneros","Deportivo Riestra"
"Aarón Anselmino","Borussia Dortmund"
"Aarón Anselmino","Strasbourg"
"Rob Hunt","Colchester United"
"Joël Mall","BSC Young Boys"
"Joël Mall","Servette"
"Marko Regza","Hradec Králové"
"Plamen Andreev","Lech Poznan"
"Plamen Andreev","Racing Santander"
"Jesé","Las Palmas"
"Dal Varešanović","Gençlerbirligi"
"Dal Varešanović","Rizespor"
"Viery","Fiorentina"
"Viery","Grêmio"
"Bruno Martins Indi","Sparta Rotterdam"
"Giorgi Guliashvili","Racing Santander"
"Mattia Compagnon","Hellas Verona"
"Mattia Compagnon","Venezia"
"Andreas Jungdal","Westerlo"
"Karol Velázquez","Cruz Azul"
"Eivind Helland","Bologna"
"Eivind Helland","Brann"
"Gabriel Moscardo","Espanyol"
"Gabriel Moscardo","Sporting Braga"
"Eric Klein","New England Revolution"
"Eric Klein","Rhode Island"
"Isak Brusberg","Raków Częstochowa"
"Alex Mowatt","Derby County"
"Alex Mowatt","West Bromwich Albion"
"Mateusz Kowalczyk","Katowice"
"Oliver Braude","SC Heerenveen"
"Eggert Guðmundsson","Brann"
"Assane Diao","Como"
"Benoný Andrésson","Stockport County"
"Gábor Szalai","Ferencvaros"
"Gábor Szalai","Marítimo"
"Patryk Peda","Palermo"
"Donervon Daniels","Oldham Athletic"
"Jacob Trenskow","SC Heerenveen"
"Karlan Grant","Charlton Athletic"
"Karlan Grant","West Bromwich Albion"
"César Bustos","Monterrey"
"Emmanuel Godwin","FK Pardubice"
"Sean Clare","Leyton Orient"
"Bogdan Jocic","Fk Rubin Kazan"
"Christian Pierobon","Juve Stabia"
"Lee Bonis","Chesterfield"
"Nicolò Bertola","Udinese"
"Iker Fimbres","Monterrey"
"Devante Cole","Luton Town"
"Devante Cole","Port Vale"
"Javi Martínez","CD Eldense"
"Javi Martínez","Eibar"
"Aimar Oroz","Osasuna"
"Patricio Salas","América"
"Sander Andrés Navarro de la Cruz","Boyacá Chicó"
"Sander Andrés Navarro de la Cruz","Central Español"
"Rion Ichihara","AZ Alkmaar"
"Evgeni Bolotov","Orenburg"
"Vladyslav Vanat","Girona"
"Arne Engels","Celtic"
"Arne Engels","West Ham United"
"Tyler Morton","Lyon"
"Castello Lukeba","RB Leipzig"
"Igor Dmitriev","Spartak Moscow"
"Mikhail Ryadno","Baltika"
"Abdoulaye Diaby","Grasshopper"
"Keano Vanrafelghem","Mechelen"
"Petr Juliš","Slovan Liberec"
"Tim Meyer","Grasshopper"
"Maksim Shnaptsev","Baltika"
"Maksim Shnaptsev","Nizhny Novgorod"
"Bernat Guiu","Virtus Entella"
"James Maxwell","Doncaster Rovers"
"James Maxwell","Northampton Town"
"Amar Memić","Viktoria Plzen"
"Lucky Ezeh","Karviná"
"Lucky Ezeh","Zbrojovka Brno"
"David Moses","Slavia Praha"
"Gustavo Charrupí","Atlético Bucaramanga"
"Gustavo Charrupí","Everton"
"Jeremy Sarmiento","Cremonese"
"Jeremy Sarmiento","Middlesbrough"
"Petar Sučić","Inter Milan"
"Bert Esselink","Dundee United"
"Olaf Kobacki","Sheffield Wednesday"
"Olaf Kobacki","Wisła Płock"
"Leonel Pérez","Grêmio"
"Leonel Pérez","Racing Club"
"Abdullahi Tanko","FK Pardubice"
"Matěj Náprstek","Teplice"
"Martin Kramarič","Krylya Sovetov"
"Martin Kramarič","Sochi"
"German Ignatov","Rostov"
"Marcel Pięczek","Korona Kielce"
"Maksim Saveljev","Orenburg"
"Sean Longstaff","Leeds United"
"Kaito Matsuzawa","Sint-Truiden"
"Marc Gutbub","Thun"
"Elias Louan Pasche","Yverdon Sport FC"
"Christian Gomis","Schalke 04"
"Christian Gomis","Winterthur"
"Tiago-Marti Escorza","Étoile Carouge FC"
"Tiemoko Ouattara","Servette"
"Tiemoko Ouattara","St. Gallen"
"Kevyn Monteiro","Moreirense"
"Jason Noslin","FK Pardubice"
"Emrecan Bulut","Rizespor"
"Enver Kulašin","Gazişehir Gaziantep"
"Shaun Whalley","Accrington Stanley"
"Fally Mayulu","Bristol City"
"Fally Mayulu","FC Arouca"
"Franjo Ivanović","Benfica"
"Franjo Ivanović","Lens"
"Nicolas Schmid","Portsmouth"
"Maciej Wojciechowski","Pogoń Szczecin"
"Amaury Morales","Cruz Azul"
"Patrick Nkoa","Eintracht Braunschweig"
"Patrick Nkoa","RAAL La Louvière"
"Laurin Curda","Paderborn"
"Mattes Hansen","Paderborn"
"Mariano Troilo","Parma Calcio 1913"
"Jeppe Erenbjerg","KRC Genk"
"Jeppe Erenbjerg","Zulte Waregem"
"Jakob Kiilerich","Zulte Waregem"
"Sergey Varatynov","Baltika"
"Jonathan Fischer","Metz"
"Salomón Rondón","Pachuca"
"Salomón Rondón","Real Oviedo"
"Ivann Strohbach","Étoile Carouge FC"
"Jakub Jakubko","Teplice"
"Zsombor Gruber","Ferencvaros"
"Zsombor Gruber","RAAL La Louvière"
"Lee Hyun-Ju","FC Arouca"
"Omar Beckles","Gillingham"
"Omar Beckles","Leyton Orient"
"Dorian Derbaci","FC Aarau"
"Dorian Derbaci","Thun"
"Connor Ripley","Swindon Town"
"Artúr Musák","Baník Ostrava"
"Terry Devlin","Portsmouth"
"Amine Cherni","Göztepe"
"Marius Courcoul","Angers"
"Marius Courcoul","RAAL La Louvière"
"Sidiki Cherif","Angers"
"Sidiki Cherif","Fenerbahçe"
"Adama Camara","Paris FC"
"Dmytro Bohdanov","Energie Cottbus"
"Dmytro Bohdanov","Union Berlin"
"Thibault Delphis","FC Annecy"
"Enrique Lofolomo","Zulte Waregem"
"Kurban Rasulov","Dinamo Moscow"
"Vasco Tritten","FC Stade Lausanne-Ouchy"
"Marwan Aubert","Stade Nyonnais"
"Rubén Pousa","Rapperswil-Jona"
"Ousseynou Sene","Étoile Carouge FC"
"Lukas Frenkert","Eintracht Braunschweig"
"Jano ter Horst","Paderborn"
"Jano ter Horst","Preußen Münster"
"Ime Okon","Hannover 96"
"Shandre Campbell","Club Brugge"
"Shandre Campbell","Kortrijk"
"Livan Burcu","Union Berlin"
"Jonah Sticker","Paderborn"
"Fabio Gruber","FSV Mainz 05"
"Fabio Gruber","Nürnberg"
"Aaron Keller","Greuther Fürth"
"Ryan Leonard","Millwall"
"Louis Oppie","St. Pauli"
"Connor Barrett","Walsall"
"Connor Barrett","Wigan Athletic"
"Tobias Guddal","Sparta Praha"
"Tobias Guddal","Tromsø"
"Djibril Soumaré","Sheffield United"
"Djibril Soumaré","Stoke City"
"Josh Stokes","Reading"
"Josh Stokes","Stockport County"
"Jordi Altena","Hearts"
"Mats Egbring","SC Heerenveen"
"Silvi Clúa","Almería"
"Silvi Clúa","Casa Pia AC"
"Silvi Clúa","Mirandés"
"Cyriaque Irié","Freiburg"
"Espen van Ee","FC Arouca"
"Espen van Ee","SC Heerenveen"
"Zac Scutt","Burton Albion"
"Iñaki González","Las Palmas"
"Juanma Herzog","Las Palmas"
"Mick Schmetgens","Werder Bremen"
"Mika Wallentowitz","Greuther Fürth"
"Mika Wallentowitz","Schalke 04"
"Sadibou Sané","AS Monaco"
"Sadibou Sané","Metz"
"Simon Bammens","FK Pardubice"
"Stefán Ingi Sigurdarson","Go Ahead Eagles"
"Erwin Koffi","Guingamp"
"Youness Lachhab","AD Ceuta FC"
"Youness Lachhab","Real Oviedo"
"Hélio Varela","Gent"
"Hélio Varela","Maccabi Tel Aviv"
"Jeremy Arévalo","Racing Santander"
"Jeremy Arévalo","VfB Stuttgart"
"Ander Madariaga","Eibar"
"Nick Fichtinger","PEC Zwolle"
"Ben Broggio","Falkirk"
"Ben Broggio","Stevenage"
"Javi Hernández","Espanyol"
"Javi Hernández","Mirandés"
"Ensar Kemaloğlu","Gençlerbirligi"
"Mathias De Amorim","Famalicão"
"Nikolai Skuseth","Kristiansund"
"Nikolai Skuseth","Sarpsborg 08"
"Benjamin Pauwels","Casa Pia AC"
"Benjamin Pauwels","FC Volendam"
"Benjamin Pauwels","Leganés"
"Maksim Kireev","Mechelen"
"Arthur Lallias","Grenoble Foot"
"Luke Graham","Dundee"
"Luke Graham","Stoke City"
"Bobby Pointon","Bradford City"
"Maranhão","Henan Songshan Longmen"
"Maranhão","Tondela"
"Levente Szabó","Eintracht Braunschweig"
"Levente Szabó","Zagłębie Lubin"
"Aljosa Vasic","Palermo"
"Aljosa Vasic","Südtirol"
"Samuel Yann Fankhauser","Stade Nyonnais"
"Samuel Yann Fankhauser","Étoile Carouge FC"
"Noa Mupemba","Stade Lavallois"
"Stiven Shpendi","Empoli"
"Giorgi Kvernadze","Frosinone"
"Kolja Oudenne","Hannover 96"
"Gjivai Zechiël","FC Utrecht"
"Gjivai Zechiël","Feyenoord"
"Tomáš Král","Mladá Boleslav"
"Tomáš Král","Slovácko"
"Silvio Merkaj","Südtirol"
"Antoniu Roca","Espanyol"
"Antoniu Roca","Mallorca"
"Patrick Ludwig Weber Taveira","FC Wil 1900"
"Patrick Ludwig Weber Taveira","Yverdon Sport FC"
"Stian Kristiansen","Lillestrøm"
"Stian Kristiansen","Sandefjord"
"Chris Nadje","Excelsior"
"Chris Nadje","Monterey Bay"
"Adriano Bertaccini","RSC Anderlecht"
"Adriano Bertaccini","Sint-Truiden"
"Ryan Merlen","Sint-Truiden"
"Pedro Carvalho","Estoril"
"Tommaso Biasci","US Avellino"
"Panos Katseris","Lorient"
"Tjaš Begić","Parma Calcio 1913"
"Tjaš Begić","Sampdoria"
"Jeremy Petris","Sporting Charleroi"
"Jeremy Petris","Watford"
"Dalangunypole Gomis","Cercle Brugge"
"Dalangunypole Gomis","Sochaux"
"Jhildrey Lasso","Alianza Valledupar"
"Jhildrey Lasso","Bellinzona"
"Mateus Lusuardi","Pisa"
"Mateus Lusuardi","Reggiana"
"Ibou Sané","Amiens"
"Ibou Sané","Metz"
"Tommaso Marras","Mantova"
"Tommaso Marras","Pisa"
"Abdellah Baallal","Clermont Foot"
"Rémi Himbert","Lyon"
"Chukwubuikem Ikwuemesi","OH Leuven"
"Jonah Kusi-Asare","Bayern Munich"
"Jonah Kusi-Asare","Fulham"
"Ayden Heaven","Manchester United"
"Mathis Jangéal","Famalicão"
"Mathis Jangéal","Paris Saint-Germain"
"Oumar Camara","Vitória Guimarães"
"Lorenzo Aguado","Albacete"
"Alessandro Arena","Arezzo"
"Alessandro Arena","Carrarese Calcio 1908"
"Sergio Rodelas","Granada"
"Álex Rubio","Albacete"
"Marc Domènech","FC Andorra"
"Marc Bernal","Barcelona"
"Declan Skura","Walsall"
"Declan Skura","Wycombe Wanderers"
"Hyeok-Kyu Kwon","Karlsruher SC"
"Hyeok-Kyu Kwon","Nantes"
"Mohamed Guindo","Clermont Foot"
"Mohamed Guindo","FC Aarau"
"Mohamed Guindo","RAAL La Louvière"
"Michel Mboula","Metz"
"Mika Haas","Kaiserslautern"
"Álex Calatrava","CD Castellón"
"Álex Calatrava","Espanyol"
"Unax Agote","Real Sociedad B"
"Ekain Orobengoa","Real Sociedad B"
"Arkaitz Mariezkurrena","Real Sociedad"
"Arkaitz Mariezkurrena","Real Sociedad B"
"Florian Wirtz","Liverpool"
"Manu Fernández","Celta Vigo"
"Manu Fernández","Cádiz"
"Mahamadou Diarra","FC Wil 1900"
"Pape Moussa Fall","Metz"
"Pape Moussa Fall","RAAL La Louvière"
"Pape Sy","Metz"
"Otto Stange","Hamburger SV"
"Otto Stange","SV 07 Elversberg"
"Dean Henderson","Crystal Palace"
"Karim Coulibaly","Strasbourg"
"Karim Coulibaly","Werder Bremen"
"Lazar Samardžić","Atalanta"
"Jesse Derry","Chelsea"
"Jesse Derry","Sporting CP"
"Mikel Rodríguez","Deportivo Alavés"
"Mikel Rodríguez","Real Sociedad B"
"Job Nguono","Real Sociedad"
"Job Nguono","Real Sociedad B"
"Alex Gilbey","Milton Keynes Dons"
"Corentin Roubiou","Rodez"
"Lucca Brughmans","KRC Genk"
"Ege Yıldırım","Göztepe"
"Fabio Rispoli","Catanzaro"
"Fabio Rispoli","Südtirol"
"Ben Godfrey","Rangers"
"Ben Godfrey","Sheffield United"
"Omar Marmoush","Manchester City"
"Omar Marmoush","Tottenham Hotspur"
"Kasper Boogaard","AZ Alkmaar"
"Kasper Boogaard","Willem II"
"Štěpán Harazim","Hradec Králové"
"Štěpán Harazim","SK Artis Brno"
"Antonio Cordero","Cádiz"
"Antonio Cordero","Westerlo"
"Ladislav Krobot","Bohemians 1905"
"Ladislav Krobot","FK Pardubice"
"Vojtech Stransky","Slovan Liberec"
"Vaclav Drchal","Bohemians 1905"
"Vaclav Drchal","FK Pardubice"
"Chrisantus Ugonna","Crystal Palace"
"Chrisantus Ugonna","Getafe"
"Islam Chesnokov","Hearts"
"Islam Chesnokov","Krylya Sovetov"
"Niccolò Fortini","Fiorentina"
"Niccolò Fortini","Torino"
"Riccardo Braschi","Fiorentina"
"Riccardo Braschi","Thun"
"Mikayil Faye","Cremonese"
"Mikayil Faye","Rennes"
"Andrias Edmundsson","Hellas Verona"
"Andrias Edmundsson","Wisła Płock"
"Mads Hermansen","West Ham United"
"Kai Jennings","AFC Wimbledon"
"Kai Jennings","Crawley Town"
"Luken Beitia","Real Sociedad"
"Luken Beitia","Real Sociedad B"
"Michael Steinwender","Bochum"
"Michael Steinwender","Hearts"
"Aiman Dardari","Augsburg"
"Aiman Dardari","Greuther Fürth"
"Andrew Hughes","Preston North End"
"Tijs Velthuis","PEC Zwolle"
"Tijs Velthuis","Sparta Rotterdam"
"Scott Arfield","Falkirk"
"Scott Arfield","Livingston"
"Idrissa Gueye","Metz"
"Idrissa Gueye","Udinese"
"Lorran","Flamengo"
"Lorran","Pisa"
"Valentín Fascendini","Talleres de Córdoba"
"Valentín Fascendini","Unión"
"Daniel Marecek","Mladá Boleslav"
"Daniel Marecek","Teplice"
"Aboubacar Traoré","Baník Ostrava"
"Aboubacar Traoré","Karviná"
"Amadou Dante","FC Arouca"
"Amadou Dante","Zbrojovka Brno"
"Simone Lottici Tessadri","Cremonese"
"Dachi Lordkipanidze","Carrarese Calcio 1908"
"Dachi Lordkipanidze","Cremonese"
"Raphael Sallinger","Hibernian"
"Joe Lumley","Sheffield Wednesday"
"Eduardo Quaresma","Sporting CP"
"Matheus Nunes","Manchester City"
"Tjark Scheller","Paderborn"
"Kike Pérez","Venezia"
"Mamadou Diallo","Étoile Carouge FC"
"Aurélien Chappuis","Yverdon Sport FC"
"Bruno Caslei","Étoile Carouge FC"
"Jastin Garcia","FC Andorra"
"Jastin Garcia","Girona"
"Dantaye Gilbert","Baník Ostrava"
"Dantaye Gilbert","Dukla Praha"
"Lutfi Dalipi","FC Wil 1900"
"Lutfi Dalipi","Vaduz"
"Jarell Quansah","Bayer Leverkusen"
"Samuel Soares","Benfica"
"Chuki","Real Valladolid"
"Chuki","Werder Bremen"
"Evertton Araújo","Flamengo"
"Oscar Naasei","Granada"
"Wouter Prins","FC Groningen"
"Nicolas Verkooijen","Darmstadt 98"
"Nicolas Verkooijen","PSV Eindhoven"
"Márton Dárdai","Hertha Berlin"
"Marco Rente","FC Groningen"
"Abdoulaye Faye","Celta Vigo"
"Abdoulaye Faye","Lorient"
"Ivan Brnic","Istanbul Basaksehir"
"Jay Fulton","Swansea City"
"Rodrigo Rêgo","Benfica"
"Rodrigo Rêgo","CD Castellón"
"Paul Michael Junior Okon-Engstler","FC Köln"
"Paul Michael Junior Okon-Engstler","Sydney"
"Patrice Čović","Werder Bremen"
"Aymen Sliti","Excelsior"
"Aymen Sliti","Feyenoord"
"Jan Plug","Excelsior"
"Jan Plug","Feyenoord"
"Thijs Kraaijeveld","Feyenoord"
"Clement Bischoff","NEC"
"Clement Bischoff","Salzburg"
"Kahveh Zahiroleslam","Cracovia Kraków"
"Noah Donkor","Troyes"
"Luca Netz","Borussia Mönchengladbach"
"Luca Netz","Nottingham Forest"
"Seol Young-Woo","Augsburg"
"Seol Young-Woo","FK Crvena Zvezda"
"Julian Justvan","Nürnberg"
"Andrés Cejudo","Sporting Gijón"
"Xavi Espart","Barcelona"
"Eran Tuypens","Antwerp"
"Semm Renders","Antwerp"
"Nolhan Courtens","SC Heerenveen"
"Jeff Godelaine","Antwerp"
"Matthew Grimes","Coventry City"
"Jakob Breum","Go Ahead Eagles"
"Jakob Breum","Saint-Étienne"
"Gabriel Otegbayo","Sheffield Wednesday"
"Ben Lederman","Maccabi Tel Aviv"
"Ben Lederman","Wieczysta Krakow"
"Marco Essimi","Alverca"
"Marco Essimi","Dunkerque"
"Joseph Kalulu","Angers"
"Joseph Kalulu","Pau"
"Alejandro Gomes Rodríguez","FC Annecy"
"Alejandro Gomes Rodríguez","Lyon"
"Albert Grønbæk","Genoa"
"Albert Grønbæk","Hamburger SV"
"Kealey Adamson","Queens Park Rangers"
"Eyüp Aydın","Kasımpaşa"
"Eyüp Aydın","Samsunspor"
"Don-Angelo Konadu","Ajax"
"Don-Angelo Konadu","Lommel"
"Nick Verschuren","FC Volendam"
"Nick Verschuren","Sparta Rotterdam"
"Alexis Vossah","Toulouse"
"Everton","OGC Nice"
"Ayyoub Bouaddi","Lille"
"Ayyoub Bouaddi","Manchester City"
"Axel Drouhin","FC Annecy"
"João Mário","Bologna"
"João Mário","Fiorentina"
"João Mário","Juventus"
"Harry Gray","Rotherham United"
"Harry Gray","Sheffield Wednesday"
"Josh King","Fulham"
"Matias Antonini","Catanzaro"
"Valentin Cojocaru","Pogoń Szczecin"
"Matteo Palma","Sampdoria"
"Matteo Palma","Udinese"
"Noah Fernandez","PSV Eindhoven"
"Luca Zanimacchia","Calcio Padova"
"Luca Zanimacchia","Modena"
"Marcel Monsberger","Vaduz"
"Bahmed Deuff","Nantes"
"Herba Guirassy","Nantes"
"Dehmaine Tabibou","Nantes"
"Diockoumalang Gomes","Le Mans"
"Diockoumalang Gomes","Nantes"
"Louis Leroux","Nantes"
"Drissa Camara","Gazişehir Gaziantep"
"Madiodio Dia","Portsmouth"
"Diego Bri","Córdoba CF"
"Marcus Tavernier","AFC Bournemouth"
"Álex Baena","Atlético Madrid"
"Jacobo González","Córdoba CF"
"Jacobo González","Real Oviedo"
"Javi López","Feyenoord"
"Javi López","Real Oviedo"
"Clau Mendes","Casa Pia AC"
"Pau Victor","Sporting Braga"
"Adam Armstrong","Southampton"
"Adam Armstrong","Wolverhampton Wanderers"
"Edoardo Motta","Lazio"
"Edoardo Motta","Reggiana"
"Rilind Nivokazi","Sion"
"Sullay Kaikai","Cambridge United"
"Gaspar Campos","Sporting Gijón"
"Anthony Bermont","Angers"
"Anthony Bermont","Lens"
"Yuri Casermeiro","Central Córdoba SdE"
"Kyle Dempsey","Bolton Wanderers"
"Kyle Dempsey","Port Vale"
"Aaron Bouwman","Ajax"
"Sean Steur","Ajax"
"Sean Steur","Newcastle United"
"Lukáš Penxa","Dukla Praha"
"Lukáš Penxa","FK Jablonec"
"Lukáš Penxa","Zbrojovka Brno"
"Baba Diocou","Granada"
"Baba Diocou","Tenerife"
"Jacob Ondrejka","FC Groningen"
"Jacob Ondrejka","Parma Calcio 1913"
"Mathias Dyngeland","Brann"
"Divine Teah","FK Pardubice"
"Divine Teah","Slavia Praha"
"Wes Burns","Ipswich Town"
"Wes Burns","Leicester City"
"Giorgi Kochorashvili","Sevilla"
"Giorgi Kochorashvili","Sporting CP"
"Ángel Baena","Widzew Łódź"
"Damian Kelvin","Lugano"
"Aleksa Đurasović","Akron"
"Josh Tymon","Swansea City"
"Fernando","Santa Clara"
"Marc Bola","Watford"
"Elydjah Mendy","Nancy"
"Joseph Ceesay","Empoli"
"Casper Widell","Excelsior"
"Marvin Young","Sparta Rotterdam"
"Ayoub Oufkir","AZ Alkmaar"
"Ayoub Oufkir","Sparta Rotterdam"
"Ayoni Santos","Sparta Rotterdam"
"Nikola Stulic","Lecce"
"Nikola Stulic","Sporting Charleroi"
"Chris Richards","Crystal Palace"
"Mahamadou Nagida","Rennes"
"Luka Romero","Cruz Azul"
"David Raya","Arsenal"
"Amari'i Bell","Charlton Athletic"
"César Garza","Dundee"
"César Garza","Pumas UNAM"
"Egil Selvik","Stade Brestois"
"Egil Selvik","Watford"
"Leon Frokaj","FC Aarau"
"Leon Frokaj","St. Gallen"
"Cyrill Emch","Rapperswil-Jona"
"Cobel Sow Garcia","FC Stade Lausanne-Ouchy"
"Cobel Sow Garcia","Rapperswil-Jona"
"Daniel Bennie","Dundee United"
"Daniel Bennie","Queens Park Rangers"
"Clayton Taylor","Barnsley"
"Clayton Taylor","Newcastle Jets"
"Jordan Gibson","Crewe Alexandra"
"Jordan Gibson","Doncaster Rovers"
"Alfons Sampsted","Birmingham City"
"Alfons Sampsted","Go Ahead Eagles"
"Sondre Brunstad Fet","Bodø"
"Sondre Brunstad Fet","Glimt"
"Sondre Auklend","Bodø"
"Sondre Auklend","Glimt"
"Sebastian Tounekti","Celtic"
"Loïc Lüthi","Luzern"
"Loïc Lüthi","Winterthur"
"Oscar Priestman","Motherwell"
"Leon Schaffran","Vaduz"
"Craig MacGillivray","Milton Keynes Dons"
"Niklas Castro","Brann"
"Markus Karlsbakk","Lillestrøm"
"Markus Karlsbakk","Çorum"
"Joachim Soltvedt","Brann"
"Kjetil Haug","Go Ahead Eagles"
"Kjetil Haug","Toulouse"
"Jamie Walker","Grimsby Town"
"Prince Adu","Viktoria Plzen"
"Eman Marković","Katowice"
"Afeez Aremu","Aberdeen"
"Afeez Aremu","Kaiserslautern"
"Ryan Delaney","Newport County AFC"
"Ryan Delaney","Oldham Athletic"
"Ryan Delaney","Swindon Town"
"Jesper Daland","Cardiff City"
"Jesper Daland","Fortuna Düsseldorf"
"Jesper Daland","Viking"
"Tom Strannegard","Start"
"Tom Strannegard","Thun"
"Naïs Djouahra","FC Arouca"
"Julen Lobete","Málaga"
"Joelson Fernandes","Gil Vicente"
"Ruud Nijstad","Twente"
"Sebastian Nanasi","Strasbourg"
"Zak Vyner","Bristol City"
"Zak Vyner","Wrexham"
"Christian","Cruzeiro"
"Christian","FK Krasnodar"
"Zé Ivaldo","Clube do Remo"
"Zé Ivaldo","Santos"
"Hans Bernat","Karlsruher SC"
"Ryan Stirk","Chesterfield"
"Wagner Pina","Trabzonspor"
"Joe Rothwell","Rangers"
"Joe Rothwell","Sheffield United"
"Nikola Tavares","Barnet"
"Tyrick Mitchell","Crystal Palace"
"Nico Melamed","Almería"
"Brenner","Santa Clara"
"Baltazar","Sion"
"Robin Golliard","Yverdon Sport FC"
"Luca Klimowicz","Emelec"
"Luca Klimowicz","Instituto"
"Jon Garro","Real Sociedad B"
"Gorka Gorosabel","Real Sociedad B"
"Lander Astiazarán","Real Sociedad"
"Lander Astiazarán","Real Sociedad B"
"Luca Mack","Vaduz"
"Jonas Sterner","Dynamo Dresden"
"Jonas Sterner","Hannover 96"
"Diego Rodrigues","Sporting Braga"
"Chissumba","Alverca"
"Findlay Curtis","Kilmarnock"
"Findlay Curtis","Rangers"
"Vasilios Zagaritis","SC Heerenveen"
"Xavier Dziekoński","Korona Kielce"
"Tyrique Mercera","FC Groningen"
"Eddy Kouadio","Fiorentina"
"Eddy Kouadio","Monza"
"Ashley Hay","Dundee"
"Max Dickov","Mansfield Town"
"Max Dickov","Tranmere Rovers"
"Raff Cirino","Fleetwood Town"
"Simon Enzler","Yverdon Sport FC"
"Bobby Thomas","Coventry City"
"Omar Sadik","AD Ceuta FC"
"Omar Sadik","Pau"
"Abdulpasha Dzhabrailov","Dynamo Makhachkala"
"Guille Rosas","Sporting Gijón"
"Joaquín Moxica","Monterrey"
"Bouke Boersma","Mechelen"
"Kandet Diawara","Magdeburg"
"Kandet Diawara","Troyes"
"Apostolos Konstantopoulos","Jagiellonia Białystok"
"Apostolos Konstantopoulos","Raków Częstochowa"
"Osame Sahraoui","Lille"
"Bung Hua Freimann","FC Wil 1900"
"Bung Hua Freimann","Luzern"
"Bung Meng Freimann","Luzern"
"Mattia Walker","Vaduz"
"Mattia Walker","Étoile Carouge FC"
"Levin Winkler","Luzern"
"George Dobson","Wrexham"
"Sascha Meyer","Luzern"
"Jorge Cuenca","Fulham"
"Ousmane Diop","Clermont Foot"
"Newton","Botafogo"
"Newton","São Paulo"
"Martin Palumbo","US Avellino"
"Felipe Borges","FC Wil 1900"
"Felipe Borges","Stade Nyonnais"
"Juan Acosta","Boston River"
"Wiktor Długosz","Korona Kielce"
"Tom Pouilly","Pau"
"Lucas Beltrán","River Plate"
"Lucas Beltrán","Valencia"
"Simón García","Atlético Nacional"
"Liam Roberts","Mansfield Town"
"Anders Klynge","Bodø"
"Anders Klynge","Glimt"
"Anders Klynge","Jagiellonia Białystok"
"Jordan Turnbull","Tranmere Rovers"
"Omar Janneh","FC Lausanne Sport"
"Ade Adeyemo","Crawley Town"
"Patrick de Paula","Botafogo"
"Patrick de Paula","Clube do Remo"
"Patrick de Paula","Estoril"
"William Pacho","Paris Saint-Germain"
"Dane Scarlett","Hibernian"
"Dane Scarlett","Tottenham Hotspur"
"Emmanuel Ayaosi","Karviná"
"Emmanuel Ayaosi","Slavia Praha"
"Dani Villahermosa","FC Andorra"
"Dani Villahermosa","Real Oviedo"
"Yuro Bohon Diet","FC Wil 1900"
"Yuro Bohon Diet","SC Kriens"
"Sebastian Walker","FC Zürich"
"Pirosch Fischer","FC Wil 1900"
"Pirosch Fischer","FC Zürich"
"Víctor García","Levante UD"
"Ilario Monterisi","Frosinone"
"William Gomes","FC Porto"
"Jeremías Lucco","Belgrano"
"Jeremías Lucco","Defensa y Justicia"
"Jake Evans","Cheltenham Town"
"Jake Evans","Northampton Town"
"Nesto Groen","Excelsior"
"Alex Marchal","Real Sociedad"
"Alex Marchal","Real Sociedad B"
"Hamza Koutoune","FC Annecy"
"Hamza Koutoune","OGC Nice"
"Abdelhamid Ait Boudlal","Rennes"
"Juanse Rodríguez","LDU Quito"
"Juanse Rodríguez","Tondela"
"Antoni Klukowski","Widzew Łódź"
"Sékou Koné","FC Lausanne Sport"
"Martial Tia","Stade de Reims"
"Ibrahim Kanate","Kaiserslautern"
"Ibrahim Kanate","RSC Anderlecht"
"Mamadou Doumbia","Watford"
"Shamal George","Bromley"
"Shamal George","St Mirren"
"Luighi","New York City FC"
"Luighi","Palmeiras"
"Estevão","Chelsea"
"Estevão","Palmeiras"
"Pedro Lima","Wolverhampton Wanderers"
"João Souza","Flamengo"
"Vitor Reis","Girona"
"Vitor Reis","Manchester City"
"Marcel Regula","Zagłębie Lubin"
"Maher Carrizo","Ajax"
"Maher Carrizo","Vélez Sarsfield"
"Ian Subiabre","River Plate"
"Ian Subiabre","Tigre"
"Franco Mastantuono","Fiorentina"
"Franco Mastantuono","Real Madrid"
"Franco Mastantuono","River Plate"
"Tobías Ramírez","Argentinos Juniors"
"Tobías Ramírez","River Plate"
"Ulises Giménez","CA Sarmiento"
"Ulises Giménez","River Plate"
"Nicolas Vouilloz","Basel"
"Ardon Jashari","AC Milan"
"Alexandre Jankewitz","Winterthur"
"Thena Massock","Dunkerque"
"Antonio Pacheco","Albacete"
"Yannick Cappelle","Zulte Waregem"
"Berkan Kutlu","Galatasaray"
"Berkan Kutlu","Kocaelispor"
"Berkan Kutlu","Konyaspor"
"Min-hyeok Yang","Coventry City"
"Min-hyeok Yang","Portsmouth"
"Min-hyeok Yang","Westerlo"
"Noahkai Banks","Augsburg"
"Vojtech Patrak","FK Pardubice"
"Daniel Horak","Hradec Králové"
"Maximilian Großer","Arminia Bielefeld"
"Will Davies","Fleetwood Town"
"Álex Urías","Monterrey"
"Mateo Levy","Cruz Azul"
"Henri Koide","FC Aarau"
"Alfonso Trezza","FC Arouca"
"Buba Sangaré","Elche"
"Laurs Skjellerup","Sassuolo"
"Laurs Skjellerup","Spezia"
"Patrik Wålemark","Lech Poznan"
"Lewis Travis","Blackburn Rovers"
"Lewis Travis","Derby County"
"Jack Fitzwater","Exeter City"
"Ricard Sánchez","Estoril"
"Thijs Dallinga","Bologna"
"Thijs Dallinga","FC Köln"
"Ciaran Brennan","Newport County AFC"
"Riccardo Calafiori","Arsenal"
"Petr Hodouš","Slovan Liberec"
"Jerry Yates","Blackpool"
"Jerry Yates","Luton Town"
"Jerry Yates","Sheffield Wednesday"
"Luca Magnino","Empoli"
"Luca Magnino","Modena"
"Kyrell Malcolm","Salford City"
"Alex Henderson","Accrington Stanley"
"Matteo Lovato","Calcio Padova"
"Matteo Lovato","Empoli"
"Tiago Tomás","VfB Stuttgart"
"Rodrigo Nestor","Bahia"
"Pavel Kacor","Karviná"
"Pavel Kacor","Slavia Praha"
"Rodrigo Auzmendi","Banfield"
"Rodrigo Auzmendi","San Lorenzo de Almagro"
"Leon Zaydenzal","Dinamo Moscow"
"David Larrubia","Málaga"
"Rob Atkinson","Bristol City"
"Anfernee Dijksteel","Kocaelispor"
"Giuseppe Aurelio","Cagliari"
"Giuseppe Aurelio","Spezia"
"Miro","Dynamo Makhachkala"
"Miro","Tondela"
"Bujar Pllana","Grasshopper"
"Bujar Pllana","Lechia Gdańsk"
"Santeri Väänänen","Karlsruher SC"
"Santeri Väänänen","Rosenborg BK"
"Nicolás Dubersarsky","Austin FC"
"Nicolás Dubersarsky","Tigre"
"Moussa Diakité","Cádiz"
"Moussa Diakité","Rizespor"
"Isak Dybvik Määttä","Bodø"
"Isak Dybvik Määttä","Glimt"
"Aleksandar Jukic","Fk Rubin Kazan"
"Noah Grognuz","Stade Nyonnais"
"Kasper Davidsen","Holstein Kiel"
"Rudi Almeida","Famalicão"
"Daniel Håkans","Lech Poznan"
"Shaqueel van Persie","Feyenoord"
"Loris Schreiber","FC Wil 1900"
"Yannis Ryter","Rapperswil-Jona"
"Evann Senaya","Basel"
"Evann Senaya","Rapperswil-Jona"
"Jon Eceizabarrena","Real Sociedad B"
"Jan Buryán","Mladá Boleslav"
"Niklas Pyyhtiä","Modena"
"Niklas Pyyhtiä","Südtirol"
"Yojan Garcés","América de Cali"
"Yojan Garcés","Inter Bogotá"
"Isak Helstad Amundsen","Fredrikstad"
"Isak Helstad Amundsen","Molde"
"Jakub Sypek","Zagłębie Lubin"
"Fabiano","EC Vitória"
"Fabiano","Moreirense"
"Leandro Sanca","Piast Gliwice"
"Lorenzo Venturino","AS Roma"
"Lorenzo Venturino","Genoa"
"Oso","Sevilla"
"Fermín García","Burgos"
"Richard O'Donnell","Derby County"
"Richard O'Donnell","Grimsby Town"
"Che Gardner","Stockport County"
"John Victor","Botafogo"
"John Victor","Nottingham Forest"
"Robert-Jan Vanwesemael","Sint-Truiden"
"Callum Brittain","Middlesbrough"
"Adrián Arnuncio","Real Valladolid"
"Bohdan Popov","Empoli"
"Will Ferry","Dundee United"
"Costinha","Brighton & Hove Albion"
"Costinha","Olympiacos"
"Elliott List","Northampton Town"
"Nils Eggens","FC Groningen"
"Jamie Roche","FC Lausanne Sport"
"Telmo Arcanjo","Vitória Guimarães"
"Tom Anderson","Shrewsbury Town"
"Yuki Kobayashi","Jagiellonia Białystok"
"Gonçalo Inácio","Sporting CP"
"Jordan Houghton","Stevenage"
"Richard Smallwood","Bristol Rovers"
"Richard Smallwood","Tranmere Rovers"
"Ryan Nyambe","Derby County"
"Ryan Nyambe","Reading"
"Arthur Avom","Lorient"
"Richard Kone","Queens Park Rangers"
"Richard Kone","Wycombe Wanderers"
"Alberto Costa","FC Porto"
"Charles-André Raux Yao","Eyüpspor"
"Carlton Morris","Derby County"
"Sohaib Nair","Guingamp"
"Sohaib Nair","Saint-Étienne"
"Nicolas Pays","Montpellier"
"Mathias Kvistgaarden","Norwich City"
"Robin van Cruijsen","FC Volendam"
"Robin van Cruijsen","Sparta Rotterdam"
"Harrison Biggins","Newport County AFC"
"Harrison Biggins","Shrewsbury Town"
"Taisei Miyashiro","Las Palmas"
"Yuito Suzuki","Freiburg"
"Peio Canales","Athletic Club"
"Peio Canales","Racing Santander"
"Isaac Romero","Sevilla"
"Nathan De Cat","Hoffenheim"
"Nathan De Cat","RSC Anderlecht"
"Ousmane Sow","Górnik Zabrze"
"Ousmane Sow","Jagiellonia Białystok"
"Cristian Reyes","Monterrey"
"Moussa Cisse","Basel"
"Jid Okeke","Stockport County"
"Jid Okeke","Walsall"
"Max Lowe","Sheffield Wednesday"
"Sergio Aguayo","Deportes Tolima"
"Sergio Aguayo","Guadalajara"
"Aitor Mañas","Deportivo Alavés"
"Oliver Rathbone","Wrexham"
"Tyrone Owusu","Telstar"
"Guus Offerhaus","FC Utrecht"
"Guus Offerhaus","Telstar"
"Sem van Duijn","FC Utrecht"
"Sem van Duijn","Telstar"
"Iván Martín","Girona"
"Iván Martín","Racing Santander"
"Carbone","Lugano"
"San Bartolomé","Albacete"
"Tibe De Vlieger","Gent"
"Martín Rio","San Lorenzo de Almagro"
"Martín Rio","Talleres de Córdoba"
"Seydou Traoré","FC Lausanne Sport"
"Ismeal Kabia","Shrewsbury Town"
"Ismeal Kabia","St Mirren"
"Finley Burns","Reading"
"Finley Burns","Wigan Athletic"
"James Trafford","Leeds United"
"James Trafford","Manchester City"
"Ángel Martínez","Cerro Porteño"
"Ángel Martínez","Club 2 de Mayo"
"Miguel Barreto","Club 2 de Mayo"
"Miguel Barreto","Club Sportivo Luqueño"
"Saba Goglichidze","Udinese"
"Saba Goglichidze","Watford"
"Rio Ngumoha","Liverpool"
"Filip Bilbija","Derby County"
"Filip Bilbija","Paderborn"
"Robinho","Estrela Amadora"
"Sven Mijnans","AZ Alkmaar"
"Sven Mijnans","PSV Eindhoven"
"Hamza Güreler","Istanbul Basaksehir"
"Théo Barbet","FC Stade Lausanne-Ouchy"
"Nathan Tinsdale","Crawley Town"
"Nathan Tinsdale","Hull City"
"Kain Adom","Burton Albion"
"Conor Grant","Notts County"
"Joedrick Pupe","Dender"
"Joedrick Pupe","Sint-Truiden"
"Milton Céliz","Barcelona"
"Milton Céliz","Deportivo Riestra"
"Wallace Yan","Flamengo"
"Kevin Carlos","Basel"
"Kevin Carlos","Cagliari"
"Kevin Carlos","OGC Nice"
"Álvaro Montoro","Botafogo"
"Álvaro Montoro","Vélez Sarsfield"
"Lucas Vennegoor of Hesselink","Twente"
"Anis Ouzenadji","Troyes"
"Mathys Detourbet","AS Monaco"
"Mathys Detourbet","Troyes"
"Matías Almirón","FC Cajamarca"
"Matías Almirón","Juan Pablo II College"
"Francisco Petrasso","Rio Ave"
"Diego Tarzia","EC Vitória"
"Diego Tarzia","Independiente"
"Sidny Cabral","Benfica"
"Sidny Cabral","Estrela Amadora"
"Sidny Cabral","Trabzonspor"
"Matías Perello","Central Córdoba SdE"
"Matías Perello","Independiente del Valle"
"Tobías Leiva","AA Estudiantes Río Cuarto"
"Tobías Leiva","Club Rubio Nu"
"Thiago Santamaría","CA Sarmiento"
"Thiago Santamaría","Independiente del Valle"
"Lucas Gómez","Argentinos Juniors"
"Lucas Gómez","Newell's Old Boys"
"Daryl Dike","Orlando City"
"Daryl Dike","West Bromwich Albion"
"Luciano Herrera","Newell's Old Boys"
"Luciano Herrera","Pumas UNAM"
"Dircssi Ngonzo","FC Lausanne Sport"
"Dircssi Ngonzo","Stade Nyonnais"
"Oluwalopemiwa Aderoju","Crawley Town"
"Oluwalopemiwa Aderoju","Peterborough United"
"Isaac Cossier","Le Mans"
"Isaac Cossier","Lille"
"Pelle Mattsson","Norwich City"
"Cameron McGeehan","Barnsley"
"Cameron McGeehan","Northampton Town"
"Tiago Gabriel","Lecce"
"Louis Page","Leicester City"
"Nicolás Acevedo","Bahia"
"Santiago González","Sporting Cristal"
"Maxloren Castro","Sporting Cristal"
"Tommaso Fumagalli","Reggiana"
"Tommaso Fumagalli","Virtus Entella"
"Matthew Sorinola","Plymouth Argyle"
"Lucas Bruera","AA Estudiantes Río Cuarto"
"Lucas Bruera","Carabobo"
"Erick Nunes","Cercle Brugge"
"Rudy Matondo","Auxerre"
"Rudy Matondo","Paris FC"
"Andrés Alarcón","Dynamo Makhachkala"
"Cameron Brannagan","Oxford United"
"Agustín Colazo","Gimnasia La Plata"
"Agustín Colazo","Unión"
"Elías Torres","Racing Club"
"Bautista Tomatis","Danubio"
"Bautista Tomatis","Racing"
"Deji Oshilaja","Mansfield Town"
"Kevin Tamayo","Cúcuta Deportivo"
"Kevin Tamayo","Once Caldas"
"Santiago Moyano","Central Córdoba SdE"
"Édgar Páez","Cerro Porteño"
"Édgar Páez","Sportivo Ameliano"
"Erick Noriega","Alianza Lima"
"Erick Noriega","Grêmio"
"Rob Dickie","Bristol City"
"Ennio van der Gouw","Rio Ave"
"Mateus Mane","Wolverhampton Wanderers"
"Shinta Appelkamp","Fortuna Düsseldorf"
"Shinta Appelkamp","Greuther Fürth"
"Julián Mavilla","Belgrano"
"Julián Mavilla","CA Sarmiento"
"Adrián Fernández","Racing Club"
"Ante Šuto","Hibernian"
"Lucão","Gil Vicente"
"Lucas Fasson","Lokomotiv Moscow"
"Juan Fedorco","Independiente"
"Juan Fedorco","Puebla"
"Carlos Espí","Levante UD"
"Carlos Espí","Real Madrid"
"Mathew Hudson","Oldham Athletic"
"Jack Armer","Burton Albion"
"Juan Guevara","Bastia"
"Juan Guevara","León"
"Kahuan Vinícius","FK Pardubice"
"Kahuan Vinícius","Karviná"
"Simon Simoni","Kaiserslautern"
"Simon Simoni","Luzern"
"Jakub Elbel","Hradec Králové"
"Jakub Elbel","Sigma Olomouc"
"Furkan Dursun","Thun"
"Aidan Morris","Middlesbrough"
"Thomas Keller","Dynamo Dresden"
"Thomas Keller","FC Heidenheim"
"Ariel Mosór","Korona Kielce"
"Ariel Mosór","Raków Częstochowa"
"Karel Spacil","Viktoria Plzen"
"Matej Kadlec","Bohemians 1905"
"Naatan Skyttä","Kaiserslautern"
"Ferran Jutglà","Celta Vigo"
"Rafael Obrador","Benfica"
"Rafael Obrador","Sassuolo"
"Rafael Obrador","Torino"
"Kevin Vázquez","Independiente Rivadavia"
"Kevin Vázquez","Vélez Sarsfield"
"Charalampos Kostoulas","Brighton & Hove Albion"
"Patrick Ouotro","Nancy"
"Patrick Ouotro","Vitória Guimarães"
"Mateusz Bogusz","Cruz Azul"
"Mateusz Bogusz","Houston Dynamo"
"Jean-Victor Makengo","Lorient"
"Yassir Zabiri","Famalicão"
"Yassir Zabiri","Racing Santander"
"Yassir Zabiri","Rennes"
"Jordan Thomas","Doncaster Rovers"
"Blondy Nna Noukeu","US Boulogne"
"Julian Vignolo","Toulouse"
"Noble Okello","Indy Eleven"
"Noble Okello","Lexington SC"
"Matej Mikulenka","Sigma Olomouc"
"Alexandr Urban","Slovácko"
"Marcus Linday","SC Heerenveen"
"Sérgio Correia","FC Wil 1900"
"Esteban González","Deportivo Ñublense SADP"
"Esteban González","O'Higgins"
"Jeremía Recoba","Las Palmas"
"Jeremía Recoba","Nacional"
"Norman Rodríguez","Carabobo"
"Norman Rodríguez","Deportes Concepcion"
"Flavio Moya","Deportes Limache"
"Flavio Moya","Universidad de Chile"
"Malick Yalcouyé","Brighton & Hove Albion"
"Malick Yalcouyé","Swansea City"
"Agustín Moreira","Gil Vicente"
"Stefano Cella","Mantova"
"Colby Donovan","Celtic"
"Brian Ferreyra","Gimnasia Mendoza"
"Brian Ferreyra","Unión La Calera"
"Mauricio Vera","Boston River"
"Mauricio Vera","Deportes Concepcion"
"Mauricio Vera","Nacional"
"Luciano González","Defensa y Justicia"
"Luciano González","Peñarol"
"Kacper Trelowski","Raków Częstochowa"
"Nevio Di Giusto","FC Zürich"
"Nevio Di Giusto","Vaduz"
"Fabrício Garcia","Alverca"
"Fabrício Garcia","Estoril"
"Isak Vural","Pisa"
"Ronan Kpakio","Cardiff City"
"Noa Boissé","Le Mans"
"Jérémie Matumona","Guingamp"
"Gabin Bernardeau","Lorient"
"Gabin Bernardeau","OGC Nice"
"Said El Mala","FC Köln"
"Tamble","Rio Ave"
"Eddy Doué","Estrela Amadora"
"Marco Decherf","Dunkerque"
"Mouctar Diakhaby","Valencia"
"Yevgeniy Skyba","Baník Ostrava"
"Yevgeniy Skyba","Karviná"
"Elias Pihlström","Lugano"
"Jalen Blesa","Cesena"
"Jalen Blesa","Rio Ave"
"Oscar Tshikomb","Luzern"
"Yasin Ayari","Brighton & Hove Albion"
"Zane Okoro","Lincoln City"
"Zane Okoro","Tranmere Rovers"
"Jorge Cabello","Levante UD"
"Jorge Cabello","Mirandés"
"Hiroki Sekine","Holstein Kiel"
"Hiroki Sekine","Stade de Reims"
"Jorthy Mokio","Ajax"
"Jacob Murrell","DC United"
"Jacob Murrell","Falkirk"
"Daniel Budesca","Córdoba CF"
"Daniel Budesca","Villarreal"
"Alejo Sarco","Bayer Leverkusen"
"Alejo Sarco","Borussia Mönchengladbach"
"Alejo Sarco","Sporting Gijón"
"Aleksey Batrakov","Galatasaray"
"Aleksey Batrakov","Lokomotiv Moscow"
"Jan Ziółkowski","AS Roma"
"Jan Ziółkowski","Legia Warszawa"
"Fellipe Jack","Catanzaro"
"Fellipe Jack","Spezia"
"Nils Reichmuth","Thun"
"Román Gómez","Bahia"
"Román Gómez","Estudiantes"
"Taiga Hata","Sint-Truiden"
"Henrique Carmo","CSKA Moscow"
"Henrique Carmo","São Paulo"
"Bruno Lapa","FC Tulsa"
"Bruno Lapa","Oakland Roots SC"
"Callum Hudson-Odoi","Nottingham Forest"
"Luke Thomas","Leicester City"
"George Hirst","Ipswich Town"
"George Hirst","Stoke City"
"Ross Barkley","Aston Villa"
"Jandry Cuero","Barcelona"
"Erik Zambrano","Barcelona"
"Erik Zambrano","Delfin"
"Amin Sarr","Hellas Verona"
"G.Matturo","Boston River"
"G.Matturo","Deportivo Maldonado"
"Johnly Yfeko","Exeter City"
"Johnly Yfeko","Kilmarnock"
"David Ospina","Atlético Nacional"
"Krisztián Keresztes","Dundee United"
"Krisztián Keresztes","Greuther Fürth"
"Anton Shamonin","Rostov"
"Antonino Gallo","Lecce"
"Louey Ben Farhat","Karlsruher SC"
"Miguel Perea","Mushuc Runa"
"Miguel Perea","Técnico Universitario"
"Wojciech Urbański","Legia Warszawa"
"Gabriel Díaz","Cerro Porteño"
"Jamie Jellis","Rotherham United"
"Jamie Jellis","Walsall"
"Jivayno Zinhagel","Feyenoord"
"Caleb Wiley","Preston North End"
"Caleb Wiley","Watford"
"Tyron Owusu","Luzern"
"András Schäfer","Union Berlin"
"Manu Rodríguez","Sporting Gijón"
"Kamil Lukoszek","Górnik Zabrze"
"Kamil Lukoszek","Motor Lublin"
"Juan Rodríguez","Cagliari"
"Lewis Freestone","Stevenage"
"Malik Henry-Scott","Indy Eleven"
"Malik Henry-Scott","Lexington SC"
"Callum Styles","West Bromwich Albion"
"Colin Guske","Orlando City"
"Colin Guske","Real Salt Lake"
"Yutaro Tsukada","Orlando City"
"Yutaro Tsukada","Rhode Island"
"Adrian Liso","Getafe"
"Adrian Liso","Mallorca"
"Amine Boukamir","Sporting Charleroi"
"Roman Macek","Mladá Boleslav"
"Roman Macek","Sparta Praha"
"Jorge Jiménez","Wisła Płock"
"Ricardo Visus","Widzew Łódź"
"Alban Ajdini","FC Lausanne Sport"
"Alex Cochrane","Birmingham City"
"Ángel Arcos","Celta Vigo"
"Ángel Arcos","Celta de Vigo B"
"Anisse Saidi","Monterey Bay"
"Anisse Saidi","San Diego FC"
"Lukasz Lakomy","BSC Young Boys"
"Lukasz Lakomy","OH Leuven"
"Vincent Nvendo","FC Zürich"
"Vincent Nvendo","Neuchâtel Xamax"
"Ellis Simms","Coventry City"
"Raúl Moro","Ajax"
"Raúl Moro","Osasuna"
"Javi Morcillo","Atlético Madrid"
"Javi Morcillo","Elche"
"Christopher Cheng","Widzew Łódź"
"Nan Song","Qingdao West Coast"
"Nan Song","Shenzhen Peng City FC"
"Ibrahima Ba","Famalicão"
"Ibrahima Ba","Sporting CP"
"Ivan M'Bahia","Clermont Foot"
"Rayan Bamba","Le Mans"
"Rayan Bamba","Nancy"
"Jakub Jezierski","Fredrikstad"
"Jakub Jezierski","Sigma Olomouc"
"Henrick Do Marcolino","Rennes"
"Nordan Mukiele","Montpellier"
"Nordan Mukiele","Rennes"
"Iker Zufiaurre","Albion"
"Iker Zufiaurre","Boca Juniors"
"Branimir Mlačić","Udinese"
"Branimir Mlačić","Watford"
"Zachary Zalewski","Jagiellonia Białystok"
"Mathys Angély","RSC Anderlecht"
"Mathys Angély","Wolfsburg"
"Bazoumana Touré","Hoffenheim"
"Bazoumana Touré","Newcastle United"
"Villads Nielsen","Bodø"
"Villads Nielsen","Glimt"
"Taichi Hara","St. Pauli"
"Kento Shiogai","NEC"
"Kento Shiogai","Wolfsburg"
"Thiago Espinosa","América"
"Thiago Espinosa","Peñarol"
"Thiago Espinosa","Racing"
"Alexis Cañete","Cerro Porteño"
"Alexis Cañete","Club Nacional"
"Luciano Giménez","CA Platense"
"Luciano Giménez","Estudiantes"
"Luciano Giménez","Huracán"
"Rafel Sureda","Espanyol"
"Rafel Sureda","Mirandés"
"Kjartan Már Kjartansson","Aberdeen"
"Kjartan Már Kjartansson","Brann"
"Phillip Chinedu","Barnet"
"Phillip Chinedu","Leyton Orient"
"Oskar Sivertsen","Go Ahead Eagles"
"Talisca","Fenerbahçe"
"Antoine Sekongo","Dunkerque"
"Antoine Sekongo","Samsunspor"
"Noah Vidal-Cartoux","Montpellier"
"Emmanuel Kakou","Cercle Brugge"
"Kazunari Kita","Real Sociedad B"
"Rafael Pinto Pedrosa","Karlsruher SC"
"Wojciech Mońka","Lech Poznan"
"Davy Klaassen","Ajax"
"Lukas Reich","Greuther Fürth"
"Joe Bevan","Dundee"
"Tamás Nikitscher","Real Valladolid"
"Tamás Nikitscher","Rio Ave"
"Pedro Villalba","Libertad"
"Alysson","Aston Villa"
"Hugo Burcio","Celta Vigo"
"Hugo Burcio","Celta de Vigo B"
"Duan Liuyu","Shandong Taishan"
"Duan Liuyu","Yunnan Yukun"
"Lushendry Martes","Sparta Rotterdam"
"Lass Kourouma","Girona"
"Davis Opoku","OH Leuven"
"Jonathan Gabriel Villagra Bustamante","Colo Colo"
"Li Ang","Dalian Yingbo"
"Li Ang","Wuhan Three Towns"
"Blerton Isufi","HamKam"
"Blerton Isufi","Molde"
"Feng Boxuan","Beijing Guoan"
"Feng Boxuan","Dalian Yingbo"
"Oluwaseun Adewumi","Cercle Brugge"
"Oluwaseun Adewumi","Hertha Berlin"
"Berdan Senyurt","FC Aarau"
"Zhang Xiaobin","Shenzhen Peng City FC"
"Zhang Xiaobin","Wuhan Three Towns"
"Florian Wiegele","Viktoria Plzen"
"Jesús Alcantar","Melgar"
"Jesús Alcantar","Necaxa"
"Ermin Mahmić","Slovan Liberec"
"Ermin Mahmić","Çorum"
"Pau Cabanes","CD Eldense"
"Pau Cabanes","Villarreal"
"Amaury García","Cruz Azul"
"Will Forrester","Leyton Orient"
"Cameron Evans","Newport County AFC"
"Jiri Panos","Viktoria Plzen"
"Jakub Kolísek","Slavia Praha"
"Šimon Slončík","Karviná"
"Šimon Slončík","Slovácko"
"Josef Kolářík","Mladá Boleslav"
"Kevin-Prince Milla","Dukla Praha"
"Kevin-Prince Milla","Sparta Praha"
"Renat Golybin","Orenburg"
"Kacper Potulski","FSV Mainz 05"
"Mateusz Dziewiatowski","Zagłębie Lubin"
"Oskar Pietuszewski","FC Porto"
"Oskar Pietuszewski","Jagiellonia Białystok"
"Artem Stepanov","FC Utrecht"
"Artem Stepanov","Nürnberg"
"Marius Louãr","Angers"
"Hulk","Atlético Mineiro"
"Hulk","Fluminense"
"Davinchi","Getafe"
"Vladimir Zeman","Bohemians 1905"
"Paco Cortés","CyD Leonesa"
"Paco Cortés","Levante UD"
"Lautaro Rivero","Central Córdoba SdE"
"Lautaro Rivero","River Plate"
"Gonzalo Petit","Granada"
"Gonzalo Petit","Mirandés"
"Gonzalo Petit","Nacional"
"Robi Saarma","FK Pardubice"
"Shunsuke Saito","Westerlo"
"Matej Riznic","Teplice"
"Ezequiel Burdin Márquez","Albion"
"Ezequiel Burdin Márquez","Defensa y Justicia"
"Li Songyi","Shanghai Shenhua"
"Li Songyi","Yunnan Yukun"
"Tang Miao","Shenzhen Peng City FC"
"Tang Miao","Yunnan Yukun"
"Xu Haofeng","Henan Songshan Longmen"
"Xu Haofeng","Wuhan Three Towns"
"Lucas Ocampos","Monterrey"
"Víctor Guzmán","Monterrey"
"Iván López","Tigres UANL"
"Jordán Carrillo","Pumas UNAM"
"Issa Diop","Fulham"
"Issa Diop","Ipswich Town"
"Bouna Sarr","Metz"
"Aymeric Laporte","Athletic Club"
"Phil Foden","Manchester City"
"Patrick Enrici","US Avellino"
"Emerson","Olympique de Marseille"
"Emanuel Gularte","Peñarol"
"Emanuel Gularte","Sporting Gijón"
"Deivison","Nacional"
"Erick Sánchez","América"
"Josh Doig","Sassuolo"
"Kevin Nisbet","Aberdeen"
"Kevin Nisbet","Millwall"
"Min Jae Kim","Bayern Munich"
"Alan Forrest","Dundee"
"Alan Forrest","Hearts"
"Jamie Robson","Oldham Athletic"
"Lewis Neilson","Falkirk"
"Mathis Holcbecher","Étoile Carouge FC"
"Fabio Saiz","Neuchâtel Xamax"
"Fabio Saiz","Thun"
"Fabio Saiz","Yverdon Sport FC"
"Henrique Silva","Santa Clara"
"Kauã Prates","Borussia Dortmund"
"Kauã Prates","Cruzeiro"
"Louis Lurvink","FK Pardubice"
"Louis Lurvink","Sigma Olomouc"
"Mihailo Stevanovic","St. Gallen"
"Erik Lira","Cruz Azul"
"Yannick Schmid","FC Wil 1900"
"Dominik Schwizer","Vaduz"
"Denis Simani","Vaduz"
"Pius Dorn","Luzern"
"Marko Maroši","Port Vale"
"Marko Maroši","Tranmere Rovers"
"Benedetti","Palmeiras"
"Strahinja Erakovic","FK Crvena Zvezda"
"Strahinja Erakovic","Zenit St. Petersburg"
"Gustavo Mancha","Fortaleza"
"Gustavo Mancha","Rio Ave"
"Landerson","Moreirense"
"Gonçalo Guedes","Real Sociedad"
"Vince Osuji","Club Brugge"
"Vince Osuji","Tromsø"
"Brighton Labeau","Thun"
"Charles Vanhoutte","Feyenoord"
"Charles Vanhoutte","OGC Nice"
"Charles Vanhoutte","Union Saint-Gilloise"
"Warleson","Botafogo"
"Warleson","Cercle Brugge"
"Abdoul Tapsoba","RKS Radomiak Radom"
"Matheus Alves","CSKA Moscow"
"Matheus Alves","São Paulo"
"Ryan Francisco","São Paulo"
"Marquinhos","Paris Saint-Germain"
"Lewis Mayo","Aberdeen"
"Lewis Mayo","Kilmarnock"
"Ron-Thorben Hoffmann","Eintracht Braunschweig"
"Jamie Cumming","Oxford United"
"Óscar Mingueza","Celta Vigo"
"Óscar Mingueza","Crystal Palace"
"Wilson Eisner","FC Tulsa"
"Wilson Eisner","San Diego FC"
"Aiham Ousou","Sporting Charleroi"
"Max Stryjek","Kilmarnock"
"Dani Díaz","Real Sociedad"
"Dani Díaz","Real Sociedad B"
"Jesús Rodriguez","Como"
"Aodhan Doherty","Blackburn Rovers"
"Aodhan Doherty","Falkirk"
"Yuki Ohashi","Blackburn Rovers"
"Franco Rossi","Chapecoense"
"Franco Rossi","Toluca"
"Maxime Dupé","Nantes"
"Maxime Dupé","OGC Nice"
"Allan","Palmeiras"
"Franz-Ethan Meichtry","Genoa"
"Franz-Ethan Meichtry","Thun"
"Gasper Tratnik","Motor Lublin"
"Arseni Dmitriev","Akron"
"Calvin Bassey","Fulham"
"Oskar Repka","Raków Częstochowa"
"Rominigue Kouamé","Cádiz"
"Jhomier González","Junior"
"Jhomier González","Millonarios"
"Stjepan Davidovic","Korona Kielce"
"Artem Shumanskiy","CSKA Moscow"
"Artem Shumanskiy","Krylya Sovetov"
"Michel Araújo","Bahia"
"Hugo Benítez","Club Nacional"
"Hugo Benítez","Olimpia"
"Pedro Zarza","Olimpia"
"Pedro Zarza","Sportivo Trinidense"
"André","Wolverhampton Wanderers"
"Hubert Zwozny","Korona Kielce"
"Luiz Henrique","Zenit St. Petersburg"
"Moussa Baradji","Blackburn Rovers"
"Moussa Baradji","Yverdon Sport FC"
"David Planka","Baník Ostrava"
"David Planka","Karviná"
"Filip Luberecki","Motor Lublin"
"Bartosz Wolski","Katowice"
"Bartosz Wolski","Motor Lublin"
"Mbaye Ndiaye","Motor Lublin"
"Christopher Simon","Motor Lublin"
"Filip Matousek","Dukla Praha"
"Filip Matousek","Mladá Boleslav"
"Filip Spatenka","Mladá Boleslav"
"Filip Spatenka","Slovan Liberec"
"V.Okishor","Dinamo Moscow"
"Beno Selan","Cracovia Kraków"
"Victor Gidado","Gazişehir Gaziantep"
"Eric-Junior Bocat","Stoke City"
"Mikel Amondarain","Bologna"
"Mikel Amondarain","Estudiantes"
"Leonel Roldán","CA Juventud"
"Leonel Roldán","Vélez Sarsfield"
"Jano Gordon","Vélez Sarsfield"
"Thiago Silvero","Vélez Sarsfield"
"Bruny Nsimba","Dender"
"Bruny Nsimba","Standard Liège"
"Souleymane N'Diaye","FC Lausanne Sport"
"Marcel Krajewski","Widzew Łódź"
"Sebastián Viveros Lopez","Boyacá Chicó"
"Sebastián Viveros Lopez","San Antonio Bulo Bulo"
"Leonai","Barcelona"
"Leonai","Millonarios"
"Alexander Machado","Banfield"
"Alexander Machado","Defensor Sporting"
"Alexander Machado","Peñarol"
"Promise David","Brighton & Hove Albion"
"Promise David","Union Saint-Gilloise"
"David Ludvicek","Hradec Králové"
"Jan Koutný","Sigma Olomouc"
"Marcos Fernández","AD Ceuta FC"
"Marcos Fernández","Espanyol"
"Pablo García","Real Betis"
"Mateo Flores","FC Arouca"
"Massamba Sow","Sporting Charleroi"
"Emiliano Ancheta","Nacional"
"Fabrizio Correa","CA Juventud"
"Fabrizio Correa","Cerro"
"Lucas Monzón","Botafogo"
"Lucas Monzón","Junior"
"F.Lentini","Neuchâtel Xamax"
"F.Lentini","Stade Nyonnais"
"Alexander González","Boston River"
"Hervé Koffi","Angers"
"Hervé Koffi","Union Saint-Gilloise"
"Ethan Schilte-Brown","Kilmarnock"
"Jakub Zewlakow","Legia Warszawa"
"Valy Konaté","Cercle Brugge"
"Egor Smelov","Dinamo Moscow"
"Egor Smelov","Dynamo Makhachkala"
"Egor Smelov","Nizhny Novgorod"
"Husseyn Chakroun","Hannover 96"
"Tobias Hedl","Zulte Waregem"
"Benjamin Boakye","Arminia Bielefeld"
"Konstantin Maradishvili","Akron"
"Wilguens Paugain","Zulte Waregem"
"Leon Robinson","Kaiserslautern"
"Ledjan Sahitaj","Winterthur"
"Santiago Lencinas","Burgos"
"Santiago Lencinas","River Plate"
"Ilya Lantratov","Lokomotiv Moscow"
"Vladislav Torop","CSKA Moscow"
"Romeo Philippin","Stade Nyonnais"
"Romeo Philippin","Étoile Carouge FC"
"Ilya Shkurin","Katowice"
"Ilya Shkurin","Legia Warszawa"
"Ayrton Lucas","Flamengo"
"Nail Umyarov","Spartak Moscow"
"Maksim Glushenkov","Zenit St. Petersburg"
"Kane Drummond","Oldham Athletic"
"Billy Kirkman","Swindon Town"
"Soufiane Hetli","Telstar"
"Tyler Walton","Accrington Stanley"
"Wyll Stanway","Barrow"
"Wyll Stanway","Cheltenham Town"
"Pierrick Moulin","Bellinzona"
"Pierrick Moulin","Stade Nyonnais"
"Joe McDonnell","AFC Wimbledon"
"Dominique Simon","FK Pardubice"
"Ramón Martínez","Real Valladolid"
"Ramón Martínez","Sevilla"
"Isaiah Ahmed","SC Heerenveen"
"Isaiah Ahmed","Telstar"
"Dimitris Rallis","Jagiellonia Białystok"
"Valentín Pezzolesi","Las Palmas"
"B.Bosch","CA Platense"
"B.Bosch","Orenburg"
"Gil Dias","Famalicão"
"Ethon Archer","Bromley"
"Ethon Archer","Cheltenham Town"
"Ethon Archer","Port Vale"
"Pedro Rosas","Casa Pia AC"
"İbrahim Kaya","Alanyaspor"
"Massiré Sylla","Union Saint-Gilloise"
"Nesta Zahui","Grenoble Foot"
"Owen Kouassi","Lecce"
"Owen Kouassi","Stade Lavallois"
"Gamid Agalarov","Dynamo Makhachkala"
"Leandro Santos","Moreirense"
"Liam Oakes","Exeter City"
"Abdelsamad Hachem","Red Star FC"
"Justin Bourgault","Nancy"
"Justin Bourgault","Stade Brestois"
"Egor Sorokin","Chengdu Rongcheng"
"Egor Sorokin","Kairat"
"Carlos Guirao","CD Eldense"
"Carlos Guirao","Leganés"
"Christopher Martins","Spartak Moscow"
"Sergey Pesjakov","Krylya Sovetov"
"Victor Orakpo","Montpellier"
"Victor Orakpo","Nancy"
"Eldor Shomurodov","Istanbul Basaksehir"
"Ali Houary","Elche"
"Ali Houary","Mirandés"
"Marc Domenech","AD Ceuta FC"
"Marc Domenech","Mallorca"
"Issa Doumbia","Sporting CP"
"Issa Doumbia","Venezia"
"Maksim Osipenko","Dinamo Moscow"
"Isaac James","Alverca"
"Jorge Salinas","Racing Santander"
"Chupe","Málaga"
"Danil Glebov","Dinamo Moscow"
"Mohammadjavad Hosseinnejad","Dynamo Makhachkala"
"Maksim Rudakov","Orenburg"
"Maksim Rudakov","Sochi"
"Harry Waldock","Gillingham"
"Adrien Thibaut","Crewe Alexandra"
"Clément Jolibois","Rodez"
"Joffrey Bultel","US Boulogne"
"Abdel Hbouch","FC Annecy"
"Abdel Hbouch","US Boulogne"
"Lewis Richards","Crawley Town"
"Alessandro Debenedetti","Cesena"
"Alessandro Debenedetti","Virtus Entella"
"Paulo Moreira","Estrela Amadora"
"Paulo Moreira","Famalicão"
"Niccolò Belloni","Carrarese Calcio 1908"
"Andrea Ciofi","Cesena"
"Emanuele Adamo","Cesena"
"Emanuele Adamo","Spezia"
"Filippo Oliana","Carrarese Calcio 1908"
"Nicolas Schiavi","Carrarese Calcio 1908"
"Cristian Shpendi","Cesena"
"Manuel Ricciardi","Juve Stabia"
"Tommaso Macchioni","Sassuolo"
"Marco Bellich","Juve Stabia"
"Marco Ruggero","Catanzaro"
"Marco Ruggero","Juve Stabia"
"Marco Ruggero","Spezia"
"Sabino","São Paulo"
"Francesco Folino","Cremonese"
"Nathan Silva","Pumas UNAM"
"Ederson Castillo","LDU Quito"
"Maxence Maisonneuve","RAAL La Louvière"
"Maxence Maisonneuve","Wisła Kraków"
"Joël Ito","RAAL La Louvière"
"Igor Jesus","Botafogo"
"Igor Jesus","Nottingham Forest"
"Guilherme Luiz","Göztepe"
"Guilherme Luiz","RKS Radomiak Radom"
"Marquinhos Cipriano","Sion"
"Mats Pannewig","Bochum"
"Vitão","Flamengo"
"Vitão","Internacional"
"Jan Salas","Córdoba CF"
"Jan Salas","Mallorca"
"Léo Ortiz","Flamengo"
"Weverson","Gil Vicente"
"Léo Realpe","Famalicão"
"Amadou Cissé","Amed SK"
"Amadou Cissé","Strasbourg"
"Louis Appéré","Cambridge United"
"Max Johnston","Derby County"
"Luciano Juba","Bahia"
"Gaoussou Diarra","Feyenoord"
"Octave Joly","Rodez"
"Mario Climent","Cádiz"
"Mario Climent","FC Arouca"
"Sergio Arribas","Cádiz"
"Sergio Arribas","Huesca"
"Ángel Ortiz","Real Betis"
"Matus Vojtko","Lechia Gdańsk"
"Matus Vojtko","Wieczysta Krakow"
"Llyton Chapman","Wigan Athletic"
"Clément Michelin","Racing Santander"
"Clément Michelin","Real Valladolid"
"Miguel Sierra","Sevilla"
"Pablo Santiago","CD Castellón"
"Maroan Harrouch","Athletic Club"
"Andrés Antañón","Celta Vigo"
"Andrés Antañón","Celta de Vigo B"
"Emmanuel Agyei","Dundee United"
"Christ Ravynel","Fiorentina"
"Christ Ravynel","Trabzonspor"
"Maguette Gueye","Racing Santander"
"Jakub Kiwior","FC Porto"
"Jakub Kolan","Zagłębie Lubin"
"Vahan Bichakhchyan","Legia Warszawa"
"Adrián Kaprálik","Holstein Kiel"
"Matheus Dória","Atlas"
"Matheus Dória","São Paulo"
"Soltmurad Bakaev","Akron"
"Soltmurad Bakaev","Rodina Moskva"
"Zurab Davitashvili","Saint-Étienne"
"Dmitri Rybchinskiy","Orenburg"
"Ilya Samoshnikov","Fk Rubin Kazan"
"Ilya Samoshnikov","Lokomotiv Moscow"
"Ilya Samoshnikov","Spartak Moscow"
"B.Shofowoke","Peterborough United"
"Denis Makarov","Dinamo Moscow"
"Denis Makarov","Kayserispor"
"Denis Makarov","Krylya Sovetov"
"Coba da Costa","Getafe"
"Coba da Costa","RSC Anderlecht"
"Daniil Fomin","Dinamo Moscow"
"Daniel Denoon","Pisa"
"Luan Gadegbeku","Pau"
"Luan Gadegbeku","Saint-Étienne"
"Álvaro García Pascual","Cádiz"
"Willem Geubbels","Lecce"
"Willem Geubbels","Paris FC"
"Willem Geubbels","St. Gallen"
"Anas El Mahraoui","FK Akhmat Grozny"
"Anas El Mahraoui","Orenburg"
"Tihomir Kostadinov","Sigma Olomouc"
"Tihomir Kostadinov","Slovácko"
"Tomy Carbonell","Real Sociedad B"
"Ahmad Ghali","Sigma Olomouc"
"Ahmad Ghali","Slovan Liberec"
"Steve Kapuadi","Legia Warszawa"
"Steve Kapuadi","Widzew Łódź"
"Abdoulie Ceesay","St. Pauli"
"Andrey Mostovoy","Zenit St. Petersburg"
"Danil Krugovoy","CSKA Moscow"
"Michael Schjönning-Larsen","Kilmarnock"
"Martin Jedlicka","Baník Ostrava"
"Martin Jedlicka","Viktoria Plzen"
"Alieu Fadera","Cagliari"
"Alieu Fadera","Sassuolo"
"Patrik Blahut","Slovácko"
"Matus Maly","Sigma Olomouc"
"Boubacar Kamara","Aston Villa"
"Chibuike Nwaiwu","Trabzonspor"
"Aristide Zossou","Auxerre"
"Aristide Zossou","Dunkerque"
"Vasilije Adžić","Juventus"
"Vasilije Adžić","Sassuolo"
"Jesús Díaz","Cúcuta Deportivo"
"Jesús Díaz","Raków Częstochowa"
"Jesús Díaz","Zagłębie Lubin"
"Tanto Olaofe","Charlton Athletic"
"Tanto Olaofe","Lincoln City"
"Tanto Olaofe","Stockport County"
"Shaun Rooney","Fleetwood Town"
"Amine Gouiri","Olympique de Marseille"
"Fabricio Pérez","Estudiantes"
"Farouck Adekami","Antwerp"
"Ousseynou Niang","Union Saint-Gilloise"
"Kim Min-Su","FC Andorra"
"Kim Min-Su","Girona"
"Kim Min-Su","Rangers"
"Giorgi Sheliya","FK Akhmat Grozny"
"Ryan Naderi","Rangers"
"Daniil Lesovoy","Dynamo Makhachkala"
"Daniil Lesovoy","Nizhny Novgorod"
"Tomy Marqués","Barcelona"
"Tomy Marqués","Sporting Braga"
"Jan Virgili","Club Brugge"
"Jan Virgili","Mallorca"
"Jofre Torrents","Ajax"
"Jofre Torrents","Barcelona"
"Dro Fernández","Barcelona"
"Dro Fernández","Paris Saint-Germain"
"Víctor Valdepeñas","Fiorentina"
"Víctor Valdepeñas","Real Madrid"
"Daniil Khlusevich","FK Akhmat Grozny"
"Daniil Khlusevich","Spartak Moscow"
"Paolo Calione","Nacional"
"Gabriele Parlanti","Carrarese Calcio 1908"
"Kevin Trapp","Paris FC"
"Ismael Silva","FK Akhmat Grozny"
"Maksim Nenakhov","Lokomotiv Moscow"
"Lechi Sadulaev","FK Akhmat Grozny"
"Eryk Kozłowski","Jagiellonia Białystok"
"Arsen Adamov","FK Akhmat Grozny"
"Arsen Adamov","Zenit St. Petersburg"
"Vitali Gudiev","Akron"
"Felipe Chávez","Bayern Munich"
"Felipe Chávez","FC Köln"
"Lucas Mbamba","Westerlo"
"Flávio Gonçalves","Sporting CP"
"Guilherme Peixoto","Twente"
"Kerim Alajbegovic","Juventus"
"Kerim Alajbegovic","Salzburg"
"Dastan Satpaev","Burnley"
"Dastan Satpaev","Kairat"
"Calegari","Eyüpspor"
"Jules Koundé","Barcelona"
"Cathal McCarthy","Hull City"
"Cathal McCarthy","Kilmarnock"
"Matheus Mendes","Alverca"
"Gabriel Silva","Santa Clara"
"Gabriel Silva","Sporting Braga"
"George Birch","Exeter City"
"Caio Alexandre","Bahia"
"Leandro Lozano","Argentinos Juniors"
"Leandro Lozano","Boca Juniors"
"Agustín Nadruz","CA Sarmiento"
"Agustín Nadruz","Cobresal"
"Nicolás Quagliata","Central Córdoba SdE"
"Nicolás Quagliata","Melgar"
"Luca Sirch","Kaiserslautern"
"Luca Sirch","SV 07 Elversberg"
"Joseph Opoku","Swansea City"
"Joseph Opoku","Zulte Waregem"
"Exequiel Mereles","Central Español"
"Exequiel Mereles","Nacional"
"Camilo Durán","Celtic"
"Camilo Durán","Qarabağ FK"
"Marlon Freitas","Botafogo"
"Marlon Freitas","Palmeiras"
"João Victor","CSKA Moscow"
"Ben Purrington","Bristol Rovers"
"Ben Purrington","Cambridge United"
"Emmanuel Tsimba","BSC Young Boys"
"Emmanuel Tsimba","Grasshopper"
"Emmanuel Tsimba","Westerlo"
"Yhoan Andzouana","Konyaspor"
"Joaquín Tobio Burgos","Estudiantes"
"Harry Ashfield","Cheltenham Town"
"Harry Ashfield","Wrexham"
"Matthieu Udol","Lens"
"Fabio Miretti","Beşiktaş"
"Fabio Miretti","Juventus"
"Iván Morante","Burgos"
"Iván Morante","Girona"
"Enzo Barrenechea","Benfica"
"Óscar Aranda","Famalicão"
"Peter González","Górnik Zabrze"
"Peter González","Real Valladolid"
"Kevin Prieto","Casa Pia AC"
"Juan Pintado","Nacional"
"Juan Pintado","Unión"
"Daniel","FC Dallas"
"Daniel","San Jose Earthquakes"
"Facundo Torres","Austin FC"
"Facundo Torres","Palmeiras"
"Sergio Núñez","Barcelona"
"Sergio Núñez","Huachipato"
"N.Ato-Zandanga","FC Wil 1900"
"Agustín Álvarez","Racing"
"Agustín Álvarez","Sporting Cristal"
"Luke Cundle","Millwall"
"Balthazar Pierret","Lecce"
"Balthazar Pierret","Red Star FC"
"Galymzhan Kenzhebek","FK Akhmat Grozny"
"Alistair Johnston","Celtic"
"Keyan Varela","Greuther Fürth"
"Keyan Varela","Servette"
"Mauro Perkovic","Cracovia Kraków"
"Tom Ducrocq","Bastia"
"Tom Ducrocq","Guingamp"
"Loum Tchaouna","Burnley"
"Loum Tchaouna","Coventry City"
"Guéla Doué","Strasbourg"
"Andy Diouf","Inter Milan"
"Andy Diouf","Lens"
"Cesare Casadei","Torino"
"Mathys Tel","Tottenham Hotspur"
"Lesley Ugochukwu","Burnley"
"Lesley Ugochukwu","Galatasaray"
"Théo Eyoum","Le Mans"
"Hénoc Manassé Lukembila","FC Stade Lausanne-Ouchy"
"Timon Weiner","Holstein Kiel"
"Batista Mendy","Sevilla"
"Batista Mendy","Trabzonspor"
"Anthony Racioppi","Sion"
"Sam Sanna","Stade Lavallois"
"Dominik Javorcek","Bohemians 1905"
"Dominik Javorcek","Slavia Praha"
"Samuele Inacio","Borussia Dortmund"
"Tenton Yenne","Baltika"
"Deniz Ofli","Bayern Munich"
"Deniz Ofli","Karlsruher SC"
"Lennart Karl","Bayern Munich"
"Chanse Headman","Bromley"
"Chanse Headman","Harrogate Town"
"Snayder Vladimir Porozo Caicedo","Antwerp"
"Snayder Vladimir Porozo Caicedo","Aucas"
"Mohamed Bangoura","FC Zürich"
"Lucas Herrington","Brisbane Roar"
"Lucas Herrington","Colorado Rapids"
"Lucas Herrington","Hull City"
"Jan Urbich","Borussia Mönchengladbach"
"Jan Urbich","Eintracht Braunschweig"
"Calebe","Deportivo Alavés"
"Calebe","Fortaleza"
"Calebe","Internacional"
"Aron Rodríguez","Independiente del Valle"
"Laurent Seji","FC Stade Lausanne-Ouchy"
"Laurent Seji","Rapperswil-Jona"
"Simon Ngapandouetnbu","Montpellier"
"Tom Sang","Shrewsbury Town"
"Kristian Hlynsson","Twente"
"Joel Ideho","FC Volendam"
"Joel Ideho","Sparta Rotterdam"
"Gorka Carrera","Real Sociedad"
"Gorka Carrera","Real Sociedad B"
"Marko Perovic","Almería"
"Marko Perovic","Raków Częstochowa"
"Sergio Díaz","Barcelona"
"Sergio Díaz","Club Sportivo Luqueño"
"Chico da Costa","Cerro Porteño"
"Chico da Costa","Cruzeiro"
"Sascha Britschgi","Luzern"
"Sascha Britschgi","Parma Calcio 1913"
"Diego Díaz","Racing Santander"
"Nathan Mbala","Metz"
"Jahyann Pandore","Metz"
"Sebastian Nebyla","FK Jablonec"
"Charlie Cummins","Exeter City"
"Aleksandr Rudenko","Lokomotiv Moscow"
"Jusuf Gazibegovic","FC Köln"
"Jusuf Gazibegovic","Widzew Łódź"
"Roko Simic","Karlsruher SC"
"Roko Simic","Magdeburg"
"Lucas Alcázar","CD Castellón"
"Marko Bulat","Raków Częstochowa"
"Prince Ampem","Eyüpspor"
"Prince Ampem","Shanghai Port"
"Deni Jurić","Wisła Płock"
"Raphael Rodrigues","Coventry City"
"Raphael Rodrigues","Wigan Athletic"
"Djibril Coulibaly","OGC Nice"
"Krys Kouassi","Cercle Brugge"
"Bogdan Racovițan","Raków Częstochowa"
"Waniss Taïbi","Hannover 96"
"Adrien Truffert","AFC Bournemouth"
"Maxime Dubosson","Sion"
"Maxime Dubosson","Étoile Carouge FC"
"Ilan Kebbal","Paris FC"
"Demba Thiam","US Boulogne"
"Eric Porstner","Nürnberg"
"Victor Lobry","Amiens"
"Victor Lobry","Sochaux"
"David van der Werff","FC Groningen"
"Nampalys Mendy","Metz"
"Nampalys Mendy","Watford"
"Unax del Cura","Leganés"
"Unax del Cura","Mirandés"
"Thiago Borbas","Atlético Mineiro"
"Thiago Borbas","Real Oviedo"
"Enzo Basilio","Nancy"
"Yassine Benhattab","Nantes"
"Yassine Benhattab","Stade de Reims"
"Yanis Cimignani","Lugano"
"Alec Georgen","Dunkerque"
"Alec Georgen","Lorient"
"Bradley Danger","Red Star FC"
"Jaouen Hadjam","BSC Young Boys"
"Ousmane Camara","Angers"
"Luis Palma","Lech Poznan"
"Louis Patris","Sint-Truiden"
"Louis Patris","Union Saint-Gilloise"
"Mariusz Fornalczyk","Widzew Łódź"
"Reggie Walsh","Chelsea"
"Reggie Walsh","Wigan Athletic"
"Arda Yavuz","Eyüpspor"
"Chrislain Matsima","Augsburg"
"Arkadiusz Pyrka","St. Pauli"
"Raphaël Le Guen","Stade Brestois"
"Christian Vásquez","Atlético Grau"
"Christian Vásquez","Comerciantes Unidos"
"Bruno Barticciotto","Santos Laguna"
"Bruno Barticciotto","Talleres de Córdoba"
"Colin Kleine-Bekel","Bochum"
"Colin Kleine-Bekel","St. Gallen"
"Adrian Bajrami","Luzern"
"Adrian Bajrami","Sporting Braga"
"Alexandre Penetra","AZ Alkmaar"
"Alexandre Penetra","Çorum"
"Jérémy Le Douaron","Palermo"
"Simon Cerny","Bohemians 1905"
"Diego Enríquez","Sporting Cristal"
"Leon Parduzi","Holstein Kiel"
"Evann Guessand","Aston Villa"
"Evann Guessand","Crystal Palace"
"Dan Ndoye","Nottingham Forest"
"Alexis Trouillet","Rodez"
"Alexis Trouillet","Standard Liège"
"Victor Parada","Deportivo Alavés"
"Victor Parada","Spartak Moscow"
"Evgeniy Morozov","Lokomotiv Moscow"
"Juan Díaz","Cádiz"
"Dylan Jones","Tranmere Rovers"
"Carlos Macià","Villarreal"
"Guillermo de Amores","Millonarios"
"Guillermo de Amores","Peñarol"
"Bartosz Nowak","Katowice"
"Alessio Cacciamani","Juve Stabia"
"Alessio Cacciamani","Torino"
"Rafał Leszczyński","Wisła Płock"
"Diogo Mendes","Étoile Carouge FC"
"Aleks Ławniczak","Zagłębie Lubin"
"Kajetan Szmyt","Jagiellonia Białystok"
"Kajetan Szmyt","Zagłębie Lubin"
"Bernard Nguene","OGC Nice"
"Bernard Nguene","Standard Liège"
"Grzegorz Tomasiewicz","Piast Gliwice"
"Grzegorz Tomasiewicz","Śląsk Wrocław"
"Nacho Pérez","Levante UD"
"Kareem Tunde","Levante UD"
"Kareem Tunde","West Bromwich Albion"
"Antonin Rusek","FK Jablonec"
"Antonin Rusek","Sigma Olomouc"
"Jakub Cernin","Zlín"
"Jiri Floder","Mladá Boleslav"
"Johannes Schenk","Beveren"
"Johannes Schenk","Preußen Münster"
"Landry Nomel","FC Stade Lausanne-Ouchy"
"Landry Nomel","Sochaux"
"Gabriël Reiziger","PEC Zwolle"
"David Mokwa","SV 07 Elversberg"
"François Lajugie","FC Annecy"
"Luke Brooke-Smith","Portsmouth"
"Luke Brooke-Smith","Wellington Phoenix"
"Oh Hyun-Gyu","Beşiktaş"
"Oh Hyun-Gyu","KRC Genk"
"Noah Cadiou","Lorient"
"Anthony Oyono","Frosinone"
"Doni Arifi","Greuther Fürth"
"Rigoberto Rivas","Kocaelispor"
"Tom Hamer","Lincoln City"
"Joaquín Valiente","Barcelona"
"Joaquín Valiente","FC Dallas"
"Emmanuel Lath","Atlanta United"
"Emmanuel Lath","Union Berlin"
"Julien Maggiotti","Stade Lavallois"
"Amine El Ouazzani","Angers"
"Amine El Ouazzani","Sporting Braga"
"Maxime Bernauer","Saint-Étienne"
"Billal Brahimi","Estrela Amadora"
"Billal Brahimi","Le Mans"
"Billal Brahimi","OGC Nice"
"Jakub Martinec","FK Jablonec"
"Jakub Martinec","Sparta Praha"
"Tomas Cvancara","Antalyaspor"
"Tomas Cvancara","Celtic"
"Tomas Solil","FK Pardubice"
"Vojtech Sychra","FK Pardubice"
"Vojtech Sychra","Slovan Liberec"
"Marco Saravia","Defensor Sporting"
"Marco Saravia","Progreso"
"Matej Valenta","Hradec Králové"
"Matej Valenta","Viktoria Plzen"
"Martin Kralik","Mladá Boleslav"
"Georgi Melkadze","FK Akhmat Grozny"
"Jan Vondra","Bohemians 1905"
"David Brooks","AFC Bournemouth"
"Ramon","EC Vitória"
"Ramon","Internacional"
"David Sousa","Casa Pia AC"
"Julien Le Cardinal","Saint-Étienne"
"Julien Le Cardinal","Stade Brestois"
"Damien Durand","Red Star FC"
"Liam Lindsay","Preston North End"
"Tom Bradshaw","Barnsley"
"Tom Bradshaw","Oxford United"
"Tom Bradshaw","Rotherham United"
"Alisson Souza","Estrela Amadora"
"Agon Rexhaj","Basel"
"Agon Rexhaj","FC Wil 1900"
"Giacomo Koloto","Basel"
"Yannik Wagner","FC Heidenheim"
"Vladyslav Kochergin","Raków Częstochowa"
"Youssoupha Niang","FC Köln"
"Youssoupha Niang","St. Pauli"
"Andy Yiadom","AFC Wimbledon"
"Andy Yiadom","Reading"
"Yegor Yarmolyuk","Brentford"
"José Miguel Andrade","Aucas"
"José Miguel Andrade","Guayaquil City"
"Barney Stewart","Falkirk"
"Barney Stewart","West Bromwich Albion"
"Christian Kofane","Bayer Leverkusen"
"Dani Bernabéu","Albacete"
"Martim Neto","Elche"
"Olivier Aertssen","PEC Zwolle"
"Patrick Zabi","Paris FC"
"Patrick Zabi","Stade de Reims"
"Casper Terho","OH Leuven"
"Casper Terho","Sparta Rotterdam"
"Louis Lemke","Hamburger SV"
"Yusuf Sari","Istanbul Basaksehir"
"Samy Benchama","Rodez"
"Dalibor Vecerka","Teplice"
"Davy Gui","Alverca"
"Johann Lepenant","Nantes"
"Gerzino Nyamsi","Lokomotiv Moscow"
"Uchenna Ogundu","Alanyaspor"
"Uchenna Ogundu","Augsburg"
"Michael Ademir Rasmussen Grados","FC Cajamarca"
"Michael Ademir Rasmussen Grados","UTC Cajamarca"
"Paolo Reyna","Juan Pablo II College"
"Paolo Reyna","Universitario"
"Sidi Bane","AVS"
"Sidi Bane","Stade Lavallois"
"Fodé Doucouré","Le Havre"
"Eser Gürbüz","SC Heerenveen"
"Eser Gürbüz","Willem II"
"Lucas Gourna-Douath","Hull City"
"Lucas Gourna-Douath","Le Havre"
"Lucas Gourna-Douath","Salzburg"
"Saidou Sow","Clermont Foot"
"Saidou Sow","Nantes"
"Mohamed-Ali Cho","Hull City"
"Mohamed-Ali Cho","OGC Nice"
"Lucca","São Paulo"
"Hennes Behrens","Augsburg"
"Hennes Behrens","FC Heidenheim"
"Raúl Ignacio Cabral","Sportivo Ameliano"
"Raúl Ignacio Cabral","Vélez Sarsfield"
"Manuel Fernández","Tigre"
"Manuel Fernández","Vélez Sarsfield"
"Matías Pérez","La Serena"
"Matías Pérez","Lecce"
"Vitalie Becker","Schalke 04"
"Matej Kovar","PSV Eindhoven"
"Ángel Pérez","Deportivo Alavés"
"Ángel Pérez","Huesca"
"Ethan Noah Brandy","Stade Nyonnais"
"Jonatan Stiven Mayorga Oviedo","Bellinzona"
"Jonatan Stiven Mayorga Oviedo","Yverdon Sport FC"
"Syb van Ottele","Fortuna Sittard"
"Sergio Sanabria","Club 2 de Mayo"
"Sergio Sanabria","Puebla"
"Eduar Arízalas","Cúcuta Deportivo"
"Eduar Arízalas","Rionegro"
"Ethan Pinnock","Brentford"
"Ethan Pinnock","Coventry City"
"Wael Mohya","Borussia Mönchengladbach"
"Harold Voyer","Le Mans"
"Hacene Benali","Pau"
"Hacene Benali","Red Star FC"
"Devon Matthews","Accrington Stanley"
"Alioune Ndoye","Vitória Guimarães"
"Antonee Robinson","Fulham"
"Filip Sancl","Baník Ostrava"
"Filip Sancl","FK Pardubice"
"Matías Zaldivia","Universidad de Chile"
"Bruno Gustavo Arady Mata","CA Juventud"
"Bruno Gustavo Arady Mata","Nacional"
"Cheikh Mbacké Diop","Aalesund"
"Cheikh Mbacké Diop","Brann"
"Bright Ede","Motor Lublin"
"Bright Ede","RC Deportivo La Coruña"
"Peter Kareem","Bohemians 1905"
"Elkin Rivero","Atlético Nacional"
"Karol Czubak","Motor Lublin"
"Luis Carlos Abreu Benegas","Olimpia"
"Luis Carlos Abreu Benegas","Sportivo Trinidense"
"Julian Baas","Sparta Rotterdam"
"Djenairo Daniels","Kilmarnock"
"Derensili Sanches Fernandes","Excelsior"
"Derensili Sanches Fernandes","Huddersfield Town"
"Hugo Granados","FC Andorra"
"Hugo Granados","Getafe"
"Hamza Choudhury","Leicester City"
"Hamza Choudhury","Sheffield United"
"Ville Koski","Deportivo Alavés"
"Alexandro Mendieta","Club Guaraní"
"Alexandro Mendieta","Talleres de Córdoba"
"Neville Nwankwo","FC Utrecht"
"Neville Nwankwo","Telstar"
"Neil Volken","FC Zürich"
"Patrick Pflücke","Mechelen"
"Patrick Pflücke","Sporting Charleroi"
"Benjamin Bouchouari","Trabzonspor"
"Juan Cabrera","Greuther Fürth"
"Juan Cabrera","Vaduz"
"Carlos Gómez","Alianza Lima"
"Carlos Gómez","FC Cajamarca"
"Felipe Villagrán","Cobresal"
"Felipe Villagrán","Everton"
"Alessio Castellini","Mantova"
"Konrad Ciszek","Korona Kielce"
"Jiri Hamza","FK Pardubice"
"Jiri Hamza","Slovácko"
"Joe Willock","Newcastle United"
"Jiri Slama","FK Jablonec"
"Jiri Slama","Sigma Olomouc"
"Leandro Nicolás Umpiérrez","Peñarol"
"Samuel Simek","FK Pardubice"
"Hyllarion Goore","Gent"
"Jan Bednarek","FC Porto"
"Érick Wiemberg Higuera","Colo Colo"
"Shion Shinkawa","Sint-Truiden"
"Ramiro Mori","Estudiantes"
"Rafael Garrido","Málaga"
"Jerry Afriyie","KRC Genk"
"Jerry Afriyie","RAAL La Louvière"
"Josué Ovalle","Everton"
"Josué Ovalle","Mazatlán"
"Paul Mendy","Cagliari"
"Dean James","Go Ahead Eagles"
"Rafael Azpiazu","Aucas"
"Rafael Azpiazu","Clube do Remo"
"José Silva","FC Arouca"
"José Silva","Gil Vicente"
"Attila Szalai","Kasımpaşa"
"Attila Szalai","Pogoń Szczecin"
"Filip Krastev","Göztepe"
"Filip Krastev","Oxford United"
"Tim Siersleben","FC Heidenheim"
"Hugo Cortés","FC Andorra"
"Hugo Cortés","Villarreal"
"Shayne Lavery","Cambridge United"
"Kevin Quevedo","Alianza Lima"
"Ladislav Almasi","Baník Ostrava"
"Ladislav Almasi","Bohemians 1905"
"A.Gutiérrez Inga","ADT"
"A.Gutiérrez Inga","FC Cajamarca"
"Lucas Silva","Luzern"
"Zak Swanson","Portsmouth"
"Iker Álvarez","Córdoba CF"
"Danila Godyaev","Lokomotiv Moscow"
"Ilyas Akhmedov","Dynamo Makhachkala"
"Gonzalo Tapia","Columbus Crew"
"Gonzalo Tapia","São Paulo"
"Dzhamalutdin Abdulkadyrov","CSKA Moscow"
"Dzhamalutdin Abdulkadyrov","FK Akhmat Grozny"
"Josh Key","Swansea City"
"Ryley Towler","Lincoln City"
"Vadim Ulianov","FK Akhmat Grozny"
"Rafal Janicki","Górnik Zabrze"
"Leonardo Flores","Atlético Bucaramanga"
"Saúl Alejandro Guarirapa Briceño","Sochi"
"Saúl Alejandro Guarirapa Briceño","Zhejiang Professional"
"Sebastian Szymanski","Fenerbahçe"
"Sebastian Szymanski","Rennes"
"Nuraly Alip","Zenit St. Petersburg"
"Diego Viera","Libertad"
"Iván Franco","Libertad"
"Adrián Martínez","Racing Club"
"Matías Espinoza","Libertad"
"Lucas Sanabria","Libertad"
"Rodrigo Bogarín","Barracas Central"
"Rodrigo Bogarín","Querétaro"
"Raimonds Krollis","Slovan Liberec"
"Kamil Jóźwiak","Jagiellonia Białystok"
"Ilija Maslarov","Lugano"
"Ilija Maslarov","Rapperswil-Jona"
"Juan Delgado","Alianza Lima"
"Juan Delgado","Club Alianza Atlético Sullana"
"Love Arrhov","Eintracht Frankfurt"
"Ethan Clavreul","Stade Lavallois"
"Tiago Hernández","AVS"
"Tiago Hernández","Deportes Limache"
"Mattias Käit","Thun"
"Karl Hein","Werder Bremen"
"Jasmin Burić","Zagłębie Lubin"
"Vlasiy Sinyavskiy","Baník Ostrava"
"Vlasiy Sinyavskiy","Bohemians 1905"
"Robert Gumny","Lech Poznan"
"Gibril Sosseh","Bohemians 1905"
"Gibril Sosseh","Slovácko"
"Roger Hinojo","CyD Leonesa"
"Roger Hinojo","Espanyol"
"Artur Jędrzejczyk","Legia Warszawa"
"Géza Dávid Turi","Grimsby Town"
"Stas Kornzeniowski","Philadelphia Union"
"Stas Kornzeniowski","Rhode Island"
"Curtis Nelson","Derby County"
"Curtis Nelson","Milton Keynes Dons"
"Visar Musliu","Sint-Truiden"
"Ebou Adams","Derby County"
"Ebou Adams","Portsmouth"
"Kevin Arevalo","Akron"
"Kaly","Casa Pia AC"
"Artem Khmarin","FK Krasnodar"
"Matthew Pennington","Bradford City"
"Adam Forshaw","Blackburn Rovers"
"Paudie O'Connor","Reading"
"Rodrigo Villalba","Cerro Porteño"
"Rodrigo Villalba","Club 2 de Mayo"
"Roberto Fernández","Akron"
"Guillermo Viscarra","Alianza Lima"
"Kalvin Phillips","Sheffield United"
"Seiji Kimura","Westerlo"
"Rodney Redes","LDU Quito"
"Rodney Redes","Olimpia"
"Rodrigo Fernández Cedrés","Huracán"
"Rodrigo Fernández Cedrés","Independiente"
"Jhohan Romaña","León"
"Jhohan Romaña","San Lorenzo de Almagro"
"Guillermo Benítez","Cerro Porteño"
"Jorge Morel","Cerro Porteño"
"Ángel Benítez","Club Sportivo Luqueño"
"Ángel Benítez","San Lorenzo"
"José Florentín","Central Córdoba SdE"
"José Florentín","Independiente Rivadavia"
"Hernán Lópes","Cúcuta Deportivo"
"Hernán Lópes","Rionegro"
"Walter Clar","Atlante"
"Walter Clar","Chapecoense"
"Jachym Sip","Sigma Olomouc"
"Dion Gallapeni","Widzew Łódź"
"Dion Gallapeni","Wisła Płock"
"Cristian Makaté","RAAL La Louvière"
"Cristian Makaté","Union Saint-Gilloise"
"Ryan Hedges","Blackburn Rovers"
"Ryan Hedges","Derby County"
"Julio Enciso","Ipswich Town"
"Julio Enciso","Strasbourg"
"Tony Leone","Pumas UNAM"
"Ezgjan Alioski","Lugano"
"Dante Sealy","CF Montreal"
"Dante Sealy","Colorado Rapids"
"Iván Ramírez","Cerro Porteño"
"Iván Ramírez","Libertad"
"Dmitriy Nikitin","Baltika"
"Richard Ortiz","Olimpia"
"Harvey Barnes","Newcastle United"
"Hernesto Caballero","Libertad"
"Jorge Recalde","Libertad"
"Juan José Cáceres","Dinamo Moscow"
"Daniel Phillips","Stevenage"
"Moussa Sylla","Schalke 04"
"Piero Cari","Alianza Lima"
"Said Yurivilca","ADT"
"Said Yurivilca","FC Cajamarca"
"Y.Diomande","RB Leipzig"
"Y.Diomande","Real Madrid"
"Jon Morcillo","Albacete"
"Jon Morcillo","Almería"
"Oier Zarraga","Udinese"
"Michael Adedokun","Hartford Athletic"
"Michael Adedokun","Lexington SC"
"Harry Leonard","Peterborough United"
"Lorenzo Bittarelli","Yverdon Sport FC"
"Charlie Whitaker","Tranmere Rovers"
"Stanley Mills","Oxford United"
"Stanley Mills","Preston North End"
"Tyrese Campbell","Sheffield United"
"Isaac Price","West Bromwich Albion"
"Thierry Small","Preston North End"
"Salieu Drammeh","Lillestrøm"
"Salieu Drammeh","Standard Liège"
"Lewis Warrington","Tranmere Rovers"
"Lewis Warrington","Walsall"
"Tom Cannon","Sheffield United"
"Luke Butterfield","Accrington Stanley"
"Luke Butterfield","Chesterfield"
"Ali Kol","Kasımpaşa"
"Henry Bendezu","Cienciano"
"Henry Bendezu","Sporting Cristal"
"Diego Sánchez","Tigres UANL"
"İrfan Eğribayat","Fenerbahçe"
"İrfan Eğribayat","Gençlerbirligi"
"İrfan Eğribayat","Samsunspor"
"Viktor Johansson","Stoke City"
"Tyrhys Dolan","Espanyol"
"Jay Matete","Milton Keynes Dons"
"Believe Munongo","Metz"
"Tom Holmes","Luton Town"
"Tom Holmes","Rotherham United"
"Tómas Magnússon","Hearts"
"Otávio","Eintracht Frankfurt"
"Otávio","Estrela Amadora"
"Marlon Fossey","Standard Liège"
"Emiliano Chiavassa","Talleres de Córdoba"
"Ricardo Santos","Sheffield Wednesday"
"Ricardo Santos","Swansea City"
"Liam Gordon","Port Vale"
"Ben Osborn","Stockport County"
"Andrija Bulatovic","Lens"
"Renato Nhaga","Casa Pia AC"
"Renato Nhaga","Galatasaray"
"Matty Cash","Aston Villa"
"Álex Martín","Córdoba CF"
"Adalberto Carrasquilla","Pumas UNAM"
"Ben Díaz","Derby County"
"Ben Díaz","Sheffield United"
"Ben Díaz","Southampton"
"Morgan Guilavogui","Lens"
"Morgan Guilavogui","Real Salt Lake"
"Aaron Drinan","Swindon Town"
"Jack Walton","Cambridge United"
"Jack Walton","Dundee United"
"Jack Walton","Preston North End"
"Kyle Joseph","Hull City"
"Kyle Joseph","Middlesbrough"
"Thelo Aasgaard","Rangers"
"Jofre Carreras","Espanyol"
"Oriol Rey","Levante UD"
"Kuki Zalazar","AD Ceuta FC"
"Jérémy Blasco","RKS Radomiak Radom"
"Robert Navarro","Athletic Club"
"Bojan Radulovic","Huddersfield Town"
"Erik Ring","Kilmarnock"
"Erik Ring","Lincoln City"
"Ajdin Hasic","Cracovia Kraków"
"Dominik Holec","Baník Ostrava"
"Dominik Holec","Piast Gliwice"
"Charlie Barker","Crawley Town"
"Michal Sevcik","Legia Warszawa"
"Michal Sevcik","Mladá Boleslav"
"Ryan Longman","Wrexham"
"Matthew Cox","Barnet"
"Matthew Cox","Shrewsbury Town"
"Ivan Emanuel Ramirez Ferreira","Club Guaraní"
"Ivan Emanuel Ramirez Ferreira","Libertad"
"Isaac England","Shrewsbury Town"
"Julian Lægreid","Brann"
"Ryan Astley","Dundee"
"Joseph Anderson","Accrington Stanley"
"Joseph Anderson","Barrow"
"Eren Elmali","Galatasaray"
"Cameron McJannett","Grimsby Town"
"Gabri Veiga","FC Porto"
"Wilitty Younoussa","Nantes"
"Wilitty Younoussa","Rodez"
"Álvaro Fidalgo","América"
"Álvaro Fidalgo","Real Betis"
"Prosper Peter","Angers"
"Pablo García","Sporting Gijón"
"Daniel Harvie","Wycombe Wanderers"
"Warren O'Hora","Hibernian"
"Fran García","Real Betis"
"Fran García","Real Madrid"
"Souleymane Keita","Dunkerque"
"Souleymane Keita","US Boulogne"
"David Min","FC Utrecht"
"Ahmed Touba","Le Havre"
"Ahmed Touba","Panathinaikos"
"Aaron Tshibola","Kilmarnock"
"Million Manhoef","Stoke City"
"Rubén Pulido","Leganés"
"Kyriakos Savvidis","Wisła Płock"
"Vincent Harper","Exeter City"
"Vincent Harper","Walsall"
"Alan Ledesma","Club Rubio Nu"
"Alan Ledesma","Olimpia"
"Mete Demir","Eyüpspor"
"David Kozel","Mladá Boleslav"
"Moncef Zekri","Mechelen"
"Yevgen Cheberko","Columbus Crew"
"Yevgen Cheberko","LAFC"
"Justin Amaluzor","Grimsby Town"
"Pejiño","Eibar"
"Pejiño","Las Palmas"
"Rober González","Albacete"
"Rober González","NEC"
"Rober González","Real Zaragoza"
"Alberto Moleiro","Villarreal"
"Neal Maupay","Olympique de Marseille"
"Neal Maupay","Sevilla"
"Derrick Köhn","Union Berlin"
"Jasper Dahlhaus","Fortuna Sittard"
"Jan Zika","Mladá Boleslav"
"John Auta","Teplice"
"Chris Mepham","West Bromwich Albion"
"Eric Hunál","Dukla Praha"
"Eric Hunál","Zbrojovka Brno"
"John Egan","Hull City"
"José Tavares","Santa Clara"
"Ryan Woods","Oldham Athletic"
"Kamil Nowogoński","Zagłębie Lubin"
"Luca Hoole","Shrewsbury Town"
"Hugo Sochůrek","Sparta Praha"
"Vít Škrkoň","Baník Ostrava"
"Nour Boulkous","Étoile Carouge FC"
"Daniel Bentley","Wolverhampton Wanderers"
"Jesse Debrah","Bromley"
"Jesse Debrah","Port Vale"
"Alfredo Midence","Lexington SC"
"Alfredo Midence","Sacramento Republic"
"Owura Edwards","Colchester United"
"Owura Edwards","Peterborough United"
"Jacob Mendy","Bromley"
"Jacob Mendy","Peterborough United"
"Tomáš Ulbrich","Zlín"
"Filip Cihak","Hradec Králové"
"Myles Hippolyte","AFC Wimbledon"
"Jordi Mboula","CyD Leonesa"
"Jordi Mboula","Henan Songshan Longmen"
"Lukas Nmecha","Leeds United"
"Lewis Gordon","Chesterfield"
"Tobías Andrada","River Plate"
"Tobías Andrada","Vélez Sarsfield"
"Dilan Godoy","Vélez Sarsfield"
"Konstantinos Mavropanos","West Ham United"
"Danil Prutsev","Lokomotiv Moscow"
"Danil Prutsev","Spartak Moscow"
"Loris Giandomenico","Grasshopper"
"Loris Giandomenico","Rapperswil-Jona"
"Eliáš pitak","Slavia Praha"
"Marko Soldic","Nürnberg"
"Krystian Pomorski","Wisła Płock"
"Enzo Loiodice","Las Palmas"
"Danilo Orsi","AFC Wimbledon"
"Danilo Orsi","Crawley Town"
"Joe Tomlinson","Cheltenham Town"
"Joe Tomlinson","Milton Keynes Dons"
"Mathews Banda","Bohemians 1905"
"Nicke Kabamba","Bromley"
"Jules Ahoka","Antwerp"
"Andrews Adjabeng","Real Sociedad B"
"Tylel Tati","Nantes"
"Pedro Ferreira","Santa Clara"
"Arthur Read","Colchester United"
"Arthur Read","York City"
"Remeao Hutton","Chesterfield"
"Remeao Hutton","Gillingham"
"Davis Keillor-Dunn","Barnsley"
"Davis Keillor-Dunn","Wrexham"
"Kacper Karasek","Motor Lublin"
"Kacper Karasek","RKS Radomiak Radom"
"Wiktor Nowak","Slavia Praha"
"Wiktor Nowak","Wisła Płock"
"Matěj Vydra","Viktoria Plzen"
"Elias Hagen","Aalesund"
"Elias Hagen","Vålerenga"
"Craig Forsyth","Derby County"
"Andreas Weimann","Cheltenham Town"
"Andreas Weimann","Derby County"
"Agustín Álvarez","Monza"
"Agustín Álvarez","Talleres de Córdoba"
"Terry Taylor","Northampton Town"
"Terry Taylor","Stevenage"
"Lee O'Connor","Tranmere Rovers"
"Jamie Reid","Stevenage"
"Marco Grüll","Werder Bremen"
"Zan Rogelj","Sporting Charleroi"
"Zan Rogelj","Wisła Płock"
"Luka Lochoshvili","FC Köln"
"Luka Lochoshvili","Nürnberg"
"Charlie Cresswell","Rennes"
"Charlie Cresswell","Toulouse"
"Kamil Jakubczyk","Arka Gdynia"
"Kamil Jakubczyk","Korona Kielce"
"Quentin Boisgard","Piast Gliwice"
"Jaidon Anthony","Brentford"
"Jaidon Anthony","Burnley"
"Ibe Hautekiet","Standard Liège"
"Milan Gajic","CSKA Moscow"
"Mitchy Ntelo","Aberdeen"
"Mitchy Ntelo","Yverdon Sport FC"
"Mehmet Aydin","Eintracht Braunschweig"
"Merlin Röhl","Everton"
"Merlin Röhl","Freiburg"
"Noah Atubolu","Eintracht Frankfurt"
"Noah Atubolu","Freiburg"
"Pablo Ortiz","Baník Ostrava"
"Pablo Ortiz","Junior"
"Morgan Poaty","FC Lausanne Sport"
"Bautista Dadín","Aldosivi"
"Bautista Dadín","Independiente Rivadavia"
"Mustafa Eskihellaç","Trabzonspor"
"D.Longa","Inter Bogotá"
"D.Longa","Necaxa"
"Tiziano Perrotta","Banfield"
"Tiziano Perrotta","Defensa y Justicia"
"Luiz Júnior","Villarreal"
"Emil Tsenov","Orenburg"
"Samuel Akere","Widzew Łódź"
"Samuel Isife","Dukla Praha"
"Samuel Isife","Slavia Praha"
"Ruslan Myalkovsky","Lokomotiv Moscow"
"Stanislav Petruta","Zlín"
"Michal Cupak","Zlín"
"Emmanuel Fully","SK Artis Brno"
"Emmanuel Fully","Slavia Praha"
"Emmanuel Fully","Teplice"
"Soliu Afolabi","Slovan Liberec"
"Mohamed Amdouni","Burnley"
"Lavdrim Hajrulahu","FC Stade Lausanne-Ouchy"
"Lavdrim Hajrulahu","Neuchâtel Xamax"
"Daniel Barat","Sigma Olomouc"
"Daniel Barat","Slovácko"
"Aaron Opoku","Eintracht Braunschweig"
"Aaron Opoku","Kayserispor"
"Jamil Siebert","Fortuna Düsseldorf"
"Jamil Siebert","Lecce"
"Jan Elvedi","Greuther Fürth"
"Jan Elvedi","Kaiserslautern"
"Mateo Rodríguez","Juan Pablo II College"
"Mateo Rodríguez","Sporting Cristal"
"Thomas Carrique","FC Andorra"
"Arsen Zakharyan","Real Sociedad"
"Hugo Francisco Fernández Martínez","Libertad"
"Hugo Francisco Fernández Martínez","Olimpia"
"Jorge Rivaldo","Athletico Paranaense"
"Jorge Rivaldo","Rionegro"
"Adil Demirbağ","Konyaspor"
"Abdülkerim Bardakcı","Galatasaray"
"J.Ambassa","Rapperswil-Jona"
"Luc Essiena","Étoile Carouge FC"
"Mio Zimmermann","Luzern"
"Julián Illanes","Arezzo"
"Julián Illanes","Carrarese Calcio 1908"
"Rocco Reitz","Borussia Mönchengladbach"
"Rocco Reitz","RB Leipzig"
"Albin Demouchy","Guingamp"
"Massadio Haïdara","Kocaelispor"
"Valon Fazliu","FC Aarau"
"Valon Fazliu","Yverdon Sport FC"
"Jan Kronig","Sion"
"K.Bah","FC Stade Lausanne-Ouchy"
"Uchenna Nwannah","FC Wil 1900"
"Serxho Ujka","Zulte Waregem"
"Ian Struyf","Mechelen"
"Nikita Bazilevskiy","Akron"
"Kevin Spadanuda","FC Zürich"
"Kevin Spadanuda","Luzern"
"Natan Lawa","Pogoń Szczecin"
"Piet Scobel","Nürnberg"
"Donat Rrudhani","Sion"
"Mats Hammerich","Vaduz"
"Randy Schneider","FC Andorra"
"Randy Schneider","Winterthur"
"Alan Virginius","BSC Young Boys"
"Agustín Sienra","CD Castellón"
"Tibault Citherlet","Winterthur"
"Nikita Lobov","Fk Rubin Kazan"
"Destiny Udogie","Tottenham Hotspur"
"Pietro Boer","Juve Stabia"
"Jake Young","St Mirren"
"Jake Young","Stevenage"
"Tobias Brenan","Bromley"
"Tobias Brenan","Harrogate Town"
"Tobias Brenan","Wigan Athletic"
"Lee Thomas Jenkins","Newport County AFC"
"Martin Minchev","Cracovia Kraków"
"Jan Fortelny","FK Jablonec"
"Jan Fortelny","Teplice"
"Sandro Wyss","Luzern"
"Alexis Antunes","Göztepe"
"Alexis Antunes","Servette"
"Ayoube Amaimouni-Echghouyab","Eintracht Frankfurt"
"Omar Sillah","Greuther Fürth"
"Joel Monteiro","BSC Young Boys"
"Joël Schmied","FC Köln"
"Chadi Riad","Crystal Palace"
"Moussa Gbemou","Fortuna Sittard"
"Yassir Rahmouni","Go Ahead Eagles"
"Guillaume Trani","Red Star FC"
"Paul Venot","FC Annecy"
"T.Jelínek","FK Pardubice"
"T.Jelínek","Slavia Praha"
"T.Boledovič","FK Pardubice"
"P.Mirvald","Bohemians 1905"
"William Quentin","Le Mans"
"Sabah Kerjota","Hearts"
"Pierre Kabore","Hearts"
"Jamie Atangana","FC Stade Lausanne-Ouchy"
"Jamie Atangana","Servette"
"Umar Abubakar","Famalicão"
"E.Mbodji","Slavia Praha"
"E.Mbodji","Zulte Waregem"
"A.Bewene","Baník Ostrava"
"Enzo Boyomo","Osasuna"
"Matties Volckaert","Gent"
"Hadji Seck","Gent"
"Atanas Chernev","Estrela Amadora"
"Atanas Chernev","Kaiserslautern"
"Rojendro Oudsten","Telstar"
"Miguel Nogueira","Vitória Guimarães"
"Max Dyche","Northampton Town"
"Carlo Boukhalfa","St. Gallen"
"Anton Stach","Leeds United"
"Urko González de Zárate","Espanyol"
"Urko González de Zárate","Real Sociedad"
"Paul Will","Darmstadt 98"
"Paul Will","Greuther Fürth"
"Joshua-Williame Kana","RSC Anderlecht"
"Carlo Sickinger","Darmstadt 98"
"Carlo Sickinger","SV 07 Elversberg"
"Cole Jarvis","Newport County AFC"
"Matheo Raab","Union Berlin"
"Kilian Fischer","Wolfsburg"
"Carlos Forbs","Club Brugge"
"Rico Lewis","Manchester City"
"Shea Charles","Fulham"
"Shea Charles","Southampton"
"Callum Doyle","Wrexham"
"Juan Larios","CyD Leonesa"
"Juan Larios","Real Zaragoza"
"Roméo Lavia","Chelsea"
"Ron Schallenberg","Schalke 04"
"Eduard Sobol","FK Jablonec"
"João Gomes","Aston Villa"
"João Gomes","Wolverhampton Wanderers"
"Michal Frydrych","Baník Ostrava"
"Tyrese Shade","Burton Albion"
"Jakub Stolarczyk","Leicester City"
"Callum Wright","Hibernian"
"Callum Wright","Wigan Athletic"
"Tyler Onyango","Sheffield Wednesday"
"Tyler Onyango","Stockport County"
"Capita","RKS Radomiak Radom"
"Capita","Sporting Kansas City"
"Juan Zapata","Atlético Nacional"
"Jan Bořil","Slavia Praha"
"Jan Bořil","Slovan Liberec"
"Jorge Delgado","Real Valladolid"
"Efe Aghama","AD Ceuta FC"
"Efe Aghama","Cádiz"
"Efe Aghama","Huesca"
"Bastien Conus","FC Stade Lausanne-Ouchy"
"S.Martínez Montero","Racing Santander"
"Serge Müller","FC Aarau"
"Mick van Buren","Hradec Králové"
"Mathis Magnin","Rodez"
"Hélios Sessolo","Yverdon Sport FC"
"I.Belikov","Baltika"
"Herbert Bockhorn","Magdeburg"
"David Kasumu","Huddersfield Town"
"Kirill Danilov","CSKA Moscow"
"Antonios Papadopoulos","Lugano"
"Harrison Burke","Walsall"
"Kazbek Mukailov","FK Krasnodar"
"Kazbek Mukailov","Krylya Sovetov"
"Mario Gambin","Granada"
"Cristian Devenish","AVS"
"Cristian Devenish","Metz"
"Leo Román","Mallorca"
"Leo Román","RC Deportivo La Coruña"
"Ben Woodburn","Salford City"
"Jan Schöppner","FC Heidenheim"
"Júlio Romão","FK Akhmat Grozny"
"Júlio Romão","Ferencvaros"
"Moisés Mosquera","Juárez"
"Moisés Mosquera","Sporting Kansas City"
"Michal Hlavaty","FK Pardubice"
"Michal Hlavaty","Slovan Liberec"
"Gustavo Mantuan","Zenit St. Petersburg"
"Hugo Martínez","Deportes Limache"
"Hugo Martínez","Libertad"
"Alan Varela","FC Porto"
"Jackson Muleka","Konyaspor"
"Michel-Ange Balikwisha","Antwerp"
"Michel-Ange Balikwisha","Celtic"
"Michel-Ange Balikwisha","Gent"
"R.Russo","US Avellino"
"M.Fortin","Calcio Padova"
"M.Fortin","Palermo"
"P.Fusi","Calcio Padova"
"A.Capelli","Calcio Padova"
"M.Bortolussi","Calcio Padova"
"A.Franzoni","Virtus Entella"
"J.Gelli","Cesena"
"J.Gelli","Frosinone"
"Roman Buess","Winterthur"
"Brice Samba","Rennes"
"L.Veya","Neuchâtel Xamax"
"Ousmane Doumbia","Lugano"
"Ousmane Doumbia","Yverdon Sport FC"
"Roberto Alves","RKS Radomiak Radom"
"Lindrit Kamberi","FC Zürich"
"Toti","Wolverhampton Wanderers"
"Fabio Fehr","Thun"
"Marvin Keller","BSC Young Boys"
"Adriano Grimaldi","Nürnberg"
"Adriano Grimaldi","Paderborn"
"Omar Traoré","FC Heidenheim"
"Omar Traoré","Watford"
"Romain Perraud","Lille"
"Kai Klefisch","Darmstadt 98"
"Ignatius Ganago","Nantes"
"Bruno Morgado","Rapperswil-Jona"
"Tomas Hellebrand","Zlín"
"Maxime Dominguez","Cracovia Kraków"
"Maxime Dominguez","Marítimo"
"Liridon Berisha","Vaduz"
"Anthony Mossi","Neuchâtel Xamax"
"Fredy Martínez","Boston River"
"Nicolás Siri","Boston River"
"Nicolás Siri","Salford City"
"Shayden Morris","Aberdeen"
"Shayden Morris","Luton Town"
"Natan","Real Betis"
"Rodrigo Muniz","Fulham"
"Adem Arous","Kasımpaşa"
"Noah José Saviolo","Trabzonspor"
"Noah José Saviolo","Vitória Guimarães"
"Peixinho","Estoril"
"Niklas Lang","Vaduz"
"Jérémie Boga","Juventus"
"Jérémie Boga","OGC Nice"
"Finn Azaz","Middlesbrough"
"Finn Azaz","Southampton"
"Rui Modesto","Palermo"
"Rui Modesto","Udinese"
"Mattia Finotto","Carrarese Calcio 1908"
"Dany Mota","Monza"
"Nicola Mosti","Catanzaro"
"Nicola Mosti","Juve Stabia"
"Maximilian Breunig","FC Heidenheim"
"Maximilian Breunig","Magdeburg"
"Louis Mafouta","Guingamp"
"Louis Mafouta","Le Mans"
"Uran Bislimi","Lugano"
"Guillermo Padula","Rapperswil-Jona"
"Tolu Arokodare","Ajax"
"Tolu Arokodare","KRC Genk"
"Tolu Arokodare","Wolverhampton Wanderers"
"Joel Bagan","Cardiff City"
"Kyran Lofthouse","Burton Albion"
"Jordan Zemura","Udinese"
"Jordan Zemura","Watford"
"Dilane Bakwa","Lille"
"Dilane Bakwa","Nottingham Forest"
"Dilane Bakwa","Strasbourg"
"Albian Hajdari","Hoffenheim"
"David Okagbue","Peterborough United"
"Emre Tezgel","Crewe Alexandra"
"Emre Tezgel","Wycombe Wanderers"
"Tom Sparrow","Motherwell"
"Isco","Real Betis"
"José Salinas","Espanyol"
"José Salinas","Málaga"
"Santiago Ramos Mingo","Bahia"
"Pep Chavarría","Chelsea"
"Pep Chavarría","Rayo Vallecano"
"Seba Pérez","Casa Pia AC"
"Fabian Rohner","Winterthur"
"Jannik Rochelt","Arminia Bielefeld"
"Jannik Rochelt","Hannover 96"
"Josip Stanišić","Bayern Munich"
"Ethan Ampadu","Leeds United"
"G.Sebine","Huddersfield Town"
"Bryan Mbeumo","Manchester United"
"Ettore Gliozzi","Mantova"
"Ettore Gliozzi","Modena"
"Andrea Tiritiello","Virtus Entella"
"Joel Pereira","Lech Poznan"
"Emanuele Valeri","Parma Calcio 1913"
"Tommaso Cassandro","Catanzaro"
"Tommaso Cassandro","Palermo"
"Joris Kayembe","KRC Genk"
"Otávio","Paris FC"
"Richard Ríos","Benfica"
"Richard Ríos","Palmeiras"
"Pietro Beruatto","Benevento"
"Pietro Beruatto","Spezia"
"Jari Vandeputte","Cremonese"
"Bjarki Bjarkason","Südtirol"
"Bjarki Bjarkason","Venezia"
"E.Saporiti","Empoli"
"Michael Folorunsho","Cagliari"
"Michael Folorunsho","Monza"
"Conor Haughey","Fleetwood Town"
"Victor Torp","Coventry City"
"Haydon Roberts","Bristol City"
"Haydon Roberts","Reading"
"Harrison Ashby","Bradford City"
"Harrison Ashby","Luton Town"
"Badara Diomandé","Neuchâtel Xamax"
"Badara Diomandé","Stade Nyonnais"
"Sergio López","Darmstadt 98"
"Sergio López","Granada"
"Léo Borges","Pogoń Szczecin"
"Abdallah Sima","Lens"
"Jherson Mosquera","Deportes Tolima"
"Jherson Mosquera","Newell's Old Boys"
"Alan Benítez","Cerro Porteño"
"Alan Benítez","Libertad"
"Aitor Paredes","Athletic Club"
"Sergio Carreira","Celta Vigo"
"Vladan Kovacevic","Norwich City"
"Japhet Larsen","Brann"
"Japhet Larsen","Philadelphia Union"
"Fin Stevens","Leyton Orient"
"Fin Stevens","St. Pauli"
"Nahuel Ferraresi","Botafogo"
"Nahuel Ferraresi","São Paulo"
"Marvin Peersman","FC Groningen"
"Marvin Peersman","Telstar"
"Femi Azeez","Millwall"
"Sam Waller","Crewe Alexandra"
"Sam Waller","Harrogate Town"
"Owen Dodgson","Mansfield Town"
"Owen Dodgson","Stockport County"
"Michael Mellon","Oldham Athletic"
"Michael Mellon","Stevenage"
"Felix Kalu Nmecha","Borussia Dortmund"
"CJ Egan-Riley","Olympique de Marseille"
"James McAtee","Nottingham Forest"
"Samuel Edozie","Southampton"
"Jon Russell","Barnsley"
"Jon Russell","Mansfield Town"
"Martin Sherif","Port Vale"
"Martin Sherif","Rotherham United"
"Sékou Mara","Auxerre"
"Sékou Mara","Strasbourg"
"Kerem Aktürkoglu","Benfica"
"Kerem Aktürkoglu","Fenerbahçe"
"Elliot Anderson","Manchester City"
"Elliot Anderson","Nottingham Forest"
"Emmanuel Agbadou","Beşiktaş"
"Emmanuel Agbadou","Wolverhampton Wanderers"
"Jair Amador","Eibar"
"Brayan Gil Hurtado","Baltika"
"Tommy Conway","Middlesbrough"
"Oscar Correia","Étoile Carouge FC"
"Fotis Ioannidis","Sporting CP"
"Melvin Díaz","Deportivo Cuenca"
"Melvin Díaz","LDU Quito"
"Stéphane Cueni","Winterthur"
"Rodrigo Gomes","Wolverhampton Wanderers"
"Patrick Brough","Tranmere Rovers"
"Alessandro Sorrentino","Calcio Padova"
"Justin Hammel","Grasshopper"
"Ole Blomberg","Bodø"
"Ole Blomberg","Glimt"
"Giorgi Lomtadze","Loudoun United"
"Giorgi Lomtadze","Monterey Bay"
"Mouhamed El Bachir Ngom","Gent"
"Mouhamed El Bachir Ngom","Grasshopper"
"Matias Rocha","FC Arouca"
"Matias Rocha","Unión"
"Cameron Antwi","Gillingham"
"Cameron Antwi","Newport County AFC"
"Mark McGuinness","Luton Town"
"Mark McGuinness","Sheffield United"
"Mathis Suray","Go Ahead Eagles"
"Toyosi Olusanya","Aberdeen"
"Toyosi Olusanya","Doncaster Rovers"
"Kirill Pechenin","Krylya Sovetov"
"Álvaro García","CD Castellón"
"Pedro Naressi","Ludogorets Razgrad"
"Pedro Naressi","Servette"
"Ibrahim Diabate","Deportivo Alavés"
"Ibrahim Diabate","Erzurumspor"
"Yan Couto","Borussia Dortmund"
"Yan Couto","Como"
"Arnau Martinez","Girona"
"Arnau Martinez","Valencia"
"Jack Bycroft","Exeter City"
"Martín Fernández","Gil Vicente"
"Nicky Clescenco","Kilmarnock"
"Keigo Tsunemoto","Basel"
"Mithat Pala","Rizespor"
"Fabian Rieder","Augsburg"
"Fabian Rieder","Rennes"
"Jack Evans","Harrogate Town"
"Jack Evans","Notts County"
"Anis Mehmeti","Bristol City"
"Anis Mehmeti","Ipswich Town"
"Juan Manuel Sanabria","Atlético San Luis"
"Juan Manuel Sanabria","Real Salt Lake"
"Kieran Green","Grimsby Town"
"Federico Del Frate","Virtus Entella"
"Will Wright","Barnet"
"Will Wright","Swindon Town"
"Cenk Özkacar","FC Köln"
"Cenk Özkacar","Trabzonspor"
"Yeremy Pino","Crystal Palace"
"Yeremy Pino","Villarreal"
"Nicolas Jackson","Aston Villa"
"Nicolas Jackson","Bayern Munich"
"Nicola Zalewski","Atalanta"
"Sayfallah Ltaief","Cracovia Kraków"
"Sayfallah Ltaief","Greuther Fürth"
"Sayfallah Ltaief","Sparta Rotterdam"
"Lewis Dobbin","Preston North End"
"Lewis Dobbin","Southampton"
"Jack Senior","Doncaster Rovers"
"Kane Smith","Barnet"
"Sorba Thomas","Stoke City"
"Kabongo Tshimanga","Barnet"
"Kabongo Tshimanga","Crawley Town"
"Erick Otieno","Raków Częstochowa"
"Ryan Boot","Chesterfield"
"Jayden Wareham","Exeter City"
"Michael Cheek","Bromley"
"Giuseppe Caso","Modena"
"Giuseppe Caso","Monza"
"Jake Bickerstaff","Cheltenham Town"
"Sonny Carey","Charlton Athletic"
"Kacper Tobiasz","Gazişehir Gaziantep"
"Kacper Tobiasz","Legia Warszawa"
"Valerio Mantovani","Bari"
"Valerio Mantovani","Mantova"
"Kyle Cameron","Bromley"
"Kyle Cameron","Newport County AFC"
"Aaron Nemane","Milton Keynes Dons"
"Aaron Nemane","Rotherham United"
"Connor Lemonheigh-Evans","Milton Keynes Dons"
"Connor Lemonheigh-Evans","Northampton Town"
"Sam Sherring","Cheltenham Town"
"Sam Sherring","Rochdale"
"Jordan Davies","Fleetwood Town"
"Jordan Davies","Tranmere Rovers"
"Joan García","Barcelona"
"Andrea Cambiaso","Juventus"
"Mattia Felici","Cagliari"
"Zié Ouattara","RKS Radomiak Radom"
"Joel Senior","Bristol Rovers"
"Joel Senior","Tranmere Rovers"
"Isaías Violante","América"
"Reece Smith","Harrogate Town"
"Reece Smith","Walsall"
"Ryan Johnson","AFC Wimbledon"
"Luca Moro","Calcio Padova"
"Luca Moro","Sassuolo"
"Nikolay Titkov","Baltika"
"Tommaso Cancellotti","US Avellino"
"Corey Addai","Burton Albion"
"Corey Addai","Stockport County"
"Harry Clarke","Charlton Athletic"
"Harry Clarke","Preston North End"
"Devid Eugene Bouah","Cambuur Leeuwarden"
"Devid Eugene Bouah","Carrarese Calcio 1908"
"Ruslan Bezrukov","Fk Rubin Kazan"
"Samuele Mulattieri","Hellas Verona"
"Samuele Mulattieri","RC Deportivo La Coruña"
"Zico Buurmeester","AZ Alkmaar"
"Zico Buurmeester","Leganés"
"Zico Buurmeester","PEC Zwolle"
"Iker Calderon","Real Sociedad B"
"Adam Gabriel","FC Midtjylland"
"Adam Gabriel","Viktoria Plzen"
"Kai Fotheringham","Dundee United"
"Kai Fotheringham","St Johnstone"
"Conor Hazard","Plymouth Argyle"
"Conor Hazard","Wycombe Wanderers"
"Calvin Twigt","Go Ahead Eagles"
"Calvin Twigt","Willem II"
"Ali Sowe","Rizespor"
"Bradley Mazikou","Servette"
"Daniel Peretz","Southampton"
"Joe Hugill","Barnet"
"Joe Hugill","Kilmarnock"
"Álvaro Carreras","Real Madrid"
"Hannibal Mejbri","Burnley"
"Mark Helm","Fleetwood Town"
"Anthony Elanga","Newcastle United"
"Charlie McCann","Barrow"
"Charlie McCann","Cheltenham Town"
"Ruslan Litvinov","Spartak Moscow"
"Nik Prelec","Jagiellonia Białystok"
"Nik Prelec","Oxford United"
"Franco Carboni","Empoli"
"Franco Carboni","Parma Calcio 1913"
"Ange-Yoan Bonny","Inter Milan"
"Josué Casimir","Auxerre"
"Luca Stephenson","Bolton Wanderers"
"Luca Stephenson","Dundee United"
"Matteo Cancellieri","Lazio"
"Paulo Gazzaniga","Girona"
"Dwight McNeil","Crystal Palace"
"Dwight McNeil","Everton"
"Hamady Diop","Birmingham Legion"
"Hamady Diop","Rhode Island"
"Jack Moylan","Cardiff City"
"Jack Moylan","Lincoln City"
"Freddy Mina","LDU Quito"
"Freddy Mina","Mushuc Runa"
"Adrian Cela","Mushuc Runa"
"Adrian Cela","Técnico Universitario"
"Marcin Dickenmann","FC Aarau"
"Ítalo Montaño","Boyacá Chicó"
"Ítalo Montaño","Fortaleza CEIF"
"Klisman Cake","FK Akhmat Grozny"
"Omar Correia","Juve Stabia"
"Omar Correia","Pisa"
"Norbert Wojtuszek","Jagiellonia Białystok"
"Alexis Villalva","Club 2 de Mayo"
"Alexis Villalva","Club Sportivo Luqueño"
"Rasmus Höjlund","Napoli"
"Roman Zobnin","Spartak Moscow"
"Saud Abdulhamid","Lens"
"Junior Nkeng","AFC Wimbledon"
"Filip Jørgensen","Chelsea"
"Filip Jørgensen","Strasbourg"
"Augusto Schott","Talleres de Córdoba"
"Pablo César Solari","Spartak Moscow"
"Aleksandr Golovin","AS Monaco"
"Denis Adamov","Zenit St. Petersburg"
"Luc Marijnissen","Dender"
"Luc Marijnissen","Mechelen"
"Mattéo Veillon","FC Annecy"
"Myron van Brederode","Mechelen"
"Calum Kavanagh","Bradford City"
"Calum Kavanagh","Oldham Athletic"
"Josh Coburn","Millwall"
"Pepe Sánchez","Albacete"
"Jelani Seedorf","Sparta Rotterdam"
"Jelani Seedorf","Telstar"
"Lucas Di Yorio","Santos Laguna"
"Lucas Di Yorio","Universidad de Chile"
"Nana Boakye","Brann"
"Bautista Kociubinski","Estudiantes"
"Bautista Kociubinski","Torque"
"Carlos Lucumí","Alianza Valledupar"
"Carlos Lucumí","Independiente Medellín"
"Braian Aguirre","Internacional"
"Facundo Cambeses","Racing Club"
"Matteo Guidi","Cesena"
"Ruggero Frosinini","Catanzaro"
"Facundo Cáseres","Gil Vicente"
"Mohamed Zoma","Nürnberg"
"Antonio Di Nardo","Delfino Pescara 1936"
"Antonio Di Nardo","Juve Stabia"
"Cherif Koroma","Étoile Carouge FC"
"Xhan Aliu","FC Wil 1900"
"Tomás Marchiori","Vélez Sarsfield"
"Mattia Alborghetti","Virtus Entella"
"Eric Meza","Estudiantes"
"Will Gary","Shrewsbury Town"
"Sulyman Krubally","Burton Albion"
"Leonardo Marchi","Central Córdoba SdE"
"Juan Portillo","River Plate"
"Juan Portillo","Talleres de Córdoba"
"Imanol Machuca","Vélez Sarsfield"
"Denis Sahin","Grasshopper"
"Pedro Felipe","Racing Santander"
"Pedro Felipe","Sassuolo"
"Yerson Mosquera","Wolverhampton Wanderers"
"Santiago Mele","Monterrey"
"Giorgio Scalvini","Atalanta"
"Konstantin Tyukavin","Dinamo Moscow"
"Alejandro Maciel","Central Córdoba SdE"
"Alejandro Maciel","Olimpia"
"Isak Jensen","AZ Alkmaar"
"Isak Jensen","Lorient"
"Koke","Atlético Madrid"
"Leonel González","Melgar"
"Leonel González","Universidad Concepción"
"Fallou Cham","Hellas Verona"
"Lucas Vázquez","Bayer Leverkusen"
"Nicolás Linares","Aldosivi"
"Nicolás Linares","Gimnasia Mendoza"
"Ramón Terrats","Espanyol"
"Ramón Terrats","Getafe"
"Hugo Siquet","Club Brugge"
"Denis Visinsky","Viktoria Plzen"
"Tomas Rigo","Baník Ostrava"
"Tomas Rigo","Stoke City"
"Malek Ishuayed","SC Kriens"
"Malek Ishuayed","Servette"
"Bruno Fernandes","Manchester United"
"Diego Churín","CA Sarmiento"
"Diego Churín","Universitario"
"Rúben Dias","Manchester City"
"Din Ramić","FC Zürich"
"Franco Romero","Toluca"
"Rhys Bennett","Fleetwood Town"
"Martin Svidersky","Slovácko"
"Charlie Wellens","Leyton Orient"
"Isak Aarøen","NEC"
"Isak Aarøen","Werder Bremen"
"Charlie Savage","Reading"
"Radek Vítek","Bristol City"
"Radek Vítek","Middlesbrough"
"Alejandro Garnacho","Aston Villa"
"Alejandro Garnacho","Chelsea"
"Zidane Iqbal","FC Utrecht"
"Charlie McNeill","Crewe Alexandra"
"Charlie McNeill","Sheffield Wednesday"
"Charlie Daniel Brown","Accrington Stanley"
"Iago Aspas","Celta Vigo"
"Isma Ruiz","Córdoba CF"
"André Silva","Elche"
"André Silva","FC Porto"
"Sergio Barcia","Las Palmas"
"Sergio Barcia","Sporting Braga"
"Eris Abedini","Neuchâtel Xamax"
"Stephen Duke-McKenna","Crawley Town"
"Stephen Duke-McKenna","Harrogate Town"
"Wouter George","OH Leuven"
"Florian Hysenaj","Stade Nyonnais"
"Florian Hysenaj","Étoile Carouge FC"
"Alvyn Sanches","BSC Young Boys"
"Johan Bakayoko","RB Leipzig"
"Fredrik Oppegård","Auxerre"
"Fedde Leysen","Sassuolo"
"Fedde Leysen","Union Saint-Gilloise"
"Jenson Seelt","Sunderland"
"Jenson Seelt","Swansea City"
"Jenson Seelt","Wolfsburg"
"Robin Roefs","Sunderland"
"Gabriel Báez","Nacional"
"Gabriel Báez","Talleres de Córdoba"
"Matías Borgogno","CA Platense"
"Matías Borgogno","Defensa y Justicia"
"Ousmane Ndong","FK Akhmat Grozny"
"Daniel Fila","Empoli"
"Daniel Fila","US Avellino"
"Daniel Fila","Venezia"
"Daan Rots","Twente"
"Alonso Aceves","Monterrey"
"Alonso Aceves","Pachuca"
"Ibai Aguirre","Real Sociedad"
"Ibai Aguirre","Real Sociedad B"
"Giannis Niarchos","Slovácko"
"Giannis Niarchos","Wisła Płock"
"Saúl Coco","Torino"
"Lukas Masek","Slovan Liberec"
"Sofyan Amrabat","Fenerbahçe"
"Sofyan Amrabat","Real Betis"
"Sambou Camara","Winterthur"
"Alireza Jahanbakhsh","Dender"
"Alireza Jahanbakhsh","Excelsior"
"Gonzalo Reyna","Boston River"
"Gonzalo Reyna","Universidad de Chile"
"Zakaria Kessary","Alverca"
"Mubarak Suleiman","Slavia Praha"
"Toumani Diakité","Slavia Praha"
"Toumani Diakité","Slovan Liberec"
"Mouhamed Traore","Dukla Praha"
"Mouhamed Traore","FK Pardubice"
"Amine Harit","Istanbul Basaksehir"
"Amine Harit","Olympique de Marseille"
"Achraf Hakimi","Paris Saint-Germain"
"Martín Cáceres","CA Juventud"
"Martín Cáceres","Libertad"
"Tahsin Bülbül","Samsunspor"
"Matías Vecino","Celta Vigo"
"Matías Vecino","Lazio"
"Vanja Vlahović","Mantova"
"Vanja Vlahović","Spezia"
"Giorgian De Arrascaeta","Flamengo"
"José María Giménez","Atlético Madrid"
"Rodrigo Bentancur","Tottenham Hotspur"
"Camiel Neghli","Millwall"
"Javier Olaizola","CD Eldense"
"Javier Olaizola","Mallorca"
"Guillermo Varela","Flamengo"
"Lucas Torreira","Galatasaray"
"Fernando Muslera","Estudiantes"
"Joan Oleaga","Real Sociedad B"
"Ibrahim Mendes","FC Lausanne Sport"
"Ibrahim Mendes","Stade Nyonnais"
"Xander Dierckx","Antwerp"
"Ousman Ceesay","Slovácko"
"Samuele Bengondo","Grasshopper"
"Vicente Amaro Cárcamo Osorio","Deportes Limache"
"Vicente Amaro Cárcamo Osorio","Universidad Católica"
"Juan Flores","Granada"
"Cristian Jaime","Peñarol"
"Cristian Jaime","River Plate"
"Abdullahi Umar","Hradec Králové"
"Jiri Zima","FK Pardubice"
"Layousse Samb","Stade Lavallois"
"Harouna Djibirin","Angers"
"Diego Besio","St. Gallen"
"Joel Ruiz","St. Gallen"
"Daniil Kondakov","Zenit St. Petersburg"
"Timofey Marinkin","Dinamo Moscow"
"Jakub Kokosiński","Katowice"
"Nevio Scherrer","St. Gallen"
"Bil Nsongo","RC Deportivo La Coruña"
"Victor Samuel","FK Pardubice"
"Vladislav Pospelov","Baltika"
"Dereck Alessandro Moncada Arguijo","Inter Bogotá"
"Dereck Alessandro Moncada Arguijo","Lugano"
"Ronnie Edwards","Queens Park Rangers"
"Ronnie Edwards","Southampton"
"Nico Rissi","Grasshopper"
"Leandro Leon Maksutaj","Winterthur"
"Mardochée Miguel","Servette"
"Mardochée Miguel","Stade Nyonnais"
"Williams Barlasina","Fortaleza CEIF"
"Williams Barlasina","Newell's Old Boys"
"Josh Keeley","Luton Town"
"Fernando Vicente Gaibor Orellana","Alianza Lima"
"Mezian Mesloub","Lens"
"Mathis Houdayer","Stade Lavallois"
"C.Warren","Accrington Stanley"
"C.Warren","Bolton Wanderers"
"Fernando Román","Aldosivi"
"Fernando Román","Defensa y Justicia"
"Jonathan Russell","Crawley Town"
"Juan Arcila","Alianza Valledupar"
"Juan Arcila","Jaguares de Córdoba"
"Kevin Cataño","Atlético Nacional"
"Kevin Cataño","Inter Bogotá"
"Omar Alejandro Gálvez Vidales","Monterrey"
"Allen Iverson Rojas García","Monterrey"
"Lukas Letenay","Mladá Boleslav"
"Lukas Letenay","Slovan Liberec"
"Jhon Valencia","Cúcuta Deportivo"
"Jhon Valencia","Orense"
"Tobias Okafor","Winterthur"
"Jonathan Kapenga","US Boulogne"
"Adonija Ouanda","Slavia Praha"
"Adonija Ouanda","Slovácko"
"Ibrahima Cissé","Gent"
"Ryan Metu","FC Groningen"
"Ali Badra Diabaté","Samsunspor"
"Luka Mikulic","Grasshopper"
"José Ingratti","Club Alianza Atlético Sullana"
"José Ingratti","Deportivo Riestra"
"Mirlind Daku","Fk Rubin Kazan"
"Mirlind Daku","Spartak Moscow"
"Gonzalo Sosa","Deportivo Maldonado"
"Gonzalo Sosa","Racing Club"
"Cristian Medina","Botafogo"
"Cristian Medina","Estudiantes"
"Gabriel Pirani","DC United"
"Gabriel Pirani","San Diego FC"
"Mariano Ramos","Club Guaraní"
"Mariano Ramos","Club Rubio Nu"
"Isaac Lee","Shrewsbury Town"
"Gonzalo Gelini","Boca Juniors"
"Gonzalo Gelini","Peñarol"
"Javier Rojas","Deportes Concepcion"
"Javier Rojas","Deportes Limache"
"Alan Cantero","Alianza Lima"
"Paul Ndubuisi","Slovácko"
"Cayetano Bolzán","Deportivo Maldonado"
"Cayetano Bolzán","Gimnasia La Plata"
"Oliwier Maziarz","Piast Gliwice"
"Adil Bourabaa","Le Mans"
"Axel Joel Chávez Ydrogo","Los Chankas"
"Axel Joel Chávez Ydrogo","Sport Huancayo"
"Renzo Bacchia","AA Estudiantes Río Cuarto"
"Renzo Bacchia","Progreso"
"Santino Bruschi","Defensor Sporting"
"Santino Bruschi","Progreso"
"Joaquín Alberto Montecinos Naranjo","Deportes Concepcion"
"Joaquín Alberto Montecinos Naranjo","Deportes Limache"
"Walter Mazzantti","Independiente"
"Walter Mazzantti","Newell's Old Boys"
"Amar Rahmanovic","Krylya Sovetov"
"Breno Lopes","Coritiba Fbc"
"Breno Lopes","Fortaleza"
"Marino Hinestroza","Atlético Nacional"
"Marino Hinestroza","Vasco da Gama"
"Martín Espinoza Pino","Cobresal"
"Martín Espinoza Pino","Universidad de Chile"
"Christopher Lannert","Arminia Bielefeld"
"Christopher Lannert","Darmstadt 98"
"Ousmane Diabate","Gençlerbirligi"
"Mateo Kovačić","Manchester City"
"Marko Pjaca","Twente"
"Andrej Kramarić","Hoffenheim"
"Andrés Copete","Fortaleza CEIF"
"Andrés Copete","Técnico Universitario"
"Luka Modrić","AC Milan"
"Peter Etebo","Gençlerbirligi"
"Luca Schelfhout","Antwerp"
"Ivan Perišić","PSV Eindhoven"
"Mike Fondop-Talum","Oldham Athletic"
"Imran Firov","CSKA Moscow"
"Benjamin Pavard","Inter Milan"
"Benjamin Pavard","Olympique de Marseille"
"Ibrain Cuero","Emelec"
"Ibrain Cuero","Manta FC"
"Ousmane Dembélé","Paris Saint-Germain"
"Florián Monzón","Atlas"
"Florián Monzón","Vélez Sarsfield"
"Ikem Ugoh","Holstein Kiel"
"Corentin Tolisso","Lyon"
"Arda Özyar","Kocaelispor"
"Lucas Hernandez","Paris Saint-Germain"
"Arick Betancourt","AD Ceuta FC"
"Antoine Griezmann","Atlético Madrid"
"Antoine Griezmann","Orlando City"
"Maximiliano Garrone","Club Nacional"
"Maximiliano Garrone","Club Rubio Nu"
"Kevin Ferreira","Club Guaraní"
"Kevin Ferreira","San Lorenzo"
"Maximiliano Meza","Independiente"
"Maximiliano Meza","River Plate"
"Federico Lanzillota","Bolívar"
"Federico Lanzillota","La Serena"
"Abdu Dafe","Casa Pia AC"
"Nicolás Tagliafico","Lyon"
"Davide Muzzi","Rapperswil-Jona"
"Bané Diatta","Angers"
"Miguel Trauco","Alianza Lima"
"Miguel Trauco","Sport Boys"
"Christian Cueva","Juan Pablo II College"
"Christian Cueva","Sport Boys"
"Seid Korac","Hellas Verona"
"Seid Korac","Venezia"
"Edison Flores","Universitario"
"Josip Corluka","Zagłębie Lubin"
"Ivan Ivashchenko","Orenburg"
"Paolo Guerrero","Alianza Lima"
"Yussuf Poulsen","Hamburger SV"
"Fabian Schär","Newcastle United"
"Denis Zakaria","AS Monaco"
"Casemiro","Inter Miami"
"Casemiro","Manchester United"
"Hugo Aiston","Shrewsbury Town"
"Miguel Calatayud","Mallorca"
"Alisson","Liverpool"
"Gani Büyükhan","Fortuna Sittard"
"Manuel Akanji","Inter Milan"
"Yann Sommer","Club Brugge"
"Yann Sommer","Inter Milan"
"Julian Brandt","Ajax"
"Julian Brandt","Borussia Dortmund"
"Timo Werner","RB Leipzig"
"Timo Werner","San Jose Earthquakes"
"Carlos Salcedo","Monterrey"
"Raúl Jiménez","Fulham"
"Raúl Jiménez","Wolverhampton Wanderers"
"Manuel Neuer","Bayern Munich"
"Lukas Petkov","SV 07 Elversberg"
"Alessandro Di Pardo","Cagliari"
"Alessandro Di Pardo","Sampdoria"
"Héctor Herrera","Houston Dynamo"
"Héctor Herrera","Toluca"
"Aaron Pressley","Walsall"
"Jesús Gallardo","Toluca"
"Oliver Cooper","Notts County"
"Oliver Cooper","Swansea City"
"Oliver Cooper","Wigan Athletic"
"Idris Hopi","Teplice"
"Joshua Kimmich","Bayern Munich"
"Modibo Fofana","Antwerp"
"Filip Dorňák","Zlín"
"Dylan Williams","Burton Albion"
"Dylan Williams","Motherwell"
"Filip Kostić","Juventus"
"Filip Kostić","PSV Eindhoven"
"Keylor Navas","Pumas UNAM"
"Nikola Milenković","Nottingham Forest"
"David Wieser","Mantova"
"Ludwig Augustinsson","RSC Anderlecht"
"Lee Jae-Sung","FSV Mainz 05"
"Thorgan Hazard","Lens"
"Thorgan Hazard","RSC Anderlecht"
"Gabriel Jhon Cortéz Casierra","Barcelona"
"Gabriel Jhon Cortéz Casierra","Libertad"
"Nikolaj Möller","Dundee United"
"Nikolaj Möller","Sandefjord"
"Brooke Norton-Cuffy","Genoa"
"Amir Murillo","Beşiktaş"
"Amir Murillo","Olympique de Marseille"
"Arthur Okonkwo","Charlton Athletic"
"Arthur Okonkwo","Wrexham"
"Axel Witsel","Girona"
"Axel Witsel","OGC Nice"
"Omar El Hilali","Espanyol"
"Manuel Nieto","CD Eldense"
"Manuel Nieto","FC Andorra"
"Ignasi Vilarrasa","Burgos"
"Ignasi Vilarrasa","Córdoba CF"
"Luciano Pons","Atlético Bucaramanga"
"Santiago Simón","River Plate"
"Santiago Simón","Toluca"
"Piotr Zieliński","Inter Milan"
"Kamil Grosicki","Pogoń Szczecin"
"Robert Lewandowski","Barcelona"
"Robert Lewandowski","Chicago Fire"
"Bartosz Bereszyński","Motor Lublin"
"Bartosz Bereszyński","Palermo"
"Wílmar Barrios","Zenit St. Petersburg"
"Carlos Bacca","Deportivo Cali"
"Carlos Bacca","Junior"
"Dennis Man","PSV Eindhoven"
"Johan Mojica","Getafe"
"Johan Mojica","Mallorca"
"Juan Fernando Quintero","Independiente Medellín"
"Juan Fernando Quintero","River Plate"
"James Rodríguez","León"
"James Rodríguez","Minnesota United"
"Santiago Arias","Bahia"
"Santiago Arias","Independiente"
"Filip Vecheta","FK Jablonec"
"Filip Vecheta","FK Pardubice"
"Filip Vecheta","Karviná"
"Laurent Lemoine","Zulte Waregem"
"Max Bruns","Twente"
"Will Swan","Bradford City"
"Carlos Álvarez","Levante UD"
"Asensio","Fenerbahçe"
"Kristjan Asllani","Beşiktaş"
"Kristjan Asllani","Torino"
"Marco Di Césare","Racing Club"
"Anderson Santamaría","Universitario"
"Enzo Pérez","Argentinos Juniors"
"Enzo Pérez","River Plate"
"Paulo Dybala","AS Roma"
"Daniel Svensson","Borussia Dortmund"
"Beñat Turrientes","Real Sociedad"
"Riccardo Ciervo","Cagliari"
"Riccardo Ciervo","Cesena"
"Riccardo Ciervo","Sassuolo"
"Veldin Hodža","Fk Rubin Kazan"
"Salifou Diarrassouba","Grasshopper"
"Salifou Diarrassouba","Rapperswil-Jona"
"Vanderlan","Palmeiras"
"Vanderlan","Red Bull Bragantino"
"Nicholas Tsaroulla","Notts County"
"Igor Matanovic","Freiburg"
"Marko Stamenić","Swansea City"
"Andrew Omobamidele","Strasbourg"
"Kevin Schade","Brentford"
"Luca Schuler","Hertha Berlin"
"Uğur Kaan Yıldız","Göztepe"
"Uğur Kaan Yıldız","Kocaelispor"
"Boubacar Traoré","Metz"
"Boubacar Traoré","Wolverhampton Wanderers"
"John Patrick","Stade de Reims"
"Marco Huamán","Alianza Lima"
"Vicko Sevelj","Dundee United"
"Antonio Galeano","Clube do Remo"
"Antonio Galeano","Mirassol Futebol Clube"
"Jesús Corona","Monterrey"
"Simone Tronchin","Südtirol"
"Tommaso Baldanzi","AS Roma"
"Tommaso Baldanzi","Genoa"
"Gastón Verón","Argentinos Juniors"
"Gastón Verón","Central Córdoba SdE"
"Joe Snowdon","Swindon Town"
"Will Brook","Shrewsbury Town"
"Andrey Langovich","Rostov"
"Iván Romero","Levante UD"
"Kevin Castaño","Atlético Mineiro"
"Kevin Castaño","River Plate"
"Max Cleworth","Wrexham"
"Yáser Asprilla","Galatasaray"
"Yáser Asprilla","Girona"
"Edoardo Bove","Watford"
"Sam Bell","Bristol City"
"Sam Bell","Wycombe Wanderers"
"Yusuf Özdemir","Alanyaspor"
"Elye Wahi","Eintracht Frankfurt"
"Elye Wahi","OGC Nice"
"George Thomason","Wrexham"
"Corrie Ndaba","Lecce"
"Aleksandr Chernikov","FK Krasnodar"
"Justin Hubner","Fortuna Sittard"
"Léo Linck","Botafogo"
"Léo Linck","Estrela Amadora"
"Alfie David Lloyd","Leyton Orient"
"Alfie David Lloyd","Lincoln City"
"Alfie David Lloyd","Queens Park Rangers"
"Kevin Medina","Córdoba CF"
"Daylam Meddah","Montpellier"
"Daylam Meddah","Pau"
"Mateus Uribe","Atlético Nacional"
"Álvaro Campuzano","Libertad"
"Gary Magnée","Cercle Brugge"
"Rafael Lutiger","Sporting Cristal"
"Sebastián Coates","Nacional"
"Kasper Dolberg","Ajax"
"Kasper Dolberg","RSC Anderlecht"
"Albert Gudmundsson","Fiorentina"
"Youri Baas","Ajax"
"Franco Armani","Atlético Nacional"
"Franco Armani","River Plate"
"Matej Rynes","Sparta Praha"
"Filip Borowski","Piast Gliwice"
"Samed Onur","Gençlerbirligi"
"Samed Onur","Samsunspor"
"Giannis Konstantelias","Borussia Dortmund"
"Giannis Konstantelias","PAOK Thessaloniki"
"Amir Al-Ammari","Cracovia Kraków"
"Vitinha","Genoa"
"Martin Baturina","Como"
"Cristhian Stuani","Girona"
"Rubens","Dinamo Moscow"
"Aleksandr Erokhin","Zenit St. Petersburg"
"Jonathan dos Santos","América"
"Lorenzo Bernasconi","Atalanta"
"Joe Williams","Bristol City"
"Nélson Semedo","Fenerbahçe"
"Stefan Savic","Trabzonspor"
"Ángel Correa","River Plate"
"Ángel Correa","Tigres UANL"
"Jan Oblak","Atlético Madrid"
"Sergi Roberto","Como"
"Sergi Roberto","LA Galaxy"
"Saúl Ñíguez","Flamengo"
"Iñigo Córdoba","Burgos"
"Iñigo Córdoba","CD Castellón"
"Iñaki Williams","Athletic Club"
"Unai Núñez","Espanyol"
"Unai Núñez","Hellas Verona"
"Unai Núñez","Valencia"
"Gabriel","Arsenal"
"Adam Smith","AFC Bournemouth"
"Alex Bass","Peterborough United"
"Luis Vázquez","Birmingham City"
"Luis Vázquez","Getafe"
"Luis Vázquez","RSC Anderlecht"
"Marian Pisoja","Zlín"
"Gastón Benedetti","Estudiantes"
"Danny Imray","Blackpool"
"Danny Imray","West Bromwich Albion"
"Danny Imray","Wrexham"
"Adebola Olowu","Salford City"
"Kamarai Simon-Swyer","Northampton Town"
"Ossama Ashley","Rotherham United"
"Ossama Ashley","Salford City"
"Jamal Baptiste","Rotherham United"
"Jamal Baptiste","Sheffield United"
"Jayden Fevrier","Blackburn Rovers"
"Jayden Fevrier","Charlton Athletic"
"Jayden Fevrier","Stockport County"
"Freddie Potts","Club Brugge"
"Freddie Potts","West Ham United"
"Michael Forbes","Dundee United"
"Michael Forbes","Northampton Town"
"José Manuel López","Palmeiras"
"Matyas Kozak","Teplice"
"Anthony Patterson","Millwall"
"Anthony Patterson","Wrexham"
"Dan Neil","Ipswich Town"
"Dan Neil","Rangers"
"Dan Neil","Sunderland"
"Ishé Samuels-Smith","Notts County"
"Ishé Samuels-Smith","Swansea City"
"Loris Mouyokolo","Baltika"
"Loris Mouyokolo","Grenoble Foot"
"Isaac Schmidt","BSC Young Boys"
"Isaac Schmidt","Werder Bremen"
"Kelle Roos","Kilmarnock"
"Kelle Roos","Notts County"
"Pablo Maffeo","Mallorca"
"Pablo Maffeo","Valencia"
"Douglas Luiz","Aston Villa"
"Douglas Luiz","Juventus"
"Douglas Luiz","Nottingham Forest"
"Carlos Soler","Real Sociedad"
"Toni Lato","Mallorca"
"Geoffrey Kondogbia","Olympique de Marseille"
"Nacho Vidal","Real Oviedo"
"José Gayá","Valencia"
"Denis Suárez","Deportivo Alavés"
"Luca Belardinelli","Empoli"
"Luca Belardinelli","Reggiana"
"Rubén Duarte","Espanyol"
"Rubén Duarte","Pumas UNAM"
"Dani Pacheco","Wisła Płock"
"Damián Suárez","Cerro"
"Damián Suárez","Peñarol"
"Óscar Romero","Huracán"
"Óscar Romero","Internacional"
"Dakonam Djené","Getafe"
"Jack Tucker","Colchester United"
"Joel Grodowski","Arminia Bielefeld"
"Aïssa Mandi","Levante UD"
"Aïssa Mandi","Lille"
"Vanderson","AS Monaco"
"Fabián Ruiz","Paris Saint-Germain"
"Jeriel Dorsett","Reading"
"Mikel Vesga","Almería"
"Mikel Vesga","Athletic Club"
"Sergio Canales","Monterrey"
"Sergio Canales","Racing Santander"
"Igor Zubeldía","Real Sociedad"
"Antef Tsoungui","Estoril"
"Carl Rushworth","Coventry City"
"Marc Leonard","Birmingham City"
"Marc Leonard","Hearts"
"Damián Cáceres","Córdoba CF"
"Damián Cáceres","Getafe"
"Josh Neufville","Bradford City"
"Mikel Oyarzabal","Real Sociedad"
"Saša Lukić","Fulham"
"Saša Lukić","Ipswich Town"
"Álex Millán","Leganés"
"Benjamin Woods","Accrington Stanley"
"Benjamin Woods","Peterborough United"
"Isaac Heath","Accrington Stanley"
"Isaac Heath","Cambridge United"
"Marko Dmitrović","Espanyol"
"Eren Dinkçi","FC Heidenheim"
"Eren Dinkçi","Freiburg"
"Eren Dinkçi","Werder Bremen"
"Joan Jordán","Estrela Amadora"
"Joan Jordán","Sevilla"
"Anaitz Arbilla","Eibar"
"Rubén Peña","Leganés"
"Diego Llorente","Real Betis"
"Josias Lukembila","Sion"
"Franco Vázquez","Belgrano"
"Franco Vázquez","Cremonese"
"Willian José","Bahia"
"David Soria","Getafe"
"Diogo Monteiro","FC Arouca"
"Alfonso Pedraza","Lazio"
"Alfonso Pedraza","Villarreal"
"Adilson Malanda","Middlesbrough"
"Ignasi Miquel","Leganés"
"Luciano Vietto","Racing Club"
"Luciano Vietto","San Lorenzo de Almagro"
"Gabriel Paulista","Beşiktaş"
"Gabriel Paulista","Corinthians"
"Ferrán Torres","Barcelona"
"Ferrán Torres","Paris Saint-Germain"
"Dani Raba","Valencia"
"David López","Girona"
"Enes Ünal","AFC Bournemouth"
"Enes Ünal","Getafe"
"Léo Baptistão","Almería"
"Pablo Fornals","Real Betis"
"Rodri","Barcelona"
"Rodri","Manchester City"
"Gerard Moreno","Villarreal"
"Federico Valverde","Real Madrid"
"Enis Bardhi","Konyaspor"
"Mario Hermoso","AS Roma"
"Pau López","FC Andorra"
"Pau López","Real Betis"
"Stanislav Lobotka","Napoli"
"Brais Méndez","Columbus Crew"
"Brais Méndez","Real Sociedad"
"Jonny Otto","Deportivo Alavés"
"Sergi Gómez","Alverca"
"José Arnáiz","Granada"
"Joaquín Correa","Botafogo"
"Joaquín Correa","Estudiantes"
"Clément Lenglet","Atlético Madrid"
"Clément Lenglet","Benfica"
"Gerard Gumbau","Granada"
"Gerard Gumbau","Rayo Vallecano"
"Marcos Llorente","Atlético Madrid"
"Aurelio Oehlers","FC Volendam"
"Aurelio Oehlers","Luzern"
"Esteban Rolón","Aldosivi"
"Esteban Rolón","Barracas Central"
"Rick Meissen","Excelsior"
"Andreas Pereira","Palmeiras"
"Lucas Digne","Aston Villa"
"Lucas Digne","Paris Saint-Germain"
"Guillermo Maripán","Internacional"
"Guillermo Maripán","Torino"
"Nico Williams","Athletic Club"
"Mauro Arambarri","Getafe"
"Mauro Arambarri","River Plate"
"Marc Roca","Real Betis"
"Ermedin Demirovic","VfB Stuttgart"
"Yeray Álvarez","Athletic Club"
"Antonio Sanabria","Cremonese"
"Antonio Sanabria","Internacional"
"Aleix García","Bayer Leverkusen"
"Pau Torres","Aston Villa"
"Vallejo","Albacete"
"Marlos Moreno","Atlético Nacional"
"Jesús Garza","Tigres UANL"
"Jon Bautista","Eibar"
"Iván Alejo","Real Valladolid"
"Emiliano Martínez","Aston Villa"
"Emiliano Martínez","Chelsea"
"Edu Expósito","Espanyol"
"Franck Surdez","Gent"
"Franck Surdez","Sion"
"Nathan Saliba","RSC Anderlecht"
"Ximo Navarro","RC Deportivo La Coruña"
"Marin Ljubicic","Fortuna Düsseldorf"
"Marin Ljubicic","Union Berlin"
"Daijiro Chirino","Almería"
"Jonathan Calleri","São Paulo"
"Leandro Chichizola","Modena"
"Manuel Lazzari","Lazio"
"Alex Sandro","Flamengo"
"Lorenco Simic","US Avellino"
"Daniele Rugani","Fiorentina"
"Daniele Rugani","Juventus"
"Alex Meret","Napoli"
"Francesco Vicari","Bari"
"Francesco Vicari","Reggiana"
"Rolando Mandragora","Fiorentina"
"Louie Watson","Crawley Town"
"Tadeas Stoppen","SK Artis Brno"
"Tadeas Stoppen","Sigma Olomouc"
"Cengiz Ünder","Beşiktaş"
"Cengiz Ünder","Fenerbahçe"
"Cengiz Ünder","Çorum"
"Edin Dzeko","Fiorentina"
"Edin Dzeko","Schalke 04"
"Gerson","Cruzeiro"
"Gerson","Flamengo"
"Gerson","Zenit St. Petersburg"
"Robin Gosens","Fiorentina"
"Robin Gosens","Schalke 04"
"Timothy Castagne","Fulham"
"Milan Škriniar","Fenerbahçe"
"Bryan Cristante","AS Roma"
"Marten de Roon","AS Roma"
"Marten de Roon","Atalanta"
"Hans Hateboer","Lyon"
"Hans Hateboer","Rennes"
"Gianluca Mancini","AS Roma"
"João Cancelo","Barcelona"
"Gianluca Caprari","Calcio Padova"
"Gianluca Caprari","Monza"
"Dennis Praet","Antwerp"
"Dennis Praet","Mechelen"
"Jackson Tchatchoua","Wolverhampton Wanderers"
"Gibson Yah","Bristol City"
"Gibson Yah","FC Volendam"
"Duván Zapata","Torino"
"Suso","Cádiz"
"Jorginho","Flamengo"
"Allan","Botafogo"
"Gianluigi Donnarumma","Manchester City"
"Lorenzo Insigne","Delfino Pescara 1936"
"Lorenzo Insigne","Sampdoria"
"Manuel Locatelli","Juventus"
"Hakan Çalhanoğlu","Inter Milan"
"Patrik Schick","Bayer Leverkusen"
"Mattia Bani","Palermo"
"Lucas Castro","Aldosivi"
"Lucas Castro","Gimnasia La Plata"
"Fabio Depaoli","Sampdoria"
"Michael Cooper","Sheffield United"
"Nathan Bishop","AFC Wimbledon"
"Kyle Wootton","Stockport County"
"Adrián Diéguez","RKS Radomiak Radom"
"Lucas Boyé","Deportivo Alavés"
"Jon Guridi","Deportivo Alavés"
"Jon Guridi","Sevilla"
"Marc Bartra","Real Betis"
"Emil Riis","Bristol City"
"Saba Lobjanidze","Atlanta United"
"Saba Lobjanidze","Real Salt Lake"
"David Zec","Holstein Kiel"
"Marvin Schwäbe","FC Köln"
"Toby Sibbick","Burton Albion"
"Mathías Olivera","Napoli"
"Matteo Politano","Napoli"
"Pietro Iemmello","Catanzaro"
"Makan Aïko","Fortuna Sittard"
"Makan Aïko","Motor Lublin"
"Makan Aïko","Tondela"
"Domenico Berardi","Sassuolo"
"Luca Schnellbacher","SV 07 Elversberg"
"Israel Suero","CD Castellón"
"Davide Biraschi","Fatih Karagümrük"
"Davide Biraschi","Frosinone"
"Gianluca Lapadula","Spezia"
"Gianluca Lapadula","Universitario"
"Mattia Perin","Juventus"
"Mattia Perin","Palermo"
"Juan Iglesias","Getafe"
"Juan Iglesias","Sevilla"
"Sebastián Cristóforo","Central Córdoba SdE"
"Sebastián Cristóforo","Cerro"
"Giovanni Simeone","Torino"
"Germán Pezzella","River Plate"
"Riccardo Orsolini","Bologna"
"Madyen El Jaouhari","Étoile Carouge FC"
"Simone Romagnoli","Empoli"
"Brian Aguirre","Boca Juniors"
"Brian Aguirre","Estudiantes"
"Erick Pulgar","Flamengo"
"Felipe Avenatti","Boston River"
"Felipe Avenatti","Peñarol"
"Patrick Cutrone","Monza"
"Patrick Cutrone","Parma Calcio 1913"
"Franck Honorat","Borussia Mönchengladbach"
"Isaiah Young","Arminia Bielefeld"
"Ludovic Ajorque","Stade Brestois"
"Antwoine Hackford","AFC Wimbledon"
"Florian Tardieu","Montpellier"
"Florian Tardieu","Saint-Étienne"
"Mehdi Merghem","Bastia"
"Mehdi Merghem","Dundee United"
"Jack Currie","Oxford United"
"Axel Bakayoko","Rapperswil-Jona"
"Maxence Prévot","Dunkerque"
"Maxence Prévot","OH Leuven"
"Jean Ruiz","Metz"
"Jean Ruiz","Pau"
"Arnaud Nordin","FSV Mainz 05"
"Arnaud Nordin","Rennes"
"Jordan Lefort","Angers"
"Valentin Mihăilă","Rizespor"
"Jonathan Clauss","OGC Nice"
"Lautaro Giaccone","Argentinos Juniors"
"Lautaro Giaccone","Columbus Crew"
"Steffen Tigges","Paderborn"
"Matteo Tramoni","Pisa"
"Moritz-Broni Kwarteng","Bochum"
"Moritz-Broni Kwarteng","Magdeburg"
"Haitam Abaida","Málaga"
"Yoane Wissa","Newcastle United"
"Kegs Chauke","Burton Albion"
"Gaëtan Paquiez","Grenoble Foot"
"Gaëtan Paquiez","Pau"
"Florian Miguel","Burgos"
"Florian Miguel","Metz"
"Rayan Raveloson","Amed SK"
"Rayan Raveloson","BSC Young Boys"
"Romain Del Castillo","Stade Brestois"
"Olivier Boscagli","Brighton & Hove Albion"
"Romain Bayard","Neuchâtel Xamax"
"Cristián Zavala","Colo Colo"
"Cristián Zavala","Coquimbo Unido"
"Anthony Briançon","Pau"
"Mattéo Guendouzi","Fenerbahçe"
"Mattéo Guendouzi","Lazio"
"Carlens Arcus","Angers"
"Olivier Kemen","Istanbul Basaksehir"
"Jordan","Stade de Reims"
"Jordan","Tondela"
"Rafik Guitane","Estoril"
"Daan Dierckx","Standard Liège"
"Jean-Philippe Mateta","Crystal Palace"
"Marvin Pieringer","FC Heidenheim"
"Marvin Pieringer","Paderborn"
"Gautier Larsonneur","Saint-Étienne"
"Ibrahima Sissoko","Bochum"
"Ibrahima Sissoko","Nantes"
"Edmond Akichi","FC Stade Lausanne-Ouchy"
"Edmond Akichi","Stade Nyonnais"
"Sil Swinkels","Chesterfield"
"Sil Swinkels","Exeter City"
"Sil Swinkels","Sheffield Wednesday"
"Lamare Bogarde","Aston Villa"
"Oliwier Zych","Raków Częstochowa"
"Oliwier Zych","Vitória Guimarães"
"Hassane Kamara","Udinese"
"Axel Disasi","Crystal Palace"
"Axel Disasi","West Ham United"
"Vincent Marchetti","Paris FC"
"Umut Bozok","Eyüpspor"
"Umut Bozok","Istanbul Basaksehir"
"Jordan William Holsgrove","Estoril"
"Alfon González","Sevilla"
"Alfon González","Villarreal"
"Téji Savanier","Metz"
"Téji Savanier","Montpellier"
"Bastian Allgeier","Hannover 96"
"Christopher Wooh","Rennes"
"Christopher Wooh","Spartak Moscow"
"Jawad El Yamiq","Eyüpspor"
"Jawad El Yamiq","Real Zaragoza"
"Samir Chergui","Paris FC"
"Jon McCracken","Bradford City"
"Jon McCracken","Dundee"
"Lachlan Rose","Dundee United"
"Lachlan Rose","Newcastle Jets"
"Rico Richards","Port Vale"
"Rico Richards","Walsall"
"Álex Berenguer","Athletic Club"
"Alessandro Bastoni","Inter Milan"
"Sam Greenwood","Bristol City"
"Sam Greenwood","Pogoń Szczecin"
"Renaud Ripart","Troyes"
"Adrien Monfray","Troyes"
"Gaëtan Perrin","FK Krasnodar"
"Gaëtan Perrin","Lille"
"Guillermo Martínez","Pumas UNAM"
"Qazim Laçi","Rizespor"
"Will Hondermarck","Bromley"
"Hayden Hackney","Everton"
"Hayden Hackney","Middlesbrough"
"William Kokolo","Hannover 96"
"William Kokolo","Nacional"
"William Kokolo","Stade Lavallois"
"Isaac Andrew Fletcher","Barrow"
"Isaac Andrew Fletcher","Shrewsbury Town"
"Antoine Leautey","Amiens"
"Antoine Leautey","Stade de Reims"
"Antoine Leautey","Wuhan Three Towns"
"Enzo Ebosse","Hellas Verona"
"Enzo Ebosse","Torino"
"Enzo Ebosse","Udinese"
"Omar Campos","Cruz Azul"
"Rubén Alves","Córdoba CF"
"Carlos Domínguez","Celta Vigo"
"Carlos Domínguez","Real Oviedo"
"Leo Hjelde","Mechelen"
"Leo Hjelde","Sheffield United"
"Alfie Devine","Preston North End"
"Opa Sangante","Dunkerque"
"Julien Laporte","Montpellier"
"Cyril Mandouki","Stade Lavallois"
"Vital Nsimba","Clermont Foot"
"Gerard Martín","Barcelona"
"Christopher Operi","Istanbul Basaksehir"
"David Douline","Servette"
"Esteban Andres Pavez Suazo","Alianza Lima"
"Esteban Andres Pavez Suazo","Colo Colo"
"Thomas Robinet","Dunkerque"
"Luís Esteves","Atlas"
"Luís Esteves","Gil Vicente"
"Yeremay Hernández","RC Deportivo La Coruña"
"Hugo Duro","Valencia"
"Gautier Lloris","Le Havre"
"Gautier Lloris","Stade Brestois"
"Álvaro Rodríguez","Eibar"
"Aitor Córdoba","Burgos"
"Aitor Córdoba","Tianjin Jinmen Tiger"
"Pablo Ibáñez","Deportivo Alavés"
"Adam Buksa","Mallorca"
"Adam Buksa","Udinese"
"Rafał Augustyniak","Legia Warszawa"
"Rémy Descamps","Lyon"
"Mattia Valoti","Spezia"
"Mattia Valoti","Vicenza Virtus"
"Daniele Verde","Fatih Karagümrük"
"Daniele Verde","Spezia"
"Evan N'Dicka","AS Roma"
"Florian Ayé","Kocaelispor"
"Florian Ayé","Servette"
"Luca Kerber","FC Heidenheim"
"Jens Toornstra","Sparta Rotterdam"
"Kevin Diks","Borussia Mönchengladbach"
"Robin Pröpper","Twente"
"Caleb Watts","Plymouth Argyle"
"Jeff Hardeveld","Telstar"
"Steven Berghuis","Ajax"
"Vincent Vermeij","Dynamo Dresden"
"Emiliano Álvarez","Progreso"
"Emiliano Álvarez","Unión"
"Diego Romero Lanz","Liverpool"
"Diego Romero Lanz","Nacional"
"Jamiro Monteiro","NEC"
"Jamiro Monteiro","PEC Zwolle"
"Jeremiah St. Juste","Feyenoord"
"Youssuf Sylla","Jagiellonia Białystok"
"Daniel Ruiz","CSKA Moscow"
"Daniel Ruiz","Millonarios"
"Jenson Metcalfe","Bradford City"
"Jenson Metcalfe","Millwall"
"Adam Wharton","Crystal Palace"
"Roman Dixon","Stockport County"
"Roman Dixon","Walsall"
"Federico Bonazzoli","Cremonese"
"Mariusz Stępiński","Korona Kielce"
"Federico Bernardeschi","Bologna"
"Adam Marusic","Lazio"
"Ciro Immobile","Bologna"
"Ciro Immobile","Paris FC"
"Francesco Zampano","Modena"
"Seko Fofana","FC Porto"
"Seko Fofana","Rennes"
"Giuseppe Pezzella","Cremonese"
"Kevin Lasagna","Calcio Padova"
"Silvan Widmer","FSV Mainz 05"
"Dylan Louiserre","Guingamp"
"Samuel Dancak","Hradec Králové"
"William Bianda","Stade Lavallois"
"Kevin Mier","Cruz Azul"
"İsmail Yüksek","Fenerbahçe"
"Mateo Pellegrino","Fiorentina"
"Mateo Pellegrino","Parma Calcio 1913"
"Carlos Romaña","Atlético Bucaramanga"
"Mateo Ponte","Botafogo"
"Wout Weghorst","Ajax"
"Wout Weghorst","Twente"
"Marco Bizot","Aston Villa"
"Guus Til","PSV Eindhoven"
"Joris van Overeem","FC Utrecht"
"Joris van Overeem","SC Heerenveen"
"Remko Pasveer","Ajax"
"Remko Pasveer","Heracles Almelo"
"Jonas Svensson","Beşiktaş"
"Jonas Svensson","Rosenborg BK"
"George Broadbent","Doncaster Rovers"
"Bryan Linssen","NEC"
"Ryan Finnigan","Blackpool"
"Ryan Finnigan","Dundee"
"Ryan Finnigan","Walsall"
"Ramon Hendriks","VfB Stuttgart"
"Jesús Imaz","Jagiellonia Białystok"
"Teun Koopmeiners","Juventus"
"Ridgeciano Haps","Venezia"
"Johan Beltrán","Jaguares de Córdoba"
"Johan Beltrán","Once Caldas"
"Raúl Lizoáin","Albacete"
"Raúl Lizoáin","Granada"
"Pedro Bigas","Elche"
"James Carragher","Wigan Athletic"
"Baba Adeeko","Rochdale"
"Baba Adeeko","Wigan Athletic"
"Cheick Souaré","Viktoria Plzen"
"Lars Unnerstall","Twente"
"Kiliann Sildillia","PSV Eindhoven"
"Antonio Caracciolo","Pisa"
"Moise Kean","Fiorentina"
"Aldair Gutiérrez","Atlético Bucaramanga"
"Federico Di Francesco","Catanzaro"
"Jaroslaw Kubicki","Górnik Zabrze"
"Lukas Haraslin","Sparta Praha"
"Przemyslaw Frankowski","Rennes"
"Taras Romanczuk","Jagiellonia Białystok"
"Luciano Rodríguez","Bahia"
"Luciano Rodríguez","Cruzeiro"
"Filip Mladenovic","Fatih Karagümrük"
"Filip Mladenovic","Panathinaikos"
"Muhammed Şengezer","Istanbul Basaksehir"
"Filip Jagiełło","Lech Poznan"
"Rob Apter","Bolton Wanderers"
"Rob Apter","Charlton Athletic"
"Alan Czerwiński","Katowice"
"Joshua Rawlins","Dundee United"
"Joshua Rawlins","Melbourne Victory"
"Mateusz Żyro","Widzew Łódź"
"Przemysław Wiśniewski","Spezia"
"Przemysław Wiśniewski","Widzew Łódź"
"Sebastián Guerrero","CA Juventud"
"Sebastián Guerrero","The Strongest"
"Iliman Ndiaye","Everton"
"Hidde ter Avest","Oxford United"
"Hidde ter Avest","Willem II"
"Donny van de Beek","Girona"
"Noah Ohio","FC Utrecht"
"Noah Ohio","Real Valladolid"
"Justin Kluivert","AFC Bournemouth"
"André Onana","Trabzonspor"
"Nick Viergever","FC Utrecht"
"Nick Viergever","PEC Zwolle"
"Ondrej Kukucka","Bohemians 1905"
"Ondrej Kukucka","Zlín"
"David Neres","Napoli"
"Joël Veltman","Brighton & Hove Albion"
"Joël Veltman","West Ham United"
"Maximilian Wöber","Schalke 04"
"Maximilian Wöber","Werder Bremen"
"Abdoulaye Sissako","Sint-Truiden"
"Simon Gustafson","Korona Kielce"
"Mitchell van Bergen","Sparta Rotterdam"
"Mitchell van Bergen","Twente"
"Svante Ingelsson","Sheffield Wednesday"
"Svante Ingelsson","Stoke City"
"Kasey McAteer","Ipswich Town"
"Kasey McAteer","Leicester City"
"Sammy Braybrooke","Chesterfield"
"Sammy Braybrooke","Leicester City"
"Sammy Braybrooke","Newport County AFC"
"Nicholas Pierini","Sampdoria"
"Nicholas Pierini","Sassuolo"
"Pol Lirola","Hellas Verona"
"Pol Lirola","Olympique de Marseille"
"Ladislav Krejci","Teplice"
"Lenny Pintor","Eyüpspor"
"Lawrence Ati Zigi","St. Gallen"
"Nicolas Lemaître","Rennes"
"Nicolas Lemaître","Troyes"
"Vaclav Cerny","Beşiktaş"
"Vaclav Cerny","Wolfsburg"
"Denzel Dumfries","Inter Milan"
"Denzel Dumfries","Real Madrid"
"Josef Kozeluh","Slovan Liberec"
"Morten Thorsby","Cremonese"
"Morten Thorsby","Genoa"
"Robin Hranac","Hoffenheim"
"Carlos Isaac","Córdoba CF"
"Carlos Isaac","Widzew Łódź"
"Isaak Davies","Cardiff City"
"Michal Helik","Oxford United"
"Kastrijot Ndau","FC Aarau"
"Kastrijot Ndau","FC Wil 1900"
"Adrien Pinot","US Boulogne"
"Felipe Anderson","Palmeiras"
"Nicolò Barella","Inter Milan"
"Marco Dalessandro","Catanzaro"
"Bram Nuytinck","NEC"
"Andrea Petagna","Monza"
"Andrea Petagna","Pisa"
"Bartłomiej Drągowski","Panathinaikos"
"Bartłomiej Drągowski","Widzew Łódź"
"Milot Rashica","Beşiktaş"
"Arturo Vidal","Colo Colo"
"Dominik Kohr","FSV Mainz 05"
"Charles Aránguiz","Universidad de Chile"
"Benjamin Henrichs","RB Leipzig"
"Wendell","São Paulo"
"Leon Bailey","AS Roma"
"Leon Bailey","Aston Villa"
"Rob Street","Lincoln City"
"Jonathan Tah","Bayern Munich"
"Hugo Bueno","Wolverhampton Wanderers"
"Rubin Colwill","Cardiff City"
"Yannick Gerhardt","Wolfsburg"
"Maximilian Arnold","Wolfsburg"
"Robin Knoche","Arminia Bielefeld"
"Robin Knoche","Nürnberg"
"Felix Passlack","Bochum"
"Felix Passlack","Hibernian"
"Landry Dimata","Chongqing Tonglianglong"
"Landry Dimata","Pafos"
"Landry Dimata","Samsunspor"
"Joachim Andersen","Fulham"
"Antoni Kozubal","Lech Poznan"
"Martin Ødegaard","Arsenal"
"Gastón Pereiro","Bari"
"Gastón Pereiro","CA Juventud"
"Abdel Abqar","Getafe"
"Joshua Brenet","Kayserispor"
"Joshua Brenet","Livingston"
"Jhonier Blanco","Fortaleza CEIF"
"Jhonier Blanco","Llaneros"
"Théo Berdayes","Sion"
"Alessandro Deiola","Cagliari"
"Leonardo Spinazzola","Napoli"
"Pablo","Gil Vicente"
"Pablo","West Ham United"
"Jan Biegański","Pogoń Szczecin"
"Maximiliano Olivera","Peñarol"
"Jude Arthurs","Bromley"
"Jude Arthurs","Crawley Town"
"Lucas Buadés","Le Mans"
"Michael Gregoritsch","Augsburg"
"Sergio Córdova","BSC Young Boys"
"Sergio Córdova","St. Louis City"
"Simon Asta","Kaiserslautern"
"Jeffrey Gouweleeuw","Augsburg"
"Ragnar Ache","FC Köln"
"Karol Mets","Bochum"
"Karol Mets","St. Pauli"
"Sherel Floranus","PEC Zwolle"
"Mathis Lachuer","Real Valladolid"
"Jeff Chabot","VfB Stuttgart"
"Juninho Bacuna","FC Volendam"
"Juninho Bacuna","Gazişehir Gaziantep"
"Oussama Targhalline","Feyenoord"
"Sheraldo Becker","FSV Mainz 05"
"Sheraldo Becker","Osasuna"
"Stipe Biuk","Real Valladolid"
"Stipe Biuk","Widzew Łódź"
"Jeremy Toljan","Levante UD"
"Oliver Baumann","Hoffenheim"
"Kerem Demirbay","Eyüpspor"
"Kerem Demirbay","Kasımpaşa"
"Maximilian Eggestein","Freiburg"
"Nadiem Amiri","FSV Mainz 05"
"Dylan Vente","SC Heerenveen"
"Matteo Bianchetti","Cremonese"
"Pedro Pereira","Gençlerbirligi"
"Ryan Thomas","PEC Zwolle"
"Alessandro Bianco","Modena"
"Alessandro Bianco","PAOK Thessaloniki"
"Younes Namli","Le Havre"
"Younes Namli","PEC Zwolle"
"Philippe Sandler","NEC"
"Goduine Koyalipou","Angers"
"Goduine Koyalipou","Kortrijk"
"Goduine Koyalipou","Levante UD"
"Matías Soulé","AS Roma"
"Leonardo Cerri","Bari"
"Leonardo Cerri","Grenoble Foot"
"Giorgio Cittadini","Frosinone"
"Lukas Vorlicky","Slavia Praha"
"Lukas Vorlicky","Slovácko"
"Gyrano Kerk","Antwerp"
"Gyrano Kerk","Erzurumspor"
"Federico Artioli","Bari"
"Federico Artioli","Juve Stabia"
"Federico Artioli","Mantova"
"Cyriel Dessers","Panathinaikos"
"Cyriel Dessers","Rangers"
"Mikael Ellertsson","Genoa"
"Marco Nasti","Cremonese"
"Marco Nasti","Empoli"
"Andi Hoti","Eintracht Braunschweig"
"Andi Hoti","Magdeburg"
"Daniel Tonoli","Modena"
"Niccolò Pierozzi","Palermo"
"Filippo Di Stefano","Carrarese Calcio 1908"
"Filippo Di Stefano","Empoli"
"Nicolás Freire","Independiente"
"Nicolás Freire","Libertad"
"Matthew Andrews","Gillingham"
"Matthew Andrews","Grimsby Town"
"Mattijs Branderhorst","Fortuna Sittard"
"Konstantinos Tsimikas","AS Roma"
"Konstantinos Tsimikas","Liverpool"
"Gabriele Alesi","Catanzaro"
"Vito van Crooij","NEC"
"Vito van Crooij","Sparta Rotterdam"
"Alexander Robertson","Cardiff City"
"Lukas Görtler","St. Gallen"
"Simone Trimboli","Mantova"
"Konrad Laimer","Bayern Munich"
"Adam Obert","Cagliari"
"Simone Giordano","Eyüpspor"
"Simone Giordano","Sampdoria"
"Gerard Yepes","Empoli"
"Willi Orbán","RB Leipzig"
"Thilo Kehrer","AS Monaco"
"Andreas Schjelderup","Benfica"
"Priestley Farquharson","Crawley Town"
"Priestley Farquharson","Walsall"
"Marcel Sabitzer","Borussia Dortmund"
"Dayotchanculle Upamecano","Bayern Munich"
"Nabil Bentaleb","Lille"
"Weston McKennie","Juventus"
"Pablo Rosario","FC Porto"
"Pablo Rosario","OGC Nice"
"Waldemar Anton","Borussia Dortmund"
"Niclas Füllkrug","AC Milan"
"Niclas Füllkrug","Werder Bremen"
"Niclas Füllkrug","West Ham United"
"Alexandru Maxim","Gazişehir Gaziantep"
"Felix Klaus","Greuther Fürth"
"Luis Hasa","Carrarese Calcio 1908"
"Luis Hasa","Frosinone"
"Michele Besaggio","US Avellino"
"Martín Satriano","Getafe"
"Martín Satriano","Lyon"
"Jacopo Fazzini","Cagliari"
"Jacopo Fazzini","Fiorentina"
"Lorenzo Amatucci","Las Palmas"
"Lorenzo Amatucci","RC Deportivo La Coruña"
"Vladimír Darida","Hradec Králové"
"Fabian Reese","Hertha Berlin"
"Fabian Reese","Wolfsburg"
"Rachid Kouda","Mantova"
"Rachid Kouda","Parma Calcio 1913"
"Rachid Kouda","Spezia"
"Nicolò Cavuoti","Bari"
"Nicolò Cavuoti","Cagliari"
"Emir Karic","Sporting Kansas City"
"Emir Karic","Sturm Graz"
"Dylan Nandín","FC Arouca"
"Morten Hjulmand","Atlético Madrid"
"Morten Hjulmand","Sporting CP"
"Dejan Ljubicic","Dinamo Zagreb"
"Dejan Ljubicic","Schalke 04"
"Edouard Michut","Fortuna Sittard"
"Diego Barri","CD Castellón"
"Miguel Rubio","Espanyol"
"Miguel Rubio","Real Valladolid"
"Ante Budimir","Osasuna"
"Kévin Keben","Watford"
"Noë Dussenne","FC Lausanne Sport"
"Noë Dussenne","OH Leuven"
"Quentin Merlin","Rennes"
"Abdoulaye Sylla","Sigma Olomouc"
"Karim Zedadka","Empoli"
"Karim Zedadka","Südtirol"
"Calvin Stengs","AZ Alkmaar"
"Calvin Stengs","Pisa"
"Lukáš Hrádecký","AS Monaco"
"Branimir Hrgota","Greuther Fürth"
"Branimir Hrgota","St. Pauli"
"Malik Sellouki","Rio Ave"
"Malik Sellouki","Stade Lavallois"
"Danny da Costa","FSV Mainz 05"
"Federico Zuccon","Juve Stabia"
"Federico Zuccon","Mantova"
"Patryk Dziczek","Piast Gliwice"
"Patryk Dziczek","Pogoń Szczecin"
"Jakub Czerwiński","Piast Gliwice"
"Adrian Benedyczak","Kasımpaşa"
"Adrian Benedyczak","Parma Calcio 1913"
"Jorge Félix","Piast Gliwice"
"Dawid Błanik","Korona Kielce"
"Andrés Fernández","Almería"
"Mateusz Wieteska","Kocaelispor"
"Mateusz Wieteska","Wieczysta Krakow"
"Damian Szymański","Legia Warszawa"
"Petar Ratkov","Lazio"
"Petar Ratkov","Salzburg"
"Oskar Zawada","FC Groningen"
"Fernando Raúl Romero González","Deportes Concepcion"
"Fernando Raúl Romero González","Sportivo Trinidense"
"Marcelo Pérez","CA Juventud"
"Marcelo Pérez","Club Sportivo Luqueño"
"Sebastian Milewski","Katowice"
"Aldo Emmanuel Quiñónez Ayala","San Lorenzo"
"Aldo Emmanuel Quiñónez Ayala","Sport Huancayo"
"Sergio Daniel Fretes Galeano","Club 2 de Mayo"
"Sergio Daniel Fretes Galeano","Club Rubio Nu"
"Carlos Alberto Arrua García","Club Guaraní"
"Carlos Alberto Arrua García","Club Nacional"
"Federico Carrizo","Cerro Porteño"
"Federico Carrizo","Libertad"
"Claudio Ezequiel Aquino","Colo Colo"
"Ángel Rodrigo Cardozo Lucena","Club Nacional"
"Ángel Rodrigo Cardozo Lucena","Club Rubio Nu"
"Ángel Rodrigo Cardozo Lucena","Libertad"
"Robert Morales","Pumas UNAM"
"Alexis Duarte","Libertad"
"Alexis Duarte","Santos"
"Alexis Duarte","Spartak Moscow"
"Enzo Giménez","Querétaro"
"Enzo Giménez","Rosario Central"
"Miguel Martínez","Club Guaraní"
"Miguel Martínez","Sportivo Ameliano"
"Damián Bobadilla","São Paulo"
"Arkadiusz Jędrych","Katowice"
"Franco Leys","Aldosivi"
"Franco Leys","Deportivo Pasto"
"Ramón Sosa","Palmeiras"
"Fernando Martínez Rojas","Club Rubio Nu"
"Fernando Martínez Rojas","Deportes Concepcion"
"Alberto Espínola Giménez","Club 2 de Mayo"
"Alberto Espínola Giménez","Olimpia"
"Xaver Schlager","Nottingham Forest"
"Xaver Schlager","RB Leipzig"
"Marin Pongracic","Fiorentina"
"Amadou Haidara","Lens"
"Kleis Bozhanaj","Carrarese Calcio 1908"
"Kleis Bozhanaj","Modena"
"Kleis Bozhanaj","Reggiana"
"Romano Schmid","Frosinone"
"Romano Schmid","Werder Bremen"
"Patson Daka","Hamburger SV"
"Patson Daka","Leicester City"
"Mattia Tirelli","Virtus Entella"
"Luca Zidane","Granada"
"Luca Zidane","Leganés"
"Juan Cruz","Leganés"
"Juan Cruz","Málaga"
"Nikola Mituljikic","Zulte Waregem"
"Bruno Zuculini","Nacional"
"Bruno Zuculini","Racing Club"
"Mattia Zaccagni","Lazio"
"Michalis Kosidis","Zagłębie Lubin"
"Jonas Hofmann","Bayer Leverkusen"
"Gastón Benavídez","Athletico Paranaense"
"Gastón Benavídez","Talleres de Córdoba"
"Raúl Bobadilla","FC Aarau"
"Raúl Bobadilla","Rapperswil-Jona"
"Matthias Ginter","Freiburg"
"Luan Patrick","Estrela Amadora"
"Nico Elvedi","Borussia Mönchengladbach"
"Nico Elvedi","Leeds United"
"Jhon Córdoba","FK Krasnodar"
"Alexander Isak","Liverpool"
"Timo Horn","Bochum"
"Giovanni Fabbian","Bologna"
"Giovanni Fabbian","Fiorentina"
"Rodrigo Ruiz Díaz","Club 2 de Mayo"
"Rodrigo Ruiz Díaz","Club Rubio Nu"
"Leonardo Bittencourt","Energie Cottbus"
"Leonardo Bittencourt","Werder Bremen"
"Karol Świderski","Panathinaikos"
"Karol Świderski","Widzew Łódź"
"Sam Lammers","Twente"
"Wout Faes","AS Monaco"
"Wout Faes","Leicester City"
"Ryan Flamingo","PSV Eindhoven"
"Ludovit Reis","Club Brugge"
"Ludovit Reis","Werder Bremen"
"Dan Crowley","Milton Keynes Dons"
"Carlos Fernández","Mirandés"
"Carlos Fernández","Real Oviedo"
"Jannik Dehm","Greuther Fürth"
"Douglas Santos","Zenit St. Petersburg"
"Jonas Meffert","Hamburger SV"
"Jonas Meffert","Holstein Kiel"
"Mathias Honsak","FC Heidenheim"
"Hauke Wahl","St. Pauli"
"Hauke Wahl","Wolfsburg"
"Daniel Dos Santos","Lugano"
"Tobias Mohr","Standard Liège"
"Sebastián Rodríguez","Cúcuta Deportivo"
"Sebastián Rodríguez","Rionegro"
"Marcel Schuhen","Darmstadt 98"
"Maximilian Wittek","Bochum"
"Zeno Van Den Bosch","Antwerp"
"Zeno Van Den Bosch","Union Berlin"
"Romano Mussolini","Cremonese"
"Romano Mussolini","Lazio"
"Philipp Lienhart","Freiburg"
"David Datro Fofana","Fatih Karagümrük"
"David Datro Fofana","Strasbourg"
"Marc Kempf","Como"
"Janik Haberer","Union Berlin"
"Josip Brekalo","Hertha Berlin"
"Josip Brekalo","Real Oviedo"
"Orel Mangala","Getafe"
"Orel Mangala","Lyon"
"Santiago Ascacíbar","Boca Juniors"
"Santiago Ascacíbar","Estudiantes"
"Marcin Kamiński","Wisła Płock"
"Bernardo","Hoffenheim"
"Jacob Larsen","Burnley"
"Milos Kerkez","Liverpool"
"Kai Havertz","Arsenal"
"Lukas Klemenz","Katowice"
"Mateusz Lis","Göztepe"
"Mateusz Lis","Lech Poznan"
"Antoine Rabillard","Le Mans"
"Abou Kanté","Dunkerque"
"Abou Kanté","Stade Lavallois"
"Dani van den Heuvel","Club Brugge"
"Dani van den Heuvel","OH Leuven"
"Paul Smyth","Queens Park Rangers"
"Eberechi Eze","Arsenal"
"Eberechi Eze","Crystal Palace"
"Ricardo Adé","LDU Quito"
"Ronie Edmundo Carrillo Morales","Emelec"
"Ronie Edmundo Carrillo Morales","Mushuc Runa"
"Ben Pearson","Stoke City"
"Callum Robinson","Cardiff City"
"Yira Collins Sor","Amed SK"
"Yira Collins Sor","KRC Genk"
"Ryan Manning","Southampton"
"Josh Scowen","Wycombe Wanderers"
"Tayo Edun","Stockport County"
"Janoi Donacien","Chesterfield"
"Janoi Donacien","Northampton Town"
"Flynn Downes","Southampton"
"Trevoh Chalobah","Chelsea"
"Trevoh Chalobah","Como"
"Liam Gordon","Gillingham"
"Liam Gordon","Motherwell"
"Zander clark","Doncaster Rovers"
"Zander clark","Hearts"
"Jason Kerr","Hibernian"
"Jason Kerr","Wigan Athletic"
"Ivan Varfolomejev","Lincoln City"
"Ivan Varfolomejev","Slovan Liberec"
"Stephen O'Donnell","Motherwell"
"Jonatan Torres","Cerro Porteño"
"Scott Tanser","Falkirk"
"Scott Tanser","St Mirren"
"Jayden Stockley","AFC Wimbledon"
"Jayden Stockley","Port Vale"
"Arnau Martínez","Almería"
"Arnau Martínez","Mallorca"
"Regan Slater","Hull City"
"Christy Pym","Grimsby Town"
"Pierce Sweeney","Cheltenham Town"
"Pierce Sweeney","Exeter City"
"Pedro Vite","Pumas UNAM"
"Marcos Mejía","Barcelona"
"Marcos Mejía","Delfin"
"Salih Özcan","Beşiktaş"
"Salih Özcan","Borussia Dortmund"
"Zito Luvumbo","Cagliari"
"Zito Luvumbo","Mallorca"
"Teddy Bouriaud","Nancy"
"Teddy Bouriaud","Stade Lavallois"
"Dame Gueye","Le Mans"
"Jan Gyamerah","SV 07 Elversberg"
"Niklas Hauptmann","Dynamo Dresden"
"Serhou Guirassy","Borussia Dortmund"
"Leonardo Sequeira","Central Córdoba SdE"
"Leonardo Sequeira","Huracán"
"Danny Gabriel Luna Morán","Aucas"
"Danny Gabriel Luna Morán","Delfin"
"Jonas Föhrenbach","FC Heidenheim"
"Benedikt Gimber","FC Heidenheim"
"Alessandro Marcandalli","Genoa"
"Giovanni Bonfanti","Las Palmas"
"Giovanni Bonfanti","Pisa"
"Giovanni Bonfanti","Spezia"
"Amine Sbaï","Angers"
"Sambou Soumano","Lorient"
"Sambou Soumano","Stade de Reims"
"Donatien Gomis","Guingamp"
"Phil Neumann","Birmingham City"
"Asger Sörensen","Sparta Praha"
"Marius Bülter","FC Köln"
"Tobias Müller","Magdeburg"
"Stanislav Agkatsev","FK Krasnodar"
"Grischa Prömel","Hoffenheim"
"Grischa Prömel","VfB Stuttgart"
"Maik Nawrocki","Hannover 96"
"Maik Nawrocki","Lens"
"Nicolai Rapp","Dynamo Dresden"
"Nicolai Rapp","Karlsruher SC"
"Emmanuel Iyoha","Fortuna Düsseldorf"
"Emmanuel Iyoha","Magdeburg"
"Marcel Hartel","Hannover 96"
"Marcel Hartel","St. Louis City"
"Marnon Busch","FC Heidenheim"
"Samuel Giovane","Catanzaro"
"Samuel Giovane","Palermo"
"Robert Glatzel","Hamburger SV"
"Robert Glatzel","Wolfsburg"
"Alex Scott","AFC Bournemouth"
"Niklas Dorsch","FC Heidenheim"
"Niklas Dorsch","Toronto FC"
"Alejandro Marqués","Estoril"
"Alejandro Marqués","Granada"
"Tiago Palacios","Estudiantes"
"Ignacio Schor","AD Ceuta FC"
"Ignacio Schor","O'Higgins"
"Tim Skarke","Union Berlin"
"Jonmi Magunagoitia","Eibar"
"Daniel Heuer","Hamburger SV"
"Phillip Tietz","Augsburg"
"Phillip Tietz","FSV Mainz 05"
"Marvin Mehlem","Arminia Bielefeld"
"Serdar Dursun","Gazişehir Gaziantep"
"Serdar Dursun","Kocaelispor"
"Marcel Franke","Karlsruher SC"
"Marlon Ritter","Kaiserslautern"
"Linus Wahlqvist","Pogoń Szczecin"
"Eom Ji-Sung","Swansea City"
"Baris Atik","Magdeburg"
"Ernest Muçi","Beşiktaş"
"Ernest Muçi","Trabzonspor"
"Cauly","Bahia"
"Cauly","São Paulo"
"Josh Sheehan","Bolton Wanderers"
"Mickey Demetriou","Crewe Alexandra"
"CJ Hamilton","Blackpool"
"Antoine Semenyo","AFC Bournemouth"
"Antoine Semenyo","Manchester City"
"David Romero","Parma Calcio 1913"
"David Romero","Tigre"
"Andrin Hunziker","St. Gallen"
"Andrin Hunziker","Winterthur"
"Taïryk Arconte","Millwall"
"Taïryk Arconte","Pau"
"Taïryk Arconte","Rodez"
"Nathan Baxter","Leyton Orient"
"Nathan Baxter","Watford"
"Diallang Jaiyesimi","Barnet"
"Diallang Jaiyesimi","Leyton Orient"
"Reece Cole","Exeter City"
"Yoann Cathline","FC Utrecht"
"Tom James","Bristol Rovers"
"Tom James","Leyton Orient"
"James Gibbons","Cambridge United"
"James Gibbons","Notts County"
"George Maris","Mansfield Town"
"Nathan Smith","Tranmere Rovers"
"Luciano Emilio Gondou Zanelli","CSKA Moscow"
"Luciano Emilio Gondou Zanelli","Zenit St. Petersburg"
"Luke Hannant","Oldham Athletic"
"Luke Hannant","Rochdale"
"Ryan Wintle","Cardiff City"
"Ryan Wintle","Milton Keynes Dons"
"Perry Ng","Cardiff City"
"Harry Pickering","Blackburn Rovers"
"Rhys Oates","Mansfield Town"
"Houboulang Mendes","Fortuna Sittard"
"Houboulang Mendes","Servette"
"Pavel Kaderabek","Sparta Praha"
"Seiya Maikuma","AZ Alkmaar"
"Rani Khedira","Union Berlin"
"Florian Flick","Eintracht Braunschweig"
"Marius Wolf","Augsburg"
"Daichi Kamada","Crystal Palace"
"Andy Cook","Bradford City"
"Andy Cook","Grimsby Town"
"Shunsuke Mito","Sparta Rotterdam"
"Conor Grant","Accrington Stanley"
"Hiroki Akiyama","Darmstadt 98"
"Matt Godden","Charlton Athletic"
"Mark O'Hara","Kilmarnock"
"Mark O'Hara","St Mirren"
"Louis Reed","Mansfield Town"
"Siriki Dembélé","Oxford United"
"Sam Finley","Tranmere Rovers"
"Kayden Jackson","Bradford City"
"Kayden Jackson","Derby County"
"Francis Okoronkwo","Doncaster Rovers"
"Francis Okoronkwo","Lincoln City"
"Regan Charles-Cook","Motherwell"
"Brandon Hanlan","Doncaster Rovers"
"Jordan Clark","Luton Town"
"Séamus Conneely","Accrington Stanley"
"Sam Smith","Wrexham"
"Luke Garbutt","Salford City"
"Victor Adeboyejo","Bromley"
"Victor Adeboyejo","Mansfield Town"
"Che Adams","Torino"
"Javier Dominguez","Atlético Tucumán"
"Javier Dominguez","Olimpia"
"Maxime Colin","Metz"
"Metehan Altunbaş","Eyüpspor"
"Metehan Altunbaş","Kocaelispor"
"James Husband","Blackpool"
"James Husband","Doncaster Rovers"
"Ronny Biojó","ADT"
"Ronny Biojó","Mushuc Runa"
"Kenneth McLean","Norwich City"
"Grant Hanley","Hibernian"
"Dennis Srbeny","Greuther Fürth"
"Onel Hernández","Charlton Athletic"
"Onel Hernández","Port Vale"
"Nick Freeman","Gillingham"
"Nick Freeman","Shrewsbury Town"
"Randell Williams","Reading"
"Jean Vercruysse","Le Mans"
"Jordan Thompson","Preston North End"
"Dango Ouattara","Brentford"
"Joel Fujita","St. Pauli"
"John Swift","Portsmouth"
"Harry Wilson","Fulham"
"Harry Wilson","Leeds United"
"Liam Kelly","Milton Keynes Dons"
"Liam Kelly","Peterborough United"
"Reece James","Chelsea"
"Callum McManaman","Wigan Athletic"
"Barry Bannan","Millwall"
"Barry Bannan","Sheffield Wednesday"
"Adam Reach","Lincoln City"
"Liam Palmer","Sheffield Wednesday"
"David McGoldrick","Barnsley"
"David McGoldrick","Mansfield Town"
"Lewis Wing","Reading"
"George Saville","Bromley"
"George Saville","Luton Town"
"Ashley Fletcher","Blackpool"
"Ashley Fletcher","Huddersfield Town"
"Jake Cooper","Millwall"
"Dael Fry","Birmingham City"
"Dael Fry","Middlesbrough"
"Jed Wallace","Bristol City"
"Jed Wallace","West Bromwich Albion"
"Kaishu Sano","FSV Mainz 05"
"Marlon Pack","Portsmouth"
"João Carvalho","Estoril"
"Equi Fernández","Bayer Leverkusen"
"Jack Hunt","Stockport County"
"Jack Hunt","Wigan Athletic"
"Tendayi Darikwa","Lincoln City"
"Diogo Gonçalves","Konyaspor"
"Ben Wiles","Huddersfield Town"
"Ben Wiles","Milton Keynes Dons"
"Jack Harrison","Fiorentina"
"Jack Harrison","Leeds United"
"Jack Harrison","New England Revolution"
"Bailey Peacock-Farrell","Blackpool"
"Liam Cooper","Sheffield Wednesday"
"Mateusz Klich","Cracovia Kraków"
"Luke Ayling","Middlesbrough"
"Will Keane","Preston North End"
"Will Keane","Reading"
"Jack Grealish","Everton"
"Jack Grealish","Manchester City"
"Jarrod Bowen","West Ham United"
"Albert Adomah","Walsall"
"Paddy McNair","Hull City"
"Harvey Vale","Queens Park Rangers"
"Sven Sprangler","Newport County AFC"
"Sven Sprangler","Walsall"
"Jorge Grant","Salford City"
"Ronan Curtis","Plymouth Argyle"
"Ronan Curtis","Port Vale"
"Pelly Mpanzu","Cambridge United"
"Harry Cornick","Bristol City"
"Harry Cornick","Stevenage"
"James Justin","Leeds United"
"James Justin","Leicester City"
"Tom Naylor","Chesterfield"
"Lucas Akins","Mansfield Town"
"Kyle McFadzean","Chesterfield"
"Emilio Lawrence","Luton Town"
"Malik Owolabi-Belewu","Chesterfield"
"Jonas Rouhi","Carrarese Calcio 1908"
"Mateusz Wdowiak","Katowice"
"Mateusz Wdowiak","Zagłębie Lubin"
"Lucas Alario","Estudiantes"
"Joel Pohjanpalo","Palermo"
"Bakery Jatta","Hamburger SV"
"Ayumu Yokoyama","KRC Genk"
"Brandon Bokangu","Nancy"
"Axel Werner","Aldosivi"
"Axel Werner","Rosario Central"
"Antonio Sivera","Deportivo Alavés"
"Cole Stockton","Accrington Stanley"
"Cole Stockton","Salford City"
"Luther James-Wildin","Stevenage"
"Jonny Smith","Gillingham"
"Jonny Smith","Rochdale"
"Jonny Smith","Wigan Athletic"
"Marko Ivezic","Holstein Kiel"
"Harry Anderson","Colchester United"
"Aliou Baldé","St. Gallen"
"Hakeem Odoffin","Luton Town"
"Elliott Hewitt","Mansfield Town"
"Sammie Szmodics","Derby County"
"Sammie Szmodics","Ipswich Town"
"Mikael Mandron","St Mirren"
"Mikael Mandron","Stockport County"
"Aaron Collins","Milton Keynes Dons"
"Lawrence Vigouroux","Swansea City"
"Scott Twine","Bristol City"
"Kyle Knoyle","Mansfield Town"
"Callum Maycock","AFC Wimbledon"
"Alessandro Pietrelli","Venezia"
"Alessandro Pietrelli","Vicenza Virtus"
"Marvin Elimbi","Gil Vicente"
"Harry Clifton","Doncaster Rovers"
"Theo Archibald","Leyton Orient"
"Farrend Rawson","Accrington Stanley"
"Robert Sanchez","Chelsea"
"Charles Vernam","Grimsby Town"
"Paul Digby","Colchester United"
"Paul Digby","Dundee"
"Josema","Górnik Zabrze"
"Elisha Owusu","Auxerre"
"Elisha Owusu","Erzurumspor"
"Florian Sotoca","Lens"
"Brice Maubleu","Pau"
"Brice Maubleu","Saint-Étienne"
"Andrea Oliveri","Ascoli Calcio"
"Andrea Oliveri","Delfino Pescara 1936"
"Thomas Santos","Motor Lublin"
"Mads Agger","Pogoń Szczecin"
"Lukas Boeder","Dynamo Dresden"
"Fred","Atlético Mineiro"
"Fred","Fenerbahçe"
"James Maddison","Tottenham Hotspur"
"Kobbie Mainoo","Manchester United"
"Kadeem Harris","Gillingham"
"Kadeem Harris","Salford City"
"Nathaniel Mendez-Laing","Milton Keynes Dons"
"Junior Hoilett","Hibernian"
"Junior Hoilett","Swindon Town"
"Bobby De Cordova-Reid","Leicester City"
"Conor Coady","Charlton Athletic"
"Conor Coady","Wrexham"
"Rúben Vinagre","Legia Warszawa"
"Morgan Gibbs-White","Nottingham Forest"
"Lloyd Kelly","Juventus"
"Nazinho","AS Monaco"
"Nazinho","Cercle Brugge"
"Armando Izzo","Monza"
"Armando Izzo","US Avellino"
"Mandela Keita","Parma Calcio 1913"
"Ross Stewart","Southampton"
"Ross Stewart","Swansea City"
"Hayden Coulson","Blackpool"
"Ryan Alebiosu","Blackburn Rovers"
"Daniel Oyegoke","Hellas Verona"
"Zach Awe","Salford City"
"Stefano Russo","Arminia Bielefeld"
"Liam Donnelly","St Mirren"
"John McGinn","Aston Villa"
"Martin Boyle","Hibernian"
"Young-Jun Lee","Grasshopper"
"Elijah Just","Motherwell"
"Elijah Just","Swansea City"
"Chris Cadden","Aberdeen"
"Chris Cadden","Hibernian"
"Dominic Ball","Cambridge United"
"Nikola Katic","Schalke 04"
"Alfredo Morelos","Atlético Nacional"
