sb_player_id,player_name_sb,team_name_sb,league,side
28536,Gibrán Lajud,Atlético San Luis,Liga MX,statsbomb
107179,David Rodríguez,Atlético San Luis,Liga MX,statsbomb
42471,Lucas Esteves,Atlético San Luis,Liga MX,statsbomb
239906,Leonardo Flores,Atlético San Luis,Liga MX,statsbomb
483952,S.Rodríguez Rodelas,Pachuca,Liga MX,statsbomb
416852,Gael Álvarez,Pachuca,Liga MX,statsbomb
540500,Cristobal Basilio Hernández Alcantara,Pachuca,Liga MX,statsbomb
482804,R.Parra Arteaga,Pumas UNAM,Liga MX,statsbomb
5597,Keylor Navas,Pumas UNAM,Liga MX,statsbomb
530673,Lucca Vuoso,Santos Laguna,Liga MX,statsbomb
546137,Juan Echilvestre,Santos Laguna,Liga MX,statsbomb
526449,Nelson Sahiel Cedillo Velázquez,Santos Laguna,Liga MX,statsbomb
92422,Héctor Holguín,Santos Laguna,Liga MX,statsbomb
27893,Antonio Rodríguez,Tijuana,Liga MX,statsbomb
12619,Josef Martínez,Tijuana,Liga MX,statsbomb
393875,Diogo Bagüí,Tijuana,Liga MX,statsbomb
551398,Luis Carmona,Juárez,Liga MX,statsbomb
36754,Rodrigo Schlegel,Atlas,Liga MX,statsbomb
530676,Luis Gamboa,Atlas,Liga MX,statsbomb
100552,Agustín Rodríguez,Atlas,Liga MX,statsbomb
28815,Agustín Palavecino,Cruz Azul,Liga MX,statsbomb
25439,Danny Leyva,Necaxa,Liga MX,statsbomb
440616,Francisco Méndez,Necaxa,Liga MX,statsbomb
28475,Kevin Gutiérrez,Necaxa,Liga MX,statsbomb
73713,Ignacio Maestro Puch,Puebla,Liga MX,statsbomb
37069,Jesús Rodríguez,Puebla,Liga MX,statsbomb
49779,Eduardo Mustre,Puebla,Liga MX,statsbomb
3058,Chicharito,Guadalajara,Liga MX,statsbomb
24597,Óscar Whalley,Guadalajara,Liga MX,statsbomb
43048,Brian Gutierrez,Guadalajara,Liga MX,statsbomb
38038,Jonathan Pérez,Guadalajara,Liga MX,statsbomb
422617,Sergio Aguayo,Guadalajara,Liga MX,statsbomb
475653,Koifman,Tigres UANL,Liga MX,statsbomb
28561,Nahuel Guzmán,Tigres UANL,Liga MX,statsbomb
36945,Luis Cárdenas,Monterrey,Liga MX,statsbomb
392956,Sebastián Rodríguez,Monterrey,Liga MX,statsbomb
422535,Cristian Reyes,Monterrey,Liga MX,statsbomb
459824,Christopher Mora,León,Liga MX,statsbomb
423122,Jordan García,León,Liga MX,statsbomb
198553,Óscar García,León,Liga MX,statsbomb
406054,Bryan Gamboa,Cruz Azul,Liga MX,statsbomb
36935,Andrés Gudiño,Cruz Azul,Liga MX,statsbomb
131123,Andrés Sánchez,Atlético San Luis,Liga MX,statsbomb
540502,Israel Tello Robles,Necaxa,Liga MX,statsbomb
540514,Allen Iverson Rojas García,Monterrey,Liga MX,statsbomb
51942,Santiago Mele,Monterrey,Liga MX,statsbomb
38338,Carlos Moreno,Pachuca,Liga MX,statsbomb
521212,Daniel Omar Mendez Sanchez,Pachuca,Liga MX,statsbomb
551572,Jonatan Ramirez,Pachuca,Liga MX,statsbomb
437672,Franco Rossi,Toluca,Liga MX,statsbomb
27163,Juan Pablo Vargas,Puebla,Liga MX,statsbomb
26363,Alexis Canelo,Puebla,Liga MX,statsbomb
49982,Daniel Gutiérrez,Mazatlán,Liga MX,statsbomb
469976,Juan Sigala,Pachuca,Liga MX,statsbomb
38307,José Hernández,Querétaro,Liga MX,statsbomb
36406,Guillermo Allison,Querétaro,Liga MX,statsbomb
408920,Bayron Duarte,Querétaro,Liga MX,statsbomb
32917,Carlos Acevedo,Santos Laguna,Liga MX,statsbomb
29518,Óscar Jiménez,Atlante,Liga MX,statsbomb
33098,Luis Malagón,América,Liga MX,statsbomb
11388,Néstor Araujo,América,Liga MX,statsbomb
430674,Thiago Espinosa,América,Liga MX,statsbomb
29574,Lima,América,Liga MX,statsbomb
208278,Andrés Montaño,Cruz Azul,Liga MX,statsbomb
206065,Christian Ebere,Cruz Azul,Liga MX,statsbomb
549072,Iván Silva,Cruz Azul,Liga MX,statsbomb
78134,Kevin Mier,Cruz Azul,Liga MX,statsbomb
132044,Josué Díaz,Cruz Azul,Liga MX,statsbomb
526443,Erick Orta,Toluca,Liga MX,statsbomb
30459,Jorge Díaz Price,Toluca,Liga MX,statsbomb
26303,Hugo González,Toluca,Liga MX,statsbomb
482833,S.Cordova,Toluca,Liga MX,statsbomb
432725,Francisco Pumpido,Toluca,Liga MX,statsbomb
541105,Ricardo Alonso,Necaxa,Liga MX,statsbomb
232966,Raúl Rangel,Guadalajara,Liga MX,statsbomb
36498,César Araújo,Tigres UANL,Liga MX,statsbomb
37592,Luis García,Toluca,Liga MX,statsbomb
27225,Camilo Vargas,Atlas,Liga MX,statsbomb
28424,Edgar Zaldívar,Atlas,Liga MX,statsbomb
26267,Sebastián Jurado,Juárez,Liga MX,statsbomb
399839,Jan Carmona,Juárez,Liga MX,statsbomb
401243,Javier Ruiz,Necaxa,Liga MX,statsbomb
37879,Santiago Muñoz,Atlético San Luis,Liga MX,statsbomb
16251,Jesús Medina,Atlético San Luis,Liga MX,statsbomb
81047,José Eulogio,Pachuca,Liga MX,statsbomb
52291,René López,Pachuca,Liga MX,statsbomb
28522,Rodolfo Cota,América,Liga MX,statsbomb
541103,Juan Cázares,Querétaro,Liga MX,statsbomb
461537,Diego Abreu,Tijuana,Liga MX,statsbomb
41122,Monchu,Juárez,Liga MX,statsbomb
44983,César Ramos,Atlas,Liga MX,statsbomb
62119,Manuel Capasso,Atlas,Liga MX,statsbomb
52243,Antonio Sánchez,Atlas,Liga MX,statsbomb
27762,Ezequiel Unsain,Necaxa,Liga MX,statsbomb
274994,Raúl Martínez,Necaxa,Liga MX,statsbomb
82746,Bryan Casas,Necaxa,Liga MX,statsbomb
36949,Julio González,Puebla,Liga MX,statsbomb
27228,Kevin Velasco,Puebla,Liga MX,statsbomb
529316,Cristóbal Alfaro,Pachuca,Liga MX,statsbomb
458619,Joshua Palacios,Necaxa,Liga MX,statsbomb
29047,Julián Carranza,Necaxa,Liga MX,statsbomb
275606,Ulises Torres,Puebla,Liga MX,statsbomb
26388,José Corona,Tijuana,Liga MX,statsbomb
423919,Pablo Lara,Pumas UNAM,Liga MX,statsbomb
540503,Rogelio Andrés González Román,Cruz Azul,Liga MX,statsbomb
280947,Ariel Castro,Cruz Azul,Liga MX,statsbomb
400628,César Bustos,Monterrey,Liga MX,statsbomb
540513,Omar Alejandro Gálvez Vidales,Monterrey,Liga MX,statsbomb
390351,Ángel Chávez,Guadalajara,Liga MX,statsbomb
49983,Ricardo Rodríguez,Mazatlán,Liga MX,statsbomb
423845,Said Godínez,Mazatlán,Liga MX,statsbomb
34326,Brian Rubio,Mazatlán,Liga MX,statsbomb
426200,Luis Carrillo,Mazatlán,Liga MX,statsbomb
392141,Gilberto Adame,Mazatlán,Liga MX,statsbomb
26584,Billy Arce,Mazatlán,Liga MX,statsbomb
463039,Josué Ovalle,Mazatlán,Liga MX,statsbomb
540405,Jaime Andrés Estrada González,Mazatlán,Liga MX,statsbomb
273519,Gabriel López,Mazatlán,Liga MX,statsbomb
196915,Johan Caicedo,Atlético San Luis,Liga MX,statsbomb
76497,Rafa Llorente,Atlético San Luis,Liga MX,statsbomb
25406,Martín Sarrafiore,Atlante,Liga MX,statsbomb
108743,Aarón Quirós,Atlante,Liga MX,statsbomb
37466,Martín Fernández,Atlante,Liga MX,statsbomb
43313,Javier Ibarra,Atlante,Liga MX,statsbomb
33119,Luis Calzadilla,Atlante,Liga MX,statsbomb
133837,Daniel González,Atlante,Liga MX,statsbomb
304781,Edgar Saúl Jiménez Sánchez,Atlante,Liga MX,statsbomb
32579,Eduardo Tercero,Atlante,Liga MX,statsbomb
143156,Jairón Andrés Charcopa Cabezas,Atlante,Liga MX,statsbomb
234215,Adrián Alcaraz,Pachuca,Liga MX,statsbomb
423742,Luciano Herrera,Pumas UNAM,Liga MX,statsbomb
129393,Paulo Victor,Querétaro,Liga MX,statsbomb
389514,Alejandro Alcalá,Querétaro,Liga MX,statsbomb
87443,Enzo Giménez,Querétaro,Liga MX,statsbomb
193688,Franco Pardo,Santos Laguna,Liga MX,statsbomb
34495,Mauricio Cuevas,Santos Laguna,Liga MX,statsbomb
474814,Ricardo Juárez,Juárez,Liga MX,statsbomb
54781,Florián Monzón,Atlas,Liga MX,statsbomb
482767,J.Sánchez,Atlas,Liga MX,statsbomb
12704,Milton Valenzuela,Atlas,Liga MX,statsbomb
24600,Ryan Mmaee,Atlas,Liga MX,statsbomb
39482,Duk,Atlas,Liga MX,statsbomb
76169,Luís Esteves,Atlas,Liga MX,statsbomb
170306,Naves,Necaxa,Liga MX,statsbomb
277521,Juan Torres,Necaxa,Liga MX,statsbomb
239948,Isac Galván,Tigres UANL,Liga MX,statsbomb
474011,Diego Ramirez,Tigres UANL,Liga MX,statsbomb
448641,A. Moreno,Tigres UANL,Liga MX,statsbomb
26280,Orbelín Pineda,Monterrey,Liga MX,statsbomb
12523,Diego Rossi,Monterrey,Liga MX,statsbomb
47067,Jhohan Romaña,León,Liga MX,statsbomb
425032,Juan Guevara,León,Liga MX,statsbomb
565572,Ícaro,América,Liga MX,statsbomb
24062,Edwin Cerrillo,América,Liga MX,statsbomb
569186,Emiliano Portillo,Cruz Azul,Liga MX,statsbomb
43309,Alán Montes,Cruz Azul,Liga MX,statsbomb
31957,Federico Viñas,Toluca,Liga MX,statsbomb
565564,Carlos Carrillo,Toluca,Liga MX,statsbomb
391248,Lucas Romero,Juárez,Liga MX,statsbomb
565573,Alejandro Cárdenas,América,Liga MX,statsbomb
34731,Eugenio Pizzuto,Atlante,Liga MX,statsbomb
212723,Matías Espíndola,Necaxa,Liga MX,statsbomb
181729,Miguel Pedroza,Necaxa,Liga MX,statsbomb
31673,Hugo Cuypers,Monterrey,Liga MX,statsbomb
489410,Aldo de Nigris,Monterrey,Liga MX,statsbomb
391722,Luifer Hernández,Puebla,Liga MX,statsbomb
359710,Joshua Mancha,Santos Laguna,Liga MX,statsbomb
438968,Luis Jiménez,Necaxa,Liga MX,statsbomb
460955,Sergio Sanabria,Puebla,Liga MX,statsbomb
120033,Mathías Tomás,Puebla,Liga MX,statsbomb
28284,Alan Franco,Tigres UANL,Liga MX,statsbomb
50551,Luis Sánchez,Atlante,Liga MX,statsbomb
181652,Iker Benito,Querétaro,Liga MX,statsbomb
31719,Francisco González,Tijuana,Liga MX,statsbomb
112990,Elias Manoel,Tijuana,Liga MX,statsbomb
482987,D.Longa,Necaxa,Liga MX,statsbomb
530437,Jesús Lara,León,Liga MX,statsbomb
49354,Fernando Tapia,América,Liga MX,statsbomb
252843,Óscar Perea,América,Liga MX,statsbomb
29515,Felipe Mora,Atlético San Luis,Liga MX,statsbomb
43481,Armando Escobar,Atlante,Liga MX,statsbomb
47078,Walter Clar,Atlante,Liga MX,statsbomb
158901,Juan Nicolás Carrera Zarzar,Atlante,Liga MX,statsbomb
239945,Santiago Garcia,Atlante,Liga MX,statsbomb
30948,Andrés Arroyo,Pachuca,Liga MX,statsbomb
565299,Mono Martínez,Querétaro,Liga MX,statsbomb
26403,Carlos Vargas,Necaxa,Liga MX,statsbomb
416464,Lucas Camilo,Puebla,Liga MX,statsbomb
47115,Erik Dueñas,Querétaro,Liga MX,statsbomb
367634,Felipe Sánchez,Santos Laguna,Liga MX,statsbomb
405767,Leonardo Mejía Soto,Atlante,Liga MX,statsbomb
540541,Octavio Martín Vázquez González,Atlante,Liga MX,statsbomb
458388,Diego García,América,Liga MX,statsbomb
394272,Fernando Ordóñez,Tigres UANL,Liga MX,statsbomb
436778,Luis Valadez,León,Liga MX,statsbomb
567338,Rodrigo Granillo,Atlético Tucumán,Argentina,statsbomb
462638,Luciano Vallejo,Atlético Tucumán,Argentina,statsbomb
51988,Renzo Tesuri,Atlético Tucumán,Argentina,statsbomb
94690,Javier Dominguez,Atlético Tucumán,Argentina,statsbomb
28288,Martín Benítez,Atlético Tucumán,Argentina,statsbomb
28252,Leonel Di Plácido,Atlético Tucumán,Argentina,statsbomb
28874,Julián Fernández,Atlético Tucumán,Argentina,statsbomb
26363,Alexis Canelo,Atlético Tucumán,Argentina,statsbomb
31830,Maximiliano Villa,Atlético Tucumán,Argentina,statsbomb
367308,Manuel Brondo,Atlético Tucumán,Argentina,statsbomb
475072,Ramiro Paunero,Atlético Tucumán,Argentina,statsbomb
532311,Cesar Vega,Atlético Tucumán,Argentina,statsbomb
523990,Carlos Abeldaño,Atlético Tucumán,Argentina,statsbomb
368259,Lucas Román,Atlético Tucumán,Argentina,statsbomb
67511,Luciano Cingolani,Gimnasia Mendoza,Argentina,statsbomb
212725,Franco Saavedra,Gimnasia Mendoza,Argentina,statsbomb
408562,Julián Ceballos,Gimnasia Mendoza,Argentina,statsbomb
32024,Germán Guiffrey,Gimnasia Mendoza,Argentina,statsbomb
549114,Geronimo Patritti,Gimnasia Mendoza,Argentina,statsbomb
426171,Brian Ferreyra,Gimnasia Mendoza,Argentina,statsbomb
56718,Tomás Ortiz,Gimnasia Mendoza,Argentina,statsbomb
423884,Diego Mondino,Gimnasia Mendoza,Argentina,statsbomb
424592,Matías Recalde,Gimnasia Mendoza,Argentina,statsbomb
425527,Brian Andrada,Gimnasia Mendoza,Argentina,statsbomb
426893,Lautaro Carrera,Gimnasia Mendoza,Argentina,statsbomb
367195,Santiago Rodríguez,Gimnasia Mendoza,Argentina,statsbomb
170339,Fermín Antonini,Gimnasia Mendoza,Argentina,statsbomb
424582,Nicolás Romano,Gimnasia Mendoza,Argentina,statsbomb
30421,Matías Vargas,Gimnasia Mendoza,Argentina,statsbomb
408770,Agustín Módica,Gimnasia Mendoza,Argentina,statsbomb
408565,Valentino Simoni,Gimnasia Mendoza,Argentina,statsbomb
29056,Juan Álvarez,Gimnasia Mendoza,Argentina,statsbomb
424546,Ignacio Sabatini,Gimnasia Mendoza,Argentina,statsbomb
426040,Imanol González Benac,Gimnasia Mendoza,Argentina,statsbomb
263587,Luciano Paredes,Gimnasia Mendoza,Argentina,statsbomb
277042,Ismael Cortez,Gimnasia Mendoza,Argentina,statsbomb
416526,Dylan Gorosito,Boca Juniors,Argentina,statsbomb
542577,Tomás Aranda,Boca Juniors,Argentina,statsbomb
567392,Facundo Herrera,Boca Juniors,Argentina,statsbomb
44484,Leandro Lozano,Boca Juniors,Argentina,statsbomb
429925,Iker Zufiaurre,Boca Juniors,Argentina,statsbomb
12766,Lucas Janson,Boca Juniors,Argentina,statsbomb
30795,Ángel Romero,Boca Juniors,Argentina,statsbomb
542042,Gonzalo Gelini,Boca Juniors,Argentina,statsbomb
28878,Nicolás Figal,Boca Juniors,Argentina,statsbomb
31196,Marcelo Weigandt,Boca Juniors,Argentina,statsbomb
566874,Thiago Martínez,Defensa y Justicia,Argentina,statsbomb
29559,Darío Cáceres,Defensa y Justicia,Argentina,statsbomb
541171,Máximo Rodríguez,Defensa y Justicia,Argentina,statsbomb
229759,Santiago Toloza,Defensa y Justicia,Argentina,statsbomb
566875,Jonás Cabrera,Defensa y Justicia,Argentina,statsbomb
27761,Domingo Blanco,Defensa y Justicia,Argentina,statsbomb
430474,Santiago Sosa,Defensa y Justicia,Argentina,statsbomb
404115,David Emanuel Fernández Fariña,Defensa y Justicia,Argentina,statsbomb
30462,David Martínez,Defensa y Justicia,Argentina,statsbomb
426213,Luciano González,Defensa y Justicia,Argentina,statsbomb
52240,Matías Borgogno,Defensa y Justicia,Argentina,statsbomb
432135,Nazareno Roselli,Defensa y Justicia,Argentina,statsbomb
437994,Maximiliano Porcel,Defensa y Justicia,Argentina,statsbomb
278113,Lucas Souto,Defensa y Justicia,Argentina,statsbomb
331938,Samuel Lucero,Defensa y Justicia,Argentina,statsbomb
543891,Valentín Loza,Defensa y Justicia,Argentina,statsbomb
482999,Tiziano Perrotta,Defensa y Justicia,Argentina,statsbomb
31045,David Barbona,Defensa y Justicia,Argentina,statsbomb
396924,Tomás Pérez,Defensa y Justicia,Argentina,statsbomb
568529,Ramiro Gagliardi,Defensa y Justicia,Argentina,statsbomb
416142,Jeremías Lucco,Defensa y Justicia,Argentina,statsbomb
548681,Alan Coria,Defensa y Justicia,Argentina,statsbomb
51912,Leonel Bucca,Independiente Rivadavia,Argentina,statsbomb
531637,Nicolas Bolcato,Independiente Rivadavia,Argentina,statsbomb
482906,Bautista Dadín,Independiente Rivadavia,Argentina,statsbomb
553978,Matías Salvo,Independiente Rivadavia,Argentina,statsbomb
200016,Emmanuel Gómez Riga,Independiente Rivadavia,Argentina,statsbomb
385843,Alessandro Riep,Independiente Rivadavia,Argentina,statsbomb
473156,Facundo Sánchez,Lanús,Argentina,statsbomb
365446,Allan Wlk,Lanús,Argentina,statsbomb
447881,Luciano Romero,Lanús,Argentina,statsbomb
366626,Nahuel Losada,Lanús,Argentina,statsbomb
135192,Franco Petroli,Lanús,Argentina,statsbomb
428108,Bruno Cabrera,Lanús,Argentina,statsbomb
38348,Nicolás Morgantini,Lanús,Argentina,statsbomb
114013,Eros Mancuso,Estudiantes,Argentina,statsbomb
249330,Fabricio Iacovich,Estudiantes,Argentina,statsbomb
416530,Valente Pierani,Estudiantes,Argentina,statsbomb
28111,Adolfo Gaich,Estudiantes,Argentina,statsbomb
245595,Baltasar Rodríguez,Estudiantes,Argentina,statsbomb
485824,Franco Ariel Domínguez Ávila,Estudiantes,Argentina,statsbomb
215545,Tomás Palacios,Estudiantes,Argentina,statsbomb
443545,Fabricio Pérez,Estudiantes,Argentina,statsbomb
6822,Joaquín Correa,Estudiantes,Argentina,statsbomb
279377,Ryoga Kida,Argentinos Juniors,Argentina,statsbomb
29549,Gabriel Florentín,Argentinos Juniors,Argentina,statsbomb
550460,Alan Alcaraz,Argentinos Juniors,Argentina,statsbomb
29058,Claudio Bravo,Argentinos Juniors,Argentina,statsbomb
414806,Kevin Coronel,Argentinos Juniors,Argentina,statsbomb
35941,Brayan Cortés,Argentinos Juniors,Argentina,statsbomb
44484,Leandro Lozano,Argentinos Juniors,Argentina,statsbomb
530689,Facundo Jainikoski,Argentinos Juniors,Argentina,statsbomb
568165,Thiago Gómez,Argentinos Juniors,Argentina,statsbomb
51997,Gino Infantino,Argentinos Juniors,Argentina,statsbomb
531587,Facundo Carrizo,Argentinos Juniors,Argentina,statsbomb
433825,F.Vázquez,Argentinos Juniors,Argentina,statsbomb
423736,Lucas Gómez,Argentinos Juniors,Argentina,statsbomb
27762,Ezequiel Unsain,Talleres de Córdoba,Argentina,statsbomb
482762,G.Baroni,Talleres de Córdoba,Argentina,statsbomb
31011,Diego Valoyes,Talleres de Córdoba,Argentina,statsbomb
52235,Juan Sforza,Talleres de Córdoba,Argentina,statsbomb
45151,Bruno Barticciotto,Talleres de Córdoba,Argentina,statsbomb
476453,Timoteo Chamorro,Talleres de Córdoba,Argentina,statsbomb
48132,Agustín Álvarez,Talleres de Córdoba,Argentina,statsbomb
567177,Bruno Trey,Talleres de Córdoba,Argentina,statsbomb
450105,Valentín Dávila,Talleres de Córdoba,Argentina,statsbomb
28645,Guido Herrera,Talleres de Córdoba,Argentina,statsbomb
461948,Alexandro Mendieta,Talleres de Córdoba,Argentina,statsbomb
399994,Matías Gómez,Talleres de Córdoba,Argentina,statsbomb
541462,Lautaro Ortiz,Talleres de Córdoba,Argentina,statsbomb
473052,Emiliano Chiavassa,Talleres de Córdoba,Argentina,statsbomb
27908,Franco Cristaldo,Talleres de Córdoba,Argentina,statsbomb
24616,Alfonso Espino,Racing Club,Argentina,statsbomb
424665,Adrián Fernández,Racing Club,Argentina,statsbomb
400543,Tobías Rubio,Racing Club,Argentina,statsbomb
541491,Gonzalo Sosa,Racing Club,Argentina,statsbomb
148397,Valentín Carboni,Racing Club,Argentina,statsbomb
155658,Damián Pizarro,Racing Club,Argentina,statsbomb
18904,Matías Kranevitter,Racing Club,Argentina,statsbomb
245595,Baltasar Rodríguez,Racing Club,Argentina,statsbomb
568164,Santino Aguirre,Racing Club,Argentina,statsbomb
462775,Francisco Fraga,Racing Club,Argentina,statsbomb
448178,Alejandro Tello,Racing Club,Argentina,statsbomb
51879,Facundo Cambeses,Racing Club,Argentina,statsbomb
405935,Gonzalo Escudero,Racing Club,Argentina,statsbomb
547687,Ezequiel Pérez,Racing Club,Argentina,statsbomb
441299,Lisandro Piñero,Banfield,Argentina,statsbomb
25001,Favio Álvarez,Banfield,Argentina,statsbomb
43832,Alexander Machado,Banfield,Argentina,statsbomb
35756,Thomas Rodríguez,Banfield,Argentina,statsbomb
262949,Matías Hernández,Banfield,Argentina,statsbomb
103984,Ignacio Pais,Banfield,Argentina,statsbomb
28882,Diego Rodríguez,Banfield,Argentina,statsbomb
197105,Renzo Mariano Malanca,Banfield,Argentina,statsbomb
340191,Lucas Palavecino,Banfield,Argentina,statsbomb
433256,Lautaro Gómez,Banfield,Argentina,statsbomb
94960,Facundo Sanguinetti,Banfield,Argentina,statsbomb
567042,Jeremías Acosta,Banfield,Argentina,statsbomb
196869,David Zalazar,Banfield,Argentina,statsbomb
516871,Lautaro Cano,Banfield,Argentina,statsbomb
108747,Lautaro Villegas,Banfield,Argentina,statsbomb
31996,Nicolás Colazo,Banfield,Argentina,statsbomb
482999,Tiziano Perrotta,Banfield,Argentina,statsbomb
418752,Juan Luis Alfaro,Banfield,Argentina,statsbomb
449880,Brandon Zacarias Oviedo,Banfield,Argentina,statsbomb
29090,Danilo Arboleda,Banfield,Argentina,statsbomb
416529,Tobías Ramírez,River Plate,Argentina,statsbomb
553145,Lucas Silva,River Plate,Argentina,statsbomb
525893,Facundo Gonzalez,River Plate,Argentina,statsbomb
478086,Tobías Andrada,River Plate,Argentina,statsbomb
435182,Santiago Beltrán,River Plate,Argentina,statsbomb
41561,Lucas Beltrán,River Plate,Argentina,statsbomb
3090,Nicolás Otamendi,River Plate,Argentina,statsbomb
28266,Rafael Borré,River Plate,Argentina,statsbomb
34476,Matías Viña,River Plate,Argentina,statsbomb
558441,Valentín Lucero,River Plate,Argentina,statsbomb
384888,Kendry Páez,River Plate,Argentina,statsbomb
30804,Fausto Vera,River Plate,Argentina,statsbomb
416531,Ulises Giménez,River Plate,Argentina,statsbomb
550502,Lautaro Pereyra,River Plate,Argentina,statsbomb
6863,Mauro Arambarri,River Plate,Argentina,statsbomb
416518,Agustín Ruberto,River Plate,Argentina,statsbomb
28637,Thiago Almada,River Plate,Argentina,statsbomb
6377,Ángel Correa,River Plate,Argentina,statsbomb
36295,Giovanni González,River Plate,Argentina,statsbomb
528375,Cristian Jaime,River Plate,Argentina,statsbomb
424479,Javier Ferreira,AA Estudiantes Río Cuarto,Argentina,statsbomb
114005,Agustín Lastra,AA Estudiantes Río Cuarto,Argentina,statsbomb
541818,Juan Chala,AA Estudiantes Río Cuarto,Argentina,statsbomb
424485,Francisco Romero,AA Estudiantes Río Cuarto,Argentina,statsbomb
59319,Fernando Bersano,AA Estudiantes Río Cuarto,Argentina,statsbomb
552367,Bautista Pieroni,AA Estudiantes Río Cuarto,Argentina,statsbomb
405635,Lucas González,AA Estudiantes Río Cuarto,Argentina,statsbomb
151218,Fernando Iván Rodríguez,AA Estudiantes Río Cuarto,Argentina,statsbomb
191267,Yeison Daniel Moreno Murillo,AA Estudiantes Río Cuarto,Argentina,statsbomb
551571,Facundo Gallardo,AA Estudiantes Río Cuarto,Argentina,statsbomb
547380,Facundo Valdez,Independiente,Argentina,statsbomb
424910,Juan Fedorco,Independiente,Argentina,statsbomb
28175,Federico Mancuello,Independiente,Argentina,statsbomb
390864,Rubén Martínez,Independiente,Argentina,statsbomb
12704,Milton Valenzuela,Independiente,Argentina,statsbomb
574875,Ramiro Martino,Independiente,Argentina,statsbomb
527550,Mateo Pérez,Independiente,Argentina,statsbomb
567341,Facundo Cruz,Independiente,Argentina,statsbomb
397048,Santiago López,Tigre,Argentina,statsbomb
23752,Gonzalo Martínez,Tigre,Argentina,statsbomb
51675,Felipe Zenobio,Tigre,Argentina,statsbomb
418392,Nicolás Dubersarsky,Tigre,Argentina,statsbomb
48883,Alfio Oviedo,Tigre,Argentina,statsbomb
404032,Valentín Moreno,Tigre,Argentina,statsbomb
529933,Ignacio Peluffo,Tigre,Argentina,statsbomb
460334,Manuel Fernández,Tigre,Argentina,statsbomb
567025,Lautaro Piola,Vélez Sarsfield,Argentina,statsbomb
550461,Juan Policella,Vélez Sarsfield,Argentina,statsbomb
555176,Thiago Aguirre,Vélez Sarsfield,Argentina,statsbomb
546272,Luca Feler,Vélez Sarsfield,Argentina,statsbomb
51899,Tomás Marchiori,Vélez Sarsfield,Argentina,statsbomb
482978,Matías Arias,Vélez Sarsfield,Argentina,statsbomb
54781,Florián Monzón,Vélez Sarsfield,Argentina,statsbomb
28666,Lucas Robertone,Vélez Sarsfield,Argentina,statsbomb
530684,Simón Escobar,Vélez Sarsfield,Argentina,statsbomb
437996,Thiago Silvero,Vélez Sarsfield,Argentina,statsbomb
102718,Joaquín García,Vélez Sarsfield,Argentina,statsbomb
479312,Álex Verón,Vélez Sarsfield,Argentina,statsbomb
478086,Tobías Andrada,Vélez Sarsfield,Argentina,statsbomb
529166,Thomas Rios,Newell's Old Boys,Argentina,statsbomb
29186,Gabriel Risso Patrón,Newell's Old Boys,Argentina,statsbomb
416521,Valentino Acuña,Newell's Old Boys,Argentina,statsbomb
43805,Ignacio Ramírez,Newell's Old Boys,Argentina,statsbomb
385462,Nicolás Goitea,Newell's Old Boys,Argentina,statsbomb
423736,Lucas Gómez,Newell's Old Boys,Argentina,statsbomb
193858,Bruno Cabrera,Newell's Old Boys,Argentina,statsbomb
51872,Franco Orozco,Newell's Old Boys,Argentina,statsbomb
470213,Francisco Scarpeccio,Newell's Old Boys,Argentina,statsbomb
363775,Franco Garcia,Newell's Old Boys,Argentina,statsbomb
429643,Walter Núñez,Newell's Old Boys,Argentina,statsbomb
395657,Jeronimo Russo,Newell's Old Boys,Argentina,statsbomb
197662,Lucas Carrizo,Newell's Old Boys,Argentina,statsbomb
37757,Matías Cóccaro,Newell's Old Boys,Argentina,statsbomb
24094,Fabián Noguera,Newell's Old Boys,Argentina,statsbomb
27567,Mateo García,Newell's Old Boys,Argentina,statsbomb
479310,Jerónimo Gómez Mattar,Newell's Old Boys,Argentina,statsbomb
29557,Lautaro Giannetti,Newell's Old Boys,Argentina,statsbomb
28648,Gabriel Arias,Newell's Old Boys,Argentina,statsbomb
23346,Gastón Campi,Barracas Central,Argentina,statsbomb
46679,Rodrigo Bogarín,Barracas Central,Argentina,statsbomb
51994,Marcelo Miño,Barracas Central,Argentina,statsbomb
423700,Tomás Porra,Barracas Central,Argentina,statsbomb
460386,Juan Barbieri,Barracas Central,Argentina,statsbomb
196963,Maximiliano Puig,Barracas Central,Argentina,statsbomb
196961,Carlos Arce,Barracas Central,Argentina,statsbomb
569842,Martín Soto,Huracán,Argentina,statsbomb
541987,Facundo Kalinger,Huracán,Argentina,statsbomb
37522,Hernán Galíndez,Huracán,Argentina,statsbomb
445271,Ignacio Nicolás Campo,Huracán,Argentina,statsbomb
186784,Óscar Cortés,Huracán,Argentina,statsbomb
123554,Jordy Caicedo,Huracán,Argentina,statsbomb
56760,Sebastián Meza,Huracán,Argentina,statsbomb
416522,Kevin Gutiérrez,Rosario Central,Argentina,statsbomb
37540,Vicente Pizarro,Rosario Central,Argentina,statsbomb
265099,Fabricio Oviedo,Rosario Central,Argentina,statsbomb
25426,Marco Ruben,Rosario Central,Argentina,statsbomb
472811,Giovanni Cantizano,Rosario Central,Argentina,statsbomb
409094,Luca Raffin,Rosario Central,Argentina,statsbomb
550481,Marcelo Cabrera,Rosario Central,Argentina,statsbomb
28157,Pol Fernández,Rosario Central,Argentina,statsbomb
22247,Jorge Broun,Rosario Central,Argentina,statsbomb
397329,Sebastián Zaracho,Rosario Central,Argentina,statsbomb
28480,Tomás Badaloni,Rosario Central,Argentina,statsbomb
29198,Conan Ledesma,Rosario Central,Argentina,statsbomb
548267,Lucas Ramos,Rosario Central,Argentina,statsbomb
531963,Enzo Verón,Rosario Central,Argentina,statsbomb
419029,Alejandro Villarreal,Aldosivi,Argentina,statsbomb
28459,Mauro Da Luz,Aldosivi,Argentina,statsbomb
52000,Nicolás Linares,Aldosivi,Argentina,statsbomb
164270,Francisco Perruzzi,Aldosivi,Argentina,statsbomb
28656,Leonardo Sigali,Aldosivi,Argentina,statsbomb
51874,Lucas Acosta,Aldosivi,Argentina,statsbomb
87589,Franco Leys,Aldosivi,Argentina,statsbomb
437475,Martín García,Aldosivi,Argentina,statsbomb
19669,Nicolás Gaitán,Aldosivi,Argentina,statsbomb
27927,Andrés Chávez,Aldosivi,Argentina,statsbomb
154547,Guillermo Enrique,Aldosivi,Argentina,statsbomb
28636,Junior Arias,Aldosivi,Argentina,statsbomb
424386,Augusto Fernández,Aldosivi,Argentina,statsbomb
92869,Joaquín Novillo,Aldosivi,Argentina,statsbomb
9747,Axel Werner,Aldosivi,Argentina,statsbomb
28697,Emanuel Iñiguez,Aldosivi,Argentina,statsbomb
444916,David Juan José Juárez,Aldosivi,Argentina,statsbomb
566880,Mateo Vales,Aldosivi,Argentina,statsbomb
6843,Esteban Rolón,Aldosivi,Argentina,statsbomb
541443,Nicolás Blanco,San Lorenzo de Almagro,Argentina,statsbomb
164270,Francisco Perruzzi,San Lorenzo de Almagro,Argentina,statsbomb
27914,Manuel Insaurralde,San Lorenzo de Almagro,Argentina,statsbomb
466466,Yoshan Valois,Lanús,Argentina,statsbomb
35754,Matías Sepúlveda,Lanús,Argentina,statsbomb
367193,Franco Watson,Lanús,Argentina,statsbomb
479311,Thomás  de Martis,Lanús,Argentina,statsbomb
473212,Benjamín Acosta,Lanús,Argentina,statsbomb
460438,Juan Rattalino,San Lorenzo de Almagro,Argentina,statsbomb
484143,Benjamín Pérez,Deportivo Riestra,Argentina,statsbomb
195335,Ignacio Arce,Deportivo Riestra,Argentina,statsbomb
423497,Leonardo Landriel,Deportivo Riestra,Argentina,statsbomb
36959,Matías García,Deportivo Riestra,Argentina,statsbomb
99667,Braian Emmanuel Sánchez,Deportivo Riestra,Argentina,statsbomb
472460,Mauro Smarra,Deportivo Riestra,Argentina,statsbomb
68497,Juan Gauto,CA Platense,Argentina,statsbomb
36757,Mauro Luna Diale,CA Platense,Argentina,statsbomb
418350,Manuel Tucker,CA Platense,Argentina,statsbomb
364860,Gonzalo Lencina,CA Platense,Argentina,statsbomb
408568,Mateo Mendia,CA Platense,Argentina,statsbomb
463927,Eugenio Raggio,CA Platense,Argentina,statsbomb
52240,Matías Borgogno,CA Platense,Argentina,statsbomb
18542,Germán Conti,Gimnasia La Plata,Argentina,statsbomb
474901,J.de Asís,Gimnasia La Plata,Argentina,statsbomb
12766,Lucas Janson,Gimnasia La Plata,Argentina,statsbomb
423846,Juan Cortazzo,Gimnasia La Plata,Argentina,statsbomb
528213,Pablo Aguiar,Gimnasia La Plata,Argentina,statsbomb
532322,Alejo Gelsomino,Gimnasia La Plata,Argentina,statsbomb
33165,Nelson Insfrán,Gimnasia La Plata,Argentina,statsbomb
424710,Gonzalo Errecalde,Gimnasia La Plata,Argentina,statsbomb
54391,Ignacio Miramón,Gimnasia La Plata,Argentina,statsbomb
265414,Gonzalo González,Gimnasia La Plata,Argentina,statsbomb
378934,Diego Mastrángelo,Gimnasia La Plata,Argentina,statsbomb
292458,Alexis Steimbach,Gimnasia La Plata,Argentina,statsbomb
312728,Maximiliano Zalazar,Gimnasia La Plata,Argentina,statsbomb
423921,Marcos Iacobellis,Central Córdoba SdE,Argentina,statsbomb
541264,Bautista Gerez,Central Córdoba SdE,Argentina,statsbomb
541424,Federico Rodriguez,Central Córdoba SdE,Argentina,statsbomb
400797,Javier Vallejos,Central Córdoba SdE,Argentina,statsbomb
29559,Darío Cáceres,Central Córdoba SdE,Argentina,statsbomb
154549,Jose Gomez,Central Córdoba SdE,Argentina,statsbomb
541101,Joaquín Flores,Central Córdoba SdE,Argentina,statsbomb
51955,Alejandro Maciel,Central Córdoba SdE,Argentina,statsbomb
64913,Lucas Varaldo,Central Córdoba SdE,Argentina,statsbomb
130555,Ezequiel Naya,Central Córdoba SdE,Argentina,statsbomb
402114,Tiago Cravero,Central Córdoba SdE,Argentina,statsbomb
28149,Alan Aguerre,Central Córdoba SdE,Argentina,statsbomb
567009,Martín Cuitiño,Central Córdoba SdE,Argentina,statsbomb
390863,Agustin Quiroga,Central Córdoba SdE,Argentina,statsbomb
131281,Nicolás Palavecino,Unión,Argentina,statsbomb
452709,Emilio Giaccone,Unión,Argentina,statsbomb
567043,Lucas Ayala,Unión,Argentina,statsbomb
526633,Santiago Grella,Unión,Argentina,statsbomb
28658,Augusto Solari,Unión,Argentina,statsbomb
527310,Misael Aguirre,Unión,Argentina,statsbomb
466465,Diego Díaz,Unión,Argentina,statsbomb
36757,Mauro Luna Diale,Unión,Argentina,statsbomb
52000,Nicolás Linares,Gimnasia Mendoza,Argentina,statsbomb
418401,Esteban Fernández,Gimnasia Mendoza,Argentina,statsbomb
130887,César Rigamonti,Gimnasia Mendoza,Argentina,statsbomb
404062,Facundo Lencioni,Gimnasia Mendoza,Argentina,statsbomb
525742,Demián Domínguez,Defensa y Justicia,Argentina,statsbomb
434327,Ezequiel Burdin Márquez,Defensa y Justicia,Argentina,statsbomb
22399,Emiliano Amor,Defensa y Justicia,Argentina,statsbomb
27854,Ramón Ábila,AA Estudiantes Río Cuarto,Argentina,statsbomb
366632,Ibrahim Hesar,AA Estudiantes Río Cuarto,Argentina,statsbomb
424484,Tomás González,AA Estudiantes Río Cuarto,Argentina,statsbomb
51998,Alejandro Cabrera,AA Estudiantes Río Cuarto,Argentina,statsbomb
390863,Agustin Quiroga,AA Estudiantes Río Cuarto,Argentina,statsbomb
73601,Francisco Galván,AA Estudiantes Río Cuarto,Argentina,statsbomb
462646,Martín Garnerone,AA Estudiantes Río Cuarto,Argentina,statsbomb
37946,Sergio Ojeda,AA Estudiantes Río Cuarto,Argentina,statsbomb
100017,Mauricio Tévez,AA Estudiantes Río Cuarto,Argentina,statsbomb
390862,Tomás Olmos,AA Estudiantes Río Cuarto,Argentina,statsbomb
92678,Facundo Cobos,AA Estudiantes Río Cuarto,Argentina,statsbomb
203898,Matías Ruiz Díaz,AA Estudiantes Río Cuarto,Argentina,statsbomb
196876,Ezequiel Forclaz,AA Estudiantes Río Cuarto,Argentina,statsbomb
265414,Gonzalo González,AA Estudiantes Río Cuarto,Argentina,statsbomb
424254,Nicolás Talpone,AA Estudiantes Río Cuarto,Argentina,statsbomb
28895,Juan Garro,AA Estudiantes Río Cuarto,Argentina,statsbomb
569114,Joaquín Rivero,AA Estudiantes Río Cuarto,Argentina,statsbomb
99670,Juan Antonini,AA Estudiantes Río Cuarto,Argentina,statsbomb
54298,Renzo Bacchia,AA Estudiantes Río Cuarto,Argentina,statsbomb
5696,Santiago Arias,Independiente,Argentina,statsbomb
317187,Maximiliano Gutiérrez,Independiente,Argentina,statsbomb
28513,Rodrigo Rey,Independiente,Argentina,statsbomb
548118,Felipe Tempone,Independiente,Argentina,statsbomb
531588,Josias Palais,Independiente,Argentina,statsbomb
11678,Ezequiel Ávila,Independiente,Argentina,statsbomb
553986,Santino Gianini,Argentinos Juniors,Argentina,statsbomb
39563,Rodrigo Guth,Talleres de Córdoba,Argentina,statsbomb
108739,Gino Santilli,Banfield,Argentina,statsbomb
27505,Neyder Moreno,Banfield,Argentina,statsbomb
437536,S.Daniele,Banfield,Argentina,statsbomb
542090,Marcos López,Banfield,Argentina,statsbomb
262949,Matías Hernández,San Lorenzo de Almagro,Argentina,statsbomb
401203,Oscar Nahuel Arias,San Lorenzo de Almagro,Argentina,statsbomb
367196,Gregorio Rodríguez,San Lorenzo de Almagro,Argentina,statsbomb
473002,Alejo Cordoba,San Lorenzo de Almagro,Argentina,statsbomb
27259,Diego Herazo,San Lorenzo de Almagro,Argentina,statsbomb
29090,Danilo Arboleda,San Lorenzo de Almagro,Argentina,statsbomb
475414,Lautaro Angel Ezequiel Montenegro,San Lorenzo de Almagro,Argentina,statsbomb
36693,Guzmán Corujo,San Lorenzo de Almagro,Argentina,statsbomb
29056,Juan Álvarez,San Lorenzo de Almagro,Argentina,statsbomb
35845,José Devecchi,San Lorenzo de Almagro,Argentina,statsbomb
425242,Franco Lorenzón,San Lorenzo de Almagro,Argentina,statsbomb
52055,Diego Churín,CA Sarmiento,Argentina,statsbomb
423735,Thiago Santamaría,CA Sarmiento,Argentina,statsbomb
473646,Jhon Rentería,CA Sarmiento,Argentina,statsbomb
424466,Gastón Arturia,CA Sarmiento,Argentina,statsbomb
112693,Juan Cabrera,CA Sarmiento,Argentina,statsbomb
541265,Ulises Delgado,CA Sarmiento,Argentina,statsbomb
32829,Iván Arboleda,CA Sarmiento,Argentina,statsbomb
87521,Junior Marabel,CA Sarmiento,Argentina,statsbomb
88056,Lucas Suárez,CA Sarmiento,Argentina,statsbomb
542089,Facundo Alaggia,CA Sarmiento,Argentina,statsbomb
432483,Agustín Seyral,CA Sarmiento,Argentina,statsbomb
28259,Nicolás Pasquini,CA Sarmiento,Argentina,statsbomb
401163,Thyago Ayala,CA Sarmiento,Argentina,statsbomb
196879,Cristian Zabala,CA Sarmiento,Argentina,statsbomb
416142,Jeremías Lucco,Belgrano,Argentina,statsbomb
550458,Marcos Ortiz,Belgrano,Argentina,statsbomb
470339,Álvaro Ocampo,Belgrano,Argentina,statsbomb
569139,Agustin Bono,Belgrano,Argentina,statsbomb
15880,Emiliano Rigoni,Belgrano,Argentina,statsbomb
6844,Federico Ricca,Belgrano,Argentina,statsbomb
6719,Franco Vázquez,Belgrano,Argentina,statsbomb
36287,Thiago Cardozo,Belgrano,Argentina,statsbomb
90485,Manuel Vicentini,Belgrano,Argentina,statsbomb
336210,Alcides Benítez,Belgrano,Argentina,statsbomb
432560,Juan Velázquez,Belgrano,Argentina,statsbomb
435189,Ramiro Hernandes,Belgrano,Argentina,statsbomb
440488,Gonzalo Zelarayán,Belgrano,Argentina,statsbomb
530686,Tulián,Belgrano,Argentina,statsbomb
533004,Lautaro Gutierrez,Belgrano,Argentina,statsbomb
39108,Matías Fonseca,Instituto,Argentina,statsbomb
35678,Jonatan Galván,Instituto,Argentina,statsbomb
424639,Gustavo Abregú,Instituto,Argentina,statsbomb
233184,Facundo Suárez,Instituto,Argentina,statsbomb
27860,Franco Moyano,Instituto,Argentina,statsbomb
28705,Iván Erquiaga,Instituto,Argentina,statsbomb
405338,Matías Gallardo,Instituto,Argentina,statsbomb
424588,Agustín Massaccesi,Instituto,Argentina,statsbomb
320709,Manuel Romero,Instituto,Argentina,statsbomb
51905,Marcos Ignacio Ledesma,Instituto,Argentina,statsbomb
36747,Manuel Roffo,Instituto,Argentina,statsbomb
6628,Óscar Romero,Huracán,Argentina,statsbomb
197662,Lucas Carrizo,Huracán,Argentina,statsbomb
566859,Valentino Felici,Rosario Central,Argentina,statsbomb
416528,Juan Giménez,Rosario Central,Argentina,statsbomb
196880,Julián Fernández,Rosario Central,Argentina,statsbomb
482906,Bautista Dadín,Aldosivi,Argentina,statsbomb
32881,Ignacio Chicco,Aldosivi,Argentina,statsbomb
130890,Rodrigo Márquez,Aldosivi,Argentina,statsbomb
162557,Matías Morello,Aldosivi,Argentina,statsbomb
580410,Enzo Alan Salas,San Lorenzo de Almagro,Argentina,statsbomb
22399,Emiliano Amor,San Lorenzo de Almagro,Argentina,statsbomb
445295,Orlando Gill,San Lorenzo de Almagro,Argentina,statsbomb
541180,José Ingratti,Deportivo Riestra,Argentina,statsbomb
280872,Tomás González,Deportivo Riestra,Argentina,statsbomb
437604,Santiago Dalmasso,CA Platense,Argentina,statsbomb
25126,Nicolás López,CA Platense,Argentina,statsbomb
569458,Lucas Lamella,Gimnasia La Plata,Argentina,statsbomb
424379,Agustín Colazo,Gimnasia La Plata,Argentina,statsbomb
391771,Juan Pérez,Gimnasia La Plata,Argentina,statsbomb
28502,Matías Melluso,Gimnasia La Plata,Argentina,statsbomb
550367,Tomás Fagioli,Unión,Argentina,statsbomb
424379,Agustín Colazo,Unión,Argentina,statsbomb
77472,Emiliano Álvarez,Unión,Argentina,statsbomb
197140,Brahian Cuello,Unión,Argentina,statsbomb
431178,Nahuel Barboza,Gimnasia Mendoza,Argentina,statsbomb
532918,Joaquín Freitas,River Plate,Argentina,statsbomb
567342,Juan Arrayago,Independiente,Argentina,statsbomb
30399,Francisco Ortega,River Plate,Argentina,statsbomb
424084,Lucas Bruera,AA Estudiantes Río Cuarto,Argentina,statsbomb
417149,Juan Villalba,Tigre,Argentina,statsbomb
36758,Lautaro Morales,Tigre,Argentina,statsbomb
432591,Josue Reinatti,Newell's Old Boys,Argentina,statsbomb
473713,Agustín falcon,Belgrano,Argentina,statsbomb
423487,Agustín Bravo,Instituto,Argentina,statsbomb
461707,Santiago Villarreal,Gimnasia La Plata,Argentina,statsbomb
130607,Franco Torres,Gimnasia La Plata,Argentina,statsbomb
439414,Julián Kadijevic,Gimnasia La Plata,Argentina,statsbomb
548523,Máximo Cabrera,Gimnasia La Plata,Argentina,statsbomb
542719,Cayetano Bolzán,Gimnasia La Plata,Argentina,statsbomb
424577,Lautaro Petruchi,Gimnasia Mendoza,Argentina,statsbomb
452711,Iván Guaraz,Barracas Central,Argentina,statsbomb
548269,Felipe Anso,Aldosivi,Argentina,statsbomb
366975,Tomás Sultani,Tigre,Argentina,statsbomb
3606,Ander Herrera,Boca Juniors,Argentina,statsbomb
416531,Ulises Giménez,CA Sarmiento,Argentina,statsbomb
37749,Cristopher Fiermarín,Defensa y Justicia,Argentina,statsbomb
51762,Ramiro Macagno,Independiente Rivadavia,Argentina,statsbomb
460395,Enzo Taborda,Barracas Central,Argentina,statsbomb
6843,Esteban Rolón,Barracas Central,Argentina,statsbomb
433174,Mateo Aguiar,Defensa y Justicia,Argentina,statsbomb
464813,Ángel Stringa,Deportivo Riestra,Argentina,statsbomb
550369,Lautaro Duarte,Deportivo Riestra,Argentina,statsbomb
51920,Ignacio Gariglio,Deportivo Riestra,Argentina,statsbomb
27917,Yonatan Goitía,Deportivo Riestra,Argentina,statsbomb
424996,Gabriel Obredor,Deportivo Riestra,Argentina,statsbomb
424705,Alejo Dramisino,Deportivo Riestra,Argentina,statsbomb
31976,Jhon Córdoba,Instituto,Argentina,statsbomb
541423,Luca Rafaelli,Instituto,Argentina,statsbomb
36005,Nicolás Guerra,Instituto,Argentina,statsbomb
573775,Alberto Campo,Racing Club,Argentina,statsbomb
273752,Lautaro Díaz,Racing Club,Argentina,statsbomb
396924,Tomás Pérez,Racing Club,Argentina,statsbomb
479307,Mateo Martínez,Racing Club,Argentina,statsbomb
29409,Mauro Valiente,AA Estudiantes Río Cuarto,Argentina,statsbomb
425425,Gonzalo Maffini,AA Estudiantes Río Cuarto,Argentina,statsbomb
449262,Facundo Pimienta,Atlético Tucumán,Argentina,statsbomb
77149,Luis Ingolotti,Atlético Tucumán,Argentina,statsbomb
398353,Miguel Graneros,Deportivo Riestra,Argentina,statsbomb
28559,Enner Valencia,Boca Juniors,Argentina,statsbomb
425004,Pablo Ferreira,CA Platense,Argentina,statsbomb
437993,Felipe Bussio,CA Platense,Argentina,statsbomb
482907,Celías Adán Ingenthron,CA Platense,Argentina,statsbomb
433700,Franco Minerva,CA Platense,Argentina,statsbomb
135943,Héctor Bobadilla,CA Platense,Argentina,statsbomb
423573,Juan Cozzani,CA Platense,Argentina,statsbomb
541459,Luciano Sábato,Independiente Rivadavia,Argentina,statsbomb
427493,Juan Elordi,Independiente Rivadavia,Argentina,statsbomb
245629,Rodrigo Atencio,Independiente Rivadavia,Argentina,statsbomb
487804,Lautaro Mora,Huracán,Argentina,statsbomb
131246,Alejandro Martínez,Huracán,Argentina,statsbomb
449898,Máximo Palazzo,Huracán,Argentina,statsbomb
567044,Tomás Uribe,Huracán,Argentina,statsbomb
16125,Franco Escobar,Newell's Old Boys,Argentina,statsbomb
53520,Williams Barlasina,Newell's Old Boys,Argentina,statsbomb
35632,Alan Soñora,Newell's Old Boys,Argentina,statsbomb
36038,Michael Hoyos,Newell's Old Boys,Argentina,statsbomb
423836,Federico Medina,Banfield,Argentina,statsbomb
532865,Alan Laprida,Central Córdoba SdE,Argentina,statsbomb
369513,Juan Cardozo,Central Córdoba SdE,Argentina,statsbomb
263590,Manuel Mónaco,CA Sarmiento,Argentina,statsbomb
36557,Javier Burrai,CA Sarmiento,Argentina,statsbomb
44497,Agustín Nadruz,CA Sarmiento,Argentina,statsbomb
434159,Brandon Márquez,CA Sarmiento,Argentina,statsbomb
95194,Yair Arismendi,CA Sarmiento,Argentina,statsbomb
416529,Tobías Ramírez,Argentinos Juniors,Argentina,statsbomb
96086,Ronaldo Dejesús,Lanús,Argentina,statsbomb
416523,Thiago Laplace,Lanús,Argentina,statsbomb
541524,Alvaro Güich,Rosario Central,Argentina,statsbomb
9747,Axel Werner,Rosario Central,Argentina,statsbomb
462558,Ignacio Ovando,Rosario Central,Argentina,statsbomb
10329,Franco Cervi,Rosario Central,Argentina,statsbomb
34997,Gastón Ávila,Rosario Central,Argentina,statsbomb
567049,Valentín Cerrudo,Unión,Argentina,statsbomb
130588,Matías Mansilla,Unión,Argentina,statsbomb
280872,Tomás González,Unión,Argentina,statsbomb
567047,Mateo Peresutti,Unión,Argentina,statsbomb
396925,Santino Vera,Unión,Argentina,statsbomb
49925,Matias Rocha,Unión,Argentina,statsbomb
37747,Gustavo Del Prete,San Lorenzo de Almagro,Argentina,statsbomb
460490,Teo Rodríguez Pagano,San Lorenzo de Almagro,Argentina,statsbomb
439932,Gonzalo Alassia,San Lorenzo de Almagro,Argentina,statsbomb
411847,Agustín Morales,AA Estudiantes Río Cuarto,Argentina,statsbomb
460844,Camilo Rey Domenech,Boca Juniors,Argentina,statsbomb
26402,Agustín Marchesín,Boca Juniors,Argentina,statsbomb
26306,Adam Bareiro,Boca Juniors,Argentina,statsbomb
87763,Juan Espínola,Barracas Central,Argentina,statsbomb
430155,Federico Laurelli,Aldosivi,Argentina,statsbomb
5267,Fernando Muslera,Estudiantes,Argentina,statsbomb
31990,Aníbal Moreno,River Plate,Argentina,statsbomb
567169,Blas Benedetto,Newell's Old Boys,Argentina,statsbomb
36137,Francesco Lo Celso,AA Estudiantes Río Cuarto,Argentina,statsbomb
479287,Marco Rojas,Tigre,Argentina,statsbomb
445270,Alexis Jonathan González,CA Sarmiento,Argentina,statsbomb
232810,Leandro Brey,Boca Juniors,Argentina,statsbomb
542041,Leonel Flores,Boca Juniors,Argentina,statsbomb
532866,Leonardo Rios,Rosario Central,Argentina,statsbomb
553988,Lisandro Duarte,Rosario Central,Argentina,statsbomb
437987,Joaquín Pereyra,Estudiantes,Argentina,statsbomb
424475,Diego Crego,Independiente Rivadavia,Argentina,statsbomb
196877,Gonzalo Flores,Deportivo Riestra,Argentina,statsbomb
460394,Mateo Ramírez,Deportivo Riestra,Argentina,statsbomb
44344,Johnson Nsumoh,Deportivo Riestra,Argentina,statsbomb
439830,B.Bosch,CA Platense,Argentina,statsbomb
487861,Nicolas Bosshardt,São Paulo,Brasil – Série A,statsbomb
271908,Felipe Negrucci,São Paulo,Brasil – Série A,statsbomb
23807,Domingos Duarte,São Paulo,Brasil – Série A,statsbomb
23658,Aurélio Buta,São Paulo,Brasil – Série A,statsbomb
3745,Lucas Moura,São Paulo,Brasil – Série A,statsbomb
437152,Ryan Francisco,São Paulo,Brasil – Série A,statsbomb
4418,Matheus Dória,São Paulo,Brasil – Série A,statsbomb
475217,Djhordney,São Paulo,Brasil – Série A,statsbomb
460435,Davi Gomes,Red Bull Bragantino,Brasil – Série A,statsbomb
276863,Rodriguinho,Red Bull Bragantino,Brasil – Série A,statsbomb
25348,Tiago Volpi,Red Bull Bragantino,Brasil – Série A,statsbomb
27138,Cleiton,Red Bull Bragantino,Brasil – Série A,statsbomb
113294,Fabinho,Red Bull Bragantino,Brasil – Série A,statsbomb
25113,Thiago Santos,Coritiba Fbc,Brasil – Série A,statsbomb
510327,Paulo Roberto,Coritiba Fbc,Brasil – Série A,statsbomb
475077,Joao Almeida,Coritiba Fbc,Brasil – Série A,statsbomb
271468,Renato Marques,Coritiba Fbc,Brasil – Série A,statsbomb
122883,Tiago Cóser,Coritiba Fbc,Brasil – Série A,statsbomb
25231,Fernando Sobral,Coritiba Fbc,Brasil – Série A,statsbomb
25507,Tinga,Coritiba Fbc,Brasil – Série A,statsbomb
16416,Josué,Coritiba Fbc,Brasil – Série A,statsbomb
426990,JP Chermont,Coritiba Fbc,Brasil – Série A,statsbomb
31597,Fabinho,Coritiba Fbc,Brasil – Série A,statsbomb
15997,Maicon,Coritiba Fbc,Brasil – Série A,statsbomb
199456,Wallisson,Coritiba Fbc,Brasil – Série A,statsbomb
122870,Joaquín Lavega,Coritiba Fbc,Brasil – Série A,statsbomb
478214,Lucas taverna,Coritiba Fbc,Brasil – Série A,statsbomb
237488,Rodrigo Rodrigues,Coritiba Fbc,Brasil – Série A,statsbomb
400547,Lucas Vieira,Coritiba Fbc,Brasil – Série A,statsbomb
44298,Keno,Coritiba Fbc,Brasil – Série A,statsbomb
446363,Enzo Vágner Moraes de Souza,Coritiba Fbc,Brasil – Série A,statsbomb
30071,Kanu,Bahia,Brasil – Série A,statsbomb
436013,Caio Suassuna,Bahia,Brasil – Série A,statsbomb
478476,Kauê Furquim,Bahia,Brasil – Série A,statsbomb
427206,Román Gómez,Bahia,Brasil – Série A,statsbomb
438228,Ruan Pablo Barbosa Sousa,Bahia,Brasil – Série A,statsbomb
392245,Zé Guilherme,Bahia,Brasil – Série A,statsbomb
126653,Ronaldo,Bahia,Brasil – Série A,statsbomb
431642,David Martins,Bahia,Brasil – Série A,statsbomb
112971,Alejo Veliz,Bahia,Brasil – Série A,statsbomb
462833,Dell,Bahia,Brasil – Série A,statsbomb
44131,Luciano Juba,Bahia,Brasil – Série A,statsbomb
22600,Lucas Paquetá,Flamengo,Brasil – Série A,statsbomb
28503,Agustín Rossi,Flamengo,Brasil – Série A,statsbomb
23522,Emerson Royal,Flamengo,Brasil – Série A,statsbomb
423545,Wallace Yan,Flamengo,Brasil – Série A,statsbomb
472244,Caio Joshua,Flamengo,Brasil – Série A,statsbomb
408492,Lorran,Flamengo,Brasil – Série A,statsbomb
459194,Johnny Góes,Flamengo,Brasil – Série A,statsbomb
559210,Kássio,Chapecoense,Brasil – Série A,statsbomb
367167,João Vitor,Chapecoense,Brasil – Série A,statsbomb
27151,Heitor,Chapecoense,Brasil – Série A,statsbomb
271832,Robert Santos,Chapecoense,Brasil – Série A,statsbomb
54183,Vinicius Balieiro,Chapecoense,Brasil – Série A,statsbomb
43310,Kevin Ramírez,Chapecoense,Brasil – Série A,statsbomb
555194,Vinicius Eduardo,Chapecoense,Brasil – Série A,statsbomb
394213,Marcos Vinícius,Chapecoense,Brasil – Série A,statsbomb
232344,Jean Carlos,Chapecoense,Brasil – Série A,statsbomb
25330,Giovanni Augusto,Chapecoense,Brasil – Série A,statsbomb
131209,Higor Meritão,Chapecoense,Brasil – Série A,statsbomb
364770,Bruno Leonardo,Chapecoense,Brasil – Série A,statsbomb
126800,Carvalheira,Chapecoense,Brasil – Série A,statsbomb
437672,Franco Rossi,Chapecoense,Brasil – Série A,statsbomb
255813,Miguel Carvalho,Chapecoense,Brasil – Série A,statsbomb
426770,Everton,Chapecoense,Brasil – Série A,statsbomb
25332,Yago Felipe,Chapecoense,Brasil – Série A,statsbomb
3589,Yannick Bolasie,Chapecoense,Brasil – Série A,statsbomb
200321,Marcelinho,Clube do Remo,Brasil – Série A,statsbomb
60446,Léo Andrade,Clube do Remo,Brasil – Série A,statsbomb
32273,Leonel Picco,Clube do Remo,Brasil – Série A,statsbomb
235451,Ivan,Clube do Remo,Brasil – Série A,statsbomb
28673,Braian Cufré,Clube do Remo,Brasil – Série A,statsbomb
25268,Zé Welison,Clube do Remo,Brasil – Série A,statsbomb
41592,Patrick de Paula,Clube do Remo,Brasil – Série A,statsbomb
397303,Kayky Almeida,Clube do Remo,Brasil – Série A,statsbomb
44500,Diego Hernández,Clube do Remo,Brasil – Série A,statsbomb
41414,Zé Ivaldo,Clube do Remo,Brasil – Série A,statsbomb
246857,Giovanni Pavani,Clube do Remo,Brasil – Série A,statsbomb
88122,Sávio,Clube do Remo,Brasil – Série A,statsbomb
25494,Patrick,Clube do Remo,Brasil – Série A,statsbomb
32107,Marcelo Rangel,Clube do Remo,Brasil – Série A,statsbomb
30118,Tchamba,Clube do Remo,Brasil – Série A,statsbomb
559348,Tico,Clube do Remo,Brasil – Série A,statsbomb
25357,Vitor Bueno,Clube do Remo,Brasil – Série A,statsbomb
25346,Cássio,Cruzeiro,Brasil – Série A,statsbomb
133071,João Marcelo,Cruzeiro,Brasil – Série A,statsbomb
436000,Murilo Rhikman,Cruzeiro,Brasil – Série A,statsbomb
436008,Kenji,Cruzeiro,Brasil – Série A,statsbomb
26545,Matheus Henrique,Cruzeiro,Brasil – Série A,statsbomb
479253,Felipe dos Santos,Cruzeiro,Brasil – Série A,statsbomb
16184,Luis Sinisterra,Cruzeiro,Brasil – Série A,statsbomb
44894,Chico da Costa,Cruzeiro,Brasil – Série A,statsbomb
271557,Thiago Beltrame,Grêmio,Brasil – Série A,statsbomb
10598,Jovane Cabral,Grêmio,Brasil – Série A,statsbomb
462164,Pedro Gabriel,Grêmio,Brasil – Série A,statsbomb
32900,Tete,Grêmio,Brasil – Série A,statsbomb
35046,José Enamorado,Grêmio,Brasil – Série A,statsbomb
10037,Danilo Barbosa,Grêmio,Brasil – Série A,statsbomb
112991,Gabriel Grando,Grêmio,Brasil – Série A,statsbomb
14535,Filip Krovinovic,Grêmio,Brasil – Série A,statsbomb
31117,Juan Nardoni,Grêmio,Brasil – Série A,statsbomb
364769,Thomazella,Mirassol Futebol Clube,Brasil – Série A,statsbomb
18541,André Luis,Mirassol Futebol Clube,Brasil – Série A,statsbomb
232877,Yuri Lara,Mirassol Futebol Clube,Brasil – Série A,statsbomb
189090,Everton Galdino,Mirassol Futebol Clube,Brasil – Série A,statsbomb
374158,Negueba,Mirassol Futebol Clube,Brasil – Série A,statsbomb
27046,Carlos Eduardo,Mirassol Futebol Clube,Brasil – Série A,statsbomb
269841,Edson Carioca,Mirassol Futebol Clube,Brasil – Série A,statsbomb
44576,Lucas Oliveira,Mirassol Futebol Clube,Brasil – Série A,statsbomb
235298,Bruno Santos,Mirassol Futebol Clube,Brasil – Série A,statsbomb
25724,Shaylon,Mirassol Futebol Clube,Brasil – Série A,statsbomb
29257,Victor Luis,Mirassol Futebol Clube,Brasil – Série A,statsbomb
101034,Lucas Villalba,Botafogo,Brasil – Série A,statsbomb
133429,Caio Roque,Botafogo,Brasil – Série A,statsbomb
395152,Jhoan Hernández,Botafogo,Brasil – Série A,statsbomb
32907,Gabriel Batista,Botafogo,Brasil – Série A,statsbomb
25174,Junior Santos,Botafogo,Brasil – Série A,statsbomb
149577,Domingos Andrade,Botafogo,Brasil – Série A,statsbomb
526307,Kadir Barría,Botafogo,Brasil – Série A,statsbomb
396261,Nathan Fernandes,Botafogo,Brasil – Série A,statsbomb
474921,Lucas Nascimento,Botafogo,Brasil – Série A,statsbomb
8192,Bastos,Botafogo,Brasil – Série A,statsbomb
54150,Cristian Medina,Botafogo,Brasil – Série A,statsbomb
26944,Paulinho,Botafogo,Brasil – Série A,statsbomb
43703,Warleson,Botafogo,Brasil – Série A,statsbomb
483102,Benjamin Arhin,Internacional,Brasil – Série A,statsbomb
122909,Anthoni,Internacional,Brasil – Série A,statsbomb
25434,Alerrandro,Internacional,Brasil – Série A,statsbomb
485407,João Bezerra,Internacional,Brasil – Série A,statsbomb
44834,Calebe,Internacional,Brasil – Série A,statsbomb
9597,Niclas Eliasson,Internacional,Brasil – Série A,statsbomb
36710,Sergio Rochet,Internacional,Brasil – Série A,statsbomb
6880,Antonio Sanabria,Internacional,Brasil – Série A,statsbomb
438338,Allex,Internacional,Brasil – Série A,statsbomb
480057,Heittor Vinicius da Silva Nunes,Palmeiras,Brasil – Série A,statsbomb
25106,Marcelo Lomba,Palmeiras,Brasil – Série A,statsbomb
283750,Carlos Miguel,Palmeiras,Brasil – Série A,statsbomb
416461,Riquelme Fillipi,Palmeiras,Brasil – Série A,statsbomb
297731,Kaio César,Corinthians,Brasil – Série A,statsbomb
45675,Matheuzinho,Corinthians,Brasil – Série A,statsbomb
399983,Kayke,Corinthians,Brasil – Série A,statsbomb
44119,Charles,Corinthians,Brasil – Série A,statsbomb
6746,Gabriel Paulista,Corinthians,Brasil – Série A,statsbomb
3293,Jesse Lingard,Corinthians,Brasil – Série A,statsbomb
17183,Allan,Corinthians,Brasil – Série A,statsbomb
8471,Zakaria Labyad,Corinthians,Brasil – Série A,statsbomb
437607,Lawan,EC Vitória,Brasil – Série A,statsbomb
423689,Diego Tarzia,EC Vitória,Brasil – Série A,statsbomb
425309,Renê,EC Vitória,Brasil – Série A,statsbomb
444870,Edenilson,EC Vitória,Brasil – Série A,statsbomb
32623,Zé Marcos,EC Vitória,Brasil – Série A,statsbomb
374999,Alex Bruno,EC Vitória,Brasil – Série A,statsbomb
430892,Zé Vitor,EC Vitória,Brasil – Série A,statsbomb
234115,Mateus Silva,EC Vitória,Brasil – Série A,statsbomb
447442,JV Fonseca,Vasco da Gama,Brasil – Série A,statsbomb
32477,Facundo Colidio,Vasco da Gama,Brasil – Série A,statsbomb
437595,GB,Vasco da Gama,Brasil – Série A,statsbomb
3680,Thiago Mendes,Vasco da Gama,Brasil – Série A,statsbomb
275886,Alan Saldivia,Vasco da Gama,Brasil – Série A,statsbomb
32270,Santiago Sosa,Vasco da Gama,Brasil – Série A,statsbomb
447435,Lukas Zuccarello,Vasco da Gama,Brasil – Série A,statsbomb
189420,Johan Rojas,Vasco da Gama,Brasil – Série A,statsbomb
430861,JP,Vasco da Gama,Brasil – Série A,statsbomb
27881,Claudio Spinelli,Vasco da Gama,Brasil – Série A,statsbomb
436780,Bruno Lopes,Vasco da Gama,Brasil – Série A,statsbomb
483182,Nadson,Santos,Brasil – Série A,statsbomb
470630,Robson Junior,Santos,Brasil – Série A,statsbomb
522693,Davi Fernandes,Santos,Brasil – Série A,statsbomb
470626,João Ananias,Santos,Brasil – Série A,statsbomb
31931,Christian Oliva,Santos,Brasil – Série A,statsbomb
433961,Gustavinho,Santos,Brasil – Série A,statsbomb
336796,Miguelito,Santos,Brasil – Série A,statsbomb
171083,Matheus Cunha,Cruzeiro,Brasil – Série A,statsbomb
436004,Rhuan Gabriel,Cruzeiro,Brasil – Série A,statsbomb
375740,Japa,Cruzeiro,Brasil – Série A,statsbomb
122805,Marquinhos,Cruzeiro,Brasil – Série A,statsbomb
408323,Néiser Villarreal,Cruzeiro,Brasil – Série A,statsbomb
32247,Gabriel Pec,Cruzeiro,Brasil – Série A,statsbomb
435997,Otávio Costa,Cruzeiro,Brasil – Série A,statsbomb
476665,Kauã Moraes,Cruzeiro,Brasil – Série A,statsbomb
394513,Marcelinho Braz,Red Bull Bragantino,Brasil – Série A,statsbomb
480054,Jhuan,Red Bull Bragantino,Brasil – Série A,statsbomb
433430,Yuri Alves,Red Bull Bragantino,Brasil – Série A,statsbomb
430051,Cauê,Red Bull Bragantino,Brasil – Série A,statsbomb
416467,João Souza,Flamengo,Brasil – Série A,statsbomb
474385,Huguinho,Botafogo,Brasil – Série A,statsbomb
446829,Kauan Toledo,Botafogo,Brasil – Série A,statsbomb
61312,Léo Linck,Botafogo,Brasil – Série A,statsbomb
474386,Marquinhos,Botafogo,Brasil – Série A,statsbomb
43859,Lucas Monzón,Botafogo,Brasil – Série A,statsbomb
46451,Danilo,Botafogo,Brasil – Série A,statsbomb
272484,Ythallo,Botafogo,Brasil – Série A,statsbomb
440194,Gabriel Justino,Botafogo,Brasil – Série A,statsbomb
9904,Fred,Atlético Mineiro,Brasil – Série A,statsbomb
26532,Renan Lodi,Atlético Mineiro,Brasil – Série A,statsbomb
29650,Reinier,Atlético Mineiro,Brasil – Série A,statsbomb
386872,David Braga,Clube do Remo,Brasil – Série A,statsbomb
234143,Zé Ricardo,Clube do Remo,Brasil – Série A,statsbomb
229865,Nicolás Ferreira,Clube do Remo,Brasil – Série A,statsbomb
237728,Eduardo Melo,Clube do Remo,Brasil – Série A,statsbomb
122930,Marlon,Clube do Remo,Brasil – Série A,statsbomb
232023,Alef Manga,Clube do Remo,Brasil – Série A,statsbomb
25169,Dodô,Clube do Remo,Brasil – Série A,statsbomb
135119,Jajá,Clube do Remo,Brasil – Série A,statsbomb
6855,Guillermo Maripán,Internacional,Brasil – Série A,statsbomb
171083,Matheus Cunha,Internacional,Brasil – Série A,statsbomb
32126,Paulinho Paula,Internacional,Brasil – Série A,statsbomb
11190,Bruno Tabata,Internacional,Brasil – Série A,statsbomb
402166,Leonel Pérez,Grêmio,Brasil – Série A,statsbomb
25101,Wéverton,Grêmio,Brasil – Série A,statsbomb
480115,Gabriel Otavio Menegon,Grêmio,Brasil – Série A,statsbomb
451600,Tiaguinho,Grêmio,Brasil – Série A,statsbomb
432121,Jefinho,Grêmio,Brasil – Série A,statsbomb
435304,Wallace dos Santos,Grêmio,Brasil – Série A,statsbomb
10290,Fabián Balbuena,Grêmio,Brasil – Série A,statsbomb
459703,Gabriel Mec,Grêmio,Brasil – Série A,statsbomb
3472,Willian,Grêmio,Brasil – Série A,statsbomb
189091,Gustavo Cazonatti,Mirassol Futebol Clube,Brasil – Série A,statsbomb
199456,Wallisson,Mirassol Futebol Clube,Brasil – Série A,statsbomb
6597,Gabriel Pires,Mirassol Futebol Clube,Brasil – Série A,statsbomb
345426,Gabriel Knesowitsch,Mirassol Futebol Clube,Brasil – Série A,statsbomb
271468,Renato Marques,Mirassol Futebol Clube,Brasil – Série A,statsbomb
433963,Mateus Xavier,Santos,Brasil – Série A,statsbomb
25147,Gabriel Barbosa,Santos,Brasil – Série A,statsbomb
479252,Rafael Gonzaga,Santos,Brasil – Série A,statsbomb
216087,Gustavo Rubén Caballero González,Santos,Brasil – Série A,statsbomb
25251,Thaciano,Santos,Brasil – Série A,statsbomb
25098,Lucas Verissimo,Santos,Brasil – Série A,statsbomb
431536,Jacy,Coritiba Fbc,Brasil – Série A,statsbomb
25388,Bruno Melo,Coritiba Fbc,Brasil – Série A,statsbomb
36697,Brian Ocampo,Coritiba Fbc,Brasil – Série A,statsbomb
26556,Rodrigo Moledo,Coritiba Fbc,Brasil – Série A,statsbomb
123861,Vini Paulista,Coritiba Fbc,Brasil – Série A,statsbomb
558689,Tissi,Coritiba Fbc,Brasil – Série A,statsbomb
27475,Sebastián Gómez,Coritiba Fbc,Brasil – Série A,statsbomb
477692,Andrey Fernandes,Vasco da Gama,Brasil – Série A,statsbomb
447433,Riquelme Avellar,Vasco da Gama,Brasil – Série A,statsbomb
10582,Léo Jardim,Vasco da Gama,Brasil – Série A,statsbomb
54428,Marino Hinestroza,Vasco da Gama,Brasil – Série A,statsbomb
475665,Ramon Barros,Vasco da Gama,Brasil – Série A,statsbomb
44542,Fabri,EC Vitória,Brasil – Série A,statsbomb
399440,Viery,Grêmio,Brasil – Série A,statsbomb
510280,Roger,Grêmio,Brasil – Série A,statsbomb
459706,Luis Eduardo,Grêmio,Brasil – Série A,statsbomb
48796,Miguel Monsalve,Grêmio,Brasil – Série A,statsbomb
471916,Vitor Oliveira,Grêmio,Brasil – Série A,statsbomb
435536,Diogo Riquelme,Athletico Paranaense,Brasil – Série A,statsbomb
479989,Bruninho,Athletico Paranaense,Brasil – Série A,statsbomb
133051,Kerwin Vargas,Athletico Paranaense,Brasil – Série A,statsbomb
306616,Mycael,Athletico Paranaense,Brasil – Série A,statsbomb
410209,Chiqueti,Athletico Paranaense,Brasil – Série A,statsbomb
392178,Isaac,Athletico Paranaense,Brasil – Série A,statsbomb
113298,Julimar,Athletico Paranaense,Brasil – Série A,statsbomb
120032,Juan Felipe Aguirre,Athletico Paranaense,Brasil – Série A,statsbomb
393000,Felipinho,Athletico Paranaense,Brasil – Série A,statsbomb
419032,João Cruz,Athletico Paranaense,Brasil – Série A,statsbomb
33261,Juan Portilla,Athletico Paranaense,Brasil – Série A,statsbomb
426321,Leozinho,Athletico Paranaense,Brasil – Série A,statsbomb
27801,Kevin Viveros,Athletico Paranaense,Brasil – Série A,statsbomb
366635,Bruno Zapelli,Athletico Paranaense,Brasil – Série A,statsbomb
30824,Santiago Moreno,Fluminense,Brasil – Série A,statsbomb
367633,Rodrigo Castillo,Fluminense,Brasil – Série A,statsbomb
25270,Igor Rabello,Fluminense,Brasil – Série A,statsbomb
451113,Riquelme,Fluminense,Brasil – Série A,statsbomb
474365,Wesley Natã,Fluminense,Brasil – Série A,statsbomb
30597,Julián Millán,Fluminense,Brasil – Série A,statsbomb
6714,Ganso,Fluminense,Brasil – Série A,statsbomb
457466,Kauã Pascini,Atlético Mineiro,Brasil – Série A,statsbomb
443523,Vitão,Atlético Mineiro,Brasil – Série A,statsbomb
37737,Angelo Preciado,Atlético Mineiro,Brasil – Série A,statsbomb
476810,Mamady Cissé,Atlético Mineiro,Brasil – Série A,statsbomb
44553,Uiliam Fogaça,Mirassol Futebol Clube,Brasil – Série A,statsbomb
271904,Kauê,Corinthians,Brasil – Série A,statsbomb
337481,Pedro Milans,Corinthians,Brasil – Série A,statsbomb
473731,Dieguinho,Corinthians,Brasil – Série A,statsbomb
483804,Jorge Rivaldo,Athletico Paranaense,Brasil – Série A,statsbomb
424802,Dantas,Athletico Paranaense,Brasil – Série A,statsbomb
400618,Dudu,Athletico Paranaense,Brasil – Série A,statsbomb
426158,Claudinho,Athletico Paranaense,Brasil – Série A,statsbomb
27524,Carlos Terán,Athletico Paranaense,Brasil – Série A,statsbomb
3772,Stiven Mendoza,Athletico Paranaense,Brasil – Série A,statsbomb
435533,Arthur Dias,Athletico Paranaense,Brasil – Série A,statsbomb
88055,Gastón Benavídez,Athletico Paranaense,Brasil – Série A,statsbomb
25105,Luiz Fernando,Athletico Paranaense,Brasil – Série A,statsbomb
51915,Lucas Esquivel,Athletico Paranaense,Brasil – Série A,statsbomb
306617,Léo Derik,Athletico Paranaense,Brasil – Série A,statsbomb
475214,Gustavo Santana,São Paulo,Brasil – Série A,statsbomb
475216,Tetê,São Paulo,Brasil – Série A,statsbomb
460274,Pedro Ferreira,São Paulo,Brasil – Série A,statsbomb
32497,Ferreirinha,São Paulo,Brasil – Série A,statsbomb
6930,Jonathan Calleri,São Paulo,Brasil – Série A,statsbomb
235383,Danielzinho,São Paulo,Brasil – Série A,statsbomb
475215,Luis Osorio,São Paulo,Brasil – Série A,statsbomb
437145,Hugo Leonardo,São Paulo,Brasil – Série A,statsbomb
410029,Julio Fidelis,Fluminense,Brasil – Série A,statsbomb
4444,Otávio,Fluminense,Brasil – Série A,statsbomb
436009,Kauã Prates,Cruzeiro,Brasil – Série A,statsbomb
122804,Bruno Rodrigues,Cruzeiro,Brasil – Série A,statsbomb
395663,Jordan Barrera,Botafogo,Brasil – Série A,statsbomb
457969,Cauã Soares,Atlético Mineiro,Brasil – Série A,statsbomb
25531,Éverson,Atlético Mineiro,Brasil – Série A,statsbomb
400538,Tomás Pérez,Atlético Mineiro,Brasil – Série A,statsbomb
60138,Kevin Castaño,Atlético Mineiro,Brasil – Série A,statsbomb
476391,Luiz Felipe,Internacional,Brasil – Série A,statsbomb
33196,Rodrigo Villagra,Internacional,Brasil – Série A,statsbomb
432117,Bernardo Zortea,Grêmio,Brasil – Série A,statsbomb
292259,Denilson,Mirassol Futebol Clube,Brasil – Série A,statsbomb
375740,Japa,Mirassol Futebol Clube,Brasil – Série A,statsbomb
122804,Bruno Rodrigues,Palmeiras,Brasil – Série A,statsbomb
437710,Arthur Gabriel,Palmeiras,Brasil – Série A,statsbomb
416459,Luighi,Palmeiras,Brasil – Série A,statsbomb
430711,Larson,Palmeiras,Brasil – Série A,statsbomb
31525,Léo Vieira,Bahia,Brasil – Série A,statsbomb
392955,Erick Pulga,Bahia,Brasil – Série A,statsbomb
49819,Enio,Chapecoense,Brasil – Série A,statsbomb
25281,Marcinho,Chapecoense,Brasil – Série A,statsbomb
400657,Dudu,EC Vitória,Brasil – Série A,statsbomb
51842,Baralhas,EC Vitória,Brasil – Série A,statsbomb
438224,Zé Breno,EC Vitória,Brasil – Série A,statsbomb
24772,Lucas Silva,EC Vitória,Brasil – Série A,statsbomb
13310,Paulinho,Palmeiras,Brasil – Série A,statsbomb
437706,Allan,Palmeiras,Brasil – Série A,statsbomb
569531,Tulio Eduardo,Chapecoense,Brasil – Série A,statsbomb
440708,Italo Vargas,Chapecoense,Brasil – Série A,statsbomb
271527,Kauan Faria,Chapecoense,Brasil – Série A,statsbomb
126807,Doma,Chapecoense,Brasil – Série A,statsbomb
462849,Matheus Guimarães,Chapecoense,Brasil – Série A,statsbomb
44096,Bruno Tubarão,Chapecoense,Brasil – Série A,statsbomb
27086,Perotti,Chapecoense,Brasil – Série A,statsbomb
189088,Rafael Santos,Chapecoense,Brasil – Série A,statsbomb
450656,David Antunes,Chapecoense,Brasil – Série A,statsbomb
32035,Dylan Borrero,Chapecoense,Brasil – Série A,statsbomb
51960,João Paulo,Chapecoense,Brasil – Série A,statsbomb
47078,Walter Clar,Chapecoense,Brasil – Série A,statsbomb
426155,Victor Caetano,Chapecoense,Brasil – Série A,statsbomb
269831,Maurício Garcez,Chapecoense,Brasil – Série A,statsbomb
31525,Léo Vieira,Chapecoense,Brasil – Série A,statsbomb
49882,Anderson,Chapecoense,Brasil – Série A,statsbomb
234119,Bruno Matias,Chapecoense,Brasil – Série A,statsbomb
439651,André,Corinthians,Brasil – Série A,statsbomb
400548,Pedro Morisco,Coritiba Fbc,Brasil – Série A,statsbomb
16579,Pedro Rocha,Coritiba Fbc,Brasil – Série A,statsbomb
15457,Mateo Cassierra,Atlético Mineiro,Brasil – Série A,statsbomb
123625,Alan Steve Minda García,Atlético Mineiro,Brasil – Série A,statsbomb
122881,Fernandinho,Mirassol Futebol Clube,Brasil – Série A,statsbomb
33043,Gabriel Brazão,Santos,Brasil – Série A,statsbomb
483179,Samuel Pierre,Santos,Brasil – Série A,statsbomb
483190,Fernando Pradella,Santos,Brasil – Série A,statsbomb
232285,Moises,Santos,Brasil – Série A,statsbomb
433957,Vinicius Lira,Santos,Brasil – Série A,statsbomb
41414,Zé Ivaldo,Santos,Brasil – Série A,statsbomb
120104,Adson,Vasco da Gama,Brasil – Série A,statsbomb
434440,Renan Peixoto,Athletico Paranaense,Brasil – Série A,statsbomb
25092,Eduardo Sasha,Red Bull Bragantino,Brasil – Série A,statsbomb
457802,Ryan Tavares,Red Bull Bragantino,Brasil – Série A,statsbomb
305233,João Costa,Cruzeiro,Brasil – Série A,statsbomb
234109,Gabriel Poveda,Clube do Remo,Brasil – Série A,statsbomb
53992,Franco Catarozzi,Clube do Remo,Brasil – Série A,statsbomb
61773,Pedro Rangel,Coritiba Fbc,Brasil – Série A,statsbomb
431520,Diego Caito,Grêmio,Brasil – Série A,statsbomb
113567,Luizão,Mirassol Futebol Clube,Brasil – Série A,statsbomb
25503,Walter,Mirassol Futebol Clube,Brasil – Série A,statsbomb
463203,Rafael Azpiazu,Clube do Remo,Brasil – Série A,statsbomb
128290,Mayk,Clube do Remo,Brasil – Série A,statsbomb
46380,Igor Formiga,Mirassol Futebol Clube,Brasil – Série A,statsbomb
30078,Riccieli,EC Vitória,Brasil – Série A,statsbomb
550478,David Alves,Coritiba Fbc,Brasil – Série A,statsbomb
54427,Breno Lopes,Coritiba Fbc,Brasil – Série A,statsbomb
25412,Brenner,Vasco da Gama,Brasil – Série A,statsbomb
8315,Walace,EC Vitória,Brasil – Série A,statsbomb
284876,Neto Pessôa,Chapecoense,Brasil – Série A,statsbomb
436642,Benedetti,Palmeiras,Brasil – Série A,statsbomb
188419,Gabriel Delfim,Atlético Mineiro,Brasil – Série A,statsbomb
46607,Hugo Souza,Corinthians,Brasil – Série A,statsbomb
232032,Matheus Piauí,Clube do Remo,Brasil – Série A,statsbomb
60685,Jáderson,Clube do Remo,Brasil – Série A,statsbomb
25140,Vitinho,Corinthians,Brasil – Série A,statsbomb
45659,Elias,Mirassol Futebol Clube,Brasil – Série A,statsbomb
474977,Raykkonen,Internacional,Brasil – Série A,statsbomb
542038,Oscar Caicedo,Boyacá Chicó,Colombia,statsbomb
186789,Isaac Camargo,Boyacá Chicó,Colombia,statsbomb
149350,Estiven Andrés Sarria Olano,Boyacá Chicó,Colombia,statsbomb
50784,David Agudelo,Boyacá Chicó,Colombia,statsbomb
541530,Jesus Chara,Boyacá Chicó,Colombia,statsbomb
233068,Santiago Mera,Boyacá Chicó,Colombia,statsbomb
530433,Branndon Zapata,Boyacá Chicó,Colombia,statsbomb
542585,Mateo Gomez,Boyacá Chicó,Colombia,statsbomb
541106,Julian Castillo,Boyacá Chicó,Colombia,statsbomb
541681,Jhonier Alomía,Boyacá Chicó,Colombia,statsbomb
117067,Junior Carlos Palacios,Boyacá Chicó,Colombia,statsbomb
29996,Cristian Blanco,Boyacá Chicó,Colombia,statsbomb
37485,Rogerio Caicedo,Boyacá Chicó,Colombia,statsbomb
188434,Jaime Diaz,Boyacá Chicó,Colombia,statsbomb
438096,Sebastián Viveros Lopez,Boyacá Chicó,Colombia,statsbomb
37478,Jacobo Pimentel,Boyacá Chicó,Colombia,statsbomb
130270,Yaliston Martínez,Boyacá Chicó,Colombia,statsbomb
512334,Ítalo Montaño,Boyacá Chicó,Colombia,statsbomb
484465,Jeison David Mena Victoria,Boyacá Chicó,Colombia,statsbomb
578762,Alejandro Maya,Boyacá Chicó,Colombia,statsbomb
422979,Felipe Cifuentes,Boyacá Chicó,Colombia,statsbomb
27419,Yhormar Hurtado,Deportes Tolima,Colombia,statsbomb
542721,Néifer Sánchez,Deportes Tolima,Colombia,statsbomb
486479,Michael Martínez,Deportes Tolima,Colombia,statsbomb
548784,Santiago Joven,Deportes Tolima,Colombia,statsbomb
391737,Shean Barbosa,Deportes Tolima,Colombia,statsbomb
422617,Sergio Aguayo,Deportes Tolima,Colombia,statsbomb
261625,Daniel Pedrozo,Deportes Tolima,Colombia,statsbomb
130729,Luis Marquinez,Deportes Tolima,Colombia,statsbomb
522359,Yimar Parra,Deportes Tolima,Colombia,statsbomb
10337,Yordan Osorio,Deportes Tolima,Colombia,statsbomb
261627,Jorge Hurtado,Deportes Tolima,Colombia,statsbomb
27391,Neto Volpi,Deportes Tolima,Colombia,statsbomb
391769,Élan Ricardo,Deportes Tolima,Colombia,statsbomb
541997,Julio Cuero,Fortaleza CEIF,Colombia,statsbomb
82711,Jhonier Blanco,Fortaleza CEIF,Colombia,statsbomb
512334,Ítalo Montaño,Fortaleza CEIF,Colombia,statsbomb
479256,Cristian Orozco,Fortaleza CEIF,Colombia,statsbomb
381627,Miguel Pernía,Fortaleza CEIF,Colombia,statsbomb
45096,Miguel Silva,Fortaleza CEIF,Colombia,statsbomb
27379,Jhon Velásquez,Fortaleza CEIF,Colombia,statsbomb
540897,Richardson Rivas,Fortaleza CEIF,Colombia,statsbomb
441295,Jhon Martínez,Fortaleza CEIF,Colombia,statsbomb
425034,Michael Barragán,Fortaleza CEIF,Colombia,statsbomb
36614,Sebastián Herrera,Fortaleza CEIF,Colombia,statsbomb
53520,Williams Barlasina,Fortaleza CEIF,Colombia,statsbomb
390348,Jhon Jairo Solís Vélez,Fortaleza CEIF,Colombia,statsbomb
120758,Juan Camilo Castillo Andrade,Fortaleza CEIF,Colombia,statsbomb
147964,Teun Wilke,Fortaleza CEIF,Colombia,statsbomb
366014,Cristian Santander,Fortaleza CEIF,Colombia,statsbomb
423506,Jhoiner Salas,Fortaleza CEIF,Colombia,statsbomb
425008,Franco Pulicastro,Fortaleza CEIF,Colombia,statsbomb
433661,Jeferson Medina,Fortaleza CEIF,Colombia,statsbomb
444227,Andy Batioja,Fortaleza CEIF,Colombia,statsbomb
482809,E.Rico,Fortaleza CEIF,Colombia,statsbomb
530361,Santiago Vivas,Fortaleza CEIF,Colombia,statsbomb
541009,Joan Valverde,Fortaleza CEIF,Colombia,statsbomb
1169634,Brandón Andrés Mejía Fajardo,Fortaleza CEIF,Colombia,statsbomb
541807,Frank Martínez,Deportivo Pasto,Colombia,statsbomb
32499,Yeison Tolosa,Deportivo Pasto,Colombia,statsbomb
441622,Luther Rueda,Deportivo Pasto,Colombia,statsbomb
548313,Heiler Moreno,Deportivo Pasto,Colombia,statsbomb
26401,Andrés Ibargüen,Deportivo Pasto,Colombia,statsbomb
130889,Ederson Cabezas,Deportivo Pasto,Colombia,statsbomb
208679,Jonathan Perlaza,Deportivo Pasto,Colombia,statsbomb
485520,P.Preciado,Deportivo Pasto,Colombia,statsbomb
130634,Mateo Garavito,Deportivo Pasto,Colombia,statsbomb
27176,Enrique Serje,Deportivo Pasto,Colombia,statsbomb
28713,Matías Pisano,Deportivo Pasto,Colombia,statsbomb
27378,Geovanni Banguera,Deportivo Pasto,Colombia,statsbomb
6662,Iago Herrerín,Deportivo Pasto,Colombia,statsbomb
528792,Calderon A.,Deportivo Pereira,Colombia,statsbomb
388278,Javier Mena,Deportivo Pereira,Colombia,statsbomb
28684,Ánderson Plata,Deportivo Pereira,Colombia,statsbomb
438675,Sebastián Urrea,Deportivo Pereira,Colombia,statsbomb
530366,Miguel Aguirre,Deportivo Pereira,Colombia,statsbomb
32008,Danilo Ortíz,Deportivo Pereira,Colombia,statsbomb
549758,Juan Urrea,Deportivo Pereira,Colombia,statsbomb
100897,Fabio Delgado,Deportivo Pereira,Colombia,statsbomb
530371,Jhon Montoya,Deportivo Pereira,Colombia,statsbomb
36906,Yimy Gómez,Deportivo Pereira,Colombia,statsbomb
249295,Felipe Mosquera,Deportivo Pereira,Colombia,statsbomb
549759,Juan Morales,Deportivo Pereira,Colombia,statsbomb
423012,Nicolas Rengifo,Deportivo Pereira,Colombia,statsbomb
27585,Jean Carlos Pestaña,Junior,Colombia,statsbomb
28812,Harold Rivera,Junior,Colombia,statsbomb
27212,Déiber Caicedo,Junior,Colombia,statsbomb
36501,Mauro Silveira,Junior,Colombia,statsbomb
27507,Jefersson Martínez,Junior,Colombia,statsbomb
43859,Lucas Monzón,Junior,Colombia,statsbomb
567245,José Munive,Junior,Colombia,statsbomb
48283,Pablo Ortiz,Junior,Colombia,statsbomb
6334,Luis Muriel,Junior,Colombia,statsbomb
547801,Andrés Shmalbach,Junior,Colombia,statsbomb
541204,Dilan Villarreal,Junior,Colombia,statsbomb
27385,Daniel Giraldo,Deportivo Cali,Colombia,statsbomb
35785,Eduard Bello,Deportivo Cali,Colombia,statsbomb
27855,Emanuel Reynoso,Deportivo Cali,Colombia,statsbomb
27235,Juan Dinenno,Deportivo Cali,Colombia,statsbomb
441464,Keimer Sandoval,Deportivo Cali,Colombia,statsbomb
5528,Pedro Gallese,Deportivo Cali,Colombia,statsbomb
479805,Miguel Correa,Deportivo Cali,Colombia,statsbomb
131187,Fernando Álvarez,Deportivo Cali,Colombia,statsbomb
27356,Nicolás Benedetti,Deportivo Cali,Colombia,statsbomb
445328,Sergio Andrés Aponzá Cantoñil,Alianza Valledupar,Colombia,statsbomb
27446,Juan Camilo Chaverra,Alianza Valledupar,Colombia,statsbomb
478774,Charly Villegas,Alianza Valledupar,Colombia,statsbomb
487962,Eudy Moreno,Alianza Valledupar,Colombia,statsbomb
540219,Juan Arcila,Alianza Valledupar,Colombia,statsbomb
35282,Jair Castillo,Alianza Valledupar,Colombia,statsbomb
541572,Leyner Palacios,Alianza Valledupar,Colombia,statsbomb
28816,Johan Wallens,Alianza Valledupar,Colombia,statsbomb
540218,Juan Viveros,Alianza Valledupar,Colombia,statsbomb
49749,Eduard Banguero,Alianza Valledupar,Colombia,statsbomb
476156,Jeison Cabrales,Alianza Valledupar,Colombia,statsbomb
479650,Lucas Villa Valencia,Alianza Valledupar,Colombia,statsbomb
407551,Jader Enrique Manyoma Córdoba,Cúcuta Deportivo,Colombia,statsbomb
28294,Carlos Rentería,Cúcuta Deportivo,Colombia,statsbomb
541316,Dayan Gélvez,Cúcuta Deportivo,Colombia,statsbomb
443442,Jesús Díaz,Cúcuta Deportivo,Colombia,statsbomb
541993,Hassler Beltrán,Cúcuta Deportivo,Colombia,statsbomb
79569,Sebastián Támara,Cúcuta Deportivo,Colombia,statsbomb
543806,Leison Ochoa,Cúcuta Deportivo,Colombia,statsbomb
52249,Agustín Cano,Cúcuta Deportivo,Colombia,statsbomb
541317,Breyner Rodríguez,Cúcuta Deportivo,Colombia,statsbomb
28635,Lucas Ríos,Cúcuta Deportivo,Colombia,statsbomb
391722,Luifer Hernández,Cúcuta Deportivo,Colombia,statsbomb
27447,Mauricio Duarte,Cúcuta Deportivo,Colombia,statsbomb
425609,Federico Abadía,Cúcuta Deportivo,Colombia,statsbomb
27450,Jhonatan Agudelo,Cúcuta Deportivo,Colombia,statsbomb
366679,Juan Ceballos,Cúcuta Deportivo,Colombia,statsbomb
548287,Marlon Carabalí,Cúcuta Deportivo,Colombia,statsbomb
64373,Diego Calcaterra,Cúcuta Deportivo,Colombia,statsbomb
34345,Juan Ramírez,Cúcuta Deportivo,Colombia,statsbomb
121016,Léider Berdugo,Cúcuta Deportivo,Colombia,statsbomb
52972,Enzo Larrosa,Independiente Medellín,Colombia,statsbomb
478757,Juan Viveros,Independiente Medellín,Colombia,statsbomb
401170,John Montaño,Independiente Medellín,Colombia,statsbomb
49707,Hayen Palacios,Independiente Medellín,Colombia,statsbomb
541990,Marlon Balanta,Independiente Medellín,Colombia,statsbomb
480776,Jhan Mena,Independiente Medellín,Colombia,statsbomb
482883,Gerónimo Mancilla Vidal,Independiente Medellín,Colombia,statsbomb
159450,Juan José Córdoba Zapata,Independiente Medellín,Colombia,statsbomb
567190,Nivaldo Erazo,Independiente Medellín,Colombia,statsbomb
395929,Málcom Palacios,Independiente Medellín,Colombia,statsbomb
407412,Andrés Dávila,Independiente Medellín,Colombia,statsbomb
566594,Keiner Klinger,Independiente Medellín,Colombia,statsbomb
571596,Cristhian Portocarrero,Santa Fe,Colombia,statsbomb
483805,M.Cuesta Palacios,Santa Fe,Colombia,statsbomb
28634,Nahuel Bustos,Santa Fe,Colombia,statsbomb
52299,Weimar Asprilla,Santa Fe,Colombia,statsbomb
27354,Kevin Balanta,Santa Fe,Colombia,statsbomb
49788,Emerson Rivaldo Rodríguez Valois,Santa Fe,Colombia,statsbomb
277520,Kilian Toscano,Santa Fe,Colombia,statsbomb
29196,Maximiliano Lovera,Santa Fe,Colombia,statsbomb
27431,Jáder Obrian,Santa Fe,Colombia,statsbomb
140320,Franco Fagúndez,Santa Fe,Colombia,statsbomb
43829,Leonai,Millonarios,Colombia,statsbomb
34556,Rodrigo Ureña,Millonarios,Colombia,statsbomb
486309,Christopher Martín,Millonarios,Colombia,statsbomb
432337,Brayan Sandoval,Millonarios,Colombia,statsbomb
261627,Jorge Hurtado,Millonarios,Colombia,statsbomb
485369,Sebastián Viveros del Castillo,Millonarios,Colombia,statsbomb
36557,Javier Burrai,Millonarios,Colombia,statsbomb
29597,Stiven Barreiro,Millonarios,Colombia,statsbomb
27062,David Silva,Millonarios,Colombia,statsbomb
186788,Mateo García,Millonarios,Colombia,statsbomb
27278,Diego Novoa,Millonarios,Colombia,statsbomb
26260,Rodrigo Contreras,Millonarios,Colombia,statsbomb
35444,Edgar Elizalde,Millonarios,Colombia,statsbomb
407507,Jhon Meléndez,Rionegro,Colombia,statsbomb
186783,Juan Roa,Rionegro,Colombia,statsbomb
365336,Fabián Charales,Rionegro,Colombia,statsbomb
502743,Andrés Álvarez,Rionegro,Colombia,statsbomb
370237,Andrés Carreño,Rionegro,Colombia,statsbomb
136101,Antony Vásquez,Rionegro,Colombia,statsbomb
139954,Junior Noguera,Rionegro,Colombia,statsbomb
204050,John Jairo Ontaneda Campos,Rionegro,Colombia,statsbomb
36907,Jorge Soto,Rionegro,Colombia,statsbomb
552295,Juan Camargo,Jaguares de Córdoba,Colombia,statsbomb
540836,Jonathan Lovera,Jaguares de Córdoba,Colombia,statsbomb
540219,Juan Arcila,Jaguares de Córdoba,Colombia,statsbomb
34607,Diego Martínez,Jaguares de Córdoba,Colombia,statsbomb
27875,Andrés Rentería,Jaguares de Córdoba,Colombia,statsbomb
200118,Franklin Mosquera,Jaguares de Córdoba,Colombia,statsbomb
27787,Cristian Álvarez,Jaguares de Córdoba,Colombia,statsbomb
280119,Andrés Alfonso,Jaguares de Córdoba,Colombia,statsbomb
28508,Yairo Moreno,Jaguares de Córdoba,Colombia,statsbomb
27511,Wilfrido De la Rosa,Jaguares de Córdoba,Colombia,statsbomb
187142,Royscer Colpa,Jaguares de Córdoba,Colombia,statsbomb
29373,Darwin López,Jaguares de Córdoba,Colombia,statsbomb
261628,Carlos Eduardo Cantillo Villalobos,Jaguares de Córdoba,Colombia,statsbomb
548536,Diego Zuluaga,Jaguares de Córdoba,Colombia,statsbomb
27219,Fabian Mosquera,Jaguares de Córdoba,Colombia,statsbomb
401116,Bladimir Castro,Jaguares de Córdoba,Colombia,statsbomb
425254,Yan Mosquera,Jaguares de Córdoba,Colombia,statsbomb
187143,Edwin Martínez,Jaguares de Córdoba,Colombia,statsbomb
50417,Santiago Cubides,Jaguares de Córdoba,Colombia,statsbomb
402811,Luis Jiménez,Jaguares de Córdoba,Colombia,statsbomb
383095,Kahiser Lenis,Jaguares de Córdoba,Colombia,statsbomb
188435,Duván Rodríguez,Jaguares de Córdoba,Colombia,statsbomb
37598,Jáder Maza,Jaguares de Córdoba,Colombia,statsbomb
27503,Nicolás Giraldo,Jaguares de Córdoba,Colombia,statsbomb
565134,Keyson Quinto,Atlético Bucaramanga,Colombia,statsbomb
36904,Emerson Batalla,Atlético Bucaramanga,Colombia,statsbomb
35481,Luis Vásquez,Atlético Bucaramanga,Colombia,statsbomb
402704,Brandon Caicedo,Atlético Bucaramanga,Colombia,statsbomb
37749,Cristopher Fiermarín,Atlético Bucaramanga,Colombia,statsbomb
379516,Felix Charrupí,Atlético Bucaramanga,Colombia,statsbomb
27177,Nilson Castrillón,Atlético Bucaramanga,Colombia,statsbomb
541580,Néider Parra,Atlético Nacional,Colombia,statsbomb
28938,César Haydar,Atlético Nacional,Colombia,statsbomb
10853,Cristian Arango,Atlético Nacional,Colombia,statsbomb
423126,Nicolás Rodríguez,Atlético Nacional,Colombia,statsbomb
479799,Matias Quiroz,Atlético Nacional,Colombia,statsbomb
4276,David Ospina,Atlético Nacional,Colombia,statsbomb
6312,Franco Armani,Atlético Nacional,Colombia,statsbomb
479796,Andres Bernal,Atlético Nacional,Colombia,statsbomb
28264,Milton Casco,Atlético Nacional,Colombia,statsbomb
39105,Ian Poveda,Atlético Nacional,Colombia,statsbomb
35785,Eduard Bello,Atlético Nacional,Colombia,statsbomb
484088,Hervin Goyes,Deportivo Pasto,Colombia,statsbomb
461626,Cristian Vergara,Alianza Valledupar,Colombia,statsbomb
186930,Alexis Manyoma,Deportivo Cali,Colombia,statsbomb
545407,Rafael Acuña,Once Caldas,Colombia,statsbomb
130638,Jader Quiñónes,Once Caldas,Colombia,statsbomb
49738,Joan Parra,Once Caldas,Colombia,statsbomb
27931,Andrés Roa,Once Caldas,Colombia,statsbomb
475524,Juan Aponzá,América de Cali,Colombia,statsbomb
82606,Tomás Ángel,América de Cali,Colombia,statsbomb
27493,Yeison Guzmán,América de Cali,Colombia,statsbomb
27230,Dany Rosero,América de Cali,Colombia,statsbomb
44745,Daniel Valencia,América de Cali,Colombia,statsbomb
26332,Luis Quiñones,América de Cali,Colombia,statsbomb
483665,Juan Montoya,América de Cali,Colombia,statsbomb
24324,Adrián Ramos,América de Cali,Colombia,statsbomb
113283,Edson Tortolero,América de Cali,Colombia,statsbomb
474102,Kevin Angulo,América de Cali,Colombia,statsbomb
27471,Nicolás Hernández,América de Cali,Colombia,statsbomb
413088,Brayan Correa,América de Cali,Colombia,statsbomb
437530,Luis Mina,América de Cali,Colombia,statsbomb
531049,Camilo Amú,América de Cali,Colombia,statsbomb
27419,Yhormar Hurtado,América de Cali,Colombia,statsbomb
11501,Darwin Machís,América de Cali,Colombia,statsbomb
36907,Jorge Soto,América de Cali,Colombia,statsbomb
540512,Kevin Cataño,Inter Bogotá,Colombia,statsbomb
100784,Diego Duarte,Inter Bogotá,Colombia,statsbomb
28298,Larry Vásquez,Inter Bogotá,Colombia,statsbomb
476945,Yeider García,Inter Bogotá,Colombia,statsbomb
462624,Miguel Angel Amaya Peña,Inter Bogotá,Colombia,statsbomb
477423,Mateo Santamaria,Inter Bogotá,Colombia,statsbomb
540898,Kevin Caicedo,Llaneros,Colombia,statsbomb
344236,Juan Loaiza,Llaneros,Colombia,statsbomb
527593,Julian Beltran,Llaneros,Colombia,statsbomb
83191,Edwin Laszo,Llaneros,Colombia,statsbomb
567029,Emilio Pardo,Llaneros,Colombia,statsbomb
438044,Juan Montoya,Llaneros,Colombia,statsbomb
35270,Yorleys Mena,Llaneros,Colombia,statsbomb
28715,Daniel Quiñones,Llaneros,Colombia,statsbomb
462563,R.Romaña Garavito,Llaneros,Colombia,statsbomb
27415,Jhon Vásquez,Llaneros,Colombia,statsbomb
522939,Kevin Rincón,Llaneros,Colombia,statsbomb
29076,Alejandro Moralez,Llaneros,Colombia,statsbomb
277515,Johar Mejía,Jaguares de Córdoba,Colombia,statsbomb
425720,Tobias Bovone,Deportivo Pereira,Colombia,statsbomb
548893,Helieyker Guzman,Once Caldas,Colombia,statsbomb
484466,Jorge Eliécer Martínez Mosquera,Deportivo Pereira,Colombia,statsbomb
530372,Jared Rodriguez,Deportivo Pereira,Colombia,statsbomb
404759,Juan Betancourth,Deportivo Pereira,Colombia,statsbomb
95866,Dennys Quintero,Llaneros,Colombia,statsbomb
15945,Jimmy Medranda,Llaneros,Colombia,statsbomb
426884,Juan Pertuz,Llaneros,Colombia,statsbomb
404791,Néider Ospina,Llaneros,Colombia,statsbomb
547382,Daniel Socarras,Junior,Colombia,statsbomb
112696,Agustín Martegani,Independiente Medellín,Colombia,statsbomb
131527,Alfonso Simarra,Independiente Medellín,Colombia,statsbomb
476616,Nezareth Segura,Independiente Medellín,Colombia,statsbomb
22271,Salvador Ichazo,Independiente Medellín,Colombia,statsbomb
28893,Frank Fabra,Independiente Medellín,Colombia,statsbomb
27275,Eder Chaux,Independiente Medellín,Colombia,statsbomb
558859,Kevin Perez,Atlético Nacional,Colombia,statsbomb
540512,Kevin Cataño,Atlético Nacional,Colombia,statsbomb
546713,Robinson García,Atlético Nacional,Colombia,statsbomb
543057,Xavi Rios,Atlético Nacional,Colombia,statsbomb
37574,Harlen Castillo,Atlético Nacional,Colombia,statsbomb
94936,Alejandro Rodríguez,Deportivo Cali,Colombia,statsbomb
27587,Aldair Quintana,Atlético Bucaramanga,Colombia,statsbomb
33371,Miguel Ortega,Deportes Tolima,Colombia,statsbomb
423829,Jaime Peralta,Cúcuta Deportivo,Colombia,statsbomb
464348,Victor Manuel Reyes Clavijo,Deportes Tolima,Colombia,statsbomb
440436,Joel Canchimbo,Junior,Colombia,statsbomb
44893,Martín Rea,Atlético Bucaramanga,Colombia,statsbomb
82711,Jhonier Blanco,Llaneros,Colombia,statsbomb
532715,Dereck Alessandro Moncada Arguijo,Inter Bogotá,Colombia,statsbomb
541749,Sebastián Girado,Inter Bogotá,Colombia,statsbomb
27063,Wuilker Fariñez,Inter Bogotá,Colombia,statsbomb
528294,Simón Zapata,Inter Bogotá,Colombia,statsbomb
424416,Fabricio Sanguinetti,Inter Bogotá,Colombia,statsbomb
473794,Ronaldo Julio,Inter Bogotá,Colombia,statsbomb
546445,Erik Alvarez,Deportes Tolima,Colombia,statsbomb
526115,Yoimar Moreno,Deportes Tolima,Colombia,statsbomb
35719,Cristian Dájome,Inter Bogotá,Colombia,statsbomb
423127,Yeiner Londoño,Alianza Valledupar,Colombia,statsbomb
27645,Jeison Medina,Independiente Medellín,Colombia,statsbomb
548474,Joseb Mosquera,Alianza Valledupar,Colombia,statsbomb
541531,Jhordy Camacho,América de Cali,Colombia,statsbomb
546052,Luis Piedrahita,Independiente Medellín,Colombia,statsbomb
549307,Matías Patiño,Deportivo Pereira,Colombia,statsbomb
540829,Armando Ballesteros,Cúcuta Deportivo,Colombia,statsbomb
27229,Richard Rentería,Deportivo Pereira,Colombia,statsbomb
418919,Juan Manuel Arango,Deportivo Cali,Colombia,statsbomb
546050,John Banguera,Independiente Medellín,Colombia,statsbomb
530373,Josseph Mosquera,Deportivo Pereira,Colombia,statsbomb
36151,Ederson Moreno,Deportivo Pereira,Colombia,statsbomb
449481,Miguel Palacios,Deportivo Pereira,Colombia,statsbomb
79575,Sebastián Acosta,Deportivo Pereira,Colombia,statsbomb
541008,Luis Moreno,Deportivo Pereira,Colombia,statsbomb
530370,Santiago Alzate,Deportivo Pereira,Colombia,statsbomb
493776,Juan José Montoya Tamayo,Deportivo Cali,Colombia,statsbomb
25384,Gustavo Cuéllar,Deportivo Cali,Colombia,statsbomb
33371,Miguel Ortega,Llaneros,Colombia,statsbomb
425033,Jhonny Jordán,Boyacá Chicó,Colombia,statsbomb
524514,Nicolás Valencia,Boyacá Chicó,Colombia,statsbomb
485276,Gleyfer Medina,Atlético Bucaramanga,Colombia,statsbomb
542059,Carlos Londoño,Rionegro,Colombia,statsbomb
27290,Andrés Ricaurte,Rionegro,Colombia,statsbomb
483804,Jorge Rivaldo,Rionegro,Colombia,statsbomb
540906,Alberto Higgins,Rionegro,Colombia,statsbomb
186378,Juan Avalo,Rionegro,Colombia,statsbomb
546053,Alan Valdelamar,Independiente Medellín,Colombia,statsbomb
524201,Adrián Murillo,Atlético Bucaramanga,Colombia,statsbomb
465530,B.Chury Jiménez,Llaneros,Colombia,statsbomb
51932,Sebastián Palma,Boyacá Chicó,Colombia,statsbomb
36479,Darío Denis,Boyacá Chicó,Colombia,statsbomb
542584,Faiber Arroyo,Boyacá Chicó,Colombia,statsbomb
482811,Jhon Sebastian Palacios Sanchez,Fortaleza CEIF,Colombia,statsbomb
27599,Andrés Amaya,Fortaleza CEIF,Colombia,statsbomb
446729,Jean Galindo,Deportivo Cali,Colombia,statsbomb
388278,Javier Mena,Deportivo Cali,Colombia,statsbomb
423576,Agustín Irazoque,Inter Bogotá,Colombia,statsbomb
32829,Iván Arboleda,Rionegro,Colombia,statsbomb
367600,Royner Benítez,Rionegro,Colombia,statsbomb
487961,Josy Pérez,Alianza Valledupar,Colombia,statsbomb
477412,Jhon Valoyes,Alianza Valledupar,Colombia,statsbomb
567389,Howenn Rada,Alianza Valledupar,Colombia,statsbomb
402180,Ever Meza,Alianza Valledupar,Colombia,statsbomb
541463,Francesco Fiorelli,Alianza Valledupar,Colombia,statsbomb
381627,Miguel Pernía,Inter Bogotá,Colombia,statsbomb
39105,Ian Poveda,Inter Bogotá,Colombia,statsbomb
433182,Bayron Caicedo,Inter Bogotá,Colombia,statsbomb
130727,Carlos Ordóñez,Jaguares de Córdoba,Colombia,statsbomb
78363,Jhon Altamiranda,Jaguares de Córdoba,Colombia,statsbomb
28721,Jhonier Viveros,Jaguares de Córdoba,Colombia,statsbomb
550290,Manuel Díaz,Deportivo Pereira,Colombia,statsbomb
445189,Carlos Sarabia,Millonarios,Colombia,statsbomb
45215,Guillermo de Amores,Millonarios,Colombia,statsbomb
552503,Joel Ahumada,Audax Italiano,Chile,statsbomb
415940,Ignacio Fuenzalida,Audax Italiano,Chile,statsbomb
29193,Marcelo Ortiz,Audax Italiano,Chile,statsbomb
269403,Favian Loyola,Audax Italiano,Chile,statsbomb
475466,Martín Jiménez,Audax Italiano,Chile,statsbomb
155658,Damián Pizarro,Audax Italiano,Chile,statsbomb
441514,Mario Sandoval,Audax Italiano,Chile,statsbomb
384746,Diego Monreal,Audax Italiano,Chile,statsbomb
32311,Rodrigo Cabral,Audax Italiano,Chile,statsbomb
410965,Giovani Chiaverano,Audax Italiano,Chile,statsbomb
26256,Igor Lichnovsky,Universidad de Chile,Chile,statsbomb
52231,Marcelo Morales,Universidad de Chile,Chile,statsbomb
131241,Lucas Humberto Assadi Reygadas,Universidad de Chile,Chile,statsbomb
531823,Jhon Deiby Cortés Gallego,Universidad de Chile,Chile,statsbomb
523978,Gonzalo Reyna,Universidad de Chile,Chile,statsbomb
35958,Luciano Arriagada,Huachipato,Chile,statsbomb
395600,Nelson Guaiquil,Huachipato,Chile,statsbomb
558147,Alvaro Abarzúa,Huachipato,Chile,statsbomb
546183,Harold Antiñirre,Huachipato,Chile,statsbomb
122984,Claudio Gerardo Torres Gaete,Huachipato,Chile,statsbomb
111317,Carlos Herrera,Huachipato,Chile,statsbomb
208312,Harol Salgado,Universidad Concepción,Chile,statsbomb
229060,Jeison Joaquín Fuentealba Vergara,Universidad Concepción,Chile,statsbomb
346668,Bastián Ignacio Ubal Peña,Universidad Concepción,Chile,statsbomb
62593,Facundo Mater,Universidad Concepción,Chile,statsbomb
22247,Jorge Broun,Universidad Concepción,Chile,statsbomb
30417,Agustín José Urzi,Universidad Concepción,Chile,statsbomb
438064,Bryan Ogaz,Universidad Concepción,Chile,statsbomb
542507,Martín Ramírez,Universidad Concepción,Chile,statsbomb
102285,Yerco Abraham Oyanedel Hernández,Universidad Concepción,Chile,statsbomb
479400,Yastin Cuevas,Colo Colo,Chile,statsbomb
35870,Matías Fernández,Colo Colo,Chile,statsbomb
460425,Gabriel Maureira,Colo Colo,Chile,statsbomb
416257,Leandro Hernández,Colo Colo,Chile,statsbomb
78031,Joaquin Sosa,Colo Colo,Chile,statsbomb
245529,Lautaro Leonel Pastran Tello,Colo Colo,Chile,statsbomb
531428,F.Javier Daza Arzola,Universidad Católica,Chile,statsbomb
154791,Cristián Alonso Riquelme Piña,Deportes Concepcion,Chile,statsbomb
542101,Angel Gillard,Deportes Concepcion,Chile,statsbomb
36004,Diego Carrasco,Deportes Concepcion,Chile,statsbomb
120059,Yonatan Alexis Rodríguez Benítez,Deportes Concepcion,Chile,statsbomb
550550,Bastián Escobar,Deportes Concepcion,Chile,statsbomb
426039,Joaquín Tapia,O'Higgins,Chile,statsbomb
229759,Santiago Toloza,O'Higgins,Chile,statsbomb
567457,Juan Poblete,O'Higgins,Chile,statsbomb
37054,Benjamín Rojas,O'Higgins,Chile,statsbomb
470201,José Tomás Movillo Del Canto,O'Higgins,Chile,statsbomb
102435,Jorge Peña,O'Higgins,Chile,statsbomb
91995,Ignacio Schor,O'Higgins,Chile,statsbomb
396087,Benjamín Schamine,O'Higgins,Chile,statsbomb
550956,Benjamin Pérez,O'Higgins,Chile,statsbomb
229161,Dylan Escobar,Coquimbo Unido,Chile,statsbomb
35843,Rodrigo Holgado,Coquimbo Unido,Chile,statsbomb
35892,Diego Sánchez,Coquimbo Unido,Chile,statsbomb
28269,Lucas Pratto,Coquimbo Unido,Chile,statsbomb
542510,Pablo Rodríguez,Coquimbo Unido,Chile,statsbomb
549960,Francisco Moreno,Cobresal,Chile,statsbomb
36019,Bryan Carvallo,Cobresal,Chile,statsbomb
46792,Tiago Hernández,Deportes Limache,Chile,statsbomb
473685,Carlos Jeremy Morales Gatica,Deportes Limache,Chile,statsbomb
542590,Marcelo Flores,Deportes Limache,Chile,statsbomb
542096,Javier Rojas,Deportes Limache,Chile,statsbomb
64697,Marcos Luis Arturia,Deportes Limache,Chile,statsbomb
35997,Danilo Gonzalo Catalán Córdova,Deportes Limache,Chile,statsbomb
460418,Matías Pérez,La Serena,Chile,statsbomb
6712,Gonzalo Escalante,La Serena,Chile,statsbomb
542605,Bastián Contreras,La Serena,Chile,statsbomb
28734,Francis Mac Allister,La Serena,Chile,statsbomb
46574,Carlos Salomón,Deportivo Ñublense SADP,Chile,statsbomb
418898,Franco Rami,Deportivo Ñublense SADP,Chile,statsbomb
426171,Brian Ferreyra,Unión La Calera,Chile,statsbomb
365456,Axel Alejandro Encinas,Unión La Calera,Chile,statsbomb
483603,Juan Salomoni,Unión La Calera,Chile,statsbomb
195998,Rodrigo Pérez,Unión La Calera,Chile,statsbomb
364725,Julián Alfaro,Everton,Chile,statsbomb
439198,Santiago Londoño González,Everton,Chile,statsbomb
402068,Gustavo Charrupí,Everton,Chile,statsbomb
363540,Martín Araya,Palestino,Chile,statsbomb
545186,Albert Gómez,Palestino,Chile,statsbomb
427447,Marcelo Eggel,Palestino,Chile,statsbomb
546270,Vicente Zenteno,Audax Italiano,Chile,statsbomb
33592,Tobías Reinhart,Universidad de Chile,Chile,statsbomb
391248,Lucas Romero,Universidad de Chile,Chile,statsbomb
438016,Ignacio Vásquez,Universidad de Chile,Chile,statsbomb
35812,Gabriel Jesús Castellón Velazquez,Universidad de Chile,Chile,statsbomb
550559,Vicente Ramírez,Universidad de Chile,Chile,statsbomb
31764,Juan Martín Lucero,Universidad de Chile,Chile,statsbomb
44650,Sergio Núñez,Huachipato,Chile,statsbomb
544584,Sebastián Melgarejo,Huachipato,Chile,statsbomb
569539,Freddy Alegría,Huachipato,Chile,statsbomb
426764,N.Cárcamo,Huachipato,Chile,statsbomb
426049,Sebastián Mella,Huachipato,Chile,statsbomb
546404,Benjamín Sáez,Universidad Concepción,Chile,statsbomb
425969,Iam Gonzalez,Universidad Concepción,Chile,statsbomb
460408,L.Kmet,Universidad Concepción,Chile,statsbomb
88354,Santiago Ibraim Silva Azambuja,Universidad Concepción,Chile,statsbomb
35818,Fernando de Paul,Colo Colo,Chile,statsbomb
547513,Martin Gómez,Universidad Católica,Chile,statsbomb
37541,Darío Melo,Universidad Católica,Chile,statsbomb
92864,Justo Giani,Universidad Católica,Chile,statsbomb
87346,Fernando Raúl Romero González,Deportes Concepcion,Chile,statsbomb
542099,Mateo González,Deportes Concepcion,Chile,statsbomb
35995,Matías Cavalleri,Deportes Concepcion,Chile,statsbomb
416689,Leenhan Romero,Deportes Concepcion,Chile,statsbomb
35952,Ariel Cáceres,Deportes Concepcion,Chile,statsbomb
48265,Ethan Espinoza,Deportes Concepcion,Chile,statsbomb
29615,Walter Bou,O'Higgins,Chile,statsbomb
102287,Omar Carabalí,O'Higgins,Chile,statsbomb
428789,Dixon Pereira,Coquimbo Unido,Chile,statsbomb
479393,Vicente Villegas,Coquimbo Unido,Chile,statsbomb
364859,Renato Huerta,Cobresal,Chile,statsbomb
38005,Jorge Pinos,Cobresal,Chile,statsbomb
207345,Alejandro Jesús Santander Caro,Cobresal,Chile,statsbomb
229161,Dylan Escobar,Deportes Limache,Chile,statsbomb
542593,Facundo Marín,Deportes Limache,Chile,statsbomb
41130,Yerko González,Deportes Limache,Chile,statsbomb
528049,Vicente Amaro Cárcamo Osorio,Deportes Limache,Chile,statsbomb
526802,Vicente Álvarez,Deportes Limache,Chile,statsbomb
426056,Flavio Moya,Deportes Limache,Chile,statsbomb
12809,Diego Rubio,La Serena,Chile,statsbomb
194574,Alexander Antonio Oroz Huerta,La Serena,Chile,statsbomb
542606,Milovan Velásquez,La Serena,Chile,statsbomb
27763,Rafael Delgado,La Serena,Chile,statsbomb
532041,D.Cordero Tapia,La Serena,Chile,statsbomb
543279,Francisco Herrera,Universidad Concepción,Chile,statsbomb
36729,Luis Rojas,Universidad Concepción,Chile,statsbomb
154791,Cristián Alonso Riquelme Piña,Colo Colo,Chile,statsbomb
544411,Nicolás L'Huillier,Universidad Católica,Chile,statsbomb
209131,Agustín García Basso,Universidad Católica,Chile,statsbomb
103221,Vicente Bernedo,Universidad Católica,Chile,statsbomb
385124,Diego Corral,Universidad Católica,Chile,statsbomb
271603,Diego Emmanuel Acosta Curtido,Deportes Concepcion,Chile,statsbomb
426197,Mauricio Vera,Deportes Concepcion,Chile,statsbomb
542096,Javier Rojas,Deportes Concepcion,Chile,statsbomb
50814,Aldrix Esteban Jara Falcón,Deportes Concepcion,Chile,statsbomb
35944,Bryan Alfonso Vejar Utreras,Deportes Concepcion,Chile,statsbomb
33199,Fausto Grillo,Deportes Concepcion,Chile,statsbomb
381140,Carlos Humberto Escobar Ortiz,Deportes Concepcion,Chile,statsbomb
110999,Nelson Alejandro Sepúlveda Moya,Deportes Concepcion,Chile,statsbomb
87609,Fernando Martínez Rojas,Deportes Concepcion,Chile,statsbomb
426053,Norman Rodríguez,Deportes Concepcion,Chile,statsbomb
444690,Cristián Morales,O'Higgins,Chile,statsbomb
460419,Gabriel Pinto,O'Higgins,Chile,statsbomb
28674,Miguel Brizuela,O'Higgins,Chile,statsbomb
480235,Joaquín Edgardo Muñoz Riffo,O'Higgins,Chile,statsbomb
36688,Thiago Vecino,O'Higgins,Chile,statsbomb
196957,Dylan Glaby,Coquimbo Unido,Chile,statsbomb
30896,Guido Vadalá,Coquimbo Unido,Chile,statsbomb
429894,Rodrigo Sandoval,Cobresal,Chile,statsbomb
468630,Anibal Alonso Gajardo Ramirez,Cobresal,Chile,statsbomb
545289,Benjamin Lorca,Cobresal,Chile,statsbomb
195231,Sergio Andrés Carrasco Espinoza,Cobresal,Chile,statsbomb
46216,Felipe Villagrán,Cobresal,Chile,statsbomb
565131,Matías Olguín,Cobresal,Chile,statsbomb
529625,Victor Campos,Cobresal,Chile,statsbomb
259878,Axel Jonatan Alfonzo Villarreal,Deportes Limache,Chile,statsbomb
27140,Ramón Martínez,Deportes Limache,Chile,statsbomb
58771,Bruno Gutiérrez,La Serena,Chile,statsbomb
463052,Fabricio Díaz,La Serena,Chile,statsbomb
130344,Ián Franco Rasso,La Serena,Chile,statsbomb
208311,José Tapia,La Serena,Chile,statsbomb
568022,Gonzalo Figueroa,La Serena,Chile,statsbomb
477043,Cristóbal Sepúlveda,La Serena,Chile,statsbomb
544458,Bastián Sandoval,La Serena,Chile,statsbomb
35761,Nicolás Stefanelli,La Serena,Chile,statsbomb
54990,Federico Lanzillota,La Serena,Chile,statsbomb
345841,Yahir Aaron Salazar Mondaca,La Serena,Chile,statsbomb
30948,Andrés Arroyo,Everton,Chile,statsbomb
16456,Enzo Roco,Palestino,Chile,statsbomb
463037,Matías Ignacio Bórquez Lizana,Deportes Limache,Chile,statsbomb
439929,Benjamín Andres Mellado Aedo,Huachipato,Chile,statsbomb
363541,Iván Román,Colo Colo,Chile,statsbomb
438105,Ignacio Gutiérrez,Universidad Católica,Chile,statsbomb
394120,Juan Francisco Rossel,Universidad Católica,Chile,statsbomb
367184,Alex Joel Valdés Voissin,Deportivo Ñublense SADP,Chile,statsbomb
366753,Martín Maturana,O'Higgins,Chile,statsbomb
28640,Javier Méndez,Colo Colo,Chile,statsbomb
434778,Joaquín Andrés Soto Valdivia,Unión La Calera,Chile,statsbomb
123870,Jose Ignacio Castro Mena,Huachipato,Chile,statsbomb
37535,Maximiliano Rodríguez,Huachipato,Chile,statsbomb
441624,Benjamin Alejandro Ramirez Castillo,Cobresal,Chile,statsbomb
203434,Leroy Janpol Morales Napa,Cobresal,Chile,statsbomb
567348,Bastian Muñoz,Deportivo Ñublense SADP,Chile,statsbomb
558151,Christian Mansilla,Deportivo Ñublense SADP,Chile,statsbomb
103998,Joaquin Gonzalez,Deportivo Ñublense SADP,Chile,statsbomb
35351,Yerko Leiva,Unión La Calera,Chile,statsbomb
424518,Rodrigo Cáseres,Unión La Calera,Chile,statsbomb
547833,Benjamín Argandona,Unión La Calera,Chile,statsbomb
347425,Juan Requena,Unión La Calera,Chile,statsbomb
531954,Alexander Tomás Pastene Latorre,Unión La Calera,Chile,statsbomb
544551,Ricardo Rebolledo,Everton,Chile,statsbomb
37849,Ignacio González,Everton,Chile,statsbomb
464322,Byron Navarro,Everton,Chile,statsbomb
463039,Josué Ovalle,Everton,Chile,statsbomb
29266,Dieter Villalpando,Everton,Chile,statsbomb
578424,José Hernández,Everton,Chile,statsbomb
196957,Dylan Glaby,Palestino,Chile,statsbomb
431307,Sebastián Valencia,Deportivo Ñublense SADP,Chile,statsbomb
37368,Nicola Pérez,Deportivo Ñublense SADP,Chile,statsbomb
473718,Martín Hiriart,Unión La Calera,Chile,statsbomb
561007,Vicente Lavín,Unión La Calera,Chile,statsbomb
48266,Joan Cruz,Unión La Calera,Chile,statsbomb
428497,Nicolás Palma,Unión La Calera,Chile,statsbomb
542727,Amaro Leon,Everton,Chile,statsbomb
434384,Nicolás Montiel,Everton,Chile,statsbomb
261518,Cristóbal Alejandro Chadwick Bosco,Everton,Chile,statsbomb
258446,Vicente Vega,Everton,Chile,statsbomb
46470,Nicolás Meza,Palestino,Chile,statsbomb
35877,Sebastián Pérez,Palestino,Chile,statsbomb
54465,Ronnie Fernández,Palestino,Chile,statsbomb
28122,Franco Troyansky,Audax Italiano,Chile,statsbomb
54379,Tomás Ahumada,Audax Italiano,Chile,statsbomb
542257,Martín Valdés,Audax Italiano,Chile,statsbomb
550558,Lucas Barrera,Universidad de Chile,Chile,statsbomb
30725,Octavio Rivero,Universidad de Chile,Chile,statsbomb
542256,Diego Vargas,Universidad de Chile,Chile,statsbomb
548768,Elias Rojas,Universidad de Chile,Chile,statsbomb
36016,Nicolás Fernández,Universidad de Chile,Chile,statsbomb
544585,Martín Espinoza Pino,Universidad de Chile,Chile,statsbomb
483731,Christian Bravo,Huachipato,Chile,statsbomb
260248,Kevin Nahuel Altez Moyano,Huachipato,Chile,statsbomb
372269,Rodrigo Odriozola,Huachipato,Chile,statsbomb
35676,Martín Cañete,Huachipato,Chile,statsbomb
550710,Martín Torrejón,Huachipato,Chile,statsbomb
366638,Daniel Barrea,Universidad Concepción,Chile,statsbomb
568954,Martín Suazo,Universidad Concepción,Chile,statsbomb
546403,Esteban Páez,Universidad Concepción,Chile,statsbomb
51991,Leonel González,Universidad Concepción,Chile,statsbomb
29199,Miguel Barbieri,Universidad Concepción,Chile,statsbomb
551904,Diego Sabando,Universidad Concepción,Chile,statsbomb
35774,Antonio Díaz,Universidad Concepción,Chile,statsbomb
396753,David Retamal,Universidad Concepción,Chile,statsbomb
571644,David Larrahondo,Huachipato,Chile,statsbomb
48884,Hugo Martínez,Deportes Limache,Chile,statsbomb
288479,Claudio Iván González Landeros,Deportes Limache,Chile,statsbomb
366752,Tomás Avilés,O'Higgins,Chile,statsbomb
27190,Joaquín Larrivey,Deportes Concepcion,Chile,statsbomb
71414,Nicolás Araya Bruna,Deportes Concepcion,Chile,statsbomb
553027,Dilan Varas,Deportes Concepcion,Chile,statsbomb
542509,Cristóbal Zambrano,Universidad Concepción,Chile,statsbomb
542508,José Sanhueza,Universidad Concepción,Chile,statsbomb
431339,Tomás Roco,Universidad Concepción,Chile,statsbomb
26318,Rogelio Funes Mori,Universidad Concepción,Chile,statsbomb
35822,Osvaldo González,Universidad Concepción,Chile,statsbomb
75354,Franco Frías,Cobresal,Chile,statsbomb
544585,Martín Espinoza Pino,Cobresal,Chile,statsbomb
545288,Benjamín Villarroel,Cobresal,Chile,statsbomb
232890,Esteban Kirkman,Everton,Chile,statsbomb
376349,Martín Cárcamo,Everton,Chile,statsbomb
34364,Brian Martínez,Everton,Chile,statsbomb
46216,Felipe Villagrán,Everton,Chile,statsbomb
463050,Eryin Alexi Sanhueza Mora,La Serena,Chile,statsbomb
510291,Joan Orellana,La Serena,Chile,statsbomb
28528,Jean Meneses,Deportes Limache,Chile,statsbomb
47031,Bastián Yáñez,O'Higgins,Chile,statsbomb
479396,Alonso Olguín,Colo Colo,Chile,statsbomb
558149,Felipe Olave,Colo Colo,Chile,statsbomb
31921,Nicolás Avellaneda,Unión La Calera,Chile,statsbomb
545428,Maximiliano Fernandez,Unión La Calera,Chile,statsbomb
406111,Francisco Pozzo,Unión La Calera,Chile,statsbomb
479412,Ian Alegría,Palestino,Chile,statsbomb
37725,Sebastián Cabrera,Coquimbo Unido,Chile,statsbomb
462654,Gonzalo Flores,Coquimbo Unido,Chile,statsbomb
558144,Maximiliano Osorio,Huachipato,Chile,statsbomb
550606,Rodrigo Catalán,Colo Colo,Chile,statsbomb
275182,Dilan Salgado,Palestino,Chile,statsbomb
528049,Vicente Amaro Cárcamo Osorio,Universidad Católica,Chile,statsbomb
36010,Lukas Soza,Coquimbo Unido,Chile,statsbomb
8606,Emir Karic,Sporting Kansas City,MLS,statsbomb
224419,Justin Reynolds,Sporting Kansas City,MLS,statsbomb
33364,Lasse Johnsen,Sporting Kansas City,MLS,statsbomb
393143,Cielo Tschantret,Sporting Kansas City,MLS,statsbomb
48746,Capita,Sporting Kansas City,MLS,statsbomb
48870,Moisés Mosquera,Sporting Kansas City,MLS,statsbomb
423848,Diego Borges,Sporting Kansas City,MLS,statsbomb
395078,Stephen Afrifa,Sporting Kansas City,MLS,statsbomb
537098,Kwaku Agyabeng,Sporting Kansas City,MLS,statsbomb
436792,Shane Donovan,Sporting Kansas City,MLS,statsbomb
38908,Or Blorian,Sporting Kansas City,MLS,statsbomb
145175,André Luiz,Sporting Kansas City,MLS,statsbomb
437730,Mateo Silvetti,Inter Miami,MLS,statsbomb
398504,Santiago Morales,Inter Miami,MLS,statsbomb
18620,Sergio Reguilón,Inter Miami,MLS,statsbomb
389792,Ezequiel Abadia-Reda,Inter Miami,MLS,statsbomb
123571,Micael,Inter Miami,MLS,statsbomb
428632,Colin Guske,Real Salt Lake,MLS,statsbomb
206943,Juan Jose Arias,Real Salt Lake,MLS,statsbomb
428055,Aiden Hezarkhani,Real Salt Lake,MLS,statsbomb
201763,Zach Booth,Real Salt Lake,MLS,statsbomb
22601,Rafael Cabral,Real Salt Lake,MLS,statsbomb
521736,Lineker Santos,Real Salt Lake,MLS,statsbomb
117076,Griffin Dillon,Real Salt Lake,MLS,statsbomb
33787,Mason Stajduhar,Real Salt Lake,MLS,statsbomb
50461,Juan Manuel Sanabria,Real Salt Lake,MLS,statsbomb
47351,Morgan Guilavogui,Real Salt Lake,MLS,statsbomb
8343,Stijn Spierings,Real Salt Lake,MLS,statsbomb
537713,Sergi Solans,Real Salt Lake,MLS,statsbomb
471192,Jesús Barea,Real Salt Lake,MLS,statsbomb
136541,Luca Moisa,Real Salt Lake,MLS,statsbomb
23859,Omir Guadalupe Fernandez Mosso,Portland Timbers,MLS,statsbomb
19101,Ariel Lassiter,Portland Timbers,MLS,statsbomb
29078,José Caicedo,Portland Timbers,MLS,statsbomb
248820,Alex Bonetig,Portland Timbers,MLS,statsbomb
462223,Gage Guerra,Portland Timbers,MLS,statsbomb
436713,Eric Izoita,Portland Timbers,MLS,statsbomb
3264,Vincent Janssen,Portland Timbers,MLS,statsbomb
49632,Alexander Aravena,Portland Timbers,MLS,statsbomb
72690,Lautaro Giaccone,Columbus Crew,MLS,statsbomb
12777,Rudy Camacho,Columbus Crew,MLS,statsbomb
10802,André Gomes,Columbus Crew,MLS,statsbomb
6799,Brais Méndez,Columbus Crew,MLS,statsbomb
31964,Amar Sejdić,Columbus Crew,MLS,statsbomb
46573,Gonzalo Tapia,Columbus Crew,MLS,statsbomb
537711,Tarun Karumanchi,Columbus Crew,MLS,statsbomb
45069,Patrick Schulte,Columbus Crew,MLS,statsbomb
313737,Nariman Akhundzada,Columbus Crew,MLS,statsbomb
369780,Sekou Bangoura,Columbus Crew,MLS,statsbomb
24378,Wessam Abou Ali,Columbus Crew,MLS,statsbomb
403391,Neil Pierre,Philadelphia Union,MLS,statsbomb
205751,Ben Bender,Philadelphia Union,MLS,statsbomb
386945,Philippe Ndinga,Philadelphia Union,MLS,statsbomb
473064,Malik Jakupovic,Philadelphia Union,MLS,statsbomb
49558,Japhet Larsen,Philadelphia Union,MLS,statsbomb
468885,Stas Kornzeniowski,Philadelphia Union,MLS,statsbomb
43082,Jeremy Rafanello,Philadelphia Union,MLS,statsbomb
445297,Geiner Martínez,Philadelphia Union,MLS,statsbomb
429256,Cavan Sullivan,Philadelphia Union,MLS,statsbomb
396721,Giovanny Sequera,Philadelphia Union,MLS,statsbomb
436707,Finn Sundstrom,Philadelphia Union,MLS,statsbomb
429255,Anisse Saidi,San Diego FC,MLS,statsbomb
16543,Marcus Ingvartsen,San Diego FC,MLS,statsbomb
404066,Osvald Søe,San Diego FC,MLS,statsbomb
437344,Wilson Eisner,San Diego FC,MLS,statsbomb
408714,Pedro Soma,San Diego FC,MLS,statsbomb
33600,Dag­ur Dan Þór­halls­son,San Diego FC,MLS,statsbomb
16931,Lewis Morgan,San Diego FC,MLS,statsbomb
426064,Kieran Sargeant,San Diego FC,MLS,statsbomb
132461,Elias Achouri,San Diego FC,MLS,statsbomb
546005,Bryan Zamblé,San Diego FC,MLS,statsbomb
277967,David Vazquez,San Diego FC,MLS,statsbomb
247159,Duran Ferree,San Diego FC,MLS,statsbomb
467799,Ezekiel Alladoh,Philadelphia Union,MLS,statsbomb
12346,Andre Blake,Philadelphia Union,MLS,statsbomb
146649,Jorge Ruvalcaba,New York Red Bulls,MLS,statsbomb
116411,Roald Mitchell,New York Red Bulls,MLS,statsbomb
395088,Julian Hall,New York Red Bulls,MLS,statsbomb
45029,Cameron Harper,New York Red Bulls,MLS,statsbomb
21201,Ethan Horvath,New York Red Bulls,MLS,statsbomb
378725,Joyeux Bungi,New York Red Bulls,MLS,statsbomb
416183,Nehuén Benedetti,New York Red Bulls,MLS,statsbomb
392976,Tanner Rosborough,New York Red Bulls,MLS,statsbomb
399057,Adri Mehmeti,New York Red Bulls,MLS,statsbomb
475857,M.Jiménez Murillo,New York Red Bulls,MLS,statsbomb
395169,Julián Bazán,New York Red Bulls,MLS,statsbomb
108373,Justin Che,New York Red Bulls,MLS,statsbomb
49259,James Pantemis,Portland Timbers,MLS,statsbomb
430110,Edson Carli,Seattle Sounders,MLS,statsbomb
399474,Gallatin Sandnes,Seattle Sounders,MLS,statsbomb
150462,Osaze De Rosario,Seattle Sounders,MLS,statsbomb
23757,Hassani Dotson,Seattle Sounders,MLS,statsbomb
231018,Noel Buck,San Jose Earthquakes,MLS,statsbomb
42985,Jack Jasinski,San Jose Earthquakes,MLS,statsbomb
42975,Benji Kikanović,San Jose Earthquakes,MLS,statsbomb
37953,Jack Skahan,San Jose Earthquakes,MLS,statsbomb
5557,Timo Werner,San Jose Earthquakes,MLS,statsbomb
340668,Luka Jovanovic,San Jose Earthquakes,MLS,statsbomb
31450,Darius Johnson,San Jose Earthquakes,MLS,statsbomb
24877,Paul Marie,San Jose Earthquakes,MLS,statsbomb
28208,Jonathan González,San Jose Earthquakes,MLS,statsbomb
462222,Nick Fernandez,San Jose Earthquakes,MLS,statsbomb
22379,Angus Gunn,San Jose Earthquakes,MLS,statsbomb
539559,Troy Elgersma,LA Galaxy,MLS,statsbomb
6379,Sergi Roberto,LA Galaxy,MLS,statsbomb
42633,Novak Mićović,LA Galaxy,MLS,statsbomb
37796,Kyogo Furuhashi,LA Galaxy,MLS,statsbomb
29946,Robert Taylor,LA Galaxy,MLS,statsbomb
17300,JT Marcinkowski,LA Galaxy,MLS,statsbomb
537733,Arnau Farnós,New York City FC,MLS,statsbomb
107581,Bénie Traoré,New York City FC,MLS,statsbomb
443314,Seymour Reid,New York City FC,MLS,statsbomb
398477,Andrew Baiera,New York City FC,MLS,statsbomb
462443,M.Murray,New York City FC,MLS,statsbomb
285800,Máximo Carrizo,New York City FC,MLS,statsbomb
36794,Dayne St. Clair,Inter Miami,MLS,statsbomb
482195,Alexander Shaw,Inter Miami,MLS,statsbomb
5539,Casemiro,Inter Miami,MLS,statsbomb
471253,Preston Plambeck,Inter Miami,MLS,statsbomb
30552,Facundo Mura,Inter Miami,MLS,statsbomb
225210,David Ruiz,Inter Miami,MLS,statsbomb
224204,Cabral Carter,LAFC,MLS,statsbomb
3014,Júnior Alonso,Atlanta United,MLS,statsbomb
94004,Cayman Togashi,Atlanta United,MLS,statsbomb
28668,Lucas Hoyos,Atlanta United,MLS,statsbomb
467766,A.Kovac,Atlanta United,MLS,statsbomb
463765,Mbekezeli Mbokazi,Chicago Fire,MLS,statsbomb
396076,Aron John,Charlotte,MLS,statsbomb
382388,Jules-Anthony Vilsaint,Toronto FC,MLS,statsbomb
415612,Emilio Aristizábal,Toronto FC,MLS,statsbomb
247610,Markus Cimermancic,Toronto FC,MLS,statsbomb
224810,Jackson Gilman,Toronto FC,MLS,statsbomb
9198,Niklas Dorsch,Toronto FC,MLS,statsbomb
229429,Luka Gavran,Toronto FC,MLS,statsbomb
536934,Fletcher Bank,Toronto FC,MLS,statsbomb
126723,Matheus Pereira,Toronto FC,MLS,statsbomb
16803,Henry Wingo,Toronto FC,MLS,statsbomb
35860,Benjamín Kuscevic,Toronto FC,MLS,statsbomb
468347,Micah Chisholm,Toronto FC,MLS,statsbomb
468346,Malik Henry,Toronto FC,MLS,statsbomb
423306,Iago Teodoro,Orlando City,MLS,statsbomb
5668,Robert Lewandowski,Chicago Fire,MLS,statsbomb
26819,Anton Salétros,Chicago Fire,MLS,statsbomb
537345,Charles-Emile Brunet,Nashville SC,MLS,statsbomb
44633,Brian Schwake,Nashville SC,MLS,statsbomb
223734,Matthew Corcoran,Nashville SC,MLS,statsbomb
23856,Bryan Acosta,Nashville SC,MLS,statsbomb
386316,Shak Mohammed,Nashville SC,MLS,statsbomb
390512,Elias Saad,Nashville SC,MLS,statsbomb
225214,Jordan Knight,Nashville SC,MLS,statsbomb
133088,Woobens Pacius,Nashville SC,MLS,statsbomb
41347,Maxwell Woledzi,Nashville SC,MLS,statsbomb
122998,Nikola Petković,Seattle Sounders,MLS,statsbomb
252742,Stuart Hawkins,Seattle Sounders,MLS,statsbomb
118525,Cody Baker,Seattle Sounders,MLS,statsbomb
389767,Sebastian Gomez,Seattle Sounders,MLS,statsbomb
428501,Antino Lopez,Seattle Sounders,MLS,statsbomb
13372,Paul Arriola,Seattle Sounders,MLS,statsbomb
34016,Peter Kingston,Seattle Sounders,MLS,statsbomb
98485,Archie Goodwin,Charlotte,MLS,statsbomb
28397,Kristijan Kahlina,Charlotte,MLS,statsbomb
3016,Allan Saint-Maximin,Charlotte,MLS,statsbomb
439344,Morrison Agyemang,Charlotte,MLS,statsbomb
427969,Mamadou Dieng,Minnesota United,MLS,statsbomb
235817,Marcus Caldeira,Minnesota United,MLS,statsbomb
33916,D.J. Taylor,Minnesota United,MLS,statsbomb
423067,Tiago,Orlando City,MLS,statsbomb
468064,Ignacio Gómez,Orlando City,MLS,statsbomb
428636,Justin Ellis,Orlando City,MLS,statsbomb
6313,Wilder Cartagena,Orlando City,MLS,statsbomb
438499,Luis Otávio,Orlando City,MLS,statsbomb
428633,Yutaro Tsukada,Orlando City,MLS,statsbomb
42374,Daryl Dike,Orlando City,MLS,statsbomb
34884,Cheikh Sabaly,Vancouver Whitecaps,MLS,statsbomb
37196,Yohei Takaoka,Vancouver Whitecaps,MLS,statsbomb
282655,Mihail Gherasimencov,Vancouver Whitecaps,MLS,statsbomb
472277,Nikola Djordjevic,Vancouver Whitecaps,MLS,statsbomb
434483,Rayan Elloumi,Vancouver Whitecaps,MLS,statsbomb
29758,Sam Adekugbe,Vancouver Whitecaps,MLS,statsbomb
429829,Bruno Caicedo,Vancouver Whitecaps,MLS,statsbomb
9213,Sebastian Schonlau,Vancouver Whitecaps,MLS,statsbomb
46476,Isaac Boehmer,Vancouver Whitecaps,MLS,statsbomb
42697,Thomas Hasal,LAFC,MLS,statsbomb
469520,Tommy Mihalić,LAFC,MLS,statsbomb
36814,Ryan Raposo,LAFC,MLS,statsbomb
11187,Stephen Eustáquio,LAFC,MLS,statsbomb
3099,Hugo Lloris,LAFC,MLS,statsbomb
10335,Tyler Boyd,LAFC,MLS,statsbomb
395431,Matt Evans,LAFC,MLS,statsbomb
436704,Kenny Nielsen,LAFC,MLS,statsbomb
428781,Jude Terry,LAFC,MLS,statsbomb
425997,Amin Boudri,LAFC,MLS,statsbomb
203442,Bryan Ramírez,Cincinnati,MLS,statsbomb
224799,Roman Celentano,Cincinnati,MLS,statsbomb
34112,Evan Louro,Cincinnati,MLS,statsbomb
443482,Andrei Chirilă,Cincinnati,MLS,statsbomb
140587,Jorge Alastuey,Austin FC,MLS,statsbomb
131702,Mateja Djordjević,Austin FC,MLS,statsbomb
17053,Brad Stuver,Austin FC,MLS,statsbomb
110050,Jon Bell,Austin FC,MLS,statsbomb
400468,Ervin Torres,Austin FC,MLS,statsbomb
117066,CJ Fodrey,Austin FC,MLS,statsbomb
29946,Robert Taylor,Austin FC,MLS,statsbomb
130662,Herman Johansson,FC Dallas,MLS,statsbomb
305810,Ran Binyamin,FC Dallas,MLS,statsbomb
389783,Clay Holstad,FC Dallas,MLS,statsbomb
468475,Sam Sarver,FC Dallas,MLS,statsbomb
45494,Joaquín Valiente,FC Dallas,MLS,statsbomb
546138,Ricky Louis,FC Dallas,MLS,statsbomb
428524,Michael Collodi,FC Dallas,MLS,statsbomb
430281,Caleb Swann,FC Dallas,MLS,statsbomb
538478,Nicholas Simmonds,FC Dallas,MLS,statsbomb
24876,Matthew Freese,New York City FC,MLS,statsbomb
416459,Luighi,New York City FC,MLS,statsbomb
547993,Kevin Pierre,New York City FC,MLS,statsbomb
16169,James Sands,New York City FC,MLS,statsbomb
425028,Malachi Jones,New York City FC,MLS,statsbomb
12759,Maxi Moralez,New York City FC,MLS,statsbomb
37175,Kai Trewin,New York City FC,MLS,statsbomb
460537,Fricio David Caicedo Jaramillo,Inter Miami,MLS,statsbomb
429270,Dániel Pintér,Inter Miami,MLS,statsbomb
391036,Lovens Delinois,Inter Miami,MLS,statsbomb
28764,Germán Berterame,Inter Miami,MLS,statsbomb
160236,Damian Las,Austin FC,MLS,statsbomb
24727,Frankie Amaya,CF Montreal,MLS,statsbomb
396219,Noah Streit,CF Montreal,MLS,statsbomb
257050,Thomas Gillier,CF Montreal,MLS,statsbomb
3385,Alexis Sánchez,CF Montreal,MLS,statsbomb
37028,Iván Jaime,CF Montreal,MLS,statsbomb
50217,Kwadwo Opoku,CF Montreal,MLS,statsbomb
33600,Dag­ur Dan Þór­halls­son,CF Montreal,MLS,statsbomb
29337,Youssef Maziz,Colorado Rapids,MLS,statsbomb
48740,Nicolas Hansen,Colorado Rapids,MLS,statsbomb
428573,Wayne Frederick,Colorado Rapids,MLS,statsbomb
536953,Donavan Phillip,Colorado Rapids,MLS,statsbomb
471191,Mamadou Diop,Colorado Rapids,MLS,statsbomb
404335,Hamzat Ojediran,Colorado Rapids,MLS,statsbomb
448166,Lucas Herrington,Colorado Rapids,MLS,statsbomb
186930,Alexis Manyoma,Colorado Rapids,MLS,statsbomb
463159,Alex Harris,Colorado Rapids,MLS,statsbomb
8225,Roman Bürki,St. Louis City,MLS,statsbomb
287052,Mykhi Joyner,St. Louis City,MLS,statsbomb
18574,Carlo Holse,St. Louis City,MLS,statsbomb
101817,Alexandru Irinel Mățan,St. Louis City,MLS,statsbomb
210118,Dante Polvara,St. Louis City,MLS,statsbomb
127580,Mamadou Mbacke,St. Louis City,MLS,statsbomb
428822,Brendan McSorley,St. Louis City,MLS,statsbomb
34041,Ben Lundt,St. Louis City,MLS,statsbomb
25158,Lucas Halter,Houston Dynamo,MLS,statsbomb
537690,Agustin Resch,Houston Dynamo,MLS,statsbomb
8759,Diadié Samassékou,Houston Dynamo,MLS,statsbomb
52165,Guilherme,Houston Dynamo,MLS,statsbomb
5575,Héctor Herrera,Houston Dynamo,MLS,statsbomb
43005,Keisuke Kurokawa,DC United,MLS,statsbomb
19022,Andre Dozzell,DC United,MLS,statsbomb
218711,Gavin Turner,DC United,MLS,statsbomb
426611,Kimito Nono,DC United,MLS,statsbomb
44516,Kobi Henry,Real Salt Lake,MLS,statsbomb
42757,Jonathan Sirois,FC Dallas,MLS,statsbomb
430270,Joshua Torquato,FC Dallas,MLS,statsbomb
32628,Louicius Deedson,FC Dallas,MLS,statsbomb
381021,Stiven Jimenez,Cincinnati,MLS,statsbomb
24955,Tom Barlow,Cincinnati,MLS,statsbomb
538447,Ayoub Lajhar,Cincinnati,MLS,statsbomb
71195,Ayoub Jabbari,Cincinnati,MLS,statsbomb
431318,Kenji Dem,Cincinnati,MLS,statsbomb
405989,Sal Olivas,Philadelphia Union,MLS,statsbomb
386776,Keegan Hughes,New England Revolution,MLS,statsbomb
144225,Viktor Radojević,Chicago Fire,MLS,statsbomb
114239,Christopher Brady,Chicago Fire,MLS,statsbomb
404021,Dylan Borso,Chicago Fire,MLS,statsbomb
429574,Christopher Cupps,Chicago Fire,MLS,statsbomb
426208,Puso Dithejane,Chicago Fire,MLS,statsbomb
12600,Christopher Mueller,Chicago Fire,MLS,statsbomb
226361,Malcolm Fry,New England Revolution,MLS,statsbomb
12355,Andrew Farrell,New England Revolution,MLS,statsbomb
433463,Judah Siqueira,New England Revolution,MLS,statsbomb
268819,Dor Turgeman,New England Revolution,MLS,statsbomb
225913,Ethan Kohler,New England Revolution,MLS,statsbomb
118525,Cody Baker,New England Revolution,MLS,statsbomb
24880,Griffin Yow,New England Revolution,MLS,statsbomb
33816,Wilson Harris,New England Revolution,MLS,statsbomb
9616,Jack Harrison,New England Revolution,MLS,statsbomb
12352,Matt Turner,New England Revolution,MLS,statsbomb
399971,Eric Klein,New England Revolution,MLS,statsbomb
476858,Troy Putt,Minnesota United,MLS,statsbomb
340179,Mauricio González,Minnesota United,MLS,statsbomb
5695,James Rodríguez,Minnesota United,MLS,statsbomb
20963,Dominik Fitz,Minnesota United,MLS,statsbomb
132979,CJ dos Santos,San Diego FC,MLS,statsbomb
26579,Pablo Sisniega,San Diego FC,MLS,statsbomb
154895,Warren Madrigal,Nashville SC,MLS,statsbomb
3324,Eric Bailly,Columbus Crew,MLS,statsbomb
468010,Cesar Ruvalcaba,Columbus Crew,MLS,statsbomb
428667,Chase Adams,Columbus Crew,MLS,statsbomb
433947,Bernardo Rhein,Orlando City,MLS,statsbomb
428632,Colin Guske,Orlando City,MLS,statsbomb
422765,Pedro Leão,Orlando City,MLS,statsbomb
225198,Nolan Miller,Orlando City,MLS,statsbomb
224415,Javier Otero,Orlando City,MLS,statsbomb
304025,Zakaria Taifi,Orlando City,MLS,statsbomb
538214,Harvey Sarajian,Orlando City,MLS,statsbomb
5487,Antoine Griezmann,Orlando City,MLS,statsbomb
6935,Adrián Marín,Orlando City,MLS,statsbomb
23758,Maxime Crépeau,Orlando City,MLS,statsbomb
44649,Facundo Torres,Austin FC,MLS,statsbomb
126681,Matías Galarza,Atlanta United,MLS,statsbomb
498331,Adrian Gill,Atlanta United,MLS,statsbomb
401204,Elías Báez,Atlanta United,MLS,statsbomb
393315,Cooper Sanchez,Atlanta United,MLS,statsbomb
31012,Paulo Díaz,Atlanta United,MLS,statsbomb
478653,Ignacio Suarez-Couri,Atlanta United,MLS,statsbomb
201629,David Poreba,Chicago Fire,MLS,statsbomb
129319,Samuel Williams,Chicago Fire,MLS,statsbomb
27691,Przemyslaw Placheta,Austin FC,MLS,statsbomb
462156,Nico Cavallo,New York City FC,MLS,statsbomb
133427,Augustin Anello,Philadelphia Union,MLS,statsbomb
428820,Kimani Stewart-Baynes,Colorado Rapids,MLS,statsbomb
36520,Miguel Navarro,Colorado Rapids,MLS,statsbomb
120091,Kenji Cabrera,Vancouver Whitecaps,MLS,statsbomb
8310,Sergio Córdova,St. Louis City,MLS,statsbomb
28671,Agustín Bouzat,Houston Dynamo,MLS,statsbomb
205823,Nick Markanich,Houston Dynamo,MLS,statsbomb
12426,Marcelo Saracchi,Houston Dynamo,MLS,statsbomb
42545,Mateusz Bogusz,Houston Dynamo,MLS,statsbomb
536952,Nikola Markovic,DC United,MLS,statsbomb
399065,Matthew Dos Santos,New York Red Bulls,MLS,statsbomb
388549,Andy Maroto,New York Red Bulls,MLS,statsbomb
401998,Rafael Mosquera,New York Red Bulls,MLS,statsbomb
35477,Cade Cowell,New York Red Bulls,MLS,statsbomb
247536,Adam Beaudry,Colorado Rapids,MLS,statsbomb
84682,Louis Munteanu,DC United,MLS,statsbomb
29226,Silvan Hefti,DC United,MLS,statsbomb
428701,Jason Shokalook,Chicago Fire,MLS,statsbomb
224607,Alec Smir,Minnesota United,MLS,statsbomb
23288,Ryan Gauld,Vancouver Whitecaps,MLS,statsbomb
426234,Taylor Calheira,Sporting Kansas City,MLS,statsbomb
64912,Rocco Novo,Inter Miami,MLS,statsbomb
400539,Owen Presthus,Columbus Crew,MLS,statsbomb
428666,Jayden Da,New England Revolution,MLS,statsbomb
399970,Cristiano Oliveira,New England Revolution,MLS,statsbomb
390908,Micah Burton,Austin FC,MLS,statsbomb
392974,Olger Escobar,CF Montreal,MLS,statsbomb
45510,Sébastian Breza,CF Montreal,MLS,statsbomb
399900,Owen Graham-Roache,CF Montreal,MLS,statsbomb
133638,Loic Williams,Colorado Rapids,MLS,statsbomb
12708,Zack Steffen,Colorado Rapids,MLS,statsbomb
216880,Palmer Ault,St. Louis City,MLS,statsbomb
224777,Miguel Perez,St. Louis City,MLS,statsbomb
537759,Zach Zengue,St. Louis City,MLS,statsbomb
482491,Matthew Arana,Houston Dynamo,MLS,statsbomb
3706,Jonathan Bond,Houston Dynamo,MLS,statsbomb
469455,Kieran Chandler,Minnesota United,MLS,statsbomb
538909,Enzo Dovlo,Atlanta United,MLS,statsbomb
247611,Lazar Stefanović,Toronto FC,MLS,statsbomb
406428,Richard Chukwu,Toronto FC,MLS,statsbomb
279300,Tahir Reid-Brown,Orlando City,MLS,statsbomb
243182,Ryan Sailor,Seattle Sounders,MLS,statsbomb
34329,John Pulskamp,Sporting Kansas City,MLS,statsbomb
12722,Stefan Cleveland,Sporting Kansas City,MLS,statsbomb
463888,Wyatt Meyer,Sporting Kansas City,MLS,statsbomb
470004,Nonso Adimabua,San Jose Earthquakes,MLS,statsbomb
22428,Earl William Edwards Jr.,San Jose Earthquakes,MLS,statsbomb
389524,Ruben Ramos,LA Galaxy,MLS,statsbomb
308569,Marcos Zambrano,New England Revolution,MLS,statsbomb
468349,Antone Bossenberry,Toronto FC,MLS,statsbomb
22168,Josh Sargent,Toronto FC,MLS,statsbomb
147298,Tomás Jacob,Atlanta United,MLS,statsbomb
430622,Tyger Smalls,Charlotte,MLS,statsbomb
522725,Rodolfo Aloko,Charlotte,MLS,statsbomb
536938,Will Cleary,Charlotte,MLS,statsbomb
467820,Charlie Gaffney,Seattle Sounders,MLS,statsbomb
42974,Rafael Jauregui,Seattle Sounders,MLS,statsbomb
224340,Snyder Brunell,Seattle Sounders,MLS,statsbomb
25400,Talles Magno,New York City FC,MLS,statsbomb
42373,Drake Callender,Minnesota United,MLS,statsbomb
243586,Andrew Rick,Philadelphia Union,MLS,statsbomb
12746,Sean Johnson,DC United,MLS,statsbomb
210417,Niko Tsakiris,San Jose Earthquakes,MLS,statsbomb
128666,Andrew Thomas,Seattle Sounders,MLS,statsbomb
12565,Jimmy Maurer,Houston Dynamo,MLS,statsbomb
249058,Juan Mina,New York Red Bulls,MLS,statsbomb
297939,George Hemmings,Aston Villa,Premier League,statsbomb
3822,Ezri Konsa,Aston Villa,Premier League,statsbomb
45189,Evann Guessand,Aston Villa,Premier League,statsbomb
4433,Boubacar Kamara,Aston Villa,Premier League,statsbomb
6574,Douglas Luiz,Aston Villa,Premier League,statsbomb
39092,Ian Maatsen,Aston Villa,Premier League,statsbomb
422500,Bradley Burrowes,Aston Villa,Premier League,statsbomb
432122,Alysson,Aston Villa,Premier League,statsbomb
12423,Jadon Sancho,Aston Villa,Premier League,statsbomb
11813,Emiliano Buendía,Aston Villa,Premier League,statsbomb
3440,Tammy Abraham,Aston Villa,Premier League,statsbomb
74365,Lamare Bogarde,Aston Villa,Premier League,statsbomb
4275,Ross Barkley,Aston Villa,Premier League,statsbomb
39354,Morgan Rogers,Aston Villa,Premier League,statsbomb
24938,Harvey Elliott,Aston Villa,Premier League,statsbomb
3323,Tyrone Mings,Aston Villa,Premier League,statsbomb
358512,Andrés García,Aston Villa,Premier League,statsbomb
7832,Marco Bizot,Aston Villa,Premier League,statsbomb
3702,Victor Lindelöf,Aston Villa,Premier League,statsbomb
6909,Emiliano Martínez,Aston Villa,Premier League,statsbomb
15582,Donyell Malen,Aston Villa,Premier League,statsbomb
302416,Jamaldeen Jimoh-Aloba,Aston Villa,Premier League,statsbomb
2954,Youri Tielemans,Aston Villa,Premier League,statsbomb
24155,Mats Wieffer,Brighton & Hove Albion,Premier League,statsbomb
3473,James Milner,Brighton & Hove Albion,Premier League,statsbomb
142372,Tom Watson,Brighton & Hove Albion,Premier League,statsbomb
321896,Joe Knight,Brighton & Hove Albion,Premier League,statsbomb
222155,Diego Gómez,Brighton & Hove Albion,Premier League,statsbomb
3074,Solly March,Brighton & Hove Albion,Premier League,statsbomb
307271,Yankuba Minteh,Brighton & Hove Albion,Premier League,statsbomb
391375,Harry Howell,Brighton & Hove Albion,Premier League,statsbomb
363583,Brajan Gruda,Brighton & Hove Albion,Premier League,statsbomb
9676,James Justin,Leeds United,Premier League,statsbomb
33579,Lucas Perri,Leeds United,Premier League,statsbomb
33272,Pascal Struijk,Leeds United,Premier League,statsbomb
20814,Sebastiaan Bornauw,Leeds United,Premier League,statsbomb
11896,Jayden Bogle,Leeds United,Premier League,statsbomb
9616,Jack Harrison,Leeds United,Premier League,statsbomb
21712,Joël Piroe,Leeds United,Premier League,statsbomb
3586,Sam Byram,Leeds United,Premier League,statsbomb
41754,Ilia Gruev,Leeds United,Premier League,statsbomb
21160,Josh Dasilva,Brentford,Premier League,statsbomb
18722,Mathias Jensen,Brentford,Premier League,statsbomb
25584,Aaron Hickey,Brentford,Premier League,statsbomb
338552,Kaye Furo,Brentford,Premier League,statsbomb
45803,Yegor Yarmolyuk,Brentford,Premier League,statsbomb
269825,Igor Thiago,Brentford,Premier League,statsbomb
362698,Romelle Donovan,Brentford,Premier League,statsbomb
34959,Caoimhín Kelleher,Brentford,Premier League,statsbomb
15458,Sepp van den Berg,Brentford,Premier League,statsbomb
3571,Reiss Nelson,Brentford,Premier League,statsbomb
9000,Eberechi Eze,Arsenal,Premier League,statsbomb
17592,William Saliba,Arsenal,Premier League,statsbomb
6406,Gabriel,Arsenal,Premier League,statsbomb
24921,Martín Zubimendi,Arsenal,Premier League,statsbomb
22809,Ben White,Arsenal,Premier League,statsbomb
21809,Jurriën Timber,Arsenal,Premier League,statsbomb
3943,Declan Rice,Arsenal,Premier League,statsbomb
307036,Ethan Nwaneri,Arsenal,Premier League,statsbomb
3202,Gabriel Jesus,Arsenal,Premier League,statsbomb
432174,Max Dowman,Arsenal,Premier League,statsbomb
22084,Bukayo Saka,Arsenal,Premier League,statsbomb
4114,Adam Armstrong,Wolverhampton Wanderers,Premier League,statsbomb
18762,Sasa Kalajdzic,Wolverhampton Wanderers,Premier League,statsbomb
18866,José Sá,Wolverhampton Wanderers,Premier League,statsbomb
48720,João Gomes,Wolverhampton Wanderers,Premier League,statsbomb
346691,Fer López,Wolverhampton Wanderers,Premier League,statsbomb
9925,Matt Doherty,Wolverhampton Wanderers,Premier League,statsbomb
49199,Tolu Arokodare,Wolverhampton Wanderers,Premier League,statsbomb
22343,Angel Gomes,Wolverhampton Wanderers,Premier League,statsbomb
43789,André,Wolverhampton Wanderers,Premier League,statsbomb
416465,Pedro Lima,Wolverhampton Wanderers,Premier League,statsbomb
16438,Jørgen Strand Larsen,Wolverhampton Wanderers,Premier League,statsbomb
82220,Hugo Bueno,Wolverhampton Wanderers,Premier League,statsbomb
142702,Tawanda Chirewa,Wolverhampton Wanderers,Premier League,statsbomb
48941,Toti,Wolverhampton Wanderers,Premier League,statsbomb
27277,Jhon Arias,Wolverhampton Wanderers,Premier League,statsbomb
49764,Rodrigo Gomes,Wolverhampton Wanderers,Premier League,statsbomb
19718,Jean-Ricner Bellegarde,Wolverhampton Wanderers,Premier League,statsbomb
49705,Emmanuel Agbadou,Wolverhampton Wanderers,Premier League,statsbomb
321294,Tom Edozie,Wolverhampton Wanderers,Premier League,statsbomb
28272,Ladislav Krejčí,Wolverhampton Wanderers,Premier League,statsbomb
34962,Ki-Jana Hoever,Wolverhampton Wanderers,Premier League,statsbomb
3474,Nick Pope,Newcastle United,Premier League,statsbomb
3081,Jamaal Lascelles,Newcastle United,Premier League,statsbomb
6358,Emil Krafth,Newcastle United,Premier League,statsbomb
121254,William Osula,Newcastle United,Premier League,statsbomb
414658,Junai Byfield,Tottenham Hotspur,Premier League,statsbomb
29399,Conor Gallagher,Tottenham Hotspur,Premier League,statsbomb
9905,James Maddison,Tottenham Hotspur,Premier League,statsbomb
11820,Kevin Danso,Tottenham Hotspur,Premier League,statsbomb
416466,Souza,Tottenham Hotspur,Premier League,statsbomb
44737,Mathys Tel,Tottenham Hotspur,Premier League,statsbomb
41599,Dane Scarlett,Tottenham Hotspur,Premier League,statsbomb
32547,Micky van de Ven,Tottenham Hotspur,Premier League,statsbomb
3086,Ben Davies,Tottenham Hotspur,Premier League,statsbomb
3280,Richarlison,Tottenham Hotspur,Premier League,statsbomb
11292,Pedro Porro,Tottenham Hotspur,Premier League,statsbomb
5260,Rodrigo Bentancur,Tottenham Hotspur,Premier League,statsbomb
31225,Guglielmo Vicario,Tottenham Hotspur,Premier League,statsbomb
133219,Archie Gray,Tottenham Hotspur,Premier League,statsbomb
22097,Randal Kolo Muani,Tottenham Hotspur,Premier League,statsbomb
151924,Wilson Odobert,Tottenham Hotspur,Premier League,statsbomb
12169,João Palhinha,Tottenham Hotspur,Premier League,statsbomb
17033,Mohammed Kudus,Tottenham Hotspur,Premier League,statsbomb
390343,Antonín Kinský,Tottenham Hotspur,Premier League,statsbomb
104825,Oscar Bobb,Manchester City,Premier League,statsbomb
3306,Nathan Aké,Manchester City,Premier League,statsbomb
338678,Divine Mukasa,Manchester City,Premier League,statsbomb
40761,Omar Marmoush,Manchester City,Premier League,statsbomb
6765,Rodri,Manchester City,Premier League,statsbomb
23650,Jérémy Doku,Manchester City,Premier League,statsbomb
160374,Max Alleyne,Manchester City,Premier League,statsbomb
9286,Antoine Semenyo,Manchester City,Premier League,statsbomb
23616,Erling Haaland,Manchester City,Premier League,statsbomb
21582,Tijjani Reijnders,Manchester City,Premier League,statsbomb
48705,Rico Lewis,Manchester City,Premier League,statsbomb
5206,Rúben Dias,Manchester City,Premier League,statsbomb
4354,Phil Foden,Manchester City,Premier League,statsbomb
40874,Matheus Nunes,Manchester City,Premier League,statsbomb
32649,Rayan Cherki,Manchester City,Premier League,statsbomb
3193,Bernardo Silva,Manchester City,Premier League,statsbomb
44455,Savinho,Manchester City,Premier League,statsbomb
34526,Marc Guehi,Manchester City,Premier League,statsbomb
396633,Abdukodir Khusanov,Manchester City,Premier League,statsbomb
5456,Mateo Kovačić,Manchester City,Premier League,statsbomb
33018,Josko Gvardiol,Manchester City,Premier League,statsbomb
38997,Nico González,Manchester City,Premier League,statsbomb
3244,John Stones,Manchester City,Premier League,statsbomb
3954,Josh Laurent,Burnley,Premier League,statsbomb
291693,Quilindschy Hartman,Burnley,Premier League,statsbomb
36885,Armando Broja,Burnley,Premier League,statsbomb
21889,Mike Trésor,Burnley,Premier League,statsbomb
3328,James Ward-Prowse,Burnley,Premier League,statsbomb
15506,Marcus Edwards,Burnley,Premier League,statsbomb
140895,Jaydon Banel,Burnley,Premier League,statsbomb
48221,Jaidon Anthony,Burnley,Premier League,statsbomb
8961,Jacob Larsen,Burnley,Premier League,statsbomb
3205,Kyle Walker,Burnley,Premier League,statsbomb
44738,Lesley Ugochukwu,Burnley,Premier League,statsbomb
41208,Hjalmar Ekdal,Burnley,Premier League,statsbomb
3661,Ashley Barnes,Burnley,Premier League,statsbomb
39405,Bashir Humphreys,Burnley,Premier League,statsbomb
130731,Oliver Sonne,Burnley,Premier League,statsbomb
29840,Lyle Foster,Burnley,Premier League,statsbomb
23446,Florentino,Burnley,Premier League,statsbomb
4589,Séamus Coleman,Everton,Premier League,statsbomb
34610,Carlos Alcaraz,Everton,Premier League,statsbomb
34747,Kiernan Dewsbury-Hall,Everton,Premier League,statsbomb
5111,Dwight McNeil,Everton,Premier League,statsbomb
23625,James Garner,Everton,Premier League,statsbomb
32762,Jarrad Branthwaite,Everton,Premier League,statsbomb
296771,Thierno Barry,Everton,Premier League,statsbomb
20827,Vitalii Mykolenko,Everton,Premier League,statsbomb
80484,Iliman Ndiaye,Everton,Premier League,statsbomb
3628,James Tarkowski,Everton,Premier League,statsbomb
3436,Idrissa Gueye,Everton,Premier League,statsbomb
37338,Nathan Patterson,Everton,Premier League,statsbomb
113387,Tim Iroegbunam,Everton,Premier League,statsbomb
30006,Beto,Everton,Premier League,statsbomb
315975,Tyrique George,Everton,Premier League,statsbomb
158815,Tyler Dibling,Everton,Premier League,statsbomb
48240,Merlin Röhl,Everton,Premier League,statsbomb
77723,Adam Wharton,Crystal Palace,Premier League,statsbomb
9411,Daichi Kamada,Crystal Palace,Premier League,statsbomb
138809,Kaden Rodney,Crystal Palace,Premier League,statsbomb
41266,Chris Richards,Crystal Palace,Premier League,statsbomb
3360,Walter Benítez,Crystal Palace,Premier League,statsbomb
407870,Chrisantus Ugonna,Crystal Palace,Premier League,statsbomb
41437,Tyrick Mitchell,Crystal Palace,Premier League,statsbomb
16438,Jørgen Strand Larsen,Crystal Palace,Premier League,statsbomb
12625,Borna Sosa,Crystal Palace,Premier League,statsbomb
34526,Marc Guehi,Crystal Palace,Premier League,statsbomb
142755,Romain Esse,Crystal Palace,Premier League,statsbomb
5678,Jefferson Lerma,Crystal Palace,Premier League,statsbomb
9640,Jarrod Bowen,West Ham United,Premier League,statsbomb
168976,Soungoutou Magassa,West Ham United,Premier League,statsbomb
3379,Alphonse Areola,West Ham United,Premier League,statsbomb
3616,Callum Wilson,West Ham United,Premier League,statsbomb
82885,Pablo,West Ham United,Premier League,statsbomb
22616,Crysencio Summerville,West Ham United,Premier League,statsbomb
3066,Kyle Walker-Peters,West Ham United,Premier League,statsbomb
26404,Guido Rodríguez,West Ham United,Premier League,statsbomb
11532,Jean-Clair Todibo,West Ham United,Premier League,statsbomb
22600,Lucas Paquetá,West Ham United,Premier League,statsbomb
3690,Aaron Wan-Bissaka,West Ham United,Premier League,statsbomb
349174,Mohamadou Kante,West Ham United,Premier League,statsbomb
3328,James Ward-Prowse,West Ham United,Premier League,statsbomb
141130,Oliver Scarles,West Ham United,Premier League,statsbomb
391970,El Hadji Malick Diouf,West Ham United,Premier League,statsbomb
15473,Taty Castellanos,West Ham United,Premier League,statsbomb
272482,Luis Guilherme,West Ham United,Premier League,statsbomb
64740,Freddie Potts,West Ham United,Premier League,statsbomb
38759,Benjamin Sesko,Manchester United,Premier League,statsbomb
15890,Noussair Mazraoui,Manchester United,Premier League,statsbomb
151931,Leny Yoro,Manchester United,Premier League,statsbomb
8069,Matthijs de Ligt,Manchester United,Premier League,statsbomb
304136,Patrick Dorgu,Manchester United,Premier League,statsbomb
32784,Amad Diallo,Manchester United,Premier League,statsbomb
4935,Bryan Mbeumo,Manchester United,Premier League,statsbomb
5204,Bruno Fernandes,Manchester United,Premier League,statsbomb
16028,Diogo Dalot,Manchester United,Premier League,statsbomb
406677,Ayden Heaven,Manchester United,Premier League,statsbomb
27768,Lisandro Martínez,Manchester United,Premier League,statsbomb
36659,Manuel Ugarte,Manchester United,Premier League,statsbomb
39203,Senne Lammens,Manchester United,Premier League,statsbomb
3336,Harry Maguire,Manchester United,Premier League,statsbomb
29009,Omar Alderete,Sunderland,Premier League,statsbomb
10767,Luke O'Nien,Sunderland,Premier League,statsbomb
133136,Mouhamadou Diarra,Sunderland,Premier League,statsbomb
133775,Romaine Mundle,Sunderland,Premier League,statsbomb
333638,Marc Guiu,Sunderland,Premier League,statsbomb
183540,Trai Hume,Sunderland,Premier League,statsbomb
38889,Dennis Cirkin,Sunderland,Premier League,statsbomb
22352,Lutsharel Geertruida,Sunderland,Premier League,statsbomb
132227,Nilson Angulo,Sunderland,Premier League,statsbomb
29807,Dan Ballard,Sunderland,Premier League,statsbomb
10848,Reinildo Mandava,Sunderland,Premier League,statsbomb
65262,Dan Neil,Sunderland,Premier League,statsbomb
2935,Nordi Mukiele,Sunderland,Premier League,statsbomb
105392,Simon Adingra,Sunderland,Premier League,statsbomb
144549,Chemsdine Talbi,Sunderland,Premier League,statsbomb
11295,Patrick Roberts,Sunderland,Premier League,statsbomb
3587,Arthur Masuaku,Sunderland,Premier League,statsbomb
52224,Jenson Seelt,Sunderland,Premier League,statsbomb
3500,Granit Xhaka,Sunderland,Premier League,statsbomb
252269,Noah Sadiki,Sunderland,Premier League,statsbomb
99379,Dario Essugo,Chelsea,Premier League,statsbomb
407374,Jesse Derry,Chelsea,Premier League,statsbomb
38992,Levi Colwill,Chelsea,Premier League,statsbomb
48710,Roméo Lavia,Chelsea,Premier League,statsbomb
39260,Malo Gusto,Chelsea,Premier League,statsbomb
232885,Andrey Santos,Chelsea,Premier League,statsbomb
25299,João Pedro,Chelsea,Premier League,statsbomb
161995,Jamie Gittens,Chelsea,Premier League,statsbomb
17620,Marc Cucurella,Chelsea,Premier League,statsbomb
152061,Jorrel Hato,Chelsea,Premier League,statsbomb
21368,Benoît Badiashile,Chelsea,Premier League,statsbomb
412853,Shumaira Mheuka,Chelsea,Premier League,statsbomb
52129,Alejandro Garnacho,Chelsea,Premier League,statsbomb
37726,Moisés Caicedo,Chelsea,Premier League,statsbomb
24996,Wesley Fofana,Chelsea,Premier League,statsbomb
20750,Cody Gakpo,Liverpool,Premier League,statsbomb
23721,Wataru Endo,Liverpool,Premier League,statsbomb
40724,Florian Wirtz,Liverpool,Premier League,statsbomb
3495,Joe Gomez,Liverpool,Premier League,statsbomb
23230,Ryan Gravenberch,Liverpool,Premier League,statsbomb
27886,Alexis MacAllister,Liverpool,Premier League,statsbomb
11135,Ibrahima Konaté,Liverpool,Premier League,statsbomb
24938,Harvey Elliott,Liverpool,Premier League,statsbomb
89635,Milos Kerkez,Liverpool,Premier League,statsbomb
102371,Giorgi Mamardashvili,Liverpool,Premier League,statsbomb
41543,Jorge Cuenca,Fulham,Premier League,statsbomb
49049,Rodrigo Muniz,Fulham,Premier League,statsbomb
9540,Harry Wilson,Fulham,Premier League,statsbomb
4349,Issa Diop,Fulham,Premier League,statsbomb
10284,Tom Cairney,Fulham,Premier League,statsbomb
16553,Sander Berge,Fulham,Premier League,statsbomb
16591,Emile Smith Rowe,Fulham,Premier League,statsbomb
126696,Kevin,Fulham,Premier League,statsbomb
6687,Saša Lukić,Fulham,Premier League,statsbomb
4614,Antonee Robinson,Fulham,Premier League,statsbomb
410609,Josh King,Fulham,Premier League,statsbomb
3647,Alex Iwobi,Fulham,Premier League,statsbomb
5568,Raúl Jiménez,Fulham,Premier League,statsbomb
12751,Tyler Adams,AFC Bournemouth,Premier League,statsbomb
33401,Amine Adli,AFC Bournemouth,Premier League,statsbomb
8063,Justin Kluivert,AFC Bournemouth,Premier League,statsbomb
4567,David Brooks,AFC Bournemouth,Premier League,statsbomb
357883,Ben Winterburn,AFC Bournemouth,Premier League,statsbomb
12510,Ryan Christie,AFC Bournemouth,Premier League,statsbomb
22148,Bafodé Diakité,AFC Bournemouth,Premier League,statsbomb
386463,Alex Tóth,AFC Bournemouth,Premier League,statsbomb
188469,Ben Doak,AFC Bournemouth,Premier League,statsbomb
40813,Mads Hermansen,West Ham United,Premier League,statsbomb
9741,Igor Julio,West Ham United,Premier League,statsbomb
44731,Loum Tchaouna,Burnley,Premier League,statsbomb
4910,Axel Tuanzebe,Burnley,Premier League,statsbomb
21209,Dominik Szoboszlai,Liverpool,Premier League,statsbomb
7156,Federico Chiesa,Liverpool,Premier League,statsbomb
33231,Curtis Jones,Liverpool,Premier League,statsbomb
423009,Rio Ngumoha,Liverpool,Premier League,statsbomb
134108,Nico O'Reilly,Manchester City,Premier League,statsbomb
24867,James Hill,AFC Bournemouth,Premier League,statsbomb
3615,Lewis Cook,AFC Bournemouth,Premier League,statsbomb
396576,Veljko Milosavljević,AFC Bournemouth,Premier League,statsbomb
9286,Antoine Semenyo,AFC Bournemouth,Premier League,statsbomb
22379,Angus Gunn,Nottingham Forest,Premier League,statsbomb
132407,Jota,Nottingham Forest,Premier League,statsbomb
40943,Luca Netz,Nottingham Forest,Premier League,statsbomb
34794,Neco Williams,Nottingham Forest,Premier League,statsbomb
9934,Morgan Gibbs-White,Nottingham Forest,Premier League,statsbomb
3575,Oleksandr Zinchenko,Nottingham Forest,Premier League,statsbomb
12425,Matheus Cunha,Manchester United,Premier League,statsbomb
30442,Altay Bayındır,Manchester United,Premier League,statsbomb
134038,Tyler Fredricson,Manchester United,Premier League,statsbomb
416189,Tyler Fletcher,Manchester United,Premier League,statsbomb
8124,Tyrell Malacia,Manchester United,Premier League,statsbomb
99174,Kobbie Mainoo,Manchester United,Premier League,statsbomb
33281,Joshua Zirkzee,Manchester United,Premier League,statsbomb
363632,Shea Lacey,Manchester United,Premier League,statsbomb
5539,Casemiro,Manchester United,Premier League,statsbomb
10544,Odsonne Édouard,Crystal Palace,Premier League,statsbomb
7403,Jean-Philippe Mateta,Crystal Palace,Premier League,statsbomb
16559,Leandro Trossard,Arsenal,Premier League,statsbomb
15581,Bernd Leno,Fulham,Premier League,statsbomb
43779,Calvin Bassey,Fulham,Premier League,statsbomb
104825,Oscar Bobb,Fulham,Premier League,statsbomb
39615,Radu Drăgușin,Tottenham Hotspur,Premier League,statsbomb
3468,Jordan Pickford,Everton,Premier League,statsbomb
3532,Jordan Henderson,Brentford,Premier League,statsbomb
24824,Nathan Collins,Brentford,Premier League,statsbomb
12074,Vitaly Janelt,Brentford,Premier League,statsbomb
74659,Fábio Carvalho,Brentford,Premier League,statsbomb
10532,Kristoffer Ajer,Brentford,Premier League,statsbomb
24443,Mikkel Damsgaard,Brentford,Premier League,statsbomb
95042,Dango Ouattara,Brentford,Premier League,statsbomb
13587,Rico Henry,Brentford,Premier League,statsbomb
29976,Gabriel Martinelli,Arsenal,Premier League,statsbomb
7097,Christian Nørgaard,Arsenal,Premier League,statsbomb
3042,Mikel Merino,Arsenal,Premier League,statsbomb
161880,Myles Lewis-Skelly,Arsenal,Premier League,statsbomb
38004,Piero Hincapié,Arsenal,Premier League,statsbomb
29040,Viktor Gyökeres,Arsenal,Premier League,statsbomb
31506,Noni Madueke,Arsenal,Premier League,statsbomb
9638,Jack Grealish,Everton,Premier League,statsbomb
3438,Michael Keane,Everton,Premier League,statsbomb
144954,Harrison Armstrong,Everton,Premier League,statsbomb
48347,Amadou Onana,Aston Villa,Premier League,statsbomb
4610,Ethan Pinnock,Brentford,Premier League,statsbomb
9650,Tosin Adarabioyo,Chelsea,Premier League,statsbomb
256685,Mamadou Sarr,Chelsea,Premier League,statsbomb
38718,Enzo Fernandez,Chelsea,Premier League,statsbomb
3649,Karl Darlow,Leeds United,Premier League,statsbomb
4934,Ethan Ampadu,Leeds United,Premier League,statsbomb
4780,Lukas Nmecha,Leeds United,Premier League,statsbomb
39036,Wilfried Gnonto,Leeds United,Premier League,statsbomb
16047,Jaka Bijol,Leeds United,Premier League,statsbomb
29594,Gabriel Gudmundsson,Leeds United,Premier League,statsbomb
11250,Joe Rodon,Leeds United,Premier League,statsbomb
22783,Aaron Ramsdale,Newcastle United,Premier League,statsbomb
3088,Lewis Dunk,Brighton & Hove Albion,Premier League,statsbomb
37211,Kaoru Mitoma,Brighton & Hove Albion,Premier League,statsbomb
30438,Ferdi Kadıoğlu,Brighton & Hove Albion,Premier League,statsbomb
361901,Stefanos Tzimas,Brighton & Hove Albion,Premier League,statsbomb
142371,Chris Rigg,Sunderland,Premier League,statsbomb
24959,Enzo Le Fée,Sunderland,Premier League,statsbomb
518906,Jocelin Ta Bi,Sunderland,Premier League,statsbomb
32565,Djordje Petrovic,AFC Bournemouth,Premier League,statsbomb
45189,Evann Guessand,Crystal Palace,Premier League,statsbomb
4590,Nathaniel Clyne,Crystal Palace,Premier League,statsbomb
22314,Maxence Lacroix,Crystal Palace,Premier League,statsbomb
445680,Joél Drakes-Thomas,Crystal Palace,Premier League,statsbomb
218750,Justin Devenny,Crystal Palace,Premier League,statsbomb
3737,Eddie Nketiah,Crystal Palace,Premier League,statsbomb
27423,Daniel Muñoz,Crystal Palace,Premier League,statsbomb
4073,Dean Henderson,Crystal Palace,Premier League,statsbomb
29377,Brennan Johnson,Crystal Palace,Premier League,statsbomb
307258,Jaydee Canvot,Crystal Palace,Premier League,statsbomb
8214,Leon Bailey,Aston Villa,Premier League,statsbomb
6892,Pau Torres,Aston Villa,Premier League,statsbomb
9974,John McGinn,Aston Villa,Premier League,statsbomb
4760,Ollie Watkins,Aston Villa,Premier League,statsbomb
4239,Ryan Yates,Nottingham Forest,Premier League,statsbomb
356483,Trey Nyoni,Liverpool,Premier League,statsbomb
8819,Alexander Isak,Liverpool,Premier League,statsbomb
50429,Hugo Ekitike,Liverpool,Premier League,statsbomb
5547,Alisson,Liverpool,Premier League,statsbomb
29564,Freddie Woodman,Liverpool,Premier League,statsbomb
3531,Mohamed Salah,Liverpool,Premier League,statsbomb
6989,Timothy Castagne,Fulham,Premier League,statsbomb
391397,Junior Kroupi,AFC Bournemouth,Premier League,statsbomb
12495,Hamed Traorè,AFC Bournemouth,Premier League,statsbomb
395579,Rayan,AFC Bournemouth,Premier League,statsbomb
27773,Marcos Senesi,AFC Bournemouth,Premier League,statsbomb
6409,Adam Smith,AFC Bournemouth,Premier League,statsbomb
6760,Enes Ünal,AFC Bournemouth,Premier League,statsbomb
15305,Zian Flemming,Burnley,Premier League,statsbomb
3711,Martin Dúbravka,Burnley,Premier League,statsbomb
112254,Maxime Estève,Burnley,Premier League,statsbomb
8546,Niclas Füllkrug,West Ham United,Premier League,statsbomb
7036,Gianluigi Donnarumma,Manchester City,Premier League,statsbomb
9194,Stefan Ortega,Nottingham Forest,Premier League,statsbomb
136661,Zach Abbott,Nottingham Forest,Premier League,statsbomb
3798,Kenny Tete,Fulham,Premier League,statsbomb
16335,Samuel Chukwueze,Fulham,Premier League,statsbomb
11936,Harrison Reed,Fulham,Premier League,statsbomb
3669,Virgil van Dijk,Liverpool,Premier League,statsbomb
39446,Liam Delap,Chelsea,Premier League,statsbomb
196954,Facundo Buonanotte,Chelsea,Premier League,statsbomb
9550,Reece James,Chelsea,Premier League,statsbomb
135139,Melker Ellborg,Sunderland,Premier League,statsbomb
37274,Bart Verbruggen,Brighton & Hove Albion,Premier League,statsbomb
3097,Pascal Groß,Brighton & Hove Albion,Premier League,statsbomb
35610,Maxim De Cuyper,Brighton & Hove Albion,Premier League,statsbomb
33623,Matt O'Riley,Brighton & Hove Albion,Premier League,statsbomb
425407,Charalampos Kostoulas,Brighton & Hove Albion,Premier League,statsbomb
226169,Carlos Baleba,Brighton & Hove Albion,Premier League,statsbomb
151531,Nehemiah Oriola,Brighton & Hove Albion,Premier League,statsbomb
8067,Joël Veltman,Brighton & Hove Albion,Premier League,statsbomb
175907,Eliezer Mayenda,Sunderland,Premier League,statsbomb
52234,Robin Roefs,Sunderland,Premier League,statsbomb
21880,Brian Brobbey,Sunderland,Premier League,statsbomb
33015,Evanilson,AFC Bournemouth,Premier League,statsbomb
91951,Alex Scott,AFC Bournemouth,Premier League,statsbomb
4111,Marcus Tavernier,AFC Bournemouth,Premier League,statsbomb
350358,Rio Cardines,Crystal Palace,Premier League,statsbomb
9000,Eberechi Eze,Crystal Palace,Premier League,statsbomb
4588,Will Hughes,Crystal Palace,Premier League,statsbomb
137358,Diego Coppola,Brighton & Hove Albion,Premier League,statsbomb
21367,Wilson Isidor,Sunderland,Premier League,statsbomb
238464,Julio Soler,AFC Bournemouth,Premier League,statsbomb
333939,Josh Acheampong,Chelsea,Premier League,statsbomb
9843,Robert Sanchez,Chelsea,Premier League,statsbomb
416460,Estevão,Chelsea,Premier League,statsbomb
39461,Cole Palmer,Chelsea,Premier League,statsbomb
333638,Marc Guiu,Chelsea,Premier League,statsbomb
23256,Pedro Neto,Chelsea,Premier League,statsbomb
9026,Trevoh Chalobah,Chelsea,Premier League,statsbomb
3505,Chris Wood,Nottingham Forest,Premier League,statsbomb
23898,Taiwo Awoniyi,Nottingham Forest,Premier League,statsbomb
35705,Arnaud Kalimuendo,Nottingham Forest,Premier League,statsbomb
6574,Douglas Luiz,Nottingham Forest,Premier League,statsbomb
134057,Lorenzo Lucca,Nottingham Forest,Premier League,statsbomb
271487,Murillo,Nottingham Forest,Premier League,statsbomb
49667,James McAtee,Nottingham Forest,Premier League,statsbomb
45190,Dan Ndoye,Nottingham Forest,Premier League,statsbomb
49225,Dilane Bakwa,Nottingham Forest,Premier League,statsbomb
5603,Nikola Milenković,Nottingham Forest,Premier League,statsbomb
11492,Ola Aina,Nottingham Forest,Premier League,statsbomb
56409,Omari Hutchinson,Nottingham Forest,Premier League,statsbomb
4274,Callum Hudson-Odoi,Nottingham Forest,Premier League,statsbomb
28672,Nicolás Domínguez,Nottingham Forest,Premier League,statsbomb
40209,Conor Bradley,Liverpool,Premier League,statsbomb
3655,Andrew Robertson,Liverpool,Premier League,statsbomb
42298,James Trafford,Manchester City,Premier League,statsbomb
12111,Rayan Aït Nouri,Manchester City,Premier League,statsbomb
30691,Jan Paul van Hecke,Brighton & Hove Albion,Premier League,statsbomb
155312,Jack Hinshelwood,Brighton & Hove Albion,Premier League,statsbomb
3470,Dominic Calvert-Lewin,Leeds United,Premier League,statsbomb
4031,Sean Longstaff,Leeds United,Premier League,statsbomb
48644,Anton Stach,Leeds United,Premier League,statsbomb
196954,Facundo Buonanotte,Leeds United,Premier League,statsbomb
29006,Noah Okafor,Leeds United,Premier League,statsbomb
37208,Ao Tanaka,Leeds United,Premier League,statsbomb
32928,Keane Lewis-Potter,Brentford,Premier League,statsbomb
137369,Michael Kayode,Brentford,Premier League,statsbomb
102369,Hákon Valdimarsson,Brentford,Premier League,statsbomb
24467,Frank Onyeka,Brentford,Premier League,statsbomb
58502,Kevin Schade,Brentford,Premier League,statsbomb
8252,Martin Ødegaard,Arsenal,Premier League,statsbomb
4127,David Raya,Arsenal,Premier League,statsbomb
6395,Kepa,Arsenal,Premier League,statsbomb
8966,Kai Havertz,Arsenal,Premier League,statsbomb
51933,Yerson Mosquera,Wolverhampton Wanderers,Premier League,statsbomb
121341,David Møller Wolfe,Wolverhampton Wanderers,Premier League,statsbomb
424535,Mateus Mane,Wolverhampton Wanderers,Premier League,statsbomb
4773,Daniel Bentley,Wolverhampton Wanderers,Premier League,statsbomb
5620,Hwang Hee-Chan,Wolverhampton Wanderers,Premier League,statsbomb
31308,Marshall Munetsi,Wolverhampton Wanderers,Premier League,statsbomb
408734,Jerome Abbey,Wolverhampton Wanderers,Premier League,statsbomb
7294,Yoane Wissa,Newcastle United,Premier League,statsbomb
223532,James Rowswell,Tottenham Hotspur,Premier League,statsbomb
4385,Yves Bissouma,Tottenham Hotspur,Premier League,statsbomb
39167,Xavi Simons,Tottenham Hotspur,Premier League,statsbomb
29377,Brennan Johnson,Tottenham Hotspur,Premier League,statsbomb
3614,Dominic Solanke,Tottenham Hotspur,Premier League,statsbomb
230616,Lucas Pires,Burnley,Premier League,statsbomb
16336,Joe Worrall,Burnley,Premier League,statsbomb
48335,Mohamed Amdouni,Burnley,Premier League,statsbomb
4837,Josh Cullen,Burnley,Premier League,statsbomb
47089,Jake O'Brien,Everton,Premier League,statsbomb
2941,Ismaïla Sarr,Crystal Palace,Premier League,statsbomb
4870,Tomáš Souček,West Ham United,Premier League,statsbomb
12149,Nayef Aguerd,West Ham United,Premier League,statsbomb
338673,Ezra Mayers,West Ham United,Premier League,statsbomb
4781,Konstantinos Mavropanos,West Ham United,Premier League,statsbomb
140913,Mateus Fernandes,West Ham United,Premier League,statsbomb
7439,Axel Disasi,West Ham United,Premier League,statsbomb
11333,Adama Traoré,West Ham United,Premier League,statsbomb
412569,Jack Fletcher,Manchester United,Premier League,statsbomb
3382,Luke Shaw,Manchester United,Premier League,statsbomb
2956,Bertrand Traoré,Sunderland,Premier League,statsbomb
49702,Elliot Anderson,Nottingham Forest,Premier League,statsbomb
10479,Matz Sels,Nottingham Forest,Premier League,statsbomb
98704,Nicolò Savona,Nottingham Forest,Premier League,statsbomb
39385,Morato,Nottingham Forest,Premier League,statsbomb
271874,Jair Cunha,Nottingham Forest,Premier League,statsbomb
25819,Andy Irving,West Ham United,Premier League,statsbomb
24940,Maximilian Kilman,West Ham United,Premier League,statsbomb
50988,Hannibal Mejbri,Burnley,Premier League,statsbomb
133298,Antoni Milambo,Brentford,Premier League,statsbomb
24243,Brenden Aaronson,Leeds United,Premier League,statsbomb
11252,Daniel James,Leeds United,Premier League,statsbomb
70165,Jackson Tchatchoua,Wolverhampton Wanderers,Premier League,statsbomb
252441,Max Weiß,Burnley,Premier League,statsbomb
42693,Yasin Ayari,Brighton & Hove Albion,Premier League,statsbomb
7323,Olivier Boscagli,Brighton & Hove Albion,Premier League,statsbomb
3569,Danny Welbeck,Brighton & Hove Albion,Premier League,statsbomb
39115,Georginio Rutter,Brighton & Hove Albion,Premier League,statsbomb
50494,Yeremy Pino,Crystal Palace,Premier League,statsbomb
48525,Chadi Riad,Crystal Palace,Premier League,statsbomb
41138,Santiago Bueno,Wolverhampton Wanderers,Premier League,statsbomb
51737,Filip Jørgensen,Chelsea,Premier League,statsbomb
315975,Tyrique George,Chelsea,Premier League,statsbomb
44074,Igor Jesus,Nottingham Forest,Premier League,statsbomb
3017,Ibrahim Sangaré,Nottingham Forest,Premier League,statsbomb
41998,John Victor,Nottingham Forest,Premier League,statsbomb
363628,Bendito Mantato,Manchester United,Premier League,statsbomb
20572,Cristian Romero,Tottenham Hotspur,Premier League,statsbomb
50498,Pape Sarr,Tottenham Hotspur,Premier League,statsbomb
33241,Djed Spence,Tottenham Hotspur,Premier League,statsbomb
283618,Lucas Bergvall,Tottenham Hotspur,Premier League,statsbomb
339718,Sean Neave,Newcastle United,Premier League,statsbomb
406072,Alex Murphy,Newcastle United,Premier League,statsbomb
11333,Adama Traoré,Fulham,Premier League,statsbomb
8247,Joachim Andersen,Fulham,Premier League,statsbomb
406657,Jonah Kusi-Asare,Fulham,Premier League,statsbomb
45026,Adrien Truffert,AFC Bournemouth,Premier League,statsbomb
156460,Álex Jiménez,AFC Bournemouth,Premier League,statsbomb
231597,Callum Marshall,West Ham United,Premier League,statsbomb
32712,Jeremie Frimpong,Liverpool,Premier League,statsbomb
7843,Mason Mount,Manchester United,Premier League,statsbomb
6849,Lucas Digne,Aston Villa,Premier League,statsbomb
41768,Riccardo Calafiori,Arsenal,Premier League,statsbomb
4734,Matty Cash,Aston Villa,Premier League,statsbomb
140353,Cristhian Mosquera,Arsenal,Premier League,statsbomb
10282,Ryan Sessegnon,Fulham,Premier League,statsbomb
141125,George Earthy,West Ham United,Premier League,statsbomb
9458,Sam Johnstone,Wolverhampton Wanderers,Premier League,statsbomb
48461,Destiny Udogie,Tottenham Hotspur,Premier League,statsbomb
298317,Callum Olusesi,Tottenham Hotspur,Premier League,statsbomb
39497,Myles Peart-Harris,Brentford,Premier League,statsbomb
48720,João Gomes,Aston Villa,Premier League,statsbomb
39566,Matteo Ruggeri,Aston Villa,Premier League,statsbomb
50497,Nicolas Jackson,Aston Villa,Premier League,statsbomb
357986,Mohamed Belloumi,Hull City,Premier League,statsbomb
3873,Matt Crooks,Hull City,Premier League,statsbomb
3651,Matt Targett,Hull City,Premier League,statsbomb
37221,Hidemasa Morita,Hull City,Premier League,statsbomb
9064,Regan Slater,Hull City,Premier League,statsbomb
23363,Liam Millar,Hull City,Premier League,statsbomb
4768,John Egan,Hull City,Premier League,statsbomb
357369,Nobel Mendy,Hull City,Premier League,statsbomb
384676,Elliot Stroud,Hull City,Premier League,statsbomb
29397,Ryan Giles,Hull City,Premier League,statsbomb
114314,Cody Drameh,Hull City,Premier League,statsbomb
3923,Semi Ajayi,Hull City,Premier League,statsbomb
42298,James Trafford,Leeds United,Premier League,statsbomb
8814,Nico Elvedi,Leeds United,Premier League,statsbomb
282995,Mamadou Sangaré,Brentford,Premier League,statsbomb
3616,Callum Wilson,Brentford,Premier League,statsbomb
48221,Jaidon Anthony,Brentford,Premier League,statsbomb
39051,Christos Tzolis,Arsenal,Premier League,statsbomb
41508,Bobby Thomas,Coventry City,Premier League,statsbomb
4610,Ethan Pinnock,Coventry City,Premier League,statsbomb
44731,Loum Tchaouna,Coventry City,Premier League,statsbomb
15304,Gustavo Hamer,Coventry City,Premier League,statsbomb
120833,Aurele Amenda,Coventry City,Premier League,statsbomb
3061,Jay Dasilva,Coventry City,Premier League,statsbomb
32932,Ephron Mason-Clarke,Coventry City,Premier League,statsbomb
4097,Matthew Grimes,Coventry City,Premier League,statsbomb
29659,Milan van Ewijk,Coventry City,Premier League,statsbomb
437704,Caleb Yirenkyi,Coventry City,Premier League,statsbomb
38531,Tatsuhiro Sakamoto,Coventry City,Premier League,statsbomb
49458,Victor Torp,Coventry City,Premier League,statsbomb
33336,Jack Rudoni,Coventry City,Premier League,statsbomb
23898,Taiwo Awoniyi,Coventry City,Premier League,statsbomb
66767,Carl Rushworth,Coventry City,Premier League,statsbomb
3827,Brandon Thomas-Asante,Coventry City,Premier League,statsbomb
24467,Frank Onyeka,Coventry City,Premier League,statsbomb
136917,Aladji Bamba,Newcastle United,Premier League,statsbomb
39426,Amar Dedić,Newcastle United,Premier League,statsbomb
38997,Nico González,Newcastle United,Premier League,statsbomb
3655,Andrew Robertson,Tottenham Hotspur,Premier League,statsbomb
140913,Mateus Fernandes,Tottenham Hotspur,Premier League,statsbomb
30691,Jan Paul van Hecke,Tottenham Hotspur,Premier League,statsbomb
40761,Omar Marmoush,Tottenham Hotspur,Premier League,statsbomb
298315,Mikey Moore,Tottenham Hotspur,Premier League,statsbomb
49702,Elliot Anderson,Manchester City,Premier League,statsbomb
410434,Ayyoub Bouaddi,Manchester City,Premier League,statsbomb
430911,Ryan McAidoo,Manchester City,Premier League,statsbomb
418776,Kaden Braithwaite,Manchester City,Premier League,statsbomb
29377,Brennan Johnson,Everton,Premier League,statsbomb
75349,Hayden Hackney,Everton,Premier League,statsbomb
43728,Óscar Mingueza,Crystal Palace,Premier League,statsbomb
23730,Takehiro Tomiyasu,Crystal Palace,Premier League,statsbomb
7439,Axel Disasi,Crystal Palace,Premier League,statsbomb
143974,Anan Khalaili,Crystal Palace,Premier League,statsbomb
136534,Zavier Gozo,Crystal Palace,Premier League,statsbomb
5111,Dwight McNeil,Crystal Palace,Premier League,statsbomb
232885,Andrey Santos,Manchester United,Premier League,statsbomb
2954,Youri Tielemans,Manchester United,Premier League,statsbomb
3318,Marcus Rashford,Manchester United,Premier League,statsbomb
3176,Thomas Meunier,Sunderland,Premier League,statsbomb
6909,Emiliano Martínez,Chelsea,Premier League,statsbomb
22314,Maxence Lacroix,Chelsea,Premier League,statsbomb
39354,Morgan Rogers,Chelsea,Premier League,statsbomb
130655,Valentín Barco,Chelsea,Premier League,statsbomb
8769,Xaver Schlager,Nottingham Forest,Premier League,statsbomb
144810,Víctor Muñoz,Liverpool,Premier League,statsbomb
394982,Jérémy Jacquet,Liverpool,Premier League,statsbomb
140425,Gonzalo García,Fulham,Premier League,statsbomb
143854,António Silva,AFC Bournemouth,Premier League,statsbomb
30628,Daizen Maeda,Ipswich Town,Premier League,statsbomb
19246,Jack Clarke,Ipswich Town,Premier League,statsbomb
6687,Saša Lukić,Ipswich Town,Premier League,statsbomb
47112,Julio Enciso,Ipswich Town,Premier League,statsbomb
22680,Leif Davis,Ipswich Town,Premier League,statsbomb
36532,Marcelino Núñez,Ipswich Town,Premier League,statsbomb
149391,Sindre Egeli,Ipswich Town,Premier League,statsbomb
30690,Jacob Greaves,Ipswich Town,Premier League,statsbomb
13583,Darnell Furlong,Ipswich Town,Premier League,statsbomb
18883,Chuba Akpom,Ipswich Town,Premier League,statsbomb
133328,Lewis Koumas,Liverpool,Premier League,statsbomb
32480,Ronald Araujo,Liverpool,Premier League,statsbomb
9638,Jack Grealish,Manchester City,Premier League,statsbomb
15530,Kjell Scherpen,Ipswich Town,Premier League,statsbomb
331644,Abdoul Ouattara,Ipswich Town,Premier League,statsbomb
28268,Exequiel Palacios,Ipswich Town,Premier League,statsbomb
80942,Kasey McAteer,Ipswich Town,Premier League,statsbomb
18753,Dara O'Shea,Ipswich Town,Premier League,statsbomb
315228,César Palacios,Fulham,Premier League,statsbomb
42928,Ellis Simms,Coventry City,Premier League,statsbomb
52129,Alejandro Garnacho,Aston Villa,Premier League,statsbomb
396203,Geovany Quenda,Chelsea,Premier League,statsbomb
49303,Pep Chavarría,Chelsea,Premier League,statsbomb
113677,Tarik Muharemović,Leeds United,Premier League,statsbomb
37267,Zion Suzuki,Aston Villa,Premier League,statsbomb
118963,Lukas Hornicek,Newcastle United,Premier League,statsbomb
411733,Sean Steur,Newcastle United,Premier League,statsbomb
430240,Bazoumana Touré,Newcastle United,Premier League,statsbomb
27773,Marcos Senesi,Tottenham Hotspur,Premier League,statsbomb
39446,Liam Delap,Nottingham Forest,Premier League,statsbomb
8489,Konstantinos Tsimikas,Liverpool,Premier League,statsbomb
48706,Shea Charles,Fulham,Premier League,statsbomb
164804,Álvaro Rodríguez,AFC Bournemouth,Premier League,statsbomb
136306,Abdul Fatawu,Ipswich Town,Premier League,statsbomb
171067,Emersonn,Ipswich Town,Premier League,statsbomb
3690,Aaron Wan-Bissaka,Aston Villa,Premier League,statsbomb
374772,Luka Vušković,Brighton & Hove Albion,Premier League,statsbomb
379068,Ibrahim Osman,Brighton & Hove Albion,Premier League,statsbomb
438432,Promise David,Brighton & Hove Albion,Premier League,statsbomb
116586,Daniel Jebbison,AFC Bournemouth,Premier League,statsbomb
426078,Malick Yalcouyé,Brighton & Hove Albion,Premier League,statsbomb
448166,Lucas Herrington,Hull City,Premier League,statsbomb
38825,Konstantinos Tzolakis,Hull City,Premier League,statsbomb
46009,Mohamed-Ali Cho,Hull City,Premier League,statsbomb
9648,Paddy McNair,Hull City,Premier League,statsbomb
3837,Lewie Coyle,Hull City,Premier League,statsbomb
9540,Harry Wilson,Leeds United,Premier League,statsbomb
488158,Z.Yohanna,Brighton & Hove Albion,Premier League,statsbomb
4349,Issa Diop,Ipswich Town,Premier League,statsbomb
3332,Oli McBurnie,Hull City,Premier League,statsbomb
42038,Costinha,Brighton & Hove Albion,Premier League,statsbomb
416469,Vitor Reis,Manchester City,Premier League,statsbomb
46007,Lucas Gourna-Douath,Hull City,Premier League,statsbomb
3822,Ezri Konsa,Arsenal,Premier League,statsbomb
144814,Manuel Serrano,Real Madrid,LaLiga,statsbomb
320299,Álvaro Leiva,Real Madrid,LaLiga,statsbomb
140420,David Jiménez,Real Madrid,LaLiga,statsbomb
315228,César Palacios,Real Madrid,LaLiga,statsbomb
140428,Manuel Ángel,Real Madrid,LaLiga,statsbomb
418937,Diego Facio,Real Madrid,LaLiga,statsbomb
410844,Daniel Yáñez,Real Madrid,LaLiga,statsbomb
3641,Brahim Díaz,Real Madrid,LaLiga,statsbomb
414794,Jorge Cestero,Real Madrid,LaLiga,statsbomb
271988,Endrick,Real Madrid,LaLiga,statsbomb
463042,Thiago Pitarch,Real Madrid,LaLiga,statsbomb
410956,Iker Luque,Atlético Madrid,LaLiga,statsbomb
315065,Julio Díaz,Atlético Madrid,LaLiga,statsbomb
429357,Javi Morcillo,Atlético Madrid,LaLiga,statsbomb
20940,Juan Musso,Atlético Madrid,LaLiga,statsbomb
3447,Ademola Lookman,Atlético Madrid,LaLiga,statsbomb
25048,Giacomo Raspadori,Atlético Madrid,LaLiga,statsbomb
137642,Javier Boñar,Atlético Madrid,LaLiga,statsbomb
410959,Rayane Belaid,Atlético Madrid,LaLiga,statsbomb
440428,Aleksa Puric,Atlético Madrid,LaLiga,statsbomb
117681,Obed Vargas,Atlético Madrid,LaLiga,statsbomb
181652,Iker Benito,Osasuna,LaLiga,statsbomb
42933,Raúl Moro,Osasuna,LaLiga,statsbomb
324616,Asier Osambela,Osasuna,LaLiga,statsbomb
24315,Kike Barja,Osasuna,LaLiga,statsbomb
8375,Sheraldo Becker,Osasuna,LaLiga,statsbomb
23344,Aitor Fernández,Osasuna,LaLiga,statsbomb
24211,Sergio Herrera,Osasuna,LaLiga,statsbomb
397360,Iñigo Arguibide,Osasuna,LaLiga,statsbomb
6877,Yeray Álvarez,Athletic Club,LaLiga,statsbomb
132414,Nico Serrano,Athletic Club,LaLiga,statsbomb
11748,Unai Simón,Athletic Club,LaLiga,statsbomb
324018,Urko Izeta,Athletic Club,LaLiga,statsbomb
441597,Maroan Harrouch,Athletic Club,LaLiga,statsbomb
524611,Selton Camilo,Athletic Club,LaLiga,statsbomb
315471,Unai Gómez,Athletic Club,LaLiga,statsbomb
6667,Mikel Vesga,Athletic Club,LaLiga,statsbomb
315482,Alex Padilla,Athletic Club,LaLiga,statsbomb
422398,Asier Hierro,Athletic Club,LaLiga,statsbomb
255815,Dani Pérez,Real Betis,LaLiga,statsbomb
32614,Álvaro Valles,Real Betis,LaLiga,statsbomb
3623,Adrián San Miguel,Real Betis,LaLiga,statsbomb
443904,Jofre Torrents,Barcelona,LaLiga,statsbomb
409595,Xavi Espart,Barcelona,LaLiga,statsbomb
416254,Toni Fernández,Barcelona,LaLiga,statsbomb
406983,Álvaro Cortés,Barcelona,LaLiga,statsbomb
133353,Gavi,Barcelona,LaLiga,statsbomb
443905,Dro Fernández,Barcelona,LaLiga,statsbomb
443900,Tomy Marqués,Barcelona,LaLiga,statsbomb
130893,Federico Redondo,Elche,LaLiga,statsbomb
415441,Adam Boayar,Elche,LaLiga,statsbomb
35859,Matías Dituro,Elche,LaLiga,statsbomb
33360,Mourad El Ghezouani,Elche,LaLiga,statsbomb
440320,Ali Houary,Elche,LaLiga,statsbomb
316044,Héctor Fort,Elche,LaLiga,statsbomb
67040,John Donald,Elche,LaLiga,statsbomb
417124,Buba Sangaré,Elche,LaLiga,statsbomb
23971,Jairo Izquierdo,Elche,LaLiga,statsbomb
24170,Josan,Elche,LaLiga,statsbomb
25023,Gonzalo Villar,Elche,LaLiga,statsbomb
11540,Óscar Trejo,Rayo Vallecano,LaLiga,statsbomb
312253,Pelayo Fernández,Rayo Vallecano,LaLiga,statsbomb
7786,Luiz Felipe,Rayo Vallecano,LaLiga,statsbomb
487650,Samuel Becerra,Rayo Vallecano,LaLiga,statsbomb
30432,Randy Nteka,Rayo Vallecano,LaLiga,statsbomb
38251,Dani Cárdenas,Rayo Vallecano,LaLiga,statsbomb
432246,Hugo Burcio,Celta Vigo,LaLiga,statsbomb
346691,Fer López,Celta Vigo,LaLiga,statsbomb
320484,Yoel Lago,Celta Vigo,LaLiga,statsbomb
256026,Damián Rodríguez,Celta Vigo,LaLiga,statsbomb
277762,Jones El-Abdellaoui,Celta Vigo,LaLiga,statsbomb
38827,Hugo González,Celta Vigo,LaLiga,statsbomb
6698,Marko Dmitrović,Espanyol,LaLiga,statsbomb
122821,Rubén Sánchez,Espanyol,LaLiga,statsbomb
8651,Miguel Rubio,Espanyol,LaLiga,statsbomb
396542,Lluc Castell,Espanyol,LaLiga,statsbomb
22204,Cyril Ngonge,Espanyol,LaLiga,statsbomb
28415,Charles Pickel,Espanyol,LaLiga,statsbomb
256682,Luca Koleosho,Espanyol,LaLiga,statsbomb
406046,Antoniu Roca,Espanyol,LaLiga,statsbomb
74481,Alfon González,Villarreal,LaLiga,statsbomb
443700,Alassane Diatta,Villarreal,LaLiga,statsbomb
464359,Hugo Cortés,Villarreal,LaLiga,statsbomb
433184,Pau Cabanes,Villarreal,LaLiga,statsbomb
224439,Alexander Freeman,Villarreal,LaLiga,statsbomb
452089,Carlos Macià,Villarreal,LaLiga,statsbomb
45557,Logan Costa,Villarreal,LaLiga,statsbomb
6330,Adnan Januzaj,Sevilla,LaLiga,statsbomb
11223,Fábio Cardoso,Sevilla,LaLiga,statsbomb
441518,Miguel Sierra,Sevilla,LaLiga,statsbomb
6701,Joan Jordán,Sevilla,LaLiga,statsbomb
12306,Dodi Lukebakio,Sevilla,LaLiga,statsbomb
74481,Alfon González,Sevilla,LaLiga,statsbomb
439804,Ramón Martínez,Sevilla,LaLiga,statsbomb
10332,Odysseas Vlachodimos,Sevilla,LaLiga,statsbomb
140544,Manuel Bueno,Sevilla,LaLiga,statsbomb
253303,Stanis Idumbo,Sevilla,LaLiga,statsbomb
441938,Coba da Costa,Getafe,LaLiga,statsbomb
6722,David Soria,Getafe,LaLiga,statsbomb
24078,Javier Muñoz,Getafe,LaLiga,statsbomb
163329,Abu Kamara,Getafe,LaLiga,statsbomb
6695,Juanmi,Getafe,LaLiga,statsbomb
3991,Allan Nyom,Getafe,LaLiga,statsbomb
443835,Joselu Pérez,Getafe,LaLiga,statsbomb
43073,Yvan Neyou,Getafe,LaLiga,statsbomb
320846,Álex Sancris,Getafe,LaLiga,statsbomb
3269,Kiko Femenía,Getafe,LaLiga,statsbomb
387693,Alejandro Mestanza,Getafe,LaLiga,statsbomb
49700,Diego Pampín,Levante UD,LaLiga,statsbomb
5109,Paulo Gazzaniga,Girona,LaLiga,statsbomb
136308,Bojan Miovski,Girona,LaLiga,statsbomb
16249,Yangel Herrera,Girona,LaLiga,statsbomb
432491,Lass Kourouma,Girona,LaLiga,statsbomb
6582,Portu,Girona,LaLiga,statsbomb
8062,Donny van de Beek,Girona,LaLiga,statsbomb
6351,Cristhian Stuani,Girona,LaLiga,statsbomb
28272,Ladislav Krejčí,Girona,LaLiga,statsbomb
6754,David López,Girona,LaLiga,statsbomb
20055,Marc-André ter Stegen,Girona,LaLiga,statsbomb
206941,Jhon Solís,Girona,LaLiga,statsbomb
34830,Alejandro Francés,Girona,LaLiga,statsbomb
416690,Juan Arango,Girona,LaLiga,statsbomb
405813,Vladyslav Krapyvtsov,Girona,LaLiga,statsbomb
397195,Claudio Echeverri,Girona,LaLiga,statsbomb
24976,Abel Ruiz,Girona,LaLiga,statsbomb
534512,Luis Orejuela,Mallorca,LaLiga,statsbomb
408651,David López,Mallorca,LaLiga,statsbomb
24088,Dani Rodríguez,Mallorca,LaLiga,statsbomb
24067,Abdón Prats,Mallorca,LaLiga,statsbomb
440917,Jan Salas,Mallorca,LaLiga,statsbomb
440348,Marc Domenech,Mallorca,LaLiga,statsbomb
390553,Justin Kalumba,Mallorca,LaLiga,statsbomb
52170,Lucas Bergström,Mallorca,LaLiga,statsbomb
48843,Leo Román,Mallorca,LaLiga,statsbomb
30740,Marash Kumbulla,Mallorca,LaLiga,statsbomb
526306,Javier Olaizola,Mallorca,LaLiga,statsbomb
161585,Javi Llabrés,Mallorca,LaLiga,statsbomb
90913,Zito Luvumbo,Mallorca,LaLiga,statsbomb
433899,Davinchi,Getafe,LaLiga,statsbomb
18237,Ionut Radu,Celta Vigo,LaLiga,statsbomb
5255,Matías Vecino,Celta Vigo,LaLiga,statsbomb
441602,Andrés Antañón,Celta Vigo,LaLiga,statsbomb
396139,Iñaki Rupérez,Real Sociedad,LaLiga,statsbomb
6753,Dani Raba,Valencia,LaLiga,statsbomb
30605,André Almeida,Valencia,LaLiga,statsbomb
9748,Antonio Sivera,Deportivo Alavés,LaLiga,statsbomb
32003,Carlos Protesoni,Deportivo Alavés,LaLiga,statsbomb
319919,Carlos Ballestero García,Deportivo Alavés,LaLiga,statsbomb
477326,Lander Pinillos,Deportivo Alavés,LaLiga,statsbomb
422660,Aitor Mañas,Deportivo Alavés,LaLiga,statsbomb
337351,Eder García,Athletic Club,LaLiga,statsbomb
11678,Ezequiel Ávila,Real Betis,LaLiga,statsbomb
447592,I.Corralejo Mantero,Real Betis,LaLiga,statsbomb
6862,Cédric Bakambu,Real Betis,LaLiga,statsbomb
158900,Roony Bardghji,Barcelona,LaLiga,statsbomb
44063,Renzo Saravia,Valencia,LaLiga,statsbomb
21397,Stole Dimitrievski,Valencia,LaLiga,statsbomb
132415,Julen Agirrezabala,Valencia,LaLiga,statsbomb
11128,Umar Sadiq,Valencia,LaLiga,statsbomb
32952,Moussa Diarra,Deportivo Alavés,LaLiga,statsbomb
3163,Mariano Díaz,Deportivo Alavés,LaLiga,statsbomb
46191,Ville Koski,Deportivo Alavés,LaLiga,statsbomb
24236,Ander Guevara,Deportivo Alavés,LaLiga,statsbomb
356687,Diego Morcillo,Deportivo Alavés,LaLiga,statsbomb
50254,Ibrahim Diabate,Deportivo Alavés,LaLiga,statsbomb
408155,Luken Beitia,Real Sociedad,LaLiga,statsbomb
437517,Dani Díaz,Real Sociedad,LaLiga,statsbomb
6689,Álvaro Odriozola,Real Sociedad,LaLiga,statsbomb
315466,Mikel Goti,Real Sociedad,LaLiga,statsbomb
16249,Yangel Herrera,Real Sociedad,LaLiga,statsbomb
39490,Luka Sučić,Real Sociedad,LaLiga,statsbomb
263243,Wesley,Real Sociedad,LaLiga,statsbomb
65900,Unai Marrero,Real Sociedad,LaLiga,statsbomb
407227,Arkaitz Mariezkurrena,Real Sociedad,LaLiga,statsbomb
133556,Jon Karrikaburu,Real Sociedad,LaLiga,statsbomb
32185,Álex Remiro,Real Sociedad,LaLiga,statsbomb
523020,Ibai Aguirre,Real Sociedad,LaLiga,statsbomb
114974,Beñat Prados,Athletic Club,LaLiga,statsbomb
133774,Yago Santiago,Elche,LaLiga,statsbomb
131837,Lucas Cepeda,Elche,LaLiga,statsbomb
23669,Bambo Diaby,Elche,LaLiga,statsbomb
35769,Augusto Batalla,Rayo Vallecano,LaLiga,statsbomb
122834,Jozhua Vertrouwd,Rayo Vallecano,LaLiga,statsbomb
24479,Abdul Mumin,Rayo Vallecano,LaLiga,statsbomb
6612,Rubén Duarte,Espanyol,LaLiga,statsbomb
47371,Ángel Fortuño,Espanyol,LaLiga,statsbomb
49260,José Salinas,Espanyol,LaLiga,statsbomb
51887,Federico Gattoni,Sevilla,LaLiga,statsbomb
534114,Jorge Montes,Getafe,LaLiga,statsbomb
3240,Mat Ryan,Levante UD,LaLiga,statsbomb
268825,Tay Abed,Levante UD,LaLiga,statsbomb
554665,Miguel Calatayud,Mallorca,LaLiga,statsbomb
23481,Álex Sola,Getafe,LaLiga,statsbomb
23252,Mihailo Ristic,Celta Vigo,LaLiga,statsbomb
6679,Aritz Elustondo,Real Sociedad,LaLiga,statsbomb
414745,Lander Astiazarán,Real Sociedad,LaLiga,statsbomb
256775,Orri Óskarsson,Real Sociedad,LaLiga,statsbomb
11128,Umar Sadiq,Real Sociedad,LaLiga,statsbomb
48369,Arsen Zakharyan,Real Sociedad,LaLiga,statsbomb
407389,Job Nguono,Real Sociedad,LaLiga,statsbomb
6378,Jan Oblak,Atlético Madrid,LaLiga,statsbomb
6668,José Luis Morales,Levante UD,LaLiga,statsbomb
424912,Carlos Espí,Levante UD,LaLiga,statsbomb
452727,Nacho Pérez,Levante UD,LaLiga,statsbomb
15737,Sergio Lozano,Levante UD,LaLiga,statsbomb
409718,Marco Esteban,Real Oviedo,LaLiga,statsbomb
391451,Thiago Fernández,Real Oviedo,LaLiga,statsbomb
337485,Álex Forés,Real Oviedo,LaLiga,statsbomb
45063,Thiago Borbas,Real Oviedo,LaLiga,statsbomb
15496,Luka Ilić,Real Oviedo,LaLiga,statsbomb
10004,Ovie Ejaria,Real Oviedo,LaLiga,statsbomb
11386,Santi Cazorla,Real Oviedo,LaLiga,statsbomb
472892,Omar Falah,Real Oviedo,LaLiga,statsbomb
531596,Pablo Menéndez,Real Oviedo,LaLiga,statsbomb
130905,Horațiu Moldovan,Real Oviedo,LaLiga,statsbomb
133642,Oier Luengo,Real Oviedo,LaLiga,statsbomb
27827,Borja Sánchez,Real Oviedo,LaLiga,statsbomb
25704,Aarón Escandell,Real Oviedo,LaLiga,statsbomb
96460,Pablo Campos,Levante UD,LaLiga,statsbomb
434033,Paco Cortés,Levante UD,LaLiga,statsbomb
407870,Chrisantus Ugonna,Getafe,LaLiga,statsbomb
38804,Adrià Altimira,Villarreal,LaLiga,statsbomb
50494,Yeremy Pino,Villarreal,LaLiga,statsbomb
48310,Luiz Júnior,Villarreal,LaLiga,statsbomb
39159,Arnau Tenas,Villarreal,LaLiga,statsbomb
23457,Manor Solomon,Villarreal,LaLiga,statsbomb
10483,Ørjan Nyland,Sevilla,LaLiga,statsbomb
3385,Alexis Sánchez,Sevilla,LaLiga,statsbomb
461848,Hugo Granados,Getafe,LaLiga,statsbomb
285532,Sebastián Boselli,Getafe,LaLiga,statsbomb
28075,Veljko Birmancevic,Getafe,LaLiga,statsbomb
66773,Damián Cáceres,Getafe,LaLiga,statsbomb
24251,Tete Morente,Elche,LaLiga,statsbomb
166023,Rubén Iranzo,Valencia,LaLiga,statsbomb
37237,Iñaki Peña,Elche,LaLiga,statsbomb
8445,Goduine Koyalipou,Levante UD,LaLiga,statsbomb
145046,Dawda Camara,Girona,LaLiga,statsbomb
3804,Ferland Mendy,Real Madrid,LaLiga,statsbomb
521945,Miguel Llorente Cubo,Atlético Madrid,LaLiga,statsbomb
438494,Pablo García,Real Betis,LaLiga,statsbomb
50728,Joan García,Barcelona,LaLiga,statsbomb
21390,Andriy Lunin,Real Madrid,LaLiga,statsbomb
3509,Thibaut Courtois,Real Madrid,LaLiga,statsbomb
8220,David Alaba,Real Madrid,LaLiga,statsbomb
443912,Víctor Valdepeñas,Real Madrid,LaLiga,statsbomb
410960,Taufik Seidu,Atlético Madrid,LaLiga,statsbomb
3959,Andreas Christensen,Barcelona,LaLiga,statsbomb
424823,Jano Monserrate,Atlético Madrid,LaLiga,statsbomb
315054,Dani Martinez,Atlético Madrid,LaLiga,statsbomb
3378,Iván Balliu,Rayo Vallecano,LaLiga,statsbomb
458662,Ismael Bekhoucha,Getafe,LaLiga,statsbomb
5669,Wojciech Szczęsny,Barcelona,LaLiga,statsbomb
448661,Gorka Carrera,Real Sociedad,LaLiga,statsbomb
144086,Willy Kambwala,Villarreal,LaLiga,statsbomb
6792,Pau López,Real Betis,LaLiga,statsbomb
472259,Y.Diomande,Real Madrid,LaLiga,statsbomb
3193,Bernardo Silva,Real Madrid,LaLiga,statsbomb
8125,Denzel Dumfries,Real Madrid,LaLiga,statsbomb
11135,Ibrahima Konaté,Real Madrid,LaLiga,statsbomb
241711,David Otorbi,Valencia,LaLiga,statsbomb
407388,Mikel Rodríguez,Deportivo Alavés,LaLiga,statsbomb
112695,Nicolás Valentini,Deportivo Alavés,LaLiga,statsbomb
416262,Alex Marchal,Real Sociedad,LaLiga,statsbomb
179307,Johaneko Jean,Athletic Club,LaLiga,statsbomb
422396,Peio Canales,Athletic Club,LaLiga,statsbomb
415931,Kevin Sánchez,RC Deportivo La Coruña,LaLiga,statsbomb
76173,Yeremay Hernández,RC Deportivo La Coruña,LaLiga,statsbomb
532032,Bil Nsongo,RC Deportivo La Coruña,LaLiga,statsbomb
38804,Adrià Altimira,RC Deportivo La Coruña,LaLiga,statsbomb
461535,Bright Ede,RC Deportivo La Coruña,LaLiga,statsbomb
159795,Luismi Cruz,RC Deportivo La Coruña,LaLiga,statsbomb
6923,Ximo Navarro,RC Deportivo La Coruña,LaLiga,statsbomb
85670,Lorenzo Amatucci,RC Deportivo La Coruña,LaLiga,statsbomb
39057,Mario Soriano,RC Deportivo La Coruña,LaLiga,statsbomb
198022,David Mella,RC Deportivo La Coruña,LaLiga,statsbomb
196110,Jonathan Asp Jensen,RC Deportivo La Coruña,LaLiga,statsbomb
3712,Pierre-Emerick Aubameyang,RC Deportivo La Coruña,LaLiga,statsbomb
188263,Lucas Noubi,RC Deportivo La Coruña,LaLiga,statsbomb
30487,Riki Rodríguez,RC Deportivo La Coruña,LaLiga,statsbomb
394500,Teun Gijselhart,RC Deportivo La Coruña,LaLiga,statsbomb
24192,Miguel Loureiro,RC Deportivo La Coruña,LaLiga,statsbomb
6765,Rodri,Barcelona,LaLiga,statsbomb
28104,Anthony Gordon,Barcelona,LaLiga,statsbomb
429357,Javi Morcillo,Elche,LaLiga,statsbomb
34515,Fernando Niño,Elche,LaLiga,statsbomb
72913,Haitam Abaida,Málaga,LaLiga,statsbomb
39230,Carlos Dotor,Málaga,LaLiga,statsbomb
363575,Rafa Rodríguez,Málaga,LaLiga,statsbomb
32393,Eneko Jauregi,Málaga,LaLiga,statsbomb
8790,Juan Cruz,Málaga,LaLiga,statsbomb
396543,Izan Merino,Málaga,LaLiga,statsbomb
25058,Alfonso Herrero,Málaga,LaLiga,statsbomb
30402,Ramón Enríquez,Málaga,LaLiga,statsbomb
438493,Marcos Fernández,Espanyol,LaLiga,statsbomb
399913,Gabriel Moscardo,Espanyol,LaLiga,statsbomb
468490,Roger Hinojo,Espanyol,LaLiga,statsbomb
405555,Javi Hernández,Espanyol,LaLiga,statsbomb
430762,Rafel Sureda,Espanyol,LaLiga,statsbomb
195797,Robbie Ure,Sevilla,LaLiga,statsbomb
441520,Nico Guillén,Sevilla,LaLiga,statsbomb
105183,Arouna Sangante,Sevilla,LaLiga,statsbomb
39069,Francho Serrano,Getafe,LaLiga,statsbomb
441454,Jean Ives Valou,Getafe,LaLiga,statsbomb
8950,Orel Mangala,Getafe,LaLiga,statsbomb
574499,Marc Santos,Levante UD,LaLiga,statsbomb
6648,Aïssa Mandi,Levante UD,LaLiga,statsbomb
409213,Abdoulaye Faye,Celta Vigo,LaLiga,statsbomb
36636,Giacomo Quagliata,RC Deportivo La Coruña,LaLiga,statsbomb
35609,Karim Adeyemi,Barcelona,LaLiga,statsbomb
3005,Ezequiel Ponce,Elche,LaLiga,statsbomb
459005,Alvaro Padilla Escriba,Elche,LaLiga,statsbomb
423331,Umaru Tounkara,Elche,LaLiga,statsbomb
196954,Facundo Buonanotte,Elche,LaLiga,statsbomb
460766,Gnangoro Bouare,Rayo Vallecano,LaLiga,statsbomb
49260,José Salinas,Málaga,LaLiga,statsbomb
41805,David Larrubia,Málaga,LaLiga,statsbomb
122822,Ángel Recio,Málaga,LaLiga,statsbomb
41391,Julen Lobete,Málaga,LaLiga,statsbomb
161987,Carlos Puga,Málaga,LaLiga,statsbomb
23214,Joaquín Muñoz,Málaga,LaLiga,statsbomb
162322,Dani Lorenzo,Málaga,LaLiga,statsbomb
462970,Rafael Garrido,Málaga,LaLiga,statsbomb
407214,Álex Calatrava,Espanyol,LaLiga,statsbomb
205932,Vanja Drkusic,Espanyol,LaLiga,statsbomb
391451,Thiago Fernández,Levante UD,LaLiga,statsbomb
132415,Julen Agirrezabala,Racing Santander,LaLiga,statsbomb
13549,Einar Galilea,Málaga,LaLiga,statsbomb
41202,Giorgi Kochorashvili,Sevilla,LaLiga,statsbomb
6760,Enes Ünal,Getafe,LaLiga,statsbomb
30211,Zakaria Eddahchouri,RC Deportivo La Coruña,LaLiga,statsbomb
48843,Leo Román,RC Deportivo La Coruña,LaLiga,statsbomb
10336,Álex Grimaldo,Atlético Madrid,LaLiga,statsbomb
22740,Lee Kang-In,Atlético Madrid,LaLiga,statsbomb
525150,Jorge Domínguez,Atlético Madrid,LaLiga,statsbomb
519308,Pedro Felipe,Racing Santander,LaLiga,statsbomb
23992,Andrés Martín,Racing Santander,LaLiga,statsbomb
34909,Manu Hernando,Racing Santander,LaLiga,statsbomb
365867,Facu González,Racing Santander,LaLiga,statsbomb
449180,Diego Díaz,Racing Santander,LaLiga,statsbomb
441643,Maguette Gueye,Racing Santander,LaLiga,statsbomb
32953,Asier Villalibre,Racing Santander,LaLiga,statsbomb
440423,Jorge Salinas,Racing Santander,LaLiga,statsbomb
39113,Pablo Ramón,Racing Santander,LaLiga,statsbomb
261630,Gustavo Puerta,Racing Santander,LaLiga,statsbomb
302857,Alvaro Mantilla,Racing Santander,LaLiga,statsbomb
487752,S.Martínez Montero,Racing Santander,LaLiga,statsbomb
6673,Sergio Canales,Racing Santander,LaLiga,statsbomb
297799,Matteo Prati,Racing Santander,LaLiga,statsbomb
30468,Iñigo Vicente,Racing Santander,LaLiga,statsbomb
425517,Yassir Zabiri,Racing Santander,LaLiga,statsbomb
298839,Jonathan Dubasin,Osasuna,LaLiga,statsbomb
416497,Ryunosuke Sato,Valencia,LaLiga,statsbomb
294072,Álvaro Djaló,Athletic Club,LaLiga,statsbomb
315472,Beñat Gerenabarrena,Athletic Club,LaLiga,statsbomb
358512,Andrés García,Getafe,LaLiga,statsbomb
430819,Alberto Risco Alcántara,Getafe,LaLiga,statsbomb
94222,Saba Sazonov,Getafe,LaLiga,statsbomb
399501,Giorgi Guliashvili,Racing Santander,LaLiga,statsbomb
185955,Juan Carlos Arana,Racing Santander,LaLiga,statsbomb
67714,Aliou Dieng,Valencia,LaLiga,statsbomb
21721,Justin de Haas,Valencia,LaLiga,statsbomb
33226,Troy Parrott,Real Betis,LaLiga,statsbomb
315065,Julio Díaz,Sevilla,LaLiga,statsbomb
38773,Enzo Bardeli,Levante UD,LaLiga,statsbomb
17620,Marc Cucurella,Real Madrid,LaLiga,statsbomb
8621,Morten Hjulmand,Atlético Madrid,LaLiga,statsbomb
172513,Diego Villares,RC Deportivo La Coruña,LaLiga,statsbomb
424912,Carlos Espí,Real Madrid,LaLiga,statsbomb
138304,Arnau Ortiz,Atlético Madrid,LaLiga,statsbomb
194069,Facundo Bernal,Real Betis,LaLiga,statsbomb
440429,Chupe,Málaga,LaLiga,statsbomb
460441,Hamza Abdelkarim,Barcelona,LaLiga,statsbomb
487752,S.Martínez Montero,Racing Santander,LaLiga 2,statsbomb
487753,Santi Franco,Racing Santander,LaLiga 2,statsbomb
185955,Juan Carlos Arana,Racing Santander,LaLiga 2,statsbomb
524614,Manex Lozano,Racing Santander,LaLiga 2,statsbomb
53365,Suleiman Camara,Racing Santander,LaLiga 2,statsbomb
449180,Diego Díaz,Racing Santander,LaLiga 2,statsbomb
382729,Simon Eriksson,Racing Santander,LaLiga 2,statsbomb
35404,Jokin Ezkieta,Racing Santander,LaLiga 2,statsbomb
11550,Jaime Mata,Racing Santander,LaLiga 2,statsbomb
344404,Yeray Cabanzón,Racing Santander,LaLiga 2,statsbomb
532032,Bil Nsongo,RC Deportivo La Coruña,LaLiga 2,statsbomb
132469,Mohamed Bouldini,RC Deportivo La Coruña,LaLiga 2,statsbomb
24071,Stoichkov,RC Deportivo La Coruña,LaLiga 2,statsbomb
198020,Rubén López,RC Deportivo La Coruña,LaLiga 2,statsbomb
24258,Cristian Herrera,RC Deportivo La Coruña,LaLiga 2,statsbomb
34456,Germán Parreño,RC Deportivo La Coruña,LaLiga 2,statsbomb
535710,Noé Carrillo,RC Deportivo La Coruña,LaLiga 2,statsbomb
6923,Ximo Navarro,RC Deportivo La Coruña,LaLiga 2,statsbomb
30487,Riki Rodríguez,RC Deportivo La Coruña,LaLiga 2,statsbomb
159795,Luismi Cruz,RC Deportivo La Coruña,LaLiga 2,statsbomb
449142,Samu Fernández,RC Deportivo La Coruña,LaLiga 2,statsbomb
25598,Álvaro Ferllo,RC Deportivo La Coruña,LaLiga 2,statsbomb
440429,Chupe,Málaga,LaLiga 2,statsbomb
41406,Josué Dorrio,Málaga,LaLiga 2,statsbomb
173382,Álex  Pastor,Málaga,LaLiga 2,statsbomb
25058,Alfonso Herrero,Málaga,LaLiga 2,statsbomb
30402,Ramón Enríquez,Málaga,LaLiga 2,statsbomb
419845,Aarón Ochoa,Málaga,LaLiga 2,statsbomb
12540,André Horta,Almería,LaLiga 2,statsbomb
28666,Lucas Robertone,Almería,LaLiga 2,statsbomb
6636,Rodrigo Ely,Almería,LaLiga 2,statsbomb
448846,Marko Perovic,Almería,LaLiga 2,statsbomb
24212,Aridane Hernández,Almería,LaLiga 2,statsbomb
298676,Kenneth Mamah,CD Castellón,LaLiga 2,statsbomb
71336,Israel Suero,CD Castellón,LaLiga 2,statsbomb
84658,Tommaso De Nipoti,CD Castellón,LaLiga 2,statsbomb
33225,Óscar Gil,CD Castellón,LaLiga 2,statsbomb
502405,Álvaro García,CD Castellón,LaLiga 2,statsbomb
205823,Nick Markanich,CD Castellón,LaLiga 2,statsbomb
182084,Raúl Sánchez,CD Castellón,LaLiga 2,statsbomb
419588,Serpeta,CD Castellón,LaLiga 2,statsbomb
483019,Michał Willmann,CD Castellón,LaLiga 2,statsbomb
25782,Douglas Aurélio,CD Castellón,LaLiga 2,statsbomb
322756,Isaac Obeng,Cádiz,LaLiga 2,statsbomb
452041,Juan Díaz,Cádiz,LaLiga 2,statsbomb
487582,Efe Aghama,Cádiz,LaLiga 2,statsbomb
7022,Suso,Cádiz,LaLiga 2,statsbomb
4378,Rominigue Kouamé,Cádiz,LaLiga 2,statsbomb
353761,Joaquín González,Cádiz,LaLiga 2,statsbomb
192289,Victor Aznar,Cádiz,LaLiga 2,statsbomb
367347,Jerónimo Dómina,Cádiz,LaLiga 2,statsbomb
24322,Iza Carcelén,Cádiz,LaLiga 2,statsbomb
133159,Iván Chapela,Burgos,LaLiga 2,statsbomb
23211,Víctor Mollejo,Burgos,LaLiga 2,statsbomb
299103,Saúl del Cerro,Burgos,LaLiga 2,statsbomb
407821,Mario Cantero,Burgos,LaLiga 2,statsbomb
133642,Oier Luengo,Burgos,LaLiga 2,statsbomb
30454,Curro Sánchez,Burgos,LaLiga 2,statsbomb
245348,Mateo Mejia,Burgos,LaLiga 2,statsbomb
419608,Fermín García,Burgos,LaLiga 2,statsbomb
28639,Pablo Galdames,Burgos,LaLiga 2,statsbomb
37231,Anderson Arroyo,Burgos,LaLiga 2,statsbomb
140545,Marcelo Expósito,Burgos,LaLiga 2,statsbomb
37892,Carlos Marín,Córdoba CF,LaLiga 2,statsbomb
152790,Álex Sala,Córdoba CF,LaLiga 2,statsbomb
325777,Diego Percan,Córdoba CF,LaLiga 2,statsbomb
325772,Adilson,Córdoba CF,LaLiga 2,statsbomb
38751,Theo Zidane,Córdoba CF,LaLiga 2,statsbomb
75582,Alberto del Moral,Córdoba CF,LaLiga 2,statsbomb
440917,Jan Salas,Córdoba CF,LaLiga 2,statsbomb
488335,Oier Llorente,Eibar,LaLiga 2,statsbomb
378601,Hodei Arrillaga,Eibar,LaLiga 2,statsbomb
40114,Javi Martínez,Eibar,LaLiga 2,statsbomb
488336,Hugo García,Eibar,LaLiga 2,statsbomb
15651,Juan Bernat,Eibar,LaLiga 2,statsbomb
528130,Juan Flores,Granada,LaLiga 2,statsbomb
411794,Baba Diocou,Granada,LaLiga 2,statsbomb
131184,Luka Gagnidze,Granada,LaLiga 2,statsbomb
457500,S.Cortés Cortés,Granada,LaLiga 2,statsbomb
140579,Ander Astralaga,Granada,LaLiga 2,statsbomb
132469,Mohamed Bouldini,Granada,LaLiga 2,statsbomb
30016,Martin Hongla,Granada,LaLiga 2,statsbomb
547310,Rayan Talbi,Granada,LaLiga 2,statsbomb
23669,Bambo Diaby,Granada,LaLiga 2,statsbomb
24071,Stoichkov,Granada,LaLiga 2,statsbomb
464202,Pere Crespo,Granada,LaLiga 2,statsbomb
23921,Juan Soriano,Leganés,LaLiga 2,statsbomb
39482,Duk,Leganés,LaLiga 2,statsbomb
407929,Andrés Campos,Leganés,LaLiga 2,statsbomb
298749,Lalo Aguilar,Leganés,LaLiga 2,statsbomb
471440,Saïd Imigene,Leganés,LaLiga 2,statsbomb
557986,Víctor Chumachenko,FC Andorra,LaLiga 2,statsbomb
105765,Jesús Owono,FC Andorra,LaLiga 2,statsbomb
386181,Alejandro Calvo,FC Andorra,LaLiga 2,statsbomb
132413,Álex Petxarroman,FC Andorra,LaLiga 2,statsbomb
417452,Antal Yaakobishvili,FC Andorra,LaLiga 2,statsbomb
328395,Áron Yaakobishvili,FC Andorra,LaLiga 2,statsbomb
33079,Edgar González,FC Andorra,LaLiga 2,statsbomb
344404,Yeray Cabanzón,FC Andorra,LaLiga 2,statsbomb
488917,Aitor Uzkudun,FC Andorra,LaLiga 2,statsbomb
13108,Marc Cardona,FC Andorra,LaLiga 2,statsbomb
21225,Javier Sánchez,Real Valladolid,LaLiga 2,statsbomb
80624,Noah Ohio,Real Valladolid,LaLiga 2,statsbomb
476247,Ibrahim Alani,Real Valladolid,LaLiga 2,statsbomb
487580,Jorge Delgado,Real Valladolid,LaLiga 2,statsbomb
420312,Adrián Arnuncio,Real Valladolid,LaLiga 2,statsbomb
318159,Xavi Moreno,Real Valladolid,LaLiga 2,statsbomb
431940,Tamás Nikitscher,Real Valladolid,LaLiga 2,statsbomb
347958,Guilherme Fernandes,Real Valladolid,LaLiga 2,statsbomb
404556,Mohamed Jaouab,Real Valladolid,LaLiga 2,statsbomb
520709,Brain Uwalakaji,Real Valladolid,LaLiga 2,statsbomb
395586,Mario Maroto,Real Valladolid,LaLiga 2,statsbomb
172514,Trilli,Real Valladolid,LaLiga 2,statsbomb
557908,Alejandro Carrión,Real Valladolid,LaLiga 2,statsbomb
415022,Ángel Carvajal,Real Valladolid,LaLiga 2,statsbomb
409104,Chuki,Real Valladolid,LaLiga 2,statsbomb
296955,Álvaro Aceves,Real Valladolid,LaLiga 2,statsbomb
532716,Mario Dominguez Carriles,Real Valladolid,LaLiga 2,statsbomb
23948,Carlos Clerc,Real Valladolid,LaLiga 2,statsbomb
32000,Vegard Erlien,Real Valladolid,LaLiga 2,statsbomb
428406,Lucas Sanseviero,Real Valladolid,LaLiga 2,statsbomb
30487,Riki Rodríguez,Albacete,LaLiga 2,statsbomb
23843,Diego Mariño,Albacete,LaLiga 2,statsbomb
174232,Ale Meléndez,Albacete,LaLiga 2,statsbomb
24126,Antonio Puertas,Albacete,LaLiga 2,statsbomb
42280,San Bartolomé,Albacete,LaLiga 2,statsbomb
396541,Capi,Albacete,LaLiga 2,statsbomb
22919,Lluís López,Albacete,LaLiga 2,statsbomb
7905,Raúl Lizoáin,Albacete,LaLiga 2,statsbomb
51824,Pepe Sánchez,Albacete,LaLiga 2,statsbomb
24482,Higinio Marín,Albacete,LaLiga 2,statsbomb
30488,Samuel Obeng,Albacete,LaLiga 2,statsbomb
29970,Agus Medina,Albacete,LaLiga 2,statsbomb
458787,Dani Bernabéu,Albacete,LaLiga 2,statsbomb
458786,Joaquín Domingo Ponce,Albacete,LaLiga 2,statsbomb
30488,Samuel Obeng,AD Ceuta FC,LaLiga 2,statsbomb
174242,Andy Escudero,AD Ceuta FC,LaLiga 2,statsbomb
23978,Manu Vallejo,AD Ceuta FC,LaLiga 2,statsbomb
23973,Salvi Sánchez,AD Ceuta FC,LaLiga 2,statsbomb
440348,Marc Domenech,AD Ceuta FC,LaLiga 2,statsbomb
91995,Ignacio Schor,AD Ceuta FC,LaLiga 2,statsbomb
47463,Juanto Ortuño,AD Ceuta FC,LaLiga 2,statsbomb
547958,Sergio González,AD Ceuta FC,LaLiga 2,statsbomb
440068,Aboubacar Bassinga,AD Ceuta FC,LaLiga 2,statsbomb
8567,Pedro López,AD Ceuta FC,LaLiga 2,statsbomb
312258,Manu Sánchez,AD Ceuta FC,LaLiga 2,statsbomb
315461,Guillermo Vallejo,AD Ceuta FC,LaLiga 2,statsbomb
548403,Arick Betancourt,AD Ceuta FC,LaLiga 2,statsbomb
130994,Daniel Paraschiv,CyD Leonesa,LaLiga 2,statsbomb
175050,Yayo González,CyD Leonesa,LaLiga 2,statsbomb
395860,Nicolás Toca,CyD Leonesa,LaLiga 2,statsbomb
255817,Víctor Moreno,CyD Leonesa,LaLiga 2,statsbomb
320251,Bicho,CyD Leonesa,LaLiga 2,statsbomb
344892,Quique Fornos,CyD Leonesa,LaLiga 2,statsbomb
440051,Adrián Pica,Mirandés,LaLiga 2,statsbomb
312416,Siren Diao,Mirandés,LaLiga 2,statsbomb
416368,Pablo López,Mirandés,LaLiga 2,statsbomb
23966,Mickaël Malsa,Mirandés,LaLiga 2,statsbomb
531512,Ale Gomes,Real Zaragoza,LaLiga 2,statsbomb
6845,Ager Aketxe,Real Zaragoza,LaLiga 2,statsbomb
41670,Dinko Horkas,Las Palmas,LaLiga 2,statsbomb
408247,Edward Cedeño,Las Palmas,LaLiga 2,statsbomb
405234,Juanma Herzog,Las Palmas,LaLiga 2,statsbomb
439828,Valentín Pezzolesi,Las Palmas,LaLiga 2,statsbomb
134829,Ale García,Las Palmas,LaLiga 2,statsbomb
325785,Nikolay Obolskiy,Córdoba CF,LaLiga 2,statsbomb
167448,Juan María Alcedo,Córdoba CF,LaLiga 2,statsbomb
46529,Iker Álvarez,Córdoba CF,LaLiga 2,statsbomb
464269,Pedro Segura,Almería,LaLiga 2,statsbomb
296257,Patrick Soko,Almería,LaLiga 2,statsbomb
8697,Andrés Fernández,Almería,LaLiga 2,statsbomb
132476,Gui Guedes,Almería,LaLiga 2,statsbomb
47536,Rubén Pulido,Leganés,LaLiga 2,statsbomb
405626,Benjamin Pauwels,Leganés,LaLiga 2,statsbomb
440180,Carlos Guirao,Leganés,LaLiga 2,statsbomb
466423,Fabio García,Albacete,LaLiga 2,statsbomb
24510,Ander Cantero,Burgos,LaLiga 2,statsbomb
23212,Martín Merquelanz,FC Andorra,LaLiga 2,statsbomb
27563,Aitor Buñuel,Burgos,LaLiga 2,statsbomb
172898,Brais Martínez,Burgos,LaLiga 2,statsbomb
112220,Yann Kembo,Sporting Gijón,LaLiga 2,statsbomb
488070,Enol Prendes,Sporting Gijón,LaLiga 2,statsbomb
123554,Jordy Caicedo,Sporting Gijón,LaLiga 2,statsbomb
186784,Óscar Cortés,Sporting Gijón,LaLiga 2,statsbomb
139288,Pierre Mbemba,Sporting Gijón,LaLiga 2,statsbomb
22029,Kevin Vázquez,Sporting Gijón,LaLiga 2,statsbomb
10603,Mamadou Loum,Sporting Gijón,LaLiga 2,statsbomb
409592,Andrés Cejudo,Sporting Gijón,LaLiga 2,statsbomb
156099,Álex Oyón,Sporting Gijón,LaLiga 2,statsbomb
427937,Miguel Conde,Sporting Gijón,LaLiga 2,statsbomb
194075,Andrés Ferrari,Sporting Gijón,LaLiga 2,statsbomb
182082,Jesús Bernal,Sporting Gijón,LaLiga 2,statsbomb
531433,Nicolás Riestra,Sporting Gijón,LaLiga 2,statsbomb
324439,Aitor Fraga,Real Sociedad B,LaLiga 2,statsbomb
508905,Iker Calderon,Real Sociedad B,LaLiga 2,statsbomb
414736,Dario Ramirez,Real Sociedad B,LaLiga 2,statsbomb
420085,Sydney Osazuwa,Real Sociedad B,LaLiga 2,statsbomb
526798,Joan Oleaga,Real Sociedad B,LaLiga 2,statsbomb
432522,Jakes Gorosabel,Real Sociedad B,LaLiga 2,statsbomb
479862,Andrews Adjabeng,Real Sociedad B,LaLiga 2,statsbomb
324436,Alex Lebarbier,Real Sociedad B,LaLiga 2,statsbomb
540450,Pello Arana,Real Sociedad B,LaLiga 2,statsbomb
11550,Jaime Mata,Las Palmas,LaLiga 2,statsbomb
536810,Iván Ortega,Las Palmas,LaLiga 2,statsbomb
491246,Adam Arvelo,Las Palmas,LaLiga 2,statsbomb
337248,Cristian Gutiérrez,Las Palmas,LaLiga 2,statsbomb
47649,Pejiño,Las Palmas,LaLiga 2,statsbomb
149879,Iker Bravo,Las Palmas,LaLiga 2,statsbomb
405233,Iñaki González,Las Palmas,LaLiga 2,statsbomb
27356,Nicolás Benedetti,Las Palmas,LaLiga 2,statsbomb
24920,José Caro,Las Palmas,LaLiga 2,statsbomb
140577,Estanis Pedrola,Las Palmas,LaLiga 2,statsbomb
3508,Sandro Ramírez,Las Palmas,LaLiga 2,statsbomb
24077,Viti,Las Palmas,LaLiga 2,statsbomb
426051,Jeremía Recoba,Las Palmas,LaLiga 2,statsbomb
4415,Clément Michelin,Real Valladolid,LaLiga 2,statsbomb
451676,Ismael Fadel,CD Castellón,LaLiga 2,statsbomb
36357,Romain Matthys,CD Castellón,LaLiga 2,statsbomb
320486,Tincho Conde,CD Castellón,LaLiga 2,statsbomb
31615,Rubén Yáñez,Sporting Gijón,LaLiga 2,statsbomb
47495,Pablo García,Sporting Gijón,LaLiga 2,statsbomb
141360,Yago Cantero,AD Ceuta FC,LaLiga 2,statsbomb
6688,José Campaña,AD Ceuta FC,LaLiga 2,statsbomb
487582,Efe Aghama,AD Ceuta FC,LaLiga 2,statsbomb
520773,Adrián Colunga,AD Ceuta FC,LaLiga 2,statsbomb
47373,Kuki Zalazar,AD Ceuta FC,LaLiga 2,statsbomb
407234,Pablo Arana,Cádiz,LaLiga 2,statsbomb
112383,Alfred Caicedo,Cádiz,LaLiga 2,statsbomb
6732,Lucas Pérez,Cádiz,LaLiga 2,statsbomb
31793,David Gil,Cádiz,LaLiga 2,statsbomb
29310,Shon Weissman,Granada,LaLiga 2,statsbomb
7496,Álvaro Lemos,Granada,LaLiga 2,statsbomb
406825,Sergio Rodelas,Granada,LaLiga 2,statsbomb
488301,Mario Gambin,Granada,LaLiga 2,statsbomb
421551,Guzmán Ortega,CyD Leonesa,LaLiga 2,statsbomb
24165,Edgar Badía,CyD Leonesa,LaLiga 2,statsbomb
551613,Alejandro Morante,CyD Leonesa,LaLiga 2,statsbomb
6796,Nemanja Radoja,CyD Leonesa,LaLiga 2,statsbomb
4778,Jordi Mboula,CyD Leonesa,LaLiga 2,statsbomb
344709,Diego Sia,Mirandés,LaLiga 2,statsbomb
477824,Hugo Pinilla,Real Zaragoza,LaLiga 2,statsbomb
27747,Nikola Cumic,Real Zaragoza,LaLiga 2,statsbomb
30419,Tachi,Real Zaragoza,LaLiga 2,statsbomb
24517,Raúl Guti,Real Zaragoza,LaLiga 2,statsbomb
27847,Esteban Andrada,Real Zaragoza,LaLiga 2,statsbomb
7459,Jawad El Yamiq,Real Zaragoza,LaLiga 2,statsbomb
374329,Pau Sans,Real Zaragoza,LaLiga 2,statsbomb
424241,Hugo Barrachina,Real Zaragoza,LaLiga 2,statsbomb
8635,Sinan Bakış,Real Zaragoza,LaLiga 2,statsbomb
362793,Dani Martín,Huesca,LaLiga 2,statsbomb
447951,Willy Chatiliez,Huesca,LaLiga 2,statsbomb
114272,Álex Cantero,Huesca,LaLiga 2,statsbomb
402583,Michael Agbekpornu,Huesca,LaLiga 2,statsbomb
76345,Piña,Huesca,LaLiga 2,statsbomb
114273,Hugo Pérez,Huesca,LaLiga 2,statsbomb
145047,Manu Rico,Huesca,LaLiga 2,statsbomb
559337,Pablo Osán,Huesca,LaLiga 2,statsbomb
487582,Efe Aghama,Huesca,LaLiga 2,statsbomb
23795,Dani Jiménez,Huesca,LaLiga 2,statsbomb
523062,Laro Gómez Rodríguez,Racing Santander,LaLiga 2,statsbomb
534843,Diego Fuentes,Racing Santander,LaLiga 2,statsbomb
34323,Luismi Sánchez,Málaga,LaLiga 2,statsbomb
6604,Darko Brasanac,Málaga,LaLiga 2,statsbomb
535096,Unax Larrañaga,Real Sociedad B,LaLiga 2,statsbomb
178546,Egoitz Arana,Real Sociedad B,LaLiga 2,statsbomb
298831,Adu Ares,Eibar,LaLiga 2,statsbomb
92137,Jonmi Magunagoitia,Eibar,LaLiga 2,statsbomb
41806,Aritz Aranbarri,Eibar,LaLiga 2,statsbomb
11291,Toni Villa,Eibar,LaLiga 2,statsbomb
40066,Sebas Moyano,Real Zaragoza,LaLiga 2,statsbomb
122701,Samed Bazdar,Real Zaragoza,LaLiga 2,statsbomb
393389,Diego Aznar,Huesca,LaLiga 2,statsbomb
33671,Javi Mier,Huesca,LaLiga 2,statsbomb
443774,Marc Aznar,Huesca,LaLiga 2,statsbomb
557840,Javier Santos,Córdoba CF,LaLiga 2,statsbomb
525976,Marcelo Stephano Timorán Paz,Córdoba CF,LaLiga 2,statsbomb
172514,Trilli,Córdoba CF,LaLiga 2,statsbomb
458798,Alberto Morientes Palencia,Albacete,LaLiga 2,statsbomb
420489,Etienne Eto'o,Mirandés,LaLiga 2,statsbomb
434250,Igor Nikić,Mirandés,LaLiga 2,statsbomb
171574,Juanpa Palomares,Mirandés,LaLiga 2,statsbomb
553191,Julen Martínez,Mirandés,LaLiga 2,statsbomb
450622,Unax del Cura,Mirandés,LaLiga 2,statsbomb
135811,Willy Agada,Real Zaragoza,LaLiga 2,statsbomb
554507,Jaime Tobajas,Real Zaragoza,LaLiga 2,statsbomb
426480,Lucas Terrer,Real Zaragoza,LaLiga 2,statsbomb
36958,Adrián Rodríguez,Real Zaragoza,LaLiga 2,statsbomb
364821,Samuel Ntamack,Huesca,LaLiga 2,statsbomb
47461,Eneko Satrústegui,CyD Leonesa,LaLiga 2,statsbomb
531298,Djibril Gueye,Leganés,LaLiga 2,statsbomb
534653,Houssam Kounia Ait Tamlihat,Almería,LaLiga 2,statsbomb
49392,Lázaro,Almería,LaLiga 2,statsbomb
22801,Roberto López,Leganés,LaLiga 2,statsbomb
140555,Diego Hormigo,Granada,LaLiga 2,statsbomb
8788,Luca Zidane,Granada,LaLiga 2,statsbomb
41407,Chumi,Almería,LaLiga 2,statsbomb
326046,Miguel Bañuz,CyD Leonesa,LaLiga 2,statsbomb
39290,Jordi Martín,Huesca,LaLiga 2,statsbomb
445294,Íker García,Granada,LaLiga 2,statsbomb
488302,Dominique Moubeke,Granada,LaLiga 2,statsbomb
25588,Christian Joel,Sporting Gijón,LaLiga 2,statsbomb
13108,Marc Cardona,Las Palmas,LaLiga 2,statsbomb
11224,Amir Abedzadeh,CD Castellón,LaLiga 2,statsbomb
124900,Homam Al Amin,CyD Leonesa,LaLiga 2,statsbomb
434033,Paco Cortés,CyD Leonesa,LaLiga 2,statsbomb
398940,Plamen Andreev,Racing Santander,LaLiga 2,statsbomb
4415,Clément Michelin,Racing Santander,LaLiga 2,statsbomb
139371,Jokin Gabilondo,Málaga,LaLiga 2,statsbomb
451964,Manuel Obón,Real Zaragoza,LaLiga 2,statsbomb
72913,Haitam Abaida,Málaga,LaLiga 2,statsbomb
487579,Josema López,AD Ceuta FC,LaLiga 2,statsbomb
173385,Nico Ratti,FC Andorra,LaLiga 2,statsbomb
534652,Christian Ferreres,Sporting Gijón,LaLiga 2,statsbomb
440250,Iker Martínez,Sporting Gijón,LaLiga 2,statsbomb
397197,Aimar Duñabeitia,Sporting Gijón,LaLiga 2,statsbomb
35641,Hugo Guillamón,Sporting Gijón,LaLiga 2,statsbomb
182076,Juanjo Sánchez,Tenerife,LaLiga 2,statsbomb
234599,Martin Pečar,Tenerife,LaLiga 2,statsbomb
152299,Anes Krdzalic,Tenerife,LaLiga 2,statsbomb
38297,Anthony Landázuri,Tenerife,LaLiga 2,statsbomb
26991,José León,Tenerife,LaLiga 2,statsbomb
23213,Enric Gallego,Tenerife,LaLiga 2,statsbomb
133159,Iván Chapela,Tenerife,LaLiga 2,statsbomb
433679,Dani Fernández,Tenerife,LaLiga 2,statsbomb
411794,Baba Diocou,Tenerife,LaLiga 2,statsbomb
30518,Dani Martín,Tenerife,LaLiga 2,statsbomb
474091,Javier Soroeta,Real Sociedad B,LaLiga 2,statsbomb
419582,Andrés Rodríguez,Las Palmas,LaLiga 2,statsbomb
37028,Iván Jaime,Las Palmas,LaLiga 2,statsbomb
553387,Rafael Cruz,Las Palmas,LaLiga 2,statsbomb
91172,Giovanni Bonfanti,Las Palmas,LaLiga 2,statsbomb
417443,Joel Priego,CE Sabadell FC,LaLiga 2,statsbomb
520737,Albert Orriols,CE Sabadell FC,LaLiga 2,statsbomb
318159,Xavi Moreno,CE Sabadell FC,LaLiga 2,statsbomb
520736,Quadri Liameed,CE Sabadell FC,LaLiga 2,statsbomb
326862,Arthur Bonaldo,CE Sabadell FC,LaLiga 2,statsbomb
426473,Gastón Valles,CE Sabadell FC,LaLiga 2,statsbomb
325977,Miquel Codina Sayol,CE Sabadell FC,LaLiga 2,statsbomb
416260,José Català,CE Sabadell FC,LaLiga 2,statsbomb
30411,Yanis Rahmani,CE Sabadell FC,LaLiga 2,statsbomb
420298,Egoitz Muñoz,Córdoba CF,LaLiga 2,statsbomb
451524,A.Ghailan Benktib,Córdoba CF,LaLiga 2,statsbomb
434181,Eric Pérez,Eibar,LaLiga 2,statsbomb
375241,Markel Arana,Eibar,LaLiga 2,statsbomb
47649,Pejiño,Eibar,LaLiga 2,statsbomb
324709,Alejandro Ibarrondo,CD Eldense,LaLiga 2,statsbomb
420135,Mariano Carmona,CD Eldense,LaLiga 2,statsbomb
321399,Borja Calvo,CD Eldense,LaLiga 2,statsbomb
321400,Marcos Bustillo,CD Eldense,LaLiga 2,statsbomb
451673,Rodri,CD Eldense,LaLiga 2,statsbomb
407809,Jorge Moro,CD Eldense,LaLiga 2,statsbomb
526306,Javier Olaizola,CD Eldense,LaLiga 2,statsbomb
441487,Guillermo Macho,CD Eldense,LaLiga 2,statsbomb
23825,Fidel,CD Eldense,LaLiga 2,statsbomb
38728,David Ruiz,CD Eldense,LaLiga 2,statsbomb
446999,Álex Serra,CD Eldense,LaLiga 2,statsbomb
38761,Ramón Vila,CD Eldense,LaLiga 2,statsbomb
292193,Floris Smand,CD Eldense,LaLiga 2,statsbomb
29990,Abdoul Kader Bamba,Granada,LaLiga 2,statsbomb
49481,Sergio López,Granada,LaLiga 2,statsbomb
6834,Gerard Gumbau,Granada,LaLiga 2,statsbomb
559260,Owen Emeka,Granada,LaLiga 2,statsbomb
558933,Bourama Dembélé,Granada,LaLiga 2,statsbomb
573997,Chinaza Onouha,Granada,LaLiga 2,statsbomb
91985,Alejandro Marqués,Granada,LaLiga 2,statsbomb
11389,Fran Beltrán,Girona,LaLiga 2,statsbomb
50275,Arnau Martinez,Girona,LaLiga 2,statsbomb
137642,Javier Boñar,Girona,LaLiga 2,statsbomb
34830,Alejandro Francés,Girona,LaLiga 2,statsbomb
11538,Moreno Lopera,Girona,LaLiga 2,statsbomb
432491,Lass Kourouma,Girona,LaLiga 2,statsbomb
484611,Oleksandr Pyshchur,Girona,LaLiga 2,statsbomb
8062,Donny van de Beek,Girona,LaLiga 2,statsbomb
40141,Vladyslav Vanat,Girona,LaLiga 2,statsbomb
6351,Cristhian Stuani,Girona,LaLiga 2,statsbomb
60514,Yáser Asprilla,Girona,LaLiga 2,statsbomb
559075,Holmes Zamorano,Girona,LaLiga 2,statsbomb
6754,David López,Girona,LaLiga 2,statsbomb
42275,Iván Martín,Girona,LaLiga 2,statsbomb
5109,Paulo Gazzaniga,Girona,LaLiga 2,statsbomb
24976,Abel Ruiz,Girona,LaLiga 2,statsbomb
36728,Mateu Morey,Mallorca,LaLiga 2,statsbomb
3236,Sergi Darder,Mallorca,LaLiga 2,statsbomb
349172,Aboubaka Soumahoro,Mallorca,LaLiga 2,statsbomb
90913,Zito Luvumbo,Mallorca,LaLiga 2,statsbomb
406046,Antoniu Roca,Mallorca,LaLiga 2,statsbomb
11384,Manu Morlanes,Mallorca,LaLiga 2,statsbomb
302075,Pablo Torre,Mallorca,LaLiga 2,statsbomb
24084,Martin Valjent,Mallorca,LaLiga 2,statsbomb
24086,Antonio Raillo,Mallorca,LaLiga 2,statsbomb
428773,Adrian Liso,Mallorca,LaLiga 2,statsbomb
39159,Arnau Tenas,Mallorca,LaLiga 2,statsbomb
7663,Adam Buksa,Mallorca,LaLiga 2,statsbomb
31618,Antonio Sánchez,Mallorca,LaLiga 2,statsbomb
554665,Miguel Calatayud,Mallorca,LaLiga 2,statsbomb
450622,Unax del Cura,Leganés,LaLiga 2,statsbomb
296257,Patrick Soko,Leganés,LaLiga 2,statsbomb
6781,Raúl Fernández,Leganés,LaLiga 2,statsbomb
532002,Suleiman El Haddadi,Leganés,LaLiga 2,statsbomb
50886,Zico Buurmeester,Leganés,LaLiga 2,statsbomb
105848,Ismaël Gharbi,Leganés,LaLiga 2,statsbomb
118367,Yassine Kechta,Leganés,LaLiga 2,statsbomb
39042,Nacho Quintana,FC Andorra,LaLiga 2,statsbomb
152055,Julian Rijkhoff,FC Andorra,LaLiga 2,statsbomb
461848,Hugo Granados,FC Andorra,LaLiga 2,statsbomb
409619,Stefan Golubovic,FC Andorra,LaLiga 2,statsbomb
419517,Jordi Cano,FC Andorra,LaLiga 2,statsbomb
464359,Hugo Cortés,FC Andorra,LaLiga 2,statsbomb
440251,Víctor Fernández,Real Valladolid,LaLiga 2,statsbomb
136417,Alex Balboa,Real Valladolid,LaLiga 2,statsbomb
344404,Yeray Cabanzón,Real Valladolid,LaLiga 2,statsbomb
443901,Marcos Parriego,Real Valladolid,LaLiga 2,statsbomb
22055,Kaj de Rooij,Real Valladolid,LaLiga 2,statsbomb
8651,Miguel Rubio,Real Valladolid,LaLiga 2,statsbomb
395659,Agustín Albarracín,Albacete,LaLiga 2,statsbomb
6616,Munir El Haddadi,Albacete,LaLiga 2,statsbomb
448313,Tomás Inglés Navarro,Albacete,LaLiga 2,statsbomb
77032,Alejandro Camacho,AD Ceuta FC,LaLiga 2,statsbomb
415094,Omar Sadik,AD Ceuta FC,LaLiga 2,statsbomb
547955,Chidiebere Okoro,AD Ceuta FC,LaLiga 2,statsbomb
451232,Dani Mas,AD Ceuta FC,LaLiga 2,statsbomb
174232,Ale Meléndez,AD Ceuta FC,LaLiga 2,statsbomb
132413,Álex Petxarroman,AD Ceuta FC,LaLiga 2,statsbomb
429223,Ángel Arcos,Celta de Vigo B,LaLiga 2,statsbomb
125354,Jan Oliveras Codina,Celta de Vigo B,LaLiga 2,statsbomb
418277,César Álvarez,Tenerife,LaLiga 2,statsbomb
176219,Jesús de Miguel,Tenerife,LaLiga 2,statsbomb
50755,David Rodríguez,Tenerife,LaLiga 2,statsbomb
318020,Neal Viereck,Tenerife,LaLiga 2,statsbomb
520340,Fabricio,Tenerife,LaLiga 2,statsbomb
443841,Lucas Núñez,Eibar,LaLiga 2,statsbomb
23801,Unai Elgezabal,Eibar,LaLiga 2,statsbomb
462148,Elías Romero Martinez,Las Palmas,LaLiga 2,statsbomb
38963,Nikita Iosifov,Sporting Gijón,LaLiga 2,statsbomb
43553,Emanuel Gularte,Sporting Gijón,LaLiga 2,statsbomb
433184,Pau Cabanes,CD Eldense,LaLiga 2,statsbomb
440180,Carlos Guirao,CD Eldense,LaLiga 2,statsbomb
39004,Cedric Teguia,AD Ceuta FC,LaLiga 2,statsbomb
28784,Adrián Lapeña,AD Ceuta FC,LaLiga 2,statsbomb
573995,Roberto Marquez,Cádiz,LaLiga 2,statsbomb
391186,Ibon Sanchez,Cádiz,LaLiga 2,statsbomb
39583,Jandro Orellana,Cádiz,LaLiga 2,statsbomb
418924,Dilan Zárate,Cádiz,LaLiga 2,statsbomb
337248,Cristian Gutiérrez,Cádiz,LaLiga 2,statsbomb
433607,Borja Vázquez,Cádiz,LaLiga 2,statsbomb
7905,Raúl Lizoáin,Granada,LaLiga 2,statsbomb
172512,Noel López,Tenerife,LaLiga 2,statsbomb
6586,Nacho Gil,Tenerife,LaLiga 2,statsbomb
255817,Víctor Moreno,Tenerife,LaLiga 2,statsbomb
6667,Mikel Vesga,Almería,LaLiga 2,statsbomb
416367,Quim Junyent,Almería,LaLiga 2,statsbomb
409338,Rodrigo Rêgo,CD Castellón,LaLiga 2,statsbomb
340008,Fran Castillo,CD Castellón,LaLiga 2,statsbomb
420472,Hamza Bellari,CD Castellón,LaLiga 2,statsbomb
137308,Antonio Gala,CD Castellón,LaLiga 2,statsbomb
30758,Juanjo Nieto,CD Castellón,LaLiga 2,statsbomb
348086,Giorgi Gocholeishvili,Cádiz,LaLiga 2,statsbomb
324018,Urko Izeta,Cádiz,LaLiga 2,statsbomb
407243,Manu Fernández,Cádiz,LaLiga 2,statsbomb
324052,Vladyslav Kopotun,Cádiz,LaLiga 2,statsbomb
470320,Rivera,Cádiz,LaLiga 2,statsbomb
425889,Noah Obioma,Cádiz,LaLiga 2,statsbomb
6591,Nacho Vidal,Real Oviedo,LaLiga 2,statsbomb
75546,Carlos Domínguez,Real Oviedo,LaLiga 2,statsbomb
130577,Alexandru Ișfan,Real Oviedo,LaLiga 2,statsbomb
24172,Juan Cruz,Real Oviedo,LaLiga 2,statsbomb
320260,Alberto Reina,Real Oviedo,LaLiga 2,statsbomb
520526,Víctor García Mingo,Real Oviedo,LaLiga 2,statsbomb
11299,Chris Ramos,Real Oviedo,LaLiga 2,statsbomb
25704,Aarón Escandell,Real Oviedo,LaLiga 2,statsbomb
17804,David Costas,Real Oviedo,LaLiga 2,statsbomb
24175,Dani Calvo,Real Oviedo,LaLiga 2,statsbomb
416323,Diego Menéndez,Real Oviedo,LaLiga 2,statsbomb
573996,Enzo Pérez,Real Oviedo,LaLiga 2,statsbomb
478704,Aldrine Kibet,Celta de Vigo B,LaLiga 2,statsbomb
445960,Bernard Sarppong Somuah,Celta de Vigo B,LaLiga 2,statsbomb
428360,P.Gavian Alonso,Celta de Vigo B,LaLiga 2,statsbomb
409179,Álvaro Marín,Celta de Vigo B,LaLiga 2,statsbomb
441602,Andrés Antañón,Celta de Vigo B,LaLiga 2,statsbomb
476992,Germain Miller,Celta de Vigo B,LaLiga 2,statsbomb
441598,Óscar Marcos,Celta de Vigo B,LaLiga 2,statsbomb
521739,Adrià Capdevila,Celta de Vigo B,LaLiga 2,statsbomb
408264,Quique Ribes,Celta de Vigo B,LaLiga 2,statsbomb
302308,Hugo Cuenca,Celta de Vigo B,LaLiga 2,statsbomb
56406,Joel López,Celta de Vigo B,LaLiga 2,statsbomb
432246,Hugo Burcio,Celta de Vigo B,LaLiga 2,statsbomb
147096,Coke Carrillo,Celta de Vigo B,LaLiga 2,statsbomb
419657,Pablo Meixús,Celta de Vigo B,LaLiga 2,statsbomb
573024,Ángel Davila,Celta de Vigo B,LaLiga 2,statsbomb
337485,Álex Forés,Burgos,LaLiga 2,statsbomb
161585,Javi Llabrés,Burgos,LaLiga 2,statsbomb
133556,Jon Karrikaburu,Burgos,LaLiga 2,statsbomb
439275,Santiago Lencinas,Burgos,LaLiga 2,statsbomb
427013,Alejo Sarco,Sporting Gijón,LaLiga 2,statsbomb
66773,Damián Cáceres,Córdoba CF,LaLiga 2,statsbomb
337351,Eder García,Córdoba CF,LaLiga 2,statsbomb
545451,Victor Sánchez,Córdoba CF,LaLiga 2,statsbomb
426983,Daniel Budesca,Córdoba CF,LaLiga 2,statsbomb
48528,Diego Fuoli,CE Sabadell FC,LaLiga 2,statsbomb
324607,Eneko Aguilar,CE Sabadell FC,LaLiga 2,statsbomb
319975,Óscar Sanz Naval,CE Sabadell FC,LaLiga 2,statsbomb
360408,Kaiser,CE Sabadell FC,LaLiga 2,statsbomb
6565,Pere Pons,CE Sabadell FC,LaLiga 2,statsbomb
23939,Pipa Ávila,CE Sabadell FC,LaLiga 2,statsbomb
517570,Ton Ripoll,CE Sabadell FC,LaLiga 2,statsbomb
32759,Nicholas Gioacchini,CE Sabadell FC,LaLiga 2,statsbomb
23981,Álvaro Tejero,Leganés,LaLiga 2,statsbomb
320846,Álex Sancris,Leganés,LaLiga 2,statsbomb
417696,Samuel Rodríguez,Real Oviedo,LaLiga 2,statsbomb
48416,Randy Schneider,FC Andorra,LaLiga 2,statsbomb
563701,Moro Sidibe,FC Andorra,LaLiga 2,statsbomb
6587,Toni Lato,Mallorca,LaLiga 2,statsbomb
152790,Álex Sala,Mallorca,LaLiga 2,statsbomb
396455,Robin van Duiven,Real Valladolid,LaLiga 2,statsbomb
21774,Jari Vlak,CD Castellón,LaLiga 2,statsbomb
39290,Jordi Martín,CD Eldense,LaLiga 2,statsbomb
315464,Jesús Clemente,CD Eldense,LaLiga 2,statsbomb
7911,Andoni López,FC Andorra,LaLiga 2,statsbomb
8788,Luca Zidane,Leganés,LaLiga 2,statsbomb
520982,Adrián Romero,AD Ceuta FC,LaLiga 2,statsbomb
22418,Bryan Gil,Girona,LaLiga 2,statsbomb
40114,Javi Martínez,CD Eldense,LaLiga 2,statsbomb
6792,Pau López,FC Andorra,LaLiga 2,statsbomb
346430,Lautaro Marco Spatz,FC Andorra,LaLiga 2,statsbomb
298676,Kenneth Mamah,AD Ceuta FC,LaLiga 2,statsbomb
255815,Dani Pérez,Real Valladolid,LaLiga 2,statsbomb
35404,Jokin Ezkieta,Cádiz,LaLiga 2,statsbomb
33079,Edgar González,CE Sabadell FC,LaLiga 2,statsbomb
166941,Andréa Le Borgne,Como,Serie A,statsbomb
33158,Maxence Caqueret,Como,Serie A,statsbomb
23769,Mërgim Vojvoda,Como,Serie A,statsbomb
147061,Ivan Smolcic,Como,Serie A,statsbomb
33560,Anastasios Douvikas,Como,Serie A,statsbomb
33151,Lucas Da Cunha,Como,Serie A,statsbomb
3366,Diego Carlos,Como,Serie A,statsbomb
315226,Jacobo Ramón,Como,Serie A,statsbomb
195403,Jayden Addai,Como,Serie A,statsbomb
21550,Nicolas Kühn,Como,Serie A,statsbomb
11821,Stefan Posch,Como,Serie A,statsbomb
437518,Jesús Rodriguez,Como,Serie A,statsbomb
7108,Berat Djimsiti,Atalanta,Serie A,statsbomb
38792,Yunus Musah,Atalanta,Serie A,statsbomb
7157,Marco Sportiello,Atalanta,Serie A,statsbomb
40735,Lazar Samardžić,Atalanta,Serie A,statsbomb
3660,Davide Zappacosta,Atalanta,Serie A,statsbomb
27702,Éderson,Atalanta,Serie A,statsbomb
32688,Charles De Ketelaere,Atalanta,Serie A,statsbomb
30632,Nikola Krstović,Atalanta,Serie A,statsbomb
25048,Giacomo Raspadori,Atalanta,Serie A,statsbomb
3447,Ademola Lookman,Atalanta,Serie A,statsbomb
422314,Honest Ahanor,Atalanta,Serie A,statsbomb
63628,Lorenzo Bernasconi,Atalanta,Serie A,statsbomb
10992,Gianluca Scamacca,Atalanta,Serie A,statsbomb
30826,Nadir Zortea,Bologna,Serie A,statsbomb
7788,Ciro Immobile,Bologna,Serie A,statsbomb
163327,Jonathan Rowe,Bologna,Serie A,statsbomb
11508,Lukasz Skorupski,Bologna,Serie A,statsbomb
41046,João Mário,Bologna,Serie A,statsbomb
88241,Giovanni Fabbian,Bologna,Serie A,statsbomb
23484,Nikola Moro,Bologna,Serie A,statsbomb
190754,Ibrahim Sulemana,Bologna,Serie A,statsbomb
7473,Lorenzo De Silvestri,Bologna,Serie A,statsbomb
10005,Lewis Ferguson,Bologna,Serie A,statsbomb
407347,Massimo Pessina,Bologna,Serie A,statsbomb
399912,Eivind Helland,Bologna,Serie A,statsbomb
29656,Emil Holm,Bologna,Serie A,statsbomb
38245,Federico Ravaglia,Bologna,Serie A,statsbomb
30878,Tommaso Pobega,Bologna,Serie A,statsbomb
23555,Jens Odgaard,Bologna,Serie A,statsbomb
7957,Charalampos Lykogiannis,Bologna,Serie A,statsbomb
7777,Federico Bernardeschi,Bologna,Serie A,statsbomb
39084,Nicolò Cambiaghi,Bologna,Serie A,statsbomb
50896,Martin Vitík,Bologna,Serie A,statsbomb
16062,Nicolò Zaniolo,Udinese,Serie A,statsbomb
253381,Lennon Miller,Udinese,Serie A,statsbomb
149879,Iker Bravo,Udinese,Serie A,statsbomb
415448,Abdoulaye Camara,Udinese,Serie A,statsbomb
20841,Jakub Piotrowski,Udinese,Serie A,statsbomb
41748,Răzvan Sava,Udinese,Serie A,statsbomb
21548,Jurgen Ekkelenkamp,Udinese,Serie A,statsbomb
430145,Branimir Mlačić,Udinese,Serie A,statsbomb
8427,Kingsley Ehizibue,Udinese,Serie A,statsbomb
34881,Daniele Padelli,Udinese,Serie A,statsbomb
410697,Matteo Palma,Udinese,Serie A,statsbomb
423008,Saba Goglichidze,Udinese,Serie A,statsbomb
7438,Hassane Kamara,Udinese,Serie A,statsbomb
22785,Oumar Solet,Udinese,Serie A,statsbomb
134141,Alessandro Zanoli,Udinese,Serie A,statsbomb
10987,Sandi Lovric,Udinese,Serie A,statsbomb
49138,Rui Modesto,Udinese,Serie A,statsbomb
26867,Jesper Karlström,Udinese,Serie A,statsbomb
24494,Keinan Davis,Udinese,Serie A,statsbomb
49429,Thomas Kristensen,Udinese,Serie A,statsbomb
57303,Kristjan Asllani,Torino,Serie A,statsbomb
305343,Luca Marianucci,Torino,Serie A,statsbomb
44736,Cesare Casadei,Torino,Serie A,statsbomb
9466,Che Adams,Torino,Serie A,statsbomb
145596,Emirhan İlkhan,Torino,Serie A,statsbomb
3441,Nikola Vlašić,Torino,Serie A,statsbomb
42539,Rafael Obrador,Torino,Serie A,statsbomb
7017,Duván Zapata,Torino,Serie A,statsbomb
57128,Franco Israel,Torino,Serie A,statsbomb
48031,Niels Nkounkou,Torino,Serie A,statsbomb
4266,Adrien Tamèze,Torino,Serie A,statsbomb
7551,Enzo Ebosse,Torino,Serie A,statsbomb
22204,Cyril Ngonge,Torino,Serie A,statsbomb
21736,Zakaria Aboukhlal,Torino,Serie A,statsbomb
304166,Alieu Njie,Torino,Serie A,statsbomb
29168,Ardian Ismajli,Torino,Serie A,statsbomb
36803,Tino Anjorin,Torino,Serie A,statsbomb
137321,Gvidas Gineitis,Torino,Serie A,statsbomb
318022,Olaf Gorter,Lecce,Serie A,statsbomb
44685,Balthazar Pierret,Lecce,Serie A,statsbomb
44751,Lameck Banda,Lecce,Serie A,statsbomb
440058,Owen Kouassi,Lecce,Serie A,statsbomb
42775,Antonino Gallo,Lecce,Serie A,statsbomb
103208,Gaspar,Lecce,Serie A,statsbomb
16112,Riccardo Sottil,Lecce,Serie A,statsbomb
293833,Danilo Veiga,Lecce,Serie A,statsbomb
152790,Álex Sala,Lecce,Serie A,statsbomb
31195,Santiago Pierotti,Lecce,Serie A,statsbomb
61129,Corrie Ndaba,Lecce,Serie A,statsbomb
131027,Mohamed Kaba,Lecce,Serie A,statsbomb
142800,Medon Berisha,Lecce,Serie A,statsbomb
181161,Sadik Fofana,Lecce,Serie A,statsbomb
3433,Lassana Coulibaly,Lecce,Serie A,statsbomb
24251,Tete Morente,Lecce,Serie A,statsbomb
48349,Jamil Siebert,Lecce,Serie A,statsbomb
31254,Youssef Maleh,Lecce,Serie A,statsbomb
296254,Walid Cheddira,Sassuolo,Serie A,statsbomb
29852,Kristian Thorstvedt,Sassuolo,Serie A,statsbomb
33170,Stefano Turati,Sassuolo,Serie A,statsbomb
56867,Daniel Boloca,Sassuolo,Serie A,statsbomb
29906,Aster Vranckx,Sassuolo,Serie A,statsbomb
16234,Arijanet Murić,Sassuolo,Serie A,statsbomb
7954,Filippo Romagna,Sassuolo,Serie A,statsbomb
22043,Ulisses Garcia,Sassuolo,Serie A,statsbomb
29282,Woyo Coulibaly,Sassuolo,Serie A,statsbomb
317565,Darryl Bakola,Sassuolo,Serie A,statsbomb
113677,Tarik Muharemović,Sassuolo,Serie A,statsbomb
21410,Jay Idzes,Sassuolo,Serie A,statsbomb
30517,Cas Odenthal,Sassuolo,Serie A,statsbomb
7654,Sebastian Walukiewicz,Sassuolo,Serie A,statsbomb
3381,Nemanja Matić,Sassuolo,Serie A,statsbomb
49444,Edoardo Iannoni,Sassuolo,Serie A,statsbomb
44311,Alieu Fadera,Sassuolo,Serie A,statsbomb
41052,Fali Candé,Sassuolo,Serie A,statsbomb
37147,Andrea Ghion,Sassuolo,Serie A,statsbomb
8102,Edoardo Goldaniga,Como,Serie A,statsbomb
260045,Nico Paz,Como,Serie A,statsbomb
319475,Alisson Santos,Napoli,Serie A,statsbomb
21547,Noa Lang,Napoli,Serie A,statsbomb
6798,Stanislav Lobotka,Napoli,Serie A,statsbomb
3089,Kevin De Bruyne,Napoli,Serie A,statsbomb
36847,Edoardo Corvi,Parma Calcio 1913,Serie A,statsbomb
12147,Milan Djuric,Parma Calcio 1913,Serie A,statsbomb
51013,Franco Carboni,Parma Calcio 1913,Serie A,statsbomb
8688,Adrian Benedyczak,Parma Calcio 1913,Serie A,statsbomb
37267,Zion Suzuki,Parma Calcio 1913,Serie A,statsbomb
396480,Daniel Mikołajewski,Parma Calcio 1913,Serie A,statsbomb
31817,Pontus Almqvist,Parma Calcio 1913,Serie A,statsbomb
20638,Ivan Provedel,Lazio,Serie A,statsbomb
142322,Reda Belahyane,Lazio,Serie A,statsbomb
216321,Oliver Provstgaard,Lazio,Serie A,statsbomb
134810,Tijanni Noslin,Lazio,Serie A,statsbomb
7458,Alessio Romagnoli,Lazio,Serie A,statsbomb
7784,Adam Marusic,Lazio,Serie A,statsbomb
30799,Gustav Isaksen,Lazio,Serie A,statsbomb
18002,Luca Pellegrini,Lazio,Serie A,statsbomb
33396,Nicolò Rovella,Lazio,Serie A,statsbomb
7345,Mattéo Guendouzi,Lazio,Serie A,statsbomb
21879,Kenneth Taylor,Lazio,Serie A,statsbomb
8792,Mattia Zaccagni,Lazio,Serie A,statsbomb
366930,Adrian Przyborek,Lazio,Serie A,statsbomb
34880,Daniel Maldini,Lazio,Serie A,statsbomb
87237,Petar Ratkov,Lazio,Serie A,statsbomb
8190,Patric,Lazio,Serie A,statsbomb
30040,Nuno Tavares,Lazio,Serie A,statsbomb
41646,Alessio Furlanetto,Lazio,Serie A,statsbomb
51082,Matteo Cancellieri,Lazio,Serie A,statsbomb
7107,Danilo Cataldi,Lazio,Serie A,statsbomb
10478,Toma Bašić,Lazio,Serie A,statsbomb
5255,Matías Vecino,Lazio,Serie A,statsbomb
305355,Marco Palestra,Cagliari,Serie A,statsbomb
12247,Sebastiano Luperto,Cagliari,Serie A,statsbomb
24200,Sebastiano Esposito,Cagliari,Serie A,statsbomb
258919,Riyad Idrissi,Cagliari,Serie A,statsbomb
7128,Luca Mazzitelli,Cagliari,Serie A,statsbomb
55717,Alessandro Di Pardo,Cagliari,Serie A,statsbomb
149576,Semih Kılıçsoy,Cagliari,Serie A,statsbomb
8180,Leonardo Pavoletti,Cagliari,Serie A,statsbomb
49445,Michael Folorunsho,Cagliari,Serie A,statsbomb
36773,Elia Caprile,Cagliari,Serie A,statsbomb
419034,Yael Trepy,Cagliari,Serie A,statsbomb
50745,Mattia Felici,Cagliari,Serie A,statsbomb
32293,Gennaro Borrelli,Cagliari,Serie A,statsbomb
6196,Yerry Mina,Cagliari,Serie A,statsbomb
32130,Gabriele Zappa,Cagliari,Serie A,statsbomb
133227,Zé Pedro,Cagliari,Serie A,statsbomb
190754,Ibrahim Sulemana,Cagliari,Serie A,statsbomb
463070,Paul Mendy,Cagliari,Serie A,statsbomb
7286,Matteo Tramoni,Pisa,Serie A,statsbomb
381492,Felipe Loyola,Pisa,Serie A,statsbomb
408492,Lorran,Pisa,Serie A,statsbomb
396070,Francesco Coppola,Pisa,Serie A,statsbomb
39550,Samuel Iling-Junior,Pisa,Serie A,statsbomb
38858,Tomás Esteves,Pisa,Serie A,statsbomb
146109,Rafiu Durosinmi,Pisa,Serie A,statsbomb
24871,Adrian Šemper,Pisa,Serie A,statsbomb
11644,Mehdi Léris,Pisa,Serie A,statsbomb
5689,Juan Cuadrado,Pisa,Serie A,statsbomb
8643,Simone Scuffet,Pisa,Serie A,statsbomb
7030,Raúl Albiol,Pisa,Serie A,statsbomb
134056,Gabriele Piccinini,Pisa,Serie A,statsbomb
91172,Giovanni Bonfanti,Pisa,Serie A,statsbomb
30913,Marius Marin,Pisa,Serie A,statsbomb
462954,Louis Buffon,Pisa,Serie A,statsbomb
405011,Henrik Meister,Pisa,Serie A,statsbomb
8666,Calvin Stengs,Pisa,Serie A,statsbomb
30934,Stefano Moreo,Pisa,Serie A,statsbomb
30604,Moatasem Al-Musrati,Hellas Verona,Serie A,statsbomb
10451,Antoine Bernède,Hellas Verona,Serie A,statsbomb
231941,Giovane,Hellas Verona,Serie A,statsbomb
35653,Tomáš Suslov,Hellas Verona,Serie A,statsbomb
112695,Nicolás Valentini,Hellas Verona,Serie A,statsbomb
237417,Yellu Santiago,Hellas Verona,Serie A,statsbomb
8105,Pol Lirola,Hellas Verona,Serie A,statsbomb
380426,Junior Ajayi,Hellas Verona,Serie A,statsbomb
30907,Lorenzo Montipò,Hellas Verona,Serie A,statsbomb
42754,Amin Sarr,Hellas Verona,Serie A,statsbomb
10987,Sandi Lovric,Hellas Verona,Serie A,statsbomb
24830,Grigoris Kastanos,Hellas Verona,Serie A,statsbomb
24916,Armel Bella-Kotchap,Hellas Verona,Serie A,statsbomb
165217,Kieron Bowie,Hellas Verona,Serie A,statsbomb
31174,Jean-Daniel Akpa Akpro,Hellas Verona,Serie A,statsbomb
7551,Enzo Ebosse,Hellas Verona,Serie A,statsbomb
133430,Rafik Belghali,Hellas Verona,Serie A,statsbomb
408107,Andrias Edmundsson,Hellas Verona,Serie A,statsbomb
11397,Suat Serdar,Hellas Verona,Serie A,statsbomb
390486,Isaac,Hellas Verona,Serie A,statsbomb
17043,Victor Nelsson,Hellas Verona,Serie A,statsbomb
29991,Domagoj Bradarić,Hellas Verona,Serie A,statsbomb
519976,Fallou Cham,Hellas Verona,Serie A,statsbomb
190036,Daniel Mosquera,Hellas Verona,Serie A,statsbomb
21571,Abdou Harroui,Hellas Verona,Serie A,statsbomb
36748,Simone Perilli,Hellas Verona,Serie A,statsbomb
6397,Unai Núñez,Hellas Verona,Serie A,statsbomb
99651,Daniel Oyegoke,Hellas Verona,Serie A,statsbomb
30950,Cheikh Niasse,Hellas Verona,Serie A,statsbomb
26586,Martin Frese,Hellas Verona,Serie A,statsbomb
408684,Simone Lottici Tessadri,Cremonese,Serie A,statsbomb
8421,Matteo Bianchetti,Cremonese,Serie A,statsbomb
40211,Jeremy Sarmiento,Cremonese,Serie A,statsbomb
318513,Tommaso Barbieri,Cremonese,Serie A,statsbomb
408685,Dachi Lordkipanidze,Cremonese,Serie A,statsbomb
134335,Michele Collocolo,Cremonese,Serie A,statsbomb
440670,Francesco Folino,Cremonese,Serie A,statsbomb
41675,Filippo Terracciano,Cremonese,Serie A,statsbomb
12247,Sebastiano Luperto,Cremonese,Serie A,statsbomb
29045,Martín Payero,Cremonese,Serie A,statsbomb
28794,David Okereke,Cremonese,Serie A,statsbomb
57090,Warren Bondo,Cremonese,Serie A,statsbomb
8133,Morten Thorsby,Cremonese,Serie A,statsbomb
6974,Federico Ceccherini,Cremonese,Serie A,statsbomb
89293,Romano Mussolini,Cremonese,Serie A,statsbomb
16189,Dennis Johnsen,Cremonese,Serie A,statsbomb
12147,Milan Djuric,Cremonese,Serie A,statsbomb
10960,Jamie Vardy,Cremonese,Serie A,statsbomb
31254,Youssef Maleh,Cremonese,Serie A,statsbomb
407959,Mikayil Faye,Cremonese,Serie A,statsbomb
11603,Mario Pašalić,Atalanta,Serie A,statsbomb
6994,Marten de Roon,Atalanta,Serie A,statsbomb
3510,Sead Kolasinac,Atalanta,Serie A,statsbomb
305359,Dominic Vavassori,Atalanta,Serie A,statsbomb
117247,Isak Hien,Atalanta,Serie A,statsbomb
3761,Mike Maignan,AC Milan,Serie A,statsbomb
27133,Odilon Kossounou,Atalanta,Serie A,statsbomb
51943,Giorgio Scalvini,Atalanta,Serie A,statsbomb
35658,Kamaldeen Sulemana,Atalanta,Serie A,statsbomb
29965,Raoul Bellanova,Atalanta,Serie A,statsbomb
41749,Thijs Dallinga,Bologna,Serie A,statsbomb
7663,Adam Buksa,Udinese,Serie A,statsbomb
23509,Vakoun Bayo,Udinese,Serie A,statsbomb
3266,Christian Kabasele,Udinese,Serie A,statsbomb
357299,Arthur Atta,Udinese,Serie A,statsbomb
7169,Adam Masina,Torino,Serie A,statsbomb
11280,Valentino Lazaro,Torino,Serie A,statsbomb
31336,Alberto Paleari,Torino,Serie A,statsbomb
7158,Cristiano Biraghi,Torino,Serie A,statsbomb
12827,Sandro Kulenović,Torino,Serie A,statsbomb
297799,Matteo Prati,Torino,Serie A,statsbomb
406500,Francesco Camarda,Lecce,Serie A,statsbomb
296254,Walid Cheddira,Lecce,Serie A,statsbomb
102367,Thórir Helgason,Lecce,Serie A,statsbomb
135468,Omri Gandelman,Lecce,Serie A,statsbomb
188885,Oumar Ngom,Lecce,Serie A,statsbomb
24104,Konan N’Dri,Lecce,Serie A,statsbomb
10688,Armand Laurienté,Sassuolo,Serie A,statsbomb
8100,Nicholas Pierini,Sassuolo,Serie A,statsbomb
91342,Gioele Zacchi,Sassuolo,Serie A,statsbomb
133229,Ismael Koné,Sassuolo,Serie A,statsbomb
31242,Mbala N'Zola,Sassuolo,Serie A,statsbomb
50780,Luca Moro,Sassuolo,Serie A,statsbomb
38792,Yunus Musah,AC Milan,Serie A,statsbomb
386729,David Odogu,AC Milan,Serie A,statsbomb
16335,Samuel Chukwueze,AC Milan,Serie A,statsbomb
12496,Christian Kouamé,Fiorentina,Serie A,statsbomb
118368,Amir Richardson,Fiorentina,Serie A,statsbomb
85667,Jacopo Fazzini,Fiorentina,Serie A,statsbomb
23457,Manor Solomon,Fiorentina,Serie A,statsbomb
416679,Luís Balbo,Fiorentina,Serie A,statsbomb
44734,Andy Diouf,Inter Milan,Serie A,statsbomb
406010,Raffaele Di Gennaro,Inter Milan,Serie A,statsbomb
5476,Benjamin Pavard,Inter Milan,Serie A,statsbomb
51015,Ange-Yoan Bonny,Inter Milan,Serie A,statsbomb
8133,Morten Thorsby,Genoa,Serie A,statsbomb
91132,Alessandro Marcandalli,Genoa,Serie A,statsbomb
32037,Nicola Leali,Genoa,Serie A,statsbomb
418677,Jeff Ekhator,Genoa,Serie A,statsbomb
423313,Jacopo Grossi,Genoa,Serie A,statsbomb
50903,Daniele Sommariva,Genoa,Serie A,statsbomb
122132,Daniele Ghilardi,AS Roma,Serie A,statsbomb
3289,Romelu Lukaku,Napoli,Serie A,statsbomb
8286,Leonardo Spinazzola,Napoli,Serie A,statsbomb
16535,Eljif Elmas,Napoli,Serie A,statsbomb
305343,Luca Marianucci,Napoli,Serie A,statsbomb
31274,Nikita Contini,Napoli,Serie A,statsbomb
400190,Assane Diao,Como,Serie A,statsbomb
31952,Ignace Van der Brempt,Como,Serie A,statsbomb
6379,Sergi Roberto,Como,Serie A,statsbomb
63505,Martin Baturina,Como,Serie A,statsbomb
3477,Álvaro Morata,Como,Serie A,statsbomb
140588,Álex Valle,Como,Serie A,statsbomb
156460,Álex Jiménez,AC Milan,Serie A,statsbomb
8546,Niclas Füllkrug,AC Milan,Serie A,statsbomb
11518,Pietro Terracciano,AC Milan,Serie A,statsbomb
27038,Oliver Christensen,Fiorentina,Serie A,statsbomb
6953,Daniele Rugani,Fiorentina,Serie A,statsbomb
33602,Tariq Lamptey,Fiorentina,Serie A,statsbomb
407933,Niccolò Fortini,Fiorentina,Serie A,statsbomb
36865,Mattia Viti,Fiorentina,Serie A,statsbomb
3634,Abdelhamid Sabiri,Fiorentina,Serie A,statsbomb
407934,Riccardo Braschi,Fiorentina,Serie A,statsbomb
3333,David de Gea,Fiorentina,Serie A,statsbomb
414998,Eddy Kouadio,Fiorentina,Serie A,statsbomb
88241,Giovanni Fabbian,Fiorentina,Serie A,statsbomb
30830,Luca Lezzerini,Fiorentina,Serie A,statsbomb
6973,Edin Dzeko,Fiorentina,Serie A,statsbomb
9616,Jack Harrison,Fiorentina,Serie A,statsbomb
25647,Josep Martínez,Inter Milan,Serie A,statsbomb
396534,Matteo Cocchi,Inter Milan,Serie A,statsbomb
5550,Yann Sommer,Inter Milan,Serie A,statsbomb
8125,Denzel Dumfries,Inter Milan,Serie A,statsbomb
8181,Nicolò Barella,Inter Milan,Serie A,statsbomb
2972,Marcus Thuram,Inter Milan,Serie A,statsbomb
30926,Davide Frattesi,Inter Milan,Serie A,statsbomb
26538,Carlos Augusto,Inter Milan,Serie A,statsbomb
7119,Francesco Acerbi,Inter Milan,Serie A,statsbomb
33243,Luis Henrique,Inter Milan,Serie A,statsbomb
254721,Pio Esposito,Inter Milan,Serie A,statsbomb
7787,Stefan de Vrij,Inter Milan,Serie A,statsbomb
3275,Henrikh Mkhitaryan,Inter Milan,Serie A,statsbomb
11456,Lautaro Martínez,Inter Milan,Serie A,statsbomb
407564,Mattia Mosconi,Inter Milan,Serie A,statsbomb
23543,Yann Bisseck,Inter Milan,Serie A,statsbomb
5660,Piotr Zieliński,Inter Milan,Serie A,statsbomb
7039,Hakan Çalhanoğlu,Inter Milan,Serie A,statsbomb
151813,Kenan Yıldız,Juventus,Serie A,statsbomb
11493,Bremer,Juventus,Serie A,statsbomb
5591,Filip Kostić,Juventus,Serie A,statsbomb
20687,Nico González,Juventus,Serie A,statsbomb
9938,Lloyd Kelly,Juventus,Serie A,statsbomb
4909,Jérémie Boga,Juventus,Serie A,statsbomb
16275,Loïs Openda,Juventus,Serie A,statsbomb
39624,Francisco Conceição,Juventus,Serie A,statsbomb
44620,Fabio Miretti,Juventus,Serie A,statsbomb
7891,Teun Koopmeiners,Juventus,Serie A,statsbomb
5665,Arkadiusz Milik,Juventus,Serie A,statsbomb
18015,Dušan Vlahović,Juventus,Serie A,statsbomb
133968,Federico Gatti,Juventus,Serie A,statsbomb
16557,Ruslan Malinovskiy,Genoa,Serie A,statsbomb
170505,Seydou Fini,Genoa,Serie A,statsbomb
40982,Albert Grønbæk,Genoa,Serie A,statsbomb
406776,Mamedi Doucouré,Genoa,Serie A,statsbomb
3162,Maxwel Cornet,Genoa,Serie A,statsbomb
59911,Tommaso Baldanzi,Genoa,Serie A,statsbomb
423315,Filippo Carbone,Genoa,Serie A,statsbomb
4699,Caleb Ekuban,Genoa,Serie A,statsbomb
148397,Valentín Carboni,Genoa,Serie A,statsbomb
16185,Justin Bijlow,Genoa,Serie A,statsbomb
397415,Alexsandro Amorim,Genoa,Serie A,statsbomb
84672,Mikael Ellertsson,Genoa,Serie A,statsbomb
31415,Junior Messias,Genoa,Serie A,statsbomb
10916,Nicolae Stanciu,Genoa,Serie A,statsbomb
26336,Johan Vásquez,Genoa,Serie A,statsbomb
56408,Brooke Norton-Cuffy,Genoa,Serie A,statsbomb
316695,Sebastian Otoa,Genoa,Serie A,statsbomb
30750,Stefano Sabelli,Genoa,Serie A,statsbomb
541478,Latif Ouedraogo,Genoa,Serie A,statsbomb
39665,Lorenzo Colombo,Genoa,Serie A,statsbomb
6757,Aarón Martín,Genoa,Serie A,statsbomb
63413,Vitinha,Genoa,Serie A,statsbomb
425765,Nils Zätterström,Genoa,Serie A,statsbomb
10349,Zeki Celik,AS Roma,Serie A,statsbomb
171078,Wesley,AS Roma,Serie A,statsbomb
39557,Devyne Rensch,AS Roma,Serie A,statsbomb
59911,Tommaso Baldanzi,AS Roma,Serie A,statsbomb
8214,Leon Bailey,AS Roma,Serie A,statsbomb
25040,Manu Koné,AS Roma,Serie A,statsbomb
477142,Antonio Arena,AS Roma,Serie A,statsbomb
201549,Niccolò Pisilli,AS Roma,Serie A,statsbomb
7713,Evan N'Dicka,AS Roma,Serie A,statsbomb
84546,Matías Soulé,AS Roma,Serie A,statsbomb
427105,Jan Ziółkowski,AS Roma,Serie A,statsbomb
6979,Stephan El Shaarawy,AS Roma,Serie A,statsbomb
15582,Donyell Malen,AS Roma,Serie A,statsbomb
397099,Alessandro Romano,AS Roma,Serie A,statsbomb
131982,Neil El Aynaoui,AS Roma,Serie A,statsbomb
7004,Gianluca Mancini,AS Roma,Serie A,statsbomb
8489,Konstantinos Tsimikas,AS Roma,Serie A,statsbomb
419372,Lorenzo Venturino,AS Roma,Serie A,statsbomb
6963,Lorenzo Pellegrini,AS Roma,Serie A,statsbomb
165149,Bryan Zaragoza,AS Roma,Serie A,statsbomb
32307,Pasquale Mazzocchi,Napoli,Serie A,statsbomb
6969,Juan Jesus,Napoli,Serie A,statsbomb
231941,Giovane,Napoli,Serie A,statsbomb
134057,Lorenzo Lucca,Napoli,Serie A,statsbomb
30618,Sam Beukema,Napoli,Serie A,statsbomb
11514,Giovanni Di Lorenzo,Napoli,Serie A,statsbomb
51672,Rasmus Höjlund,Napoli,Serie A,statsbomb
8066,David Neres,Napoli,Serie A,statsbomb
16533,Amir Rrahmani,Napoli,Serie A,statsbomb
428453,Juan Rodríguez,Cagliari,Serie A,statsbomb
85063,Adam Obert,Cagliari,Serie A,statsbomb
297799,Matteo Prati,Cagliari,Serie A,statsbomb
41264,Malthe Højholt,Pisa,Serie A,statsbomb
441990,Daniel Denoon,Pisa,Serie A,statsbomb
384527,Ebenezer Akinsanmiro,Pisa,Serie A,statsbomb
406458,Mateus Lusuardi,Pisa,Serie A,statsbomb
7700,Nícolas,Pisa,Serie A,statsbomb
254893,Rosen Bozhinov,Pisa,Serie A,statsbomb
31242,Mbala N'Zola,Pisa,Serie A,statsbomb
134265,Samuele Angori,Pisa,Serie A,statsbomb
426463,Isak Vural,Pisa,Serie A,statsbomb
7003,Roberto Gagliardini,Hellas Verona,Serie A,statsbomb
257118,Tobias Slotsager,Hellas Verona,Serie A,statsbomb
6880,Antonio Sanabria,Cremonese,Serie A,statsbomb
38946,Pierre Kalulu,Juventus,Serie A,statsbomb
8526,Weston McKennie,Juventus,Serie A,statsbomb
29656,Emil Holm,Juventus,Serie A,statsbomb
22072,Khéphren Thuram,Juventus,Serie A,statsbomb
7038,Manuel Locatelli,Juventus,Serie A,statsbomb
443391,Vasilije Adžić,Juventus,Serie A,statsbomb
41046,João Mário,Juventus,Serie A,statsbomb
23640,Jonathan David,Juventus,Serie A,statsbomb
408909,Cheveyo Balentien,AC Milan,Serie A,statsbomb
159831,Benja Domínguez,Bologna,Serie A,statsbomb
30828,Nicolò Casale,Bologna,Serie A,statsbomb
47227,Oier Zarraga,Udinese,Serie A,statsbomb
40106,Nicolò Bertola,Udinese,Serie A,statsbomb
142556,Gaël Lafont,Genoa,Serie A,statsbomb
406766,Ioan Vermesan,Hellas Verona,Serie A,statsbomb
8185,Marco Silvestri,Cremonese,Serie A,statsbomb
133964,Alessio Zerbin,Cremonese,Serie A,statsbomb
12497,Emil Audero,Cremonese,Serie A,statsbomb
134334,Federico Baschirotto,Cremonese,Serie A,statsbomb
34293,Faris Moumbagna,Cremonese,Serie A,statsbomb
6719,Franco Vázquez,Cremonese,Serie A,statsbomb
50502,Nicola Zalewski,Atalanta,Serie A,statsbomb
31736,Michele Di Gregorio,Juventus,Serie A,statsbomb
29144,Juan Cabal,Juventus,Serie A,statsbomb
24723,Edon Zhegrova,Juventus,Serie A,statsbomb
50729,Andrea Cambiaso,Juventus,Serie A,statsbomb
23900,Jean Butez,Como,Serie A,statsbomb
460418,Matías Pérez,Lecce,Serie A,statsbomb
6957,Alex Meret,Napoli,Serie A,statsbomb
31067,Billy Gilmour,Napoli,Serie A,statsbomb
3620,Scott McTominay,Napoli,Serie A,statsbomb
137446,Antonio Vergara,Napoli,Serie A,statsbomb
39617,Miguel Gutiérrez,Napoli,Serie A,statsbomb
23221,Alessandro Buongiorno,Napoli,Serie A,statsbomb
7104,Mathías Olivera,Napoli,Serie A,statsbomb
3141,Frank Anguissa,Napoli,Serie A,statsbomb
3411,Hernani,Parma Calcio 1913,Serie A,statsbomb
39677,Filippo Rinaldi,Parma Calcio 1913,Serie A,statsbomb
406370,Tjaš Begić,Parma Calcio 1913,Serie A,statsbomb
39388,Fisayo Dele-Bashiru,Lazio,Serie A,statsbomb
411513,Edoardo Motta,Lazio,Serie A,statsbomb
15473,Taty Castellanos,Lazio,Serie A,statsbomb
185647,Mario Gila,Lazio,Serie A,statsbomb
6939,Manuel Lazzari,Lazio,Serie A,statsbomb
20611,Boulaye Dia,Lazio,Serie A,statsbomb
3958,Pedro,Lazio,Serie A,statsbomb
7031,Elseid Hysaj,Lazio,Serie A,statsbomb
306308,Alberto Dossena,Cagliari,Serie A,statsbomb
395659,Agustín Albarracín,Cagliari,Serie A,statsbomb
7471,Andrea Belotti,Cagliari,Serie A,statsbomb
307238,Patrizio Masini,Genoa,Serie A,statsbomb
35447,Jean Onana,Genoa,Serie A,statsbomb
7131,Domenico Berardi,Sassuolo,Serie A,statsbomb
43562,Josh Doig,Sassuolo,Serie A,statsbomb
123821,Cristian Volpato,Sassuolo,Serie A,statsbomb
8333,Angeliño,AS Roma,Serie A,statsbomb
408457,Idrissa Gueye,Udinese,Serie A,statsbomb
386970,Juan Arizala,Udinese,Serie A,statsbomb
225209,Benja Cremaschi,Parma Calcio 1913,Serie A,statsbomb
17521,Arturo Calabresi,Pisa,Serie A,statsbomb
34612,Filip Stojilković,Pisa,Serie A,statsbomb
374414,Gift Orban,Hellas Verona,Serie A,statsbomb
7148,Mattia Perin,Juventus,Serie A,statsbomb
6953,Daniele Rugani,Juventus,Serie A,statsbomb
7159,Giovanni Simeone,Torino,Serie A,statsbomb
20600,Vanja Savić,Napoli,Serie A,statsbomb
4587,Matteo Darmian,Inter Milan,Serie A,statsbomb
7480,Alessandro Bastoni,Inter Milan,Serie A,statsbomb
340170,Robinio Vaz,AS Roma,Serie A,statsbomb
25079,Artem Dovbyk,AS Roma,Serie A,statsbomb
6790,Mario Hermoso,AS Roma,Serie A,statsbomb
6993,Bryan Cristante,AS Roma,Serie A,statsbomb
51156,Evan Ferguson,AS Roma,Serie A,statsbomb
22197,Juan Miranda,Bologna,Serie A,statsbomb
391378,Nesta Elphege,Parma Calcio 1913,Serie A,statsbomb
428390,Alessandro Cardinali,Parma Calcio 1913,Serie A,statsbomb
24967,Gianluca Gaetano,Cagliari,Serie A,statsbomb
396454,Othniël Raterink,Cagliari,Serie A,statsbomb
428697,Matteo Lavelli,Inter Milan,Serie A,statsbomb
36925,Wladimiro Falcone,Lecce,Serie A,statsbomb
235484,Gaby Jean,Lecce,Serie A,statsbomb
430501,Christian Frangella,Sassuolo,Serie A,statsbomb
137381,Luca Lipani,Sassuolo,Serie A,statsbomb
519308,Pedro Felipe,Sassuolo,Serie A,statsbomb
34880,Daniel Maldini,Atalanta,Serie A,statsbomb
5743,Paulo Dybala,AS Roma,Serie A,statsbomb
14533,Mile Svilar,AS Roma,Serie A,statsbomb
18855,Jhon Lucumí,Bologna,Serie A,statsbomb
402113,Petar Sučić,Inter Milan,Serie A,statsbomb
396588,Luka Topalović,Inter Milan,Serie A,statsbomb
30179,Ivan Ilić,Torino,Serie A,statsbomb
31770,Manuel De Luca,Cremonese,Serie A,statsbomb
3515,Alberto Moreno,Como,Serie A,statsbomb
137346,Giuseppe Ambrosino,Napoli,Serie A,statsbomb
7109,Matteo Politano,Napoli,Serie A,statsbomb
37632,Maduka Okoye,Udinese,Serie A,statsbomb
24669,Morten Frendrup,Genoa,Serie A,statsbomb
444985,Joseph Liteta,Cagliari,Serie A,statsbomb
90913,Zito Luvumbo,Cagliari,Serie A,statsbomb
49217,Jordan Zemura,Udinese,Serie A,statsbomb
8285,Alessandro Deiola,Cagliari,Serie A,statsbomb
31088,Leo Skiri Østigård,Genoa,Serie A,statsbomb
11606,Andrea Pinamonti,Sassuolo,Serie A,statsbomb
304159,Ali Dembélé,Torino,Serie A,statsbomb
85849,Nicolò Cavuoti,Cagliari,Serie A,statsbomb
41713,Laurs Skjellerup,Sassuolo,Serie A,statsbomb
440645,Tommaso Macchioni,Sassuolo,Serie A,statsbomb
104442,Abdoulaye Ndiaye,Parma Calcio 1913,Serie A,statsbomb
420896,Joi Nuredini,Genoa,Serie A,statsbomb
6855,Guillermo Maripán,Torino,Serie A,statsbomb
419372,Lorenzo Venturino,Genoa,Serie A,statsbomb
526495,Brando Bettazzi,Pisa,Serie A,statsbomb
21552,Mitchel Bakker,Atalanta,Serie A,statsbomb
32132,Marco Carnesecchi,Atalanta,Serie A,statsbomb
126717,Kaiki,Como,Serie A,statsbomb
50274,Yan Couto,Como,Serie A,statsbomb
16535,Eljif Elmas,Atalanta,Serie A,statsbomb
265309,Rahim Alhassane,Bologna,Serie A,statsbomb
315471,Unai Gómez,Udinese,Serie A,statsbomb
130023,James Abankwah,Udinese,Serie A,statsbomb
23769,Mërgim Vojvoda,Udinese,Serie A,statsbomb
39535,Kian Fitz-Jim,Torino,Serie A,statsbomb
452278,Alessio Cacciamani,Torino,Serie A,statsbomb
397107,Diego Mascardi,Torino,Serie A,statsbomb
30179,Ivan Ilić,Lecce,Serie A,statsbomb
153800,Amar Fatah,Lecce,Serie A,statsbomb
4422,Willem Geubbels,Lecce,Serie A,statsbomb
42539,Rafael Obrador,Sassuolo,Serie A,statsbomb
57943,Riccardo Ciervo,Sassuolo,Serie A,statsbomb
165217,Kieron Bowie,Sassuolo,Serie A,statsbomb
52221,Fedde Leysen,Sassuolo,Serie A,statsbomb
31251,Andrea Colpani,Monza,Serie A,statsbomb
414998,Eddy Kouadio,Monza,Serie A,statsbomb
49150,Dany Mota,Monza,Serie A,statsbomb
363005,Jay Robinson,Monza,Serie A,statsbomb
49445,Michael Folorunsho,Monza,Serie A,statsbomb
136690,Filippo Delli Carri,Monza,Serie A,statsbomb
134142,Nicolas Galazzi,Monza,Serie A,statsbomb
144209,Gustavo Varela,Monza,Serie A,statsbomb
42273,Semuel Pizzignacco,Monza,Serie A,statsbomb
30905,Samuele Birindelli,Monza,Serie A,statsbomb
37358,Andrea Carboni,Monza,Serie A,statsbomb
302307,Adam Bakoune,Monza,Serie A,statsbomb
52120,Omari Forson,Monza,Serie A,statsbomb
24272,Luis Milla,Como,Serie A,statsbomb
396531,Mattia Liberali,Como,Serie A,statsbomb
9026,Trevoh Chalobah,Como,Serie A,statsbomb
8784,Romano Schmid,Frosinone,Serie A,statsbomb
30931,Giacomo Calò,Frosinone,Serie A,statsbomb
41611,Ilario Monterisi,Frosinone,Serie A,statsbomb
84653,Giorgio Cittadini,Frosinone,Serie A,statsbomb
191065,Gabriele Calvani,Frosinone,Serie A,statsbomb
11396,Florian Grillitsch,Frosinone,Serie A,statsbomb
133966,Lorenzo Palmisani,Frosinone,Serie A,statsbomb
300550,Gabriele Bracaglia,Frosinone,Serie A,statsbomb
85530,Luis Hasa,Frosinone,Serie A,statsbomb
307238,Patrizio Masini,Frosinone,Serie A,statsbomb
396399,Matteo Cichella,Frosinone,Serie A,statsbomb
213830,Alphadjo Cissè,AC Milan,Serie A,statsbomb
156460,Álex Jiménez,Fiorentina,Serie A,statsbomb
443912,Víctor Valdepeñas,Fiorentina,Serie A,statsbomb
441625,Christ Ravynel,Fiorentina,Serie A,statsbomb
357299,Arthur Atta,Fiorentina,Serie A,statsbomb
39615,Radu Drăgușin,Fiorentina,Serie A,statsbomb
399440,Viery,Fiorentina,Serie A,statsbomb
172852,Aleksandar Stanković,Inter Milan,Serie A,statsbomb
3244,John Stones,Inter Milan,Serie A,statsbomb
18855,Jhon Lucumí,Juventus,Serie A,statsbomb
10349,Zeki Celik,Juventus,Serie A,statsbomb
6574,Douglas Luiz,Juventus,Serie A,statsbomb
444405,Kerim Alajbegovic,Juventus,Serie A,statsbomb
22097,Randal Kolo Muani,Juventus,Serie A,statsbomb
444888,Adam Žulevič,Genoa,Serie A,statsbomb
16026,Djibril Sow,Genoa,Serie A,statsbomb
437733,Franz-Ethan Meichtry,Genoa,Serie A,statsbomb
362792,Rodrigo Mora,AS Roma,Serie A,statsbomb
176484,Rafa Marín,Napoli,Serie A,statsbomb
413998,Simone Lontani,Parma Calcio 1913,Serie A,statsbomb
414730,Ousmane Diallo,Parma Calcio 1913,Serie A,statsbomb
92867,David Romero,Parma Calcio 1913,Serie A,statsbomb
34865,El Bilal Touré,Parma Calcio 1913,Serie A,statsbomb
443499,Abdou-Salam Konate,Parma Calcio 1913,Serie A,statsbomb
85845,Rachid Kouda,Parma Calcio 1913,Serie A,statsbomb
6737,Alfonso Pedraza,Lazio,Serie A,statsbomb
89293,Romano Mussolini,Lazio,Serie A,statsbomb
34880,Daniel Maldini,Cagliari,Serie A,statsbomb
3082,Harry Winks,Cagliari,Serie A,statsbomb
407813,Kingstone Mutandwa,Cagliari,Serie A,statsbomb
44311,Alieu Fadera,Cagliari,Serie A,statsbomb
57943,Riccardo Ciervo,Cagliari,Serie A,statsbomb
397099,Alessandro Romano,Cagliari,Serie A,statsbomb
12792,Gianluca Busio,Venezia,Serie A,statsbomb
40881,Kike Pérez,Venezia,Serie A,statsbomb
36899,Filip Stankovic,Venezia,Serie A,statsbomb
21131,John Yeboah,Venezia,Serie A,statsbomb
318932,Albion Rrahmani,Venezia,Serie A,statsbomb
138305,Redouane Halhal,Venezia,Serie A,statsbomb
7892,Ridgeciano Haps,Venezia,Serie A,statsbomb
135246,Akor Adams,Venezia,Serie A,statsbomb
185647,Mario Gila,AC Milan,Serie A,statsbomb
24967,Gianluca Gaetano,Atalanta,Serie A,statsbomb
437986,Mikel Amondarain,Bologna,Serie A,statsbomb
31225,Guglielmo Vicario,Juventus,Serie A,statsbomb
133158,Milutin Osmajić,Genoa,Serie A,statsbomb
29201,Nahuel Molina,AS Roma,Serie A,statsbomb
443507,Dominik Drobnic,Parma Calcio 1913,Serie A,statsbomb
18789,Danilho Doekhi,Lazio,Serie A,statsbomb
30926,Davide Frattesi,Lazio,Serie A,statsbomb
85667,Jacopo Fazzini,Cagliari,Serie A,statsbomb
39160,Bartol Franjić,Venezia,Serie A,statsbomb
345496,Joël Schingtienne,Venezia,Serie A,statsbomb
22107,Thierry Correia,Venezia,Serie A,statsbomb
28620,Lion Lauberbach,Venezia,Serie A,statsbomb
24916,Armel Bella-Kotchap,Venezia,Serie A,statsbomb
282993,Richie Sagrado,Venezia,Serie A,statsbomb
302968,Simone Cinquegrano,Sassuolo,Serie A,statsbomb
36874,Aleksa Terzic,Frosinone,Serie A,statsbomb
6994,Marten de Roon,AS Roma,Serie A,statsbomb
32553,Christos Mandas,Lazio,Serie A,statsbomb
7551,Enzo Ebosse,Udinese,Serie A,statsbomb
36846,Demba Thiam,Monza,Serie A,statsbomb
33295,Ricardo Mangas,Monza,Serie A,statsbomb
41825,Giuseppe Aurelio,Cagliari,Serie A,statsbomb
10478,Toma Bašić,Venezia,Serie A,statsbomb
477252,Gabriel Kulla,Sassuolo,Serie A,statsbomb
132766,Oussama El Azzouzi,Bologna,Serie A,statsbomb
11606,Andrea Pinamonti,Lazio,Serie A,statsbomb
29012,Eray Cömert,Torino,Serie A,statsbomb
407933,Niccolò Fortini,Torino,Serie A,statsbomb
137438,Lorenzo Lucchesi,Monza,Serie A,statsbomb
415255,Manga Foe Ondoa,Monza,Serie A,statsbomb
449415,Mathis Mout,Monza,Serie A,statsbomb
406007,Giorgi Kvernadze,Frosinone,Serie A,statsbomb
190893,Daniel Bîrligea,Frosinone,Serie A,statsbomb
45472,Anthony Oyono,Frosinone,Serie A,statsbomb
170505,Seydou Fini,Frosinone,Serie A,statsbomb
38803,Gonçalo Ramos,AC Milan,Serie A,statsbomb
416520,Franco Mastantuono,Fiorentina,Serie A,statsbomb
41046,João Mário,Fiorentina,Serie A,statsbomb
33231,Curtis Jones,Inter Milan,Serie A,statsbomb
446288,Emanuele Lulli,AS Roma,Serie A,statsbomb
201513,Konstantinos Koulierakis,AS Roma,Serie A,statsbomb
384527,Ebenezer Akinsanmiro,Monza,Serie A,statsbomb
25079,Artem Dovbyk,Bologna,Serie A,statsbomb
42357,Kevin Carlos,Cagliari,Serie A,statsbomb
132541,Antoine Hainaut,Venezia,Serie A,statsbomb
137393,Matteo Dagasso,Venezia,Serie A,statsbomb
299498,Raphael Kofler,Cagliari,Serie A,statsbomb
443391,Vasilije Adžić,Sassuolo,Serie A,statsbomb
159831,Benja Domínguez,Sassuolo,Serie A,statsbomb
119170,Antonio Raimondo,Frosinone,Serie A,statsbomb
133964,Alessio Zerbin,Frosinone,Serie A,statsbomb
30334,Doğukan Sinik,Antalyaspor,Turquía – Süper Lig,statsbomb
48691,Mert Yılmaz,Antalyaspor,Turquía – Süper Lig,statsbomb
485625,Kerem Kayaarası,Antalyaspor,Turquía – Süper Lig,statsbomb
45567,Tomas Cvancara,Antalyaspor,Turquía – Süper Lig,statsbomb
16583,Georgiy Dzhikiya,Antalyaspor,Turquía – Süper Lig,statsbomb
37073,Jakub Kałuziński,Antalyaspor,Turquía – Süper Lig,statsbomb
469417,Hasan İlçin,Antalyaspor,Turquía – Süper Lig,statsbomb
30731,Hüseyin Türkmen,Antalyaspor,Turquía – Süper Lig,statsbomb
23731,Yohan Boli,Antalyaspor,Turquía – Süper Lig,statsbomb
30776,Soner Dikmen,Antalyaspor,Turquía – Süper Lig,statsbomb
227052,Jesper Ceesay,Antalyaspor,Turquía – Süper Lig,statsbomb
8256,Kenneth Paal,Antalyaspor,Turquía – Süper Lig,statsbomb
29557,Lautaro Giannetti,Antalyaspor,Turquía – Süper Lig,statsbomb
51734,Ramzi Safouri,Antalyaspor,Turquía – Süper Lig,statsbomb
529399,Bachir Gueye,Antalyaspor,Turquía – Süper Lig,statsbomb
30332,Bahadır Öztürk,Antalyaspor,Turquía – Süper Lig,statsbomb
477833,Ali Demirbilek,Antalyaspor,Turquía – Süper Lig,statsbomb
35645,Samuel Ballet,Antalyaspor,Turquía – Süper Lig,statsbomb
30254,Erdoğan Yeşilyurt,Antalyaspor,Turquía – Süper Lig,statsbomb
49375,Dario Saric,Antalyaspor,Turquía – Süper Lig,statsbomb
30355,Abdülkadir Ömür,Antalyaspor,Turquía – Süper Lig,statsbomb
11393,Berkay Özcan,Fatih Karagümrük,Turquía – Süper Lig,statsbomb
226237,Anıl Yiğit Çınar,Fatih Karagümrük,Turquía – Süper Lig,statsbomb
29342,Ivo Grbić,Fatih Karagümrük,Turquía – Süper Lig,statsbomb
132437,Tiago Çukur,Fatih Karagümrük,Turquía – Süper Lig,statsbomb
440115,Marius Tresor Doh,Fatih Karagümrük,Turquía – Süper Lig,statsbomb
18904,Matías Kranevitter,Fatih Karagümrük,Turquía – Süper Lig,statsbomb
306307,Ömer Faruk Gümüş,Fatih Karagümrük,Turquía – Süper Lig,statsbomb
422941,Burhan Ersoy,Fatih Karagümrük,Turquía – Süper Lig,statsbomb
10873,Ricardo Esgaio,Fatih Karagümrük,Turquía – Süper Lig,statsbomb
37332,Çağtay Kurukalıp,Fatih Karagümrük,Turquía – Süper Lig,statsbomb
7699,Daniele Verde,Fatih Karagümrük,Turquía – Süper Lig,statsbomb
518629,Nikoloz Ugrekhelidze,Fatih Karagümrük,Turquía – Süper Lig,statsbomb
89326,David Datro Fofana,Fatih Karagümrük,Turquía – Süper Lig,statsbomb
49235,Atakan Cankaya,Fatih Karagümrük,Turquía – Süper Lig,statsbomb
39254,Bartuğ Elmaz,Fatih Karagümrük,Turquía – Süper Lig,statsbomb
541071,Moussa Kone,Fatih Karagümrük,Turquía – Süper Lig,statsbomb
11815,Daniel Johnson,Fatih Karagümrük,Turquía – Süper Lig,statsbomb
133497,Serginho,Fatih Karagümrük,Turquía – Süper Lig,statsbomb
521037,Muhammed Kadıoğlu,Fatih Karagümrük,Turquía – Süper Lig,statsbomb
271029,Alper Demirol,Fatih Karagümrük,Turquía – Süper Lig,statsbomb
487693,Tarık Kalpaklı,Fatih Karagümrük,Turquía – Süper Lig,statsbomb
16456,Enzo Roco,Fatih Karagümrük,Turquía – Süper Lig,statsbomb
7140,Davide Biraschi,Fatih Karagümrük,Turquía – Süper Lig,statsbomb
7993,Filip Mladenovic,Fatih Karagümrük,Turquía – Süper Lig,statsbomb
26256,Igor Lichnovsky,Fatih Karagümrük,Turquía – Süper Lig,statsbomb
440116,Ahmet Sivri,Fatih Karagümrük,Turquía – Süper Lig,statsbomb
7760,Sam Larsson,Fatih Karagümrük,Turquía – Süper Lig,statsbomb
30940,Jure Balkovec,Fatih Karagümrük,Turquía – Süper Lig,statsbomb
28362,Indrit Tuci,Kayserispor,Turquía – Süper Lig,statsbomb
409750,Deniz Donmezer,Kayserispor,Turquía – Süper Lig,statsbomb
18651,Carlos Mané,Kayserispor,Turquía – Süper Lig,statsbomb
6824,Lionel Carole,Kayserispor,Turquía – Süper Lig,statsbomb
406157,Abdulsamet Burak,Kayserispor,Turquía – Süper Lig,statsbomb
36759,Bilal Bayazıt,Kayserispor,Turquía – Süper Lig,statsbomb
5228,Majid Hosseini,Kayserispor,Turquía – Süper Lig,statsbomb
11383,László Bénes,Kayserispor,Turquía – Süper Lig,statsbomb
8271,Joshua Brenet,Kayserispor,Turquía – Süper Lig,statsbomb
25775,Yaw Ackah,Kayserispor,Turquía – Süper Lig,statsbomb
3799,Youssef Bennasser,Kayserispor,Turquía – Süper Lig,statsbomb
30720,Nurettin Korkmaz,Kayserispor,Turquía – Süper Lig,statsbomb
16283,Stefano Denswil,Kayserispor,Turquía – Süper Lig,statsbomb
44192,Denis Makarov,Kayserispor,Turquía – Süper Lig,statsbomb
30716,Furkan Soyalp,Kayserispor,Turquía – Süper Lig,statsbomb
8323,Gideon Jung,Kayserispor,Turquía – Süper Lig,statsbomb
140219,Yiğit Çeltik,Kayserispor,Turquía – Süper Lig,statsbomb
21271,Dorukhan Toköz,Kayserispor,Turquía – Süper Lig,statsbomb
21420,Görkem Sağlam,Kayserispor,Turquía – Süper Lig,statsbomb
133304,Semih Güler,Kayserispor,Turquía – Süper Lig,statsbomb
10852,Miguel Cardoso,Kayserispor,Turquía – Süper Lig,statsbomb
93445,Talha Sarıarslan,Kayserispor,Turquía – Süper Lig,statsbomb
45912,German Onugkha,Kayserispor,Turquía – Süper Lig,statsbomb
22156,João Mendes,Kayserispor,Turquía – Süper Lig,statsbomb
405592,Ensar Kemaloğlu,Gençlerbirligi,Turquía – Süper Lig,statsbomb
307129,Zan Zuzek,Gençlerbirligi,Turquía – Süper Lig,statsbomb
49004,Ricardo Velho,Gençlerbirligi,Turquía – Süper Lig,statsbomb
399091,Dal Varešanović,Gençlerbirligi,Turquía – Süper Lig,statsbomb
134818,Metehan Mimaroğlu,Gençlerbirligi,Turquía – Süper Lig,statsbomb
133882,Erhan Erentürk,Gençlerbirligi,Turquía – Süper Lig,statsbomb
23623,Sékou Koïta,Gençlerbirligi,Turquía – Süper Lig,statsbomb
133476,Oğulcan Ülgün,Gençlerbirligi,Turquía – Süper Lig,statsbomb
5661,M'Baye Niang,Gençlerbirligi,Turquía – Süper Lig,statsbomb
485563,Dilhan Demir,Gençlerbirligi,Turquía – Süper Lig,statsbomb
32948,Abdurrahim Dursun,Gençlerbirligi,Turquía – Süper Lig,statsbomb
7866,Michal Nalepa,Gençlerbirligi,Turquía – Süper Lig,statsbomb
389882,Kevin Csoboth,Gençlerbirligi,Turquía – Süper Lig,statsbomb
15995,Henry Onyekuru,Gençlerbirligi,Turquía – Süper Lig,statsbomb
15921,Dimitrios Goutas,Gençlerbirligi,Turquía – Süper Lig,statsbomb
8423,Pedro Pereira,Gençlerbirligi,Turquía – Süper Lig,statsbomb
16273,Adama Traoré,Gençlerbirligi,Turquía – Süper Lig,statsbomb
5466,Peter Etebo,Gençlerbirligi,Turquía – Süper Lig,statsbomb
63200,Samed Onur,Gençlerbirligi,Turquía – Süper Lig,statsbomb
134214,Sinan Osmanoğlu,Gençlerbirligi,Turquía – Süper Lig,statsbomb
31710,Fıratcan Üzüm,Gençlerbirligi,Turquía – Süper Lig,statsbomb
545226,Ousmane Diabate,Gençlerbirligi,Turquía – Süper Lig,statsbomb
232700,Thalisson,Gençlerbirligi,Turquía – Süper Lig,statsbomb
39256,Franco Tongya,Gençlerbirligi,Turquía – Süper Lig,statsbomb
410742,Yusuf Akçiçek,Fenerbahçe,Turquía – Süper Lig,statsbomb
16531,Dominik Livaković,Fenerbahçe,Turquía – Süper Lig,statsbomb
30311,İrfan Can Kahveci,Fenerbahçe,Turquía – Süper Lig,statsbomb
404573,Sidiki Cherif,Fenerbahçe,Turquía – Süper Lig,statsbomb
133466,Oğuz Aydın,Fenerbahçe,Turquía – Süper Lig,statsbomb
48383,Abdülkerim Bardakcı,Galatasaray,Turquía – Süper Lig,statsbomb
531786,Ada Yüzgeç,Galatasaray,Turquía – Süper Lig,statsbomb
134209,Barış Alper Yılmaz,Galatasaray,Turquía – Süper Lig,statsbomb
3951,Mario Lemina,Galatasaray,Turquía – Süper Lig,statsbomb
414764,Gökdeniz Gürpüz,Galatasaray,Turquía – Süper Lig,statsbomb
41674,Berkan Kutlu,Galatasaray,Turquía – Süper Lig,statsbomb
36539,Wilfried Singo,Galatasaray,Turquía – Süper Lig,statsbomb
3494,Davinson Sánchez,Galatasaray,Turquía – Süper Lig,statsbomb
490648,Adem Arous,Kasımpaşa,Turquía – Süper Lig,statsbomb
283616,Cem Üstündag,Kasımpaşa,Turquía – Süper Lig,statsbomb
32263,Kamil Çörekçi,Kasımpaşa,Turquía – Süper Lig,statsbomb
37100,Jhon Espinoza,Kasımpaşa,Turquía – Süper Lig,statsbomb
35474,Pape Guèye,Kasımpaşa,Turquía – Süper Lig,statsbomb
16045,Rodrigo Becão,Kasımpaşa,Turquía – Süper Lig,statsbomb
28376,Jim Allevinah,Kasımpaşa,Turquía – Süper Lig,statsbomb
4424,Cafú,Kasımpaşa,Turquía – Süper Lig,statsbomb
30311,İrfan Can Kahveci,Kasımpaşa,Turquía – Süper Lig,statsbomb
46376,Attila Szalai,Kasımpaşa,Turquía – Süper Lig,statsbomb
35625,Andri Baldursson,Kasımpaşa,Turquía – Süper Lig,statsbomb
3648,Cenk Tosun,Kasımpaşa,Turquía – Süper Lig,statsbomb
8398,Kerem Demirbay,Kasımpaşa,Turquía – Süper Lig,statsbomb
26772,Cláudio Winck,Kasımpaşa,Turquía – Süper Lig,statsbomb
437975,Victor Gidado,Gazişehir Gaziantep,Turquía – Süper Lig,statsbomb
541042,Muhammet Akmelek,Gazişehir Gaziantep,Turquía – Süper Lig,statsbomb
477311,Ali Osman Kalın,Gazişehir Gaziantep,Turquía – Süper Lig,statsbomb
301358,Ogün Özçiçek,Gazişehir Gaziantep,Turquía – Süper Lig,statsbomb
4277,Badou Ndiaye,Gazişehir Gaziantep,Turquía – Süper Lig,statsbomb
8358,Juninho Bacuna,Gazişehir Gaziantep,Turquía – Süper Lig,statsbomb
6678,Emmanuel Boateng,Gazişehir Gaziantep,Turquía – Süper Lig,statsbomb
35647,Christopher Lungoyi,Gazişehir Gaziantep,Turquía – Süper Lig,statsbomb
137398,Rob Nizet,Gazişehir Gaziantep,Turquía – Süper Lig,statsbomb
140584,Yusuf Kabadayi,Gazişehir Gaziantep,Turquía – Süper Lig,statsbomb
26718,Kacper Kozlowski,Gazişehir Gaziantep,Turquía – Süper Lig,statsbomb
41097,Drissa Camara,Gazişehir Gaziantep,Turquía – Süper Lig,statsbomb
42774,Burak Bozan,Gazişehir Gaziantep,Turquía – Süper Lig,statsbomb
6885,Kévin Rodrigues,Gazişehir Gaziantep,Turquía – Süper Lig,statsbomb
15831,Myenty Abena,Gazişehir Gaziantep,Turquía – Süper Lig,statsbomb
403665,Enver Kulašin,Gazişehir Gaziantep,Turquía – Süper Lig,statsbomb
32004,Nihad Mujakić,Gazişehir Gaziantep,Turquía – Süper Lig,statsbomb
133668,Melih Kabasakal,Gazişehir Gaziantep,Turquía – Süper Lig,statsbomb
30779,Arda Kızıldağ,Gazişehir Gaziantep,Turquía – Süper Lig,statsbomb
9874,Salem M'Bakata,Gazişehir Gaziantep,Turquía – Süper Lig,statsbomb
24266,Luis Pérez,Gazişehir Gaziantep,Turquía – Süper Lig,statsbomb
51028,Mirza Cihan,Gazişehir Gaziantep,Turquía – Süper Lig,statsbomb
32922,Zafer Görgen,Gazişehir Gaziantep,Turquía – Süper Lig,statsbomb
133300,Tayyib Sanuç,Gazişehir Gaziantep,Turquía – Süper Lig,statsbomb
130984,Deian Sorescu,Gazişehir Gaziantep,Turquía – Süper Lig,statsbomb
451094,Arda Yavuz,Eyüpspor,Turquía – Süper Lig,statsbomb
15999,Emre Akbaba,Eyüpspor,Turquía – Süper Lig,statsbomb
33218,Luccas Claro,Eyüpspor,Turquía – Süper Lig,statsbomb
133127,Taşkın İlter,Eyüpspor,Turquía – Süper Lig,statsbomb
421969,Charles-André Raux Yao,Eyüpspor,Turquía – Süper Lig,statsbomb
30349,Mame Thiam,Eyüpspor,Turquía – Süper Lig,statsbomb
30316,Robin Yalçın,Eyüpspor,Turquía – Süper Lig,statsbomb
94726,Metehan Altunbaş,Eyüpspor,Turquía – Süper Lig,statsbomb
33016,Marcos Felipe,Eyüpspor,Turquía – Süper Lig,statsbomb
133668,Melih Kabasakal,Eyüpspor,Turquía – Süper Lig,statsbomb
545153,Abdou Khadre Sy,Eyüpspor,Turquía – Süper Lig,statsbomb
412247,Ángel Torres,Eyüpspor,Turquía – Süper Lig,statsbomb
268480,Denis Radu,Eyüpspor,Turquía – Süper Lig,statsbomb
20965,Jérôme Onguéné,Eyüpspor,Turquía – Süper Lig,statsbomb
12554,Serdar Gürler,Eyüpspor,Turquía – Süper Lig,statsbomb
11000,Taras Stepanenko,Eyüpspor,Turquía – Süper Lig,statsbomb
8398,Kerem Demirbay,Eyüpspor,Turquía – Süper Lig,statsbomb
30339,Halil Akbunar,Eyüpspor,Turquía – Süper Lig,statsbomb
44972,Prince Ampem,Eyüpspor,Turquía – Süper Lig,statsbomb
133425,Mateusz Łęgowski,Eyüpspor,Turquía – Süper Lig,statsbomb
44447,Calegari,Eyüpspor,Turquía – Süper Lig,statsbomb
7446,Umut Bozok,Eyüpspor,Turquía – Süper Lig,statsbomb
451485,Boran Başkan,Trabzonspor,Turquía – Süper Lig,statsbomb
6376,Stefan Savic,Trabzonspor,Turquía – Süper Lig,statsbomb
445599,Ahmet Doğan Yıldırım,Trabzonspor,Turquía – Süper Lig,statsbomb
44772,Batista Mendy,Trabzonspor,Turquía – Süper Lig,statsbomb
46210,Benjamin Bouchouari,Trabzonspor,Turquía – Süper Lig,statsbomb
30356,Anthony Nwakaeme,Trabzonspor,Turquía – Süper Lig,statsbomb
90961,Tim Jabol-Folcarelli,Trabzonspor,Turquía – Süper Lig,statsbomb
48295,Mustafa Eskihellaç,Trabzonspor,Turquía – Süper Lig,statsbomb
12555,Okay Yokuşlu,Trabzonspor,Turquía – Süper Lig,statsbomb
132960,Mathias Løvik,Trabzonspor,Turquía – Süper Lig,statsbomb
31892,Oleksandr Zubkov,Trabzonspor,Turquía – Süper Lig,statsbomb
24478,Paul Onuachu,Trabzonspor,Turquía – Süper Lig,statsbomb
414291,Wagner Pina,Trabzonspor,Turquía – Süper Lig,statsbomb
472614,Oğuzhan Ertem,Trabzonspor,Turquía – Süper Lig,statsbomb
45828,Arseniy Batagov,Trabzonspor,Turquía – Süper Lig,statsbomb
529890,Yiğithan Çubukcu,Trabzonspor,Turquía – Süper Lig,statsbomb
32481,Muhammed Cham,Trabzonspor,Turquía – Süper Lig,statsbomb
30357,Uğurcan Çakır,Trabzonspor,Turquía – Süper Lig,statsbomb
414622,Onuralp Çevikkan,Trabzonspor,Turquía – Süper Lig,statsbomb
451478,Taha Emre İnce,Trabzonspor,Turquía – Süper Lig,statsbomb
177767,Cihan Çanak,Trabzonspor,Turquía – Süper Lig,statsbomb
30397,Lubomir Satka,Samsunspor,Turquía – Süper Lig,statsbomb
410039,Eyüp Aydın,Samsunspor,Turquía – Süper Lig,statsbomb
332097,Arbnor Muja,Samsunspor,Turquía – Süper Lig,statsbomb
18574,Carlo Holse,Samsunspor,Turquía – Süper Lig,statsbomb
383143,Jaurès Assoumou,Samsunspor,Turquía – Süper Lig,statsbomb
136408,Antoine Makoumbou,Samsunspor,Turquía – Süper Lig,statsbomb
289887,Logi Tómasson,Samsunspor,Turquía – Süper Lig,statsbomb
541154,Ali Badra Diabaté,Samsunspor,Turquía – Süper Lig,statsbomb
30206,Zeki Yavru,Samsunspor,Turquía – Süper Lig,statsbomb
30337,Yalçın Kayan,Samsunspor,Turquía – Süper Lig,statsbomb
133982,Polat Yaldır,Samsunspor,Turquía – Süper Lig,statsbomb
39397,Afonso Sousa,Samsunspor,Turquía – Süper Lig,statsbomb
8301,Rick van Drongelen,Samsunspor,Turquía – Süper Lig,statsbomb
8242,Landry Dimata,Samsunspor,Turquía – Süper Lig,statsbomb
133985,Soner Gönül,Samsunspor,Turquía – Süper Lig,statsbomb
11168,Marius Mouandilmadji,Samsunspor,Turquía – Süper Lig,statsbomb
10530,Olivier Ntcham,Samsunspor,Turquía – Süper Lig,statsbomb
525145,Tahsin Bülbül,Samsunspor,Turquía – Süper Lig,statsbomb
47278,İrfan Eğribayat,Samsunspor,Turquía – Süper Lig,statsbomb
32672,Tanguy Coulibaly,Samsunspor,Turquía – Süper Lig,statsbomb
162355,Joe Mendes,Samsunspor,Turquía – Süper Lig,statsbomb
10569,Toni Borevković,Samsunspor,Turquía – Süper Lig,statsbomb
33093,Okan Kocuk,Samsunspor,Turquía – Süper Lig,statsbomb
32833,Tarık Çetin,Fenerbahçe,Turquía – Süper Lig,statsbomb
4664,Sebastian Szymanski,Fenerbahçe,Turquía – Süper Lig,statsbomb
30310,Mert Günok,Fenerbahçe,Turquía – Süper Lig,statsbomb
3648,Cenk Tosun,Fenerbahçe,Turquía – Süper Lig,statsbomb
47278,İrfan Eğribayat,Fenerbahçe,Turquía – Süper Lig,statsbomb
396634,Abbosbek Fayzullaev,Istanbul Basaksehir,Turquía – Süper Lig,statsbomb
133440,Miguel Crespo,Istanbul Basaksehir,Turquía – Süper Lig,statsbomb
25383,Léo Duarte,Istanbul Basaksehir,Turquía – Süper Lig,statsbomb
145594,Emrecan Terzi,Beşiktaş,Turquía – Süper Lig,statsbomb
128123,Felipe Augusto,Trabzonspor,Turquía – Süper Lig,statsbomb
33115,Danylo Sikan,Trabzonspor,Turquía – Süper Lig,statsbomb
57303,Kristjan Asllani,Beşiktaş,Turquía – Süper Lig,statsbomb
525735,Devrim Şahin,Beşiktaş,Turquía – Süper Lig,statsbomb
333239,Baran Moğultay,Alanyaspor,Turquía – Süper Lig,statsbomb
39254,Bartuğ Elmaz,Fenerbahçe,Turquía – Süper Lig,statsbomb
6971,Cengiz Ünder,Fenerbahçe,Turquía – Süper Lig,statsbomb
3067,Ederson,Fenerbahçe,Turquía – Süper Lig,statsbomb
24946,Sacha Boey,Galatasaray,Turquía – Süper Lig,statsbomb
50434,Mithat Pala,Rizespor,Turquía – Süper Lig,statsbomb
439762,Furkan Orak,Rizespor,Turquía – Süper Lig,statsbomb
404571,Amine Cherni,Göztepe,Turquía – Süper Lig,statsbomb
553380,Eren Yağmur,Konyaspor,Turquía – Süper Lig,statsbomb
99280,Adamo Nagalo,Konyaspor,Turquía – Süper Lig,statsbomb
473329,Muzaffer Eriş,Konyaspor,Turquía – Süper Lig,statsbomb
185472,Maestro,Alanyaspor,Turquía – Süper Lig,statsbomb
133168,Bertuğ Yıldırım,Istanbul Basaksehir,Turquía – Süper Lig,statsbomb
7357,Ousseynou Ba,Istanbul Basaksehir,Turquía – Süper Lig,statsbomb
37354,Ömer Beyaz,Istanbul Basaksehir,Turquía – Süper Lig,statsbomb
23920,Mamadou Fall,Kasımpaşa,Turquía – Süper Lig,statsbomb
30331,Nazim Sangaré,Gazişehir Gaziantep,Turquía – Süper Lig,statsbomb
8550,Alexandru Maxim,Gazişehir Gaziantep,Turquía – Süper Lig,statsbomb
133981,Yunus Çift,Samsunspor,Turquía – Süper Lig,statsbomb
47439,Eren Elmali,Galatasaray,Turquía – Süper Lig,statsbomb
22200,Ahmed Kutucu,Galatasaray,Turquía – Süper Lig,statsbomb
6987,Mauro Icardi,Galatasaray,Turquía – Süper Lig,statsbomb
133727,Batuhan Şen,Galatasaray,Turquía – Süper Lig,statsbomb
30357,Uğurcan Çakır,Galatasaray,Turquía – Süper Lig,statsbomb
60514,Yáser Asprilla,Galatasaray,Turquía – Süper Lig,statsbomb
30445,Günay Güvenç,Galatasaray,Turquía – Süper Lig,statsbomb
16062,Nicolò Zaniolo,Galatasaray,Turquía – Süper Lig,statsbomb
32915,Ismail Jakobs,Galatasaray,Turquía – Süper Lig,statsbomb
39422,Metehan Baltacı,Galatasaray,Turquía – Süper Lig,statsbomb
21547,Noa Lang,Galatasaray,Turquía – Süper Lig,statsbomb
10287,İlkay Gündoğan,Galatasaray,Turquía – Süper Lig,statsbomb
3053,Leroy Sané,Galatasaray,Turquía – Süper Lig,statsbomb
19316,Roland Sallai,Galatasaray,Turquía – Süper Lig,statsbomb
12293,Kaan Ayhan,Galatasaray,Turquía – Süper Lig,statsbomb
32597,Gabriel Sara,Galatasaray,Turquía – Süper Lig,statsbomb
5266,Lucas Torreira,Galatasaray,Turquía – Süper Lig,statsbomb
45454,Oh Hyun-Gyu,Beşiktaş,Turquía – Süper Lig,statsbomb
6746,Gabriel Paulista,Beşiktaş,Turquía – Süper Lig,statsbomb
29992,Tiago Djaló,Beşiktaş,Turquía – Süper Lig,statsbomb
396381,Taylan Bulut,Beşiktaş,Turquía – Süper Lig,statsbomb
34534,Rıdvan Yılmaz,Beşiktaş,Turquía – Süper Lig,statsbomb
20637,Salih Uçan,Beşiktaş,Turquía – Süper Lig,statsbomb
16437,Necip Uysal,Beşiktaş,Turquía – Süper Lig,statsbomb
8116,Vaclav Cerny,Beşiktaş,Turquía – Süper Lig,statsbomb
3338,Wilfred Ndidi,Beşiktaş,Turquía – Süper Lig,statsbomb
5641,Amir Murillo,Beşiktaş,Turquía – Süper Lig,statsbomb
49705,Emmanuel Agbadou,Beşiktaş,Turquía – Süper Lig,statsbomb
8245,Felix Uduokhai,Beşiktaş,Turquía – Süper Lig,statsbomb
293208,Yasin Özcan,Beşiktaş,Turquía – Süper Lig,statsbomb
414726,Mustafa Hekimoğlu,Beşiktaş,Turquía – Süper Lig,statsbomb
133028,Emirhan Topçu,Beşiktaş,Turquía – Süper Lig,statsbomb
6971,Cengiz Ünder,Beşiktaş,Turquía – Süper Lig,statsbomb
32734,Kartal Yilmaz,Beşiktaş,Turquía – Süper Lig,statsbomb
34865,El Bilal Touré,Beşiktaş,Turquía – Süper Lig,statsbomb
243081,Emir Ortakaya,Rizespor,Turquía – Süper Lig,statsbomb
49175,Erdem Canpolat,Rizespor,Turquía – Süper Lig,statsbomb
134099,Adedire Mebude,Rizespor,Turquía – Süper Lig,statsbomb
134722,Taha Şahin,Rizespor,Turquía – Süper Lig,statsbomb
135730,Ibrahim Olawoyin,Rizespor,Turquía – Süper Lig,statsbomb
133305,Samet Akaydin,Rizespor,Turquía – Süper Lig,statsbomb
28222,Vaclav Jurecka,Rizespor,Turquía – Süper Lig,statsbomb
10709,Modibo Sagnan,Rizespor,Turquía – Süper Lig,statsbomb
439849,Muhamed Buljubasic,Rizespor,Turquía – Süper Lig,statsbomb
103207,Loide Augusto,Rizespor,Turquía – Süper Lig,statsbomb
32921,Taylan Antalyalı,Rizespor,Turquía – Süper Lig,statsbomb
72512,Valentin Mihăilă,Rizespor,Turquía – Süper Lig,statsbomb
7531,Qazim Laçi,Rizespor,Turquía – Süper Lig,statsbomb
50938,Ali Sowe,Rizespor,Turquía – Süper Lig,statsbomb
32013,Giannis Papanikolaou,Rizespor,Turquía – Süper Lig,statsbomb
24414,Casper Höjer,Rizespor,Turquía – Süper Lig,statsbomb
399091,Dal Varešanović,Rizespor,Turquía – Süper Lig,statsbomb
101831,Attila Mocsi,Rizespor,Turquía – Süper Lig,statsbomb
106904,Jesurun Sakyi,Rizespor,Turquía – Süper Lig,statsbomb
21567,Halil Dervişoğlu,Rizespor,Turquía – Süper Lig,statsbomb
23777,Frantzdy Pierrot,Rizespor,Turquía – Süper Lig,statsbomb
125660,Khusniddin Alikulov,Rizespor,Turquía – Süper Lig,statsbomb
133509,Serhat Öztaşdelen,Kocaelispor,Turquía – Süper Lig,statsbomb
4840,Massadio Haïdara,Kocaelispor,Turquía – Süper Lig,statsbomb
8704,Mateusz Wieteska,Kocaelispor,Turquía – Süper Lig,statsbomb
548064,Arda Özyar,Kocaelispor,Turquía – Süper Lig,statsbomb
441538,Furkan Gedik,Kocaelispor,Turquía – Süper Lig,statsbomb
18517,Aleksandar Jovanovic,Kocaelispor,Turquía – Süper Lig,statsbomb
45489,Rigoberto Rivas,Kocaelispor,Turquía – Süper Lig,statsbomb
7693,Bruno Petkovic,Kocaelispor,Turquía – Süper Lig,statsbomb
81435,Can Keleş,Kocaelispor,Turquía – Süper Lig,statsbomb
40140,Oleksandr Syrota,Kocaelispor,Turquía – Süper Lig,statsbomb
30253,Aaron Appindangoyé,Kocaelispor,Turquía – Süper Lig,statsbomb
30322,Darko Churlinov,Kocaelispor,Turquía – Süper Lig,statsbomb
29213,Tarkan Serbest,Kocaelispor,Turquía – Süper Lig,statsbomb
133534,Muharrem Cinan,Kocaelispor,Turquía – Süper Lig,statsbomb
40485,Ryan Mendes,Kocaelispor,Turquía – Süper Lig,statsbomb
39683,Botond Balogh,Kocaelispor,Turquía – Süper Lig,statsbomb
31016,Show,Kocaelispor,Turquía – Süper Lig,statsbomb
7964,Karol Linetty,Kocaelispor,Turquía – Süper Lig,statsbomb
106391,Habib Keïta,Kocaelispor,Turquía – Süper Lig,statsbomb
30274,Ahmet Oğuz,Kocaelispor,Turquía – Süper Lig,statsbomb
199108,Joseph Nonge,Kocaelispor,Turquía – Süper Lig,statsbomb
4182,Anfernee Dijksteel,Kocaelispor,Turquía – Süper Lig,statsbomb
30733,Oğulcan Çağlayan,Kocaelispor,Turquía – Süper Lig,statsbomb
31969,Tayfur Bingöl,Kocaelispor,Turquía – Süper Lig,statsbomb
301347,Samet Yalçın,Kocaelispor,Turquía – Süper Lig,statsbomb
9232,Serdar Dursun,Kocaelispor,Turquía – Süper Lig,statsbomb
134106,Mahamadou Susoho,Kocaelispor,Turquía – Süper Lig,statsbomb
133378,Gökhan Değirmenci,Kocaelispor,Turquía – Süper Lig,statsbomb
30590,Cihat Celik,Kocaelispor,Turquía – Süper Lig,statsbomb
3965,Dan Agyei,Kocaelispor,Turquía – Süper Lig,statsbomb
136030,Junior Olaitan,Göztepe,Turquía – Süper Lig,statsbomb
133465,Furkan Bayır,Göztepe,Turquía – Süper Lig,statsbomb
232345,Rhaldney,Göztepe,Turquía – Süper Lig,statsbomb
38337,Efkan Bekiroğlu,Göztepe,Turquía – Süper Lig,statsbomb
33580,Juan,Göztepe,Turquía – Süper Lig,statsbomb
46420,Filip Krastev,Göztepe,Turquía – Süper Lig,statsbomb
392190,Janderson,Göztepe,Turquía – Süper Lig,statsbomb
257184,Allan Godói,Göztepe,Turquía – Süper Lig,statsbomb
8979,Mateusz Lis,Göztepe,Turquía – Süper Lig,statsbomb
446325,Ibrahim Sabra,Göztepe,Turquía – Süper Lig,statsbomb
390366,Anthony Dennis,Göztepe,Turquía – Süper Lig,statsbomb
141879,Arda Kurtulan,Göztepe,Turquía – Süper Lig,statsbomb
16538,İsmail Köybaşı,Göztepe,Turquía – Süper Lig,statsbomb
392996,Jeh,Göztepe,Turquía – Süper Lig,statsbomb
133530,Ogün Bayrak,Göztepe,Turquía – Süper Lig,statsbomb
24026,Ruan,Göztepe,Turquía – Süper Lig,statsbomb
135379,Musah Mohammed,Göztepe,Turquía – Süper Lig,statsbomb
136055,Novatus Miroshi,Göztepe,Turquía – Süper Lig,statsbomb
30302,Ahmed Ildız,Göztepe,Turquía – Süper Lig,statsbomb
58808,Uğur Kaan Yıldız,Göztepe,Turquía – Süper Lig,statsbomb
558048,Enes Seven,Konyaspor,Turquía – Süper Lig,statsbomb
47329,Alassane Ndao,Konyaspor,Turquía – Süper Lig,statsbomb
7974,Guilherme,Konyaspor,Turquía – Süper Lig,statsbomb
48381,Adil Demirbağ,Konyaspor,Turquía – Süper Lig,statsbomb
27941,Sander Svendsen,Konyaspor,Turquía – Süper Lig,statsbomb
409763,Jin-ho Jo,Konyaspor,Turquía – Süper Lig,statsbomb
158973,Rayyan Baniya,Konyaspor,Turquía – Süper Lig,statsbomb
130540,Marius Ștefănescu,Konyaspor,Turquía – Süper Lig,statsbomb
30372,Marko Jevtovic,Konyaspor,Turquía – Süper Lig,statsbomb
30440,Deniz Türüç,Konyaspor,Turquía – Süper Lig,statsbomb
44598,Yhoan Andzouana,Konyaspor,Turquía – Süper Lig,statsbomb
552293,Ata Yanık,Konyaspor,Turquía – Süper Lig,statsbomb
416242,Kaan Akyazi,Konyaspor,Turquía – Süper Lig,statsbomb
38955,Tunahan Taşçı,Konyaspor,Turquía – Süper Lig,statsbomb
33244,Uğurcan Yazğılı,Konyaspor,Turquía – Süper Lig,statsbomb
9612,Diogo Gonçalves,Konyaspor,Turquía – Süper Lig,statsbomb
30721,Yasir Subasi,Konyaspor,Turquía – Süper Lig,statsbomb
8236,Riechedly Bazoer,Konyaspor,Turquía – Süper Lig,statsbomb
547120,Ömer Çobanoğlu,Konyaspor,Turquía – Süper Lig,statsbomb
32484,Melih İbrahimoğlu,Konyaspor,Turquía – Süper Lig,statsbomb
115787,Kazeem Olaigbe,Konyaspor,Turquía – Süper Lig,statsbomb
126467,Pedrinho,Konyaspor,Turquía – Süper Lig,statsbomb
358714,Deniz Ertaş,Konyaspor,Turquía – Süper Lig,statsbomb
48891,Jackson Muleka,Konyaspor,Turquía – Süper Lig,statsbomb
553779,Ahmet Dağdevir,Konyaspor,Turquía – Süper Lig,statsbomb
41674,Berkan Kutlu,Konyaspor,Turquía – Süper Lig,statsbomb
29004,Blaz Kramer,Konyaspor,Turquía – Süper Lig,statsbomb
478074,Esat Buğa,Konyaspor,Turquía – Süper Lig,statsbomb
553780,Ahmet Tırpancı,Konyaspor,Turquía – Süper Lig,statsbomb
256931,Batuhan Yavuz,Alanyaspor,Turquía – Süper Lig,statsbomb
25255,Paulo Victor,Alanyaspor,Turquía – Süper Lig,statsbomb
30247,Güven Yalçın,Alanyaspor,Turquía – Süper Lig,statsbomb
31866,Andraz Sporar,Alanyaspor,Turquía – Süper Lig,statsbomb
133121,Enes Keskin,Alanyaspor,Turquía – Süper Lig,statsbomb
35684,Meschack Elia,Alanyaspor,Turquía – Süper Lig,statsbomb
30286,Efecan Karaca,Alanyaspor,Turquía – Süper Lig,statsbomb
133303,İzzet Çelik,Alanyaspor,Turquía – Süper Lig,statsbomb
10885,Bruno Vianna,Alanyaspor,Turquía – Süper Lig,statsbomb
102903,Gaius Makouta,Alanyaspor,Turquía – Süper Lig,statsbomb
307239,Ruan,Alanyaspor,Turquía – Süper Lig,statsbomb
61062,Yusuf Özdemir,Alanyaspor,Turquía – Süper Lig,statsbomb
29966,Ui-Jo Hwang,Alanyaspor,Turquía – Süper Lig,statsbomb
28565,Ianis Hagi,Alanyaspor,Turquía – Süper Lig,statsbomb
133751,Nuno Lima,Alanyaspor,Turquía – Süper Lig,statsbomb
26909,Fidan Aliti,Alanyaspor,Turquía – Süper Lig,statsbomb
22101,Fatih Aksoy,Alanyaspor,Turquía – Süper Lig,statsbomb
3618,Florent Hadergjonaj,Alanyaspor,Turquía – Süper Lig,statsbomb
3257,Steve Mounié,Alanyaspor,Turquía – Süper Lig,statsbomb
5243,Amine Harit,Istanbul Basaksehir,Turquía – Süper Lig,statsbomb
40922,Ivan Brnic,Istanbul Basaksehir,Turquía – Süper Lig,statsbomb
8935,Onur Bulut,Istanbul Basaksehir,Turquía – Süper Lig,statsbomb
7355,Olivier Kemen,Istanbul Basaksehir,Turquía – Süper Lig,statsbomb
30273,Berat Özdemir,Istanbul Basaksehir,Turquía – Süper Lig,statsbomb
104758,Deniz Dilmen,Istanbul Basaksehir,Turquía – Süper Lig,statsbomb
423338,Hamza Güreler,Istanbul Basaksehir,Turquía – Süper Lig,statsbomb
133157,Kazımcan Karataş,Istanbul Basaksehir,Turquía – Süper Lig,statsbomb
44028,Eldor Shomurodov,Istanbul Basaksehir,Turquía – Süper Lig,statsbomb
79949,Muhammed Şengezer,Istanbul Basaksehir,Turquía – Süper Lig,statsbomb
11279,Davie Selke,Istanbul Basaksehir,Turquía – Süper Lig,statsbomb
30369,Ömer Ali Şahiner,Istanbul Basaksehir,Turquía – Süper Lig,statsbomb
33160,Umut Güneş,Istanbul Basaksehir,Turquía – Süper Lig,statsbomb
31502,Jerome Opoku,Istanbul Basaksehir,Turquía – Süper Lig,statsbomb
30440,Deniz Türüç,Istanbul Basaksehir,Turquía – Süper Lig,statsbomb
38868,Festy Ebosele,Istanbul Basaksehir,Turquía – Süper Lig,statsbomb
4594,Yusuf Sari,Istanbul Basaksehir,Turquía – Süper Lig,statsbomb
397354,Taylan Aydın,Kasımpaşa,Turquía – Süper Lig,statsbomb
133590,Atakan Müjde,Kasımpaşa,Turquía – Süper Lig,statsbomb
47274,Ali Kol,Kasımpaşa,Turquía – Süper Lig,statsbomb
12499,Nicholas Opoku,Kasımpaşa,Turquía – Süper Lig,statsbomb
34331,Yusuf Barasi,Kasımpaşa,Turquía – Süper Lig,statsbomb
8688,Adrian Benedyczak,Kasımpaşa,Turquía – Süper Lig,statsbomb
30352,Haris Hajradinovic,Kasımpaşa,Turquía – Süper Lig,statsbomb
410039,Eyüp Aydın,Kasımpaşa,Turquía – Süper Lig,statsbomb
132467,Godfried Frimpong,Kasımpaşa,Turquía – Süper Lig,statsbomb
133164,Mortadha Ben Ouannes,Kasımpaşa,Turquía – Süper Lig,statsbomb
49610,Kubilay Kanatsızkuş,Kasımpaşa,Turquía – Süper Lig,statsbomb
21938,Elayis Tavsan,Samsunspor,Turquía – Süper Lig,statsbomb
485561,Ebrima Ceesay,Samsunspor,Turquía – Süper Lig,statsbomb
30308,Soner Aydoğdu,Samsunspor,Turquía – Süper Lig,statsbomb
133151,Gökhan Sazdağı,Beşiktaş,Turquía – Süper Lig,statsbomb
141536,Demir Tıknaz,Beşiktaş,Turquía – Süper Lig,statsbomb
134272,David Jurásek,Beşiktaş,Turquía – Süper Lig,statsbomb
30305,Edin Visca,Trabzonspor,Turquía – Süper Lig,statsbomb
451487,Onuralp Çakıroğlu,Trabzonspor,Turquía – Süper Lig,statsbomb
115787,Kazeem Olaigbe,Trabzonspor,Turquía – Süper Lig,statsbomb
398124,Salih Malkoçoğlu,Trabzonspor,Turquía – Süper Lig,statsbomb
156446,Arif Boşluk,Trabzonspor,Turquía – Süper Lig,statsbomb
30245,Umut Nayir,Trabzonspor,Turquía – Süper Lig,statsbomb
92611,Ernest Muçi,Trabzonspor,Turquía – Süper Lig,statsbomb
41119,Ersin Destanoğlu,Beşiktaş,Turquía – Süper Lig,statsbomb
7844,Jonas Svensson,Beşiktaş,Turquía – Süper Lig,statsbomb
524049,Samet Karakoç,Antalyaspor,Turquía – Süper Lig,statsbomb
8465,Sander van de Streek,Antalyaspor,Turquía – Süper Lig,statsbomb
30344,Veysel Sarı,Antalyaspor,Turquía – Süper Lig,statsbomb
61279,Abdullah Yiğiter,Antalyaspor,Turquía – Süper Lig,statsbomb
34343,Bünyamin Balcı,Antalyaspor,Turquía – Süper Lig,statsbomb
348512,Barış Kalaycı,Fatih Karagümrük,Turquía – Süper Lig,statsbomb
10867,João Camacho,Fatih Karagümrük,Turquía – Süper Lig,statsbomb
247125,Arif Kocaman,Kayserispor,Turquía – Süper Lig,statsbomb
462899,Kayra Cihan,Kayserispor,Turquía – Süper Lig,statsbomb
125818,Ali Karimi,Kayserispor,Turquía – Süper Lig,statsbomb
48346,Aaron Opoku,Kayserispor,Turquía – Süper Lig,statsbomb
134039,Samuel Mather,Kayserispor,Turquía – Süper Lig,statsbomb
133496,Onurcan Piri,Kayserispor,Turquía – Süper Lig,statsbomb
133166,Onur Ergün,Istanbul Basaksehir,Turquía – Süper Lig,statsbomb
3216,Nuno Da Costa,Istanbul Basaksehir,Turquía – Süper Lig,statsbomb
7592,Christopher Operi,Istanbul Basaksehir,Turquía – Süper Lig,statsbomb
37073,Jakub Kałuziński,Istanbul Basaksehir,Turquía – Süper Lig,statsbomb
29030,Nikola Storm,Antalyaspor,Turquía – Süper Lig,statsbomb
541038,Ahmed Traore,Fatih Karagümrük,Turquía – Süper Lig,statsbomb
3453,Andre Gray,Fatih Karagümrük,Turquía – Süper Lig,statsbomb
42767,Eray Özbek,Kayserispor,Turquía – Süper Lig,statsbomb
485562,Furkan Özcan,Gençlerbirligi,Turquía – Süper Lig,statsbomb
177767,Cihan Çanak,Gençlerbirligi,Turquía – Süper Lig,statsbomb
30267,Gökhan Akkan,Gençlerbirligi,Turquía – Süper Lig,statsbomb
3440,Tammy Abraham,Beşiktaş,Turquía – Süper Lig,statsbomb
48921,Devis Vásquez,Beşiktaş,Turquía – Süper Lig,statsbomb
34782,Tom Dele-Bashiru,Gençlerbirligi,Turquía – Süper Lig,statsbomb
5234,Sofyan Amrabat,Fenerbahçe,Turquía – Süper Lig,statsbomb
18723,Yunus Akgün,Galatasaray,Turquía – Süper Lig,statsbomb
133157,Kazımcan Karataş,Galatasaray,Turquía – Süper Lig,statsbomb
11277,Victor Osimhen,Galatasaray,Turquía – Süper Lig,statsbomb
548060,Esat Narin,Kocaelispor,Turquía – Süper Lig,statsbomb
126744,Héliton,Göztepe,Turquía – Süper Lig,statsbomb
121295,Malcom Bokele,Göztepe,Turquía – Süper Lig,statsbomb
524255,Salem Bouajila,Göztepe,Turquía – Süper Lig,statsbomb
133883,Taha Altıkardeş,Göztepe,Turquía – Süper Lig,statsbomb
475544,Berk Can Yıldızlı,Kasımpaşa,Turquía – Süper Lig,statsbomb
3710,Fousseni Diabaté,Kasımpaşa,Turquía – Süper Lig,statsbomb
32640,Emre Taşdemir,Kasımpaşa,Turquía – Süper Lig,statsbomb
31359,Sokratis Dioudis,Gazişehir Gaziantep,Turquía – Süper Lig,statsbomb
31193,Denis Dragus,Gazişehir Gaziantep,Turquía – Süper Lig,statsbomb
8107,Lenny Pintor,Eyüpspor,Turquía – Süper Lig,statsbomb
15635,Dorin Rotariu,Eyüpspor,Turquía – Süper Lig,statsbomb
198520,Talha Ülvan,Eyüpspor,Turquía – Süper Lig,statsbomb
4712,Samuel Sáiz,Eyüpspor,Turquía – Süper Lig,statsbomb
47606,Mete Demir,Eyüpspor,Turquía – Süper Lig,statsbomb
243081,Emir Ortakaya,Eyüpspor,Turquía – Süper Lig,statsbomb
256944,Baran Gezek,Eyüpspor,Turquía – Süper Lig,statsbomb
443352,Chibuike Nwaiwu,Trabzonspor,Turquía – Süper Lig,statsbomb
4272,João Mário,Beşiktaş,Turquía – Süper Lig,statsbomb
10327,Rafa Silva,Beşiktaş,Turquía – Süper Lig,statsbomb
8064,André Onana,Trabzonspor,Turquía – Süper Lig,statsbomb
534030,Haydar Karataş,Fenerbahçe,Turquía – Süper Lig,statsbomb
459834,Tibet Durakçay,Göztepe,Turquía – Süper Lig,statsbomb
31202,Danijel Aleksic,Konyaspor,Turquía – Süper Lig,statsbomb
134219,Bahadır Güngördü,Konyaspor,Turquía – Süper Lig,statsbomb
228155,Morten Bjørlo,Konyaspor,Turquía – Süper Lig,statsbomb
15317,Andreas Gianniotis,Kasımpaşa,Turquía – Süper Lig,statsbomb
133304,Semih Güler,Gazişehir Gaziantep,Turquía – Süper Lig,statsbomb
541040,Karamba Gassama,Gazişehir Gaziantep,Turquía – Süper Lig,statsbomb
8454,Mohamed Bayo,Gazişehir Gaziantep,Turquía – Süper Lig,statsbomb
544106,Ismaila Manga,Eyüpspor,Turquía – Süper Lig,statsbomb
218677,Bedirhan Ozyurt,Eyüpspor,Turquía – Süper Lig,statsbomb
181156,Jankat Yılmaz,Eyüpspor,Turquía – Süper Lig,statsbomb
31042,Umut Meras,Eyüpspor,Turquía – Süper Lig,statsbomb
532095,Christ Sadia,Eyüpspor,Turquía – Süper Lig,statsbomb
133031,Anıl Yaşar,Eyüpspor,Turquía – Süper Lig,statsbomb
30337,Yalçın Kayan,Eyüpspor,Turquía – Süper Lig,statsbomb
32004,Nihad Mujakić,Eyüpspor,Turquía – Süper Lig,statsbomb
31193,Denis Dragus,Eyüpspor,Turquía – Süper Lig,statsbomb
440813,Guilherme Luiz,Göztepe,Turquía – Süper Lig,statsbomb
171067,Emersonn,Göztepe,Turquía – Süper Lig,statsbomb
48493,Alexis Antunes,Göztepe,Turquía – Süper Lig,statsbomb
6782,Enis Bardhi,Konyaspor,Turquía – Süper Lig,statsbomb
477408,Egemen Aydın,Konyaspor,Turquía – Süper Lig,statsbomb
134082,Melih Bostan,Konyaspor,Turquía – Süper Lig,statsbomb
30245,Umut Nayir,Konyaspor,Turquía – Süper Lig,statsbomb
156446,Arif Boşluk,Konyaspor,Turquía – Süper Lig,statsbomb
130643,Josip Ćalušić,Konyaspor,Turquía – Süper Lig,statsbomb
459874,Uchenna Ogundu,Alanyaspor,Turquía – Süper Lig,statsbomb
32676,Ertugrul Taskiran,Alanyaspor,Turquía – Süper Lig,statsbomb
252303,Ümit Akdağ,Alanyaspor,Turquía – Süper Lig,statsbomb
439998,İbrahim Kaya,Alanyaspor,Turquía – Süper Lig,statsbomb
11088,Ozan Tufan,Trabzonspor,Turquía – Süper Lig,statsbomb
441625,Christ Ravynel,Trabzonspor,Turquía – Süper Lig,statsbomb
30250,Emre Kılınç,Samsunspor,Turquía – Süper Lig,statsbomb
133891,Celil Yüksel,Samsunspor,Turquía – Süper Lig,statsbomb
47333,Fatih Kurucuk,Fatih Karagümrük,Turquía – Süper Lig,statsbomb
27460,Julián Cuesta,Antalyaspor,Turquía – Süper Lig,statsbomb
256946,Poyraz Yıldırım,Antalyaspor,Turquía – Süper Lig,statsbomb
47331,Ramazan Civelek,Kayserispor,Turquía – Süper Lig,statsbomb
136681,Burak Kapacak,Kayserispor,Turquía – Süper Lig,statsbomb
145454,Moussa Kyabou,Gençlerbirligi,Turquía – Süper Lig,statsbomb
534031,Kamil Üregen,Fenerbahçe,Turquía – Süper Lig,statsbomb
16045,Rodrigo Becão,Fenerbahçe,Turquía – Süper Lig,statsbomb
364238,Arda Ünyay,Galatasaray,Turquía – Süper Lig,statsbomb
16470,Matěj Hanousek,Gençlerbirligi,Turquía – Süper Lig,statsbomb
38971,Göktan Gürpüz,Gençlerbirligi,Turquía – Süper Lig,statsbomb
30310,Mert Günok,Beşiktaş,Turquía – Süper Lig,statsbomb
92611,Ernest Muçi,Beşiktaş,Turquía – Süper Lig,statsbomb
36629,Yahia Fofana,Rizespor,Turquía – Süper Lig,statsbomb
42398,Altin Zeqiri,Rizespor,Turquía – Süper Lig,statsbomb
403661,Emrecan Bulut,Rizespor,Turquía – Süper Lig,statsbomb
133748,Ahmet Sagat,Kocaelispor,Turquía – Süper Lig,statsbomb
4473,Nicolas Janvier,Alanyaspor,Turquía – Süper Lig,statsbomb
133523,Ali Yanar,Kasımpaşa,Turquía – Süper Lig,statsbomb
133299,Berke Özer,Eyüpspor,Turquía – Süper Lig,statsbomb
347558,Enes Albak,Samsunspor,Turquía – Süper Lig,statsbomb
265202,Shavy Babicka,Fatih Karagümrük,Turquía – Süper Lig,statsbomb
133888,Tuğbey Akgün,Fatih Karagümrük,Turquía – Süper Lig,statsbomb
2989,Alexander Djiku,Fenerbahçe,Turquía – Süper Lig,statsbomb
133300,Tayyib Sanuç,Beşiktaş,Turquía – Süper Lig,statsbomb
407790,Svit Seslar,Eyüpspor,Turquía – Süper Lig,statsbomb
25760,Cherif Ndiaye,Samsunspor,Turquía – Süper Lig,statsbomb
439144,Mücahit Ibrahimoglu,Konyaspor,Turquía – Süper Lig,statsbomb
473373,Renato Nhaga,Galatasaray,Turquía – Süper Lig,statsbomb
30047,Hrvoje Smolcic,Kocaelispor,Turquía – Süper Lig,statsbomb
407556,Ege Yıldırım,Göztepe,Turquía – Süper Lig,statsbomb
30329,Ufuk Akyol,Konyaspor,Turquía – Süper Lig,statsbomb
405787,Mesut Can Tunalı,Kocaelispor,Turquía – Süper Lig,statsbomb
130909,Daniel Popa,Gençlerbirligi,Turquía – Süper Lig,statsbomb
461204,Can Güner,Galatasaray,Turquía – Süper Lig,statsbomb
55753,Serdar Saatçı,Trabzonspor,Turquía – Süper Lig,statsbomb
158973,Rayyan Baniya,Trabzonspor,Turquía – Süper Lig,statsbomb
8200,Milot Rashica,Beşiktaş,Turquía – Süper Lig,statsbomb
132407,Jota,Beşiktaş,Turquía – Süper Lig,statsbomb
136030,Junior Olaitan,Beşiktaş,Turquía – Süper Lig,statsbomb
22212,Orkun Kökçü,Beşiktaş,Turquía – Süper Lig,statsbomb
16049,Fedor Chalov,Kayserispor,Turquía – Süper Lig,statsbomb
115589,Jadel Katongo,Kayserispor,Turquía – Süper Lig,statsbomb
133151,Gökhan Sazdağı,Kayserispor,Turquía – Süper Lig,statsbomb
16417,Güray Vural,Antalyaspor,Turquía – Süper Lig,statsbomb
42761,Furkan Bekleviç,Fatih Karagümrük,Turquía – Süper Lig,statsbomb
20637,Salih Uçan,Gençlerbirligi,Turquía – Süper Lig,statsbomb
39422,Metehan Baltacı,Gençlerbirligi,Turquía – Süper Lig,statsbomb
30950,Cheikh Niasse,Gençlerbirligi,Turquía – Süper Lig,statsbomb
38964,Tiago Gouveia,Gençlerbirligi,Turquía – Süper Lig,statsbomb
181156,Jankat Yılmaz,Galatasaray,Turquía – Süper Lig,statsbomb
427028,Aleksey Batrakov,Galatasaray,Turquía – Süper Lig,statsbomb
44738,Lesley Ugochukwu,Galatasaray,Turquía – Süper Lig,statsbomb
18015,Dušan Vlahović,Beşiktaş,Turquía – Süper Lig,statsbomb
252339,Ilhan Fakili,Beşiktaş,Turquía – Süper Lig,statsbomb
9085,Salih Özcan,Beşiktaş,Turquía – Süper Lig,statsbomb
418471,Moussa Diakité,Rizespor,Turquía – Süper Lig,statsbomb
414795,Iustin Doicaru,Rizespor,Turquía – Süper Lig,statsbomb
397128,Mame Faye,Rizespor,Turquía – Süper Lig,statsbomb
224512,Zakaria Ariss,Rizespor,Turquía – Süper Lig,statsbomb
133300,Tayyib Sanuç,Rizespor,Turquía – Süper Lig,statsbomb
573985,Mustafa Tosun,Rizespor,Turquía – Süper Lig,statsbomb
41023,Lumbardh Dellova,Amed SK,Turquía – Süper Lig,statsbomb
90100,Yira Collins Sor,Amed SK,Turquía – Süper Lig,statsbomb
17184,David Bates,Amed SK,Turquía – Süper Lig,statsbomb
35645,Samuel Ballet,Amed SK,Turquía – Süper Lig,statsbomb
360101,Rayan Lutin,Amed SK,Turquía – Süper Lig,statsbomb
283616,Cem Üstündag,Amed SK,Turquía – Süper Lig,statsbomb
318924,Ermal Krasniqi,Amed SK,Turquía – Süper Lig,statsbomb
7317,Rayan Raveloson,Amed SK,Turquía – Süper Lig,statsbomb
2981,Alban Lafont,Amed SK,Turquía – Süper Lig,statsbomb
439876,Onur Öztonga,Kocaelispor,Turquía – Süper Lig,statsbomb
41674,Berkan Kutlu,Kocaelispor,Turquía – Süper Lig,statsbomb
58808,Uğur Kaan Yıldız,Kocaelispor,Turquía – Süper Lig,statsbomb
235092,Alex Matos,Göztepe,Turquía – Süper Lig,statsbomb
271900,André Henrique,Göztepe,Turquía – Süper Lig,statsbomb
158014,Luka Gugeshashvili,Göztepe,Turquía – Süper Lig,statsbomb
169375,Bekir Turaç Böke,Göztepe,Turquía – Süper Lig,statsbomb
405957,Emir Bars,Konyaspor,Turquía – Süper Lig,statsbomb
103986,Enis Destan,Konyaspor,Turquía – Süper Lig,statsbomb
33342,Ebrima Colley,Konyaspor,Turquía – Süper Lig,statsbomb
218677,Bedirhan Ozyurt,Alanyaspor,Turquía – Süper Lig,statsbomb
447794,Arda Usluoğlu,Alanyaspor,Turquía – Süper Lig,statsbomb
17042,Andreas Skov Olsen,Istanbul Basaksehir,Turquía – Süper Lig,statsbomb
34536,Emin Bayram,Istanbul Basaksehir,Turquía – Süper Lig,statsbomb
30247,Güven Yalçın,Kasımpaşa,Turquía – Süper Lig,statsbomb
565521,Emirhan Boz,Kasımpaşa,Turquía – Süper Lig,statsbomb
404399,Jakob Jessen,Kasımpaşa,Turquía – Süper Lig,statsbomb
409618,Sinan Alkaş,Kasımpaşa,Turquía – Süper Lig,statsbomb
50650,Matei Cristian Ilie,Kasımpaşa,Turquía – Süper Lig,statsbomb
420412,Elson Mendes,Kasımpaşa,Turquía – Süper Lig,statsbomb
300998,Ayberk Karapo,Kasımpaşa,Turquía – Süper Lig,statsbomb
50676,Kacper Tobiasz,Gazişehir Gaziantep,Turquía – Süper Lig,statsbomb
133810,Fuat Bavuk,Gazişehir Gaziantep,Turquía – Süper Lig,statsbomb
33427,Sontje Hansen,Gazişehir Gaziantep,Turquía – Süper Lig,statsbomb
50416,Florin Stefan,Gazişehir Gaziantep,Turquía – Süper Lig,statsbomb
21567,Halil Dervişoğlu,Gazişehir Gaziantep,Turquía – Süper Lig,statsbomb
9232,Serdar Dursun,Gazişehir Gaziantep,Turquía – Süper Lig,statsbomb
390231,Trivante Stewart,Gazişehir Gaziantep,Turquía – Süper Lig,statsbomb
487816,Sabahattin Destici,Gazişehir Gaziantep,Turquía – Süper Lig,statsbomb
34331,Yusuf Barasi,Eyüpspor,Turquía – Süper Lig,statsbomb
374415,Ahmed Abdullahi,Eyüpspor,Turquía – Süper Lig,statsbomb
23430,Zak Jules,Eyüpspor,Turquía – Süper Lig,statsbomb
3634,Abdelhamid Sabiri,Eyüpspor,Turquía – Süper Lig,statsbomb
430215,David Costa,Eyüpspor,Turquía – Süper Lig,statsbomb
127682,Chandrel Géraud Massanga Matondo,Eyüpspor,Turquía – Süper Lig,statsbomb
292292,Hamza Akman,Eyüpspor,Turquía – Süper Lig,statsbomb
462571,İlkan Sever,Erzurumspor,Turquía – Süper Lig,statsbomb
32004,Nihad Mujakić,Erzurumspor,Turquía – Süper Lig,statsbomb
12052,Fernando Andrade,Erzurumspor,Turquía – Süper Lig,statsbomb
31082,Orhan Ovacıklı,Erzurumspor,Turquía – Süper Lig,statsbomb
301799,Amar Gerxhaliu,Erzurumspor,Turquía – Süper Lig,statsbomb
9859,Elisha Owusu,Erzurumspor,Turquía – Süper Lig,statsbomb
8466,Gyrano Kerk,Erzurumspor,Turquía – Süper Lig,statsbomb
58016,Guram Giorbelidze,Erzurumspor,Turquía – Süper Lig,statsbomb
31958,Martín Rodríguez,Erzurumspor,Turquía – Süper Lig,statsbomb
30730,Eren Tozlu,Erzurumspor,Turquía – Süper Lig,statsbomb
10852,Miguel Cardoso,Erzurumspor,Turquía – Süper Lig,statsbomb
39456,Mustafa Fettahoğlu,Erzurumspor,Turquía – Süper Lig,statsbomb
437964,Matija Orbanić,Erzurumspor,Turquía – Süper Lig,statsbomb
25774,Brandon Baiye,Erzurumspor,Turquía – Süper Lig,statsbomb
194910,Yakup Kırtay,Erzurumspor,Turquía – Süper Lig,statsbomb
313737,Nariman Akhundzada,Erzurumspor,Turquía – Süper Lig,statsbomb
50490,Cenk Özkacar,Trabzonspor,Turquía – Süper Lig,statsbomb
3247,Fabinho,Trabzonspor,Turquía – Süper Lig,statsbomb
39082,Aral Simsir,Trabzonspor,Turquía – Süper Lig,statsbomb
134818,Metehan Mimaroğlu,Trabzonspor,Turquía – Süper Lig,statsbomb
16557,Ruslan Malinovskiy,Trabzonspor,Turquía – Süper Lig,statsbomb
3531,Mohamed Salah,Trabzonspor,Turquía – Süper Lig,statsbomb
36017,Jesús Ramírez,Çorum,Turquía – Süper Lig,statsbomb
433176,Ermin Mahmić,Çorum,Turquía – Süper Lig,statsbomb
133151,Gökhan Sazdağı,Çorum,Turquía – Süper Lig,statsbomb
12554,Serdar Gürler,Çorum,Turquía – Süper Lig,statsbomb
6971,Cengiz Ünder,Çorum,Turquía – Süper Lig,statsbomb
30273,Berat Özdemir,Çorum,Turquía – Süper Lig,statsbomb
30302,Ahmed Ildız,Çorum,Turquía – Süper Lig,statsbomb
198487,A.Borza,Çorum,Turquía – Süper Lig,statsbomb
10844,Fredy,Çorum,Turquía – Süper Lig,statsbomb
33016,Marcos Felipe,Çorum,Turquía – Süper Lig,statsbomb
24438,Ylber Ramadani,Çorum,Turquía – Süper Lig,statsbomb
133511,Kenan Fakılı,Çorum,Turquía – Süper Lig,statsbomb
431376,Antoine Sekongo,Samsunspor,Turquía – Süper Lig,statsbomb
34330,Elliot Watt,Samsunspor,Turquía – Süper Lig,statsbomb
541156,Saikuba Jarju,Samsunspor,Turquía – Süper Lig,statsbomb
30443,Vedat Muriqi,Fenerbahçe,Turquía – Süper Lig,statsbomb
23860,Mason Greenwood,Fenerbahçe,Turquía – Süper Lig,statsbomb
3289,Romelu Lukaku,Fenerbahçe,Turquía – Süper Lig,statsbomb
30808,Michal Karbownik,Istanbul Basaksehir,Turquía – Süper Lig,statsbomb
133668,Melih Kabasakal,Trabzonspor,Turquía – Süper Lig,statsbomb
3306,Nathan Aké,Fenerbahçe,Turquía – Süper Lig,statsbomb
302001,Kassoum Ouattara,Beşiktaş,Turquía – Süper Lig,statsbomb
20662,Alexander Nübel,Beşiktaş,Turquía – Süper Lig,statsbomb
28615,Gökhan Gül,Amed SK,Turquía – Süper Lig,statsbomb
23448,Mbaye Diagne,Amed SK,Turquía – Süper Lig,statsbomb
139777,Sinclair Armstrong,Göztepe,Turquía – Süper Lig,statsbomb
133926,Arda Hilmi Şengül,Çorum,Turquía – Süper Lig,statsbomb
22121,Fatih Kaya,Samsunspor,Turquía – Süper Lig,statsbomb
119600,Ernest Poku,Beşiktaş,Turquía – Süper Lig,statsbomb
44620,Fabio Miretti,Beşiktaş,Turquía – Süper Lig,statsbomb
16559,Leandro Trossard,Beşiktaş,Turquía – Süper Lig,statsbomb
490713,Noah José Saviolo,Trabzonspor,Turquía – Süper Lig,statsbomb
423714,Sidny Cabral,Trabzonspor,Turquía – Süper Lig,statsbomb
541155,Prince Martor,Gençlerbirligi,Turquía – Süper Lig,statsbomb
438563,Rajmund Tóth,Konyaspor,Turquía – Süper Lig,statsbomb
428486,Omar Ben Ali,Alanyaspor,Turquía – Süper Lig,statsbomb
7446,Umut Bozok,Istanbul Basaksehir,Turquía – Süper Lig,statsbomb
400059,Marcus Rafferty,Kasımpaşa,Turquía – Süper Lig,statsbomb
137784,Ulrich Meleke,Gazişehir Gaziantep,Turquía – Süper Lig,statsbomb
85064,Simone Giordano,Eyüpspor,Turquía – Süper Lig,statsbomb
16420,Mustafa Yumlu,Erzurumspor,Turquía – Süper Lig,statsbomb
302279,Sefa Akgün,Erzurumspor,Turquía – Süper Lig,statsbomb
38868,Festy Ebosele,Erzurumspor,Turquía – Süper Lig,statsbomb
149576,Semih Kılıçsoy,Beşiktaş,Turquía – Süper Lig,statsbomb
44053,Dia Sabi'A,Amed SK,Turquía – Süper Lig,statsbomb
441074,Amadou Cissé,Amed SK,Turquía – Süper Lig,statsbomb
440417,Miraç Acer,Amed SK,Turquía – Süper Lig,statsbomb
30716,Furkan Soyalp,Amed SK,Turquía – Süper Lig,statsbomb
7714,Florian Ayé,Kocaelispor,Turquía – Süper Lig,statsbomb
444706,Ege Bilim,Kocaelispor,Turquía – Süper Lig,statsbomb
243081,Emir Ortakaya,Kocaelispor,Turquía – Süper Lig,statsbomb
28618,Makana Nsimba Baku,Kocaelispor,Turquía – Süper Lig,statsbomb
355961,Richard Akonnor,Göztepe,Turquía – Süper Lig,statsbomb
256944,Baran Gezek,Alanyaspor,Turquía – Süper Lig,statsbomb
23562,Bilal Boutobba,Eyüpspor,Turquía – Süper Lig,statsbomb
7459,Jawad El Yamiq,Eyüpspor,Turquía – Süper Lig,statsbomb
130905,Horațiu Moldovan,Eyüpspor,Turquía – Süper Lig,statsbomb
50254,Ibrahim Diabate,Erzurumspor,Turquía – Süper Lig,statsbomb
133586,Murat Cem Akpınar,Erzurumspor,Turquía – Süper Lig,statsbomb
30349,Mame Thiam,Çorum,Turquía – Süper Lig,statsbomb
35659,Mohamed Diomandé,Çorum,Turquía – Süper Lig,statsbomb
41329,Markus Karlsbakk,Çorum,Turquía – Süper Lig,statsbomb
133524,Feyttullah Emircan Gürlük,Çorum,Turquía – Süper Lig,statsbomb
8707,Konrad Michalak,Eyüpspor,Turquía – Süper Lig,statsbomb
32676,Ertugrul Taskiran,Erzurumspor,Turquía – Süper Lig,statsbomb
33386,Alexandros Kyziridis,Çorum,Turquía – Süper Lig,statsbomb
30047,Hrvoje Smolcic,Çorum,Turquía – Süper Lig,statsbomb
157218,Gabriele Guarino,Samsunspor,Turquía – Süper Lig,statsbomb
63200,Samed Onur,Samsunspor,Turquía – Süper Lig,statsbomb
133664,Mehmet Yeşil,Amed SK,Turquía – Süper Lig,statsbomb
153361,Matej Maglica,Kocaelispor,Turquía – Süper Lig,statsbomb
48233,Kerim Çalhanoğlu,Gazişehir Gaziantep,Turquía – Süper Lig,statsbomb
45171,Alexandre Penetra,Çorum,Turquía – Süper Lig,statsbomb
22200,Ahmed Kutucu,Rizespor,Turquía – Süper Lig,statsbomb
31042,Umut Meras,Amed SK,Turquía – Süper Lig,statsbomb
396216,Gonçalo Sousa,Kocaelispor,Turquía – Süper Lig,statsbomb
132322,Tanguy Zoukrou,Kocaelispor,Turquía – Süper Lig,statsbomb
47278,İrfan Eğribayat,Gençlerbirligi,Turquía – Süper Lig,statsbomb
374414,Gift Orban,Amed SK,Turquía – Süper Lig,statsbomb
94726,Metehan Altunbaş,Kocaelispor,Turquía – Süper Lig,statsbomb
3139,Chidozie Awaziem,Konyaspor,Turquía – Süper Lig,statsbomb
3587,Arthur Masuaku,Konyaspor,Turquía – Süper Lig,statsbomb
545617,Ahmet Taha Dagbasi,Kasımpaşa,Turquía – Süper Lig,statsbomb
6406,Gabriel,Arsenal,UEFA Champions League,statsbomb
8966,Kai Havertz,Arsenal,UEFA Champions League,statsbomb
7097,Christian Nørgaard,Arsenal,UEFA Champions League,statsbomb
3042,Mikel Merino,Arsenal,UEFA Champions League,statsbomb
29040,Viktor Gyökeres,Arsenal,UEFA Champions League,statsbomb
31506,Noni Madueke,Arsenal,UEFA Champions League,statsbomb
140353,Cristhian Mosquera,Arsenal,UEFA Champions League,statsbomb
307036,Ethan Nwaneri,Arsenal,UEFA Champions League,statsbomb
8252,Martin Ødegaard,Arsenal,UEFA Champions League,statsbomb
9000,Eberechi Eze,Arsenal,UEFA Champions League,statsbomb
6395,Kepa,Arsenal,UEFA Champions League,statsbomb
441578,Brando Bailey-Joseph,Arsenal,UEFA Champions League,statsbomb
24921,Martín Zubimendi,Arsenal,UEFA Champions League,statsbomb
29976,Gabriel Martinelli,Arsenal,UEFA Champions League,statsbomb
3202,Gabriel Jesus,Arsenal,UEFA Champions League,statsbomb
3943,Declan Rice,Arsenal,UEFA Champions League,statsbomb
22084,Bukayo Saka,Arsenal,UEFA Champions League,statsbomb
3474,Nick Pope,Newcastle United,UEFA Champions League,statsbomb
39241,Tino Livramento,Newcastle United,UEFA Champions League,statsbomb
22783,Aaron Ramsdale,Newcastle United,UEFA Champions League,statsbomb
28104,Anthony Gordon,Newcastle United,UEFA Champions League,statsbomb
134048,Lewis Miley,Newcastle United,UEFA Champions League,statsbomb
3273,Jacob Murphy,Newcastle United,UEFA Champions League,statsbomb
5537,Fabian Schär,Newcastle United,UEFA Champions League,statsbomb
22097,Randal Kolo Muani,Tottenham Hotspur,UEFA Champions League,statsbomb
29399,Conor Gallagher,Tottenham Hotspur,UEFA Champions League,statsbomb
17033,Mohammed Kudus,Tottenham Hotspur,UEFA Champions League,statsbomb
33241,Djed Spence,Tottenham Hotspur,UEFA Champions League,statsbomb
3614,Dominic Solanke,Tottenham Hotspur,UEFA Champions League,statsbomb
20572,Cristian Romero,Tottenham Hotspur,UEFA Champions League,statsbomb
41599,Dane Scarlett,Tottenham Hotspur,UEFA Champions League,statsbomb
39615,Radu Drăgușin,Tottenham Hotspur,UEFA Champions League,statsbomb
283618,Lucas Bergvall,Tottenham Hotspur,UEFA Champions League,statsbomb
44737,Mathys Tel,Tottenham Hotspur,UEFA Champions League,statsbomb
390343,Antonín Kinský,Tottenham Hotspur,UEFA Champions League,statsbomb
11292,Pedro Porro,Tottenham Hotspur,UEFA Champions League,statsbomb
298317,Callum Olusesi,Tottenham Hotspur,UEFA Champions League,statsbomb
133219,Archie Gray,Tottenham Hotspur,UEFA Champions League,statsbomb
3280,Richarlison,Tottenham Hotspur,UEFA Champions League,statsbomb
21582,Tijjani Reijnders,Manchester City,UEFA Champions League,statsbomb
6765,Rodri,Manchester City,UEFA Champions League,statsbomb
4354,Phil Foden,Manchester City,UEFA Champions League,statsbomb
3193,Bernardo Silva,Manchester City,UEFA Champions League,statsbomb
38997,Nico González,Manchester City,UEFA Champions League,statsbomb
7036,Gianluigi Donnarumma,Manchester City,UEFA Champions League,statsbomb
48705,Rico Lewis,Manchester City,UEFA Champions League,statsbomb
24996,Wesley Fofana,Chelsea,UEFA Champions League,statsbomb
9550,Reece James,Chelsea,UEFA Champions League,statsbomb
9650,Tosin Adarabioyo,Chelsea,UEFA Champions League,statsbomb
21368,Benoît Badiashile,Chelsea,UEFA Champions League,statsbomb
39461,Cole Palmer,Chelsea,UEFA Champions League,statsbomb
9843,Robert Sanchez,Chelsea,UEFA Champions League,statsbomb
256685,Mamadou Sarr,Chelsea,UEFA Champions League,statsbomb
333939,Josh Acheampong,Chelsea,UEFA Champions League,statsbomb
25299,João Pedro,Chelsea,UEFA Champions League,statsbomb
52129,Alejandro Garnacho,Chelsea,UEFA Champions League,statsbomb
9026,Trevoh Chalobah,Chelsea,UEFA Champions League,statsbomb
315975,Tyrique George,Chelsea,UEFA Champions League,statsbomb
39260,Malo Gusto,Chelsea,UEFA Champions League,statsbomb
37726,Moisés Caicedo,Chelsea,UEFA Champions League,statsbomb
17620,Marc Cucurella,Chelsea,UEFA Champions League,statsbomb
232885,Andrey Santos,Chelsea,UEFA Champions League,statsbomb
21209,Dominik Szoboszlai,Liverpool,UEFA Champions League,statsbomb
3655,Andrew Robertson,Liverpool,UEFA Champions League,statsbomb
23721,Wataru Endo,Liverpool,UEFA Champions League,statsbomb
40724,Florian Wirtz,Liverpool,UEFA Champions League,statsbomb
11135,Ibrahima Konaté,Liverpool,UEFA Champions League,statsbomb
3531,Mohamed Salah,Liverpool,UEFA Champions League,statsbomb
20750,Cody Gakpo,Liverpool,UEFA Champions League,statsbomb
102371,Giorgi Mamardashvili,Liverpool,UEFA Champions League,statsbomb
47375,Robert Navarro,Athletic Club,UEFA Champions League,statsbomb
30225,Oihan Sancet,Athletic Club,UEFA Champions League,statsbomb
3023,Yuri Berchiche,Athletic Club,UEFA Champions League,statsbomb
132414,Nico Serrano,Athletic Club,UEFA Champions League,statsbomb
49529,Aitor Paredes,Athletic Club,UEFA Champions League,statsbomb
132545,Jesús Areso,Athletic Club,UEFA Champions League,statsbomb
41542,Dani Vivian,Athletic Club,UEFA Champions League,statsbomb
315471,Unai Gómez,Athletic Club,UEFA Champions League,statsbomb
315468,Alejandro Rego,Athletic Club,UEFA Champions League,statsbomb
422398,Asier Hierro,Athletic Club,UEFA Champions League,statsbomb
397198,Mikel Jauregizar,Athletic Club,UEFA Champions League,statsbomb
7478,Álex Berenguer,Athletic Club,UEFA Champions League,statsbomb
6670,Andoni Gorosabel,Athletic Club,UEFA Champions League,statsbomb
6667,Mikel Vesga,Athletic Club,UEFA Champions League,statsbomb
409595,Xavi Espart,Barcelona,UEFA Champions League,statsbomb
32480,Ronald Araujo,Barcelona,UEFA Champions League,statsbomb
16532,Daniel Olmo,Barcelona,UEFA Champions League,statsbomb
75893,Gerard Martín,Barcelona,UEFA Champions League,statsbomb
8118,Frenkie de Jong,Barcelona,UEFA Champions League,statsbomb
30486,Pedri,Barcelona,UEFA Champions League,statsbomb
316046,Lamine Yamal,Barcelona,UEFA Champions League,statsbomb
158900,Roony Bardghji,Barcelona,UEFA Champions League,statsbomb
7005,João Cancelo,Barcelona,UEFA Champions League,statsbomb
406984,Marc Bernal,Barcelona,UEFA Champions League,statsbomb
143864,Fermín López,Barcelona,UEFA Champions League,statsbomb
3318,Marcus Rashford,Barcelona,UEFA Champions League,statsbomb
133353,Gavi,Barcelona,UEFA Champions League,statsbomb
345800,Pau Cubarsí Paredes,Barcelona,UEFA Champions League,statsbomb
4445,Jules Koundé,Barcelona,UEFA Champions League,statsbomb
140905,Renato Veiga,Villarreal,UEFA Champions League,statsbomb
23457,Manor Solomon,Villarreal,UEFA Champions League,statsbomb
25653,Sergi Cardona,Villarreal,UEFA Champions League,statsbomb
21026,Pape Gueye,Villarreal,UEFA Champions League,statsbomb
39159,Arnau Tenas,Villarreal,UEFA Champions League,statsbomb
6595,Dani Parejo,Villarreal,UEFA Champions League,statsbomb
224603,Tanitoluwa Oluwaseyi,Villarreal,UEFA Champions League,statsbomb
372270,Santiago Mouriño,Villarreal,UEFA Champions League,statsbomb
176484,Rafa Marín,Villarreal,UEFA Champions League,statsbomb
6383,Thomas Partey,Villarreal,UEFA Champions League,statsbomb
3076,Ayoze Pérez,Villarreal,UEFA Champions League,statsbomb
47653,Alberto Moleiro,Villarreal,UEFA Champions League,statsbomb
6766,Gerard Moreno,Villarreal,UEFA Champions League,statsbomb
3712,Pierre-Emerick Aubameyang,Olympique de Marseille,UEFA Champions League,statsbomb
3570,Pierre-Emile Højbjerg,Olympique de Marseille,UEFA Champions League,statsbomb
317565,Darryl Bakola,Olympique de Marseille,UEFA Champions League,statsbomb
5641,Amir Murillo,Olympique de Marseille,UEFA Champions League,statsbomb
253303,Stanis Idumbo,AS Monaco,UEFA Champions League,statsbomb
20758,Krépin Diatta,AS Monaco,UEFA Champions League,statsbomb
136917,Aladji Bamba,AS Monaco,UEFA Champions League,statsbomb
8511,Thilo Kehrer,AS Monaco,UEFA Champions League,statsbomb
5177,Aleksandr Golovin,AS Monaco,UEFA Champions League,statsbomb
16238,Jordan Teze,AS Monaco,UEFA Champions League,statsbomb
8667,Lukáš Hrádecký,AS Monaco,UEFA Champions League,statsbomb
51733,Folarin Balogun,AS Monaco,UEFA Champions League,statsbomb
10956,Eric Dier,AS Monaco,UEFA Champions League,statsbomb
25295,Caio Henrique,AS Monaco,UEFA Champions League,statsbomb
392153,Lamine Camara,AS Monaco,UEFA Champions League,statsbomb
5547,Alisson,Liverpool,UEFA Champions League,statsbomb
33231,Curtis Jones,Liverpool,UEFA Champions League,statsbomb
356483,Trey Nyoni,Liverpool,UEFA Champions League,statsbomb
50429,Hugo Ekitike,Liverpool,UEFA Champions League,statsbomb
3495,Joe Gomez,Liverpool,UEFA Champions League,statsbomb
338674,Amara Nallo,Liverpool,UEFA Champions League,statsbomb
423009,Rio Ngumoha,Liverpool,UEFA Champions League,statsbomb
7156,Federico Chiesa,Liverpool,UEFA Champions League,statsbomb
34526,Marc Guehi,Manchester City,UEFA Champions League,statsbomb
23650,Jérémy Doku,Manchester City,UEFA Champions League,statsbomb
40761,Omar Marmoush,Manchester City,UEFA Champions League,statsbomb
42298,James Trafford,Manchester City,UEFA Champions League,statsbomb
104825,Oscar Bobb,Manchester City,UEFA Champions League,statsbomb
5206,Rúben Dias,Manchester City,UEFA Champions League,statsbomb
3306,Nathan Aké,Manchester City,UEFA Champions League,statsbomb
4127,David Raya,Arsenal,UEFA Champions League,statsbomb
22809,Ben White,Arsenal,UEFA Champions League,statsbomb
16559,Leandro Trossard,Arsenal,UEFA Champions League,statsbomb
38004,Piero Hincapié,Arsenal,UEFA Champions League,statsbomb
41768,Riccardo Calafiori,Arsenal,UEFA Champions League,statsbomb
161880,Myles Lewis-Skelly,Arsenal,UEFA Champions League,statsbomb
17592,William Saliba,Arsenal,UEFA Champions League,statsbomb
39167,Xavi Simons,Tottenham Hotspur,UEFA Champions League,statsbomb
414658,Junai Byfield,Tottenham Hotspur,UEFA Champions League,statsbomb
416460,Estevão,Chelsea,UEFA Champions League,statsbomb
152061,Jorrel Hato,Chelsea,UEFA Champions League,statsbomb
23256,Pedro Neto,Chelsea,UEFA Champions League,statsbomb
429558,Aleksandr Mrynskiy,Kairat,UEFA Champions League,statsbomb
444469,Azamat Tuyakbaev,Kairat,UEFA Champions League,statsbomb
444472,Mansur Birkurmanov,Kairat,UEFA Champions League,statsbomb
44388,Valeriy Gromyko,Kairat,UEFA Champions League,statsbomb
429561,Damir Kasabulat,Kairat,UEFA Champions League,statsbomb
136363,Giorgi Zaria,Kairat,UEFA Champions League,statsbomb
429562,Lev Kurgin,Kairat,UEFA Champions League,statsbomb
50969,Elvin Cafarquliyev,Qarabağ FK,UEFA Champions League,statsbomb
160954,Chriso,Qarabağ FK,UEFA Champions League,statsbomb
16481,Badavi Hüseynov,Qarabağ FK,UEFA Champions League,statsbomb
50966,Tural Bayramov,Qarabağ FK,UEFA Champions League,statsbomb
24125,Samy Mmaee,Qarabağ FK,UEFA Champions League,statsbomb
7275,Abdellah Zoubir,Qarabağ FK,UEFA Champions League,statsbomb
131024,Mateusz Kochalski,Qarabağ FK,UEFA Champions League,statsbomb
24782,Joni Montiel,Qarabağ FK,UEFA Champions League,statsbomb
46061,Oleksiy Kashchuk,Qarabağ FK,UEFA Champions League,statsbomb
445511,Camilo Durán,Qarabağ FK,UEFA Champions League,statsbomb
200674,Leandro Andrade,Qarabağ FK,UEFA Champions League,statsbomb
3539,Simon Mignolet,Club Brugge,UEFA Champions League,statsbomb
279060,Nicolò Tresoldi,Club Brugge,UEFA Champions League,statsbomb
144552,Lynnt Audoor,Club Brugge,UEFA Champions League,statsbomb
38862,Raphael Nwadike,Club Brugge,UEFA Champions League,statsbomb
52019,Hugo Siquet,Club Brugge,UEFA Champions League,statsbomb
300922,Joaquin Seys,Club Brugge,UEFA Champions League,statsbomb
144556,Jorne Spileers,Club Brugge,UEFA Champions League,statsbomb
16281,Hans Vanaken,Club Brugge,UEFA Champions League,statsbomb
131212,Cisse Sandra,Club Brugge,UEFA Champions League,statsbomb
39051,Christos Tzolis,Club Brugge,UEFA Champions League,statsbomb
24427,Gustaf Nilsson,Club Brugge,UEFA Champions League,statsbomb
404819,Shandre Campbell,Club Brugge,UEFA Champions League,statsbomb
120285,Bjorn Meijer,Club Brugge,UEFA Champions League,statsbomb
396781,Mamadou Diakhon,Club Brugge,UEFA Champions League,statsbomb
144551,Kyriani Sabbe,Club Brugge,UEFA Champions League,statsbomb
144555,Romeo Vermant,Club Brugge,UEFA Champions League,statsbomb
33407,Zaid Romero,Club Brugge,UEFA Champions League,statsbomb
89883,Dani van den Heuvel,Club Brugge,UEFA Champions League,statsbomb
48700,Carlos Forbs,Club Brugge,UEFA Champions League,statsbomb
29693,Hugo Vetlesen,Club Brugge,UEFA Champions League,statsbomb
18740,Brandon Mechele,Club Brugge,UEFA Champions League,statsbomb
23525,Nordin Jackers,Club Brugge,UEFA Champions League,statsbomb
17031,Mathias Rasmussen,Union Saint-Gilloise,UEFA Champions League,statsbomb
132439,Adem Zorgane,Union Saint-Gilloise,UEFA Champions League,statsbomb
348757,Kevin Rodríguez,Union Saint-Gilloise,UEFA Champions League,statsbomb
29026,Rob Schoofs,Union Saint-Gilloise,UEFA Champions League,statsbomb
143974,Anan Khalaili,Union Saint-Gilloise,UEFA Champions League,statsbomb
423899,Marc Giger,Union Saint-Gilloise,UEFA Champions League,statsbomb
28586,Anouar Ait El Hadj,Union Saint-Gilloise,UEFA Champions League,statsbomb
15530,Kjell Scherpen,Union Saint-Gilloise,UEFA Champions League,statsbomb
443610,Ousseynou Niang,Union Saint-Gilloise,UEFA Champions League,statsbomb
130591,Raul Florucz,Union Saint-Gilloise,UEFA Champions League,statsbomb
3447,Ademola Lookman,Atalanta,UEFA Champions League,statsbomb
32132,Marco Carnesecchi,Atalanta,UEFA Champions League,statsbomb
117247,Isak Hien,Atalanta,UEFA Champions League,statsbomb
35658,Kamaldeen Sulemana,Atalanta,UEFA Champions League,statsbomb
36866,Marco Brescianini,Atalanta,UEFA Champions League,statsbomb
38792,Yunus Musah,Atalanta,UEFA Champions League,statsbomb
7108,Berat Djimsiti,Atalanta,UEFA Champions League,statsbomb
34880,Daniel Maldini,Atalanta,UEFA Champions League,statsbomb
6994,Marten de Roon,Atalanta,UEFA Champions League,statsbomb
3660,Davide Zappacosta,Atalanta,UEFA Champions League,statsbomb
7157,Marco Sportiello,Atalanta,UEFA Champions League,statsbomb
10992,Gianluca Scamacca,Atalanta,UEFA Champions League,statsbomb
33243,Luis Henrique,Inter Milan,UEFA Champions League,statsbomb
4587,Matteo Darmian,Inter Milan,UEFA Champions League,statsbomb
12255,Federico Dimarco,Inter Milan,UEFA Champions League,statsbomb
11456,Lautaro Martínez,Inter Milan,UEFA Champions League,statsbomb
26538,Carlos Augusto,Inter Milan,UEFA Champions League,statsbomb
8125,Denzel Dumfries,Inter Milan,UEFA Champions League,statsbomb
51015,Ange-Yoan Bonny,Inter Milan,UEFA Champions League,statsbomb
7787,Stefan de Vrij,Inter Milan,UEFA Champions League,statsbomb
254721,Pio Esposito,Inter Milan,UEFA Champions League,statsbomb
8181,Nicolò Barella,Inter Milan,UEFA Champions League,statsbomb
5549,Manuel Akanji,Inter Milan,UEFA Champions League,statsbomb
2972,Marcus Thuram,Inter Milan,UEFA Champions League,statsbomb
44734,Andy Diouf,Inter Milan,UEFA Champions League,statsbomb
7480,Alessandro Bastoni,Inter Milan,UEFA Champions League,statsbomb
5660,Piotr Zieliński,Inter Milan,UEFA Champions League,statsbomb
38946,Pierre Kalulu,Juventus,UEFA Champions League,statsbomb
16275,Loïs Openda,Juventus,UEFA Champions League,statsbomb
151813,Kenan Yıldız,Juventus,UEFA Champions League,statsbomb
44620,Fabio Miretti,Juventus,UEFA Champions League,statsbomb
133968,Federico Gatti,Juventus,UEFA Champions League,statsbomb
50729,Andrea Cambiaso,Juventus,UEFA Champions League,statsbomb
31736,Michele Di Gregorio,Juventus,UEFA Champions League,statsbomb
7148,Mattia Perin,Juventus,UEFA Champions League,statsbomb
7038,Manuel Locatelli,Juventus,UEFA Champions League,statsbomb
443391,Vasilije Adžić,Juventus,UEFA Champions League,statsbomb
41046,João Mário,Juventus,UEFA Champions League,statsbomb
8526,Weston McKennie,Juventus,UEFA Champions League,statsbomb
9938,Lloyd Kelly,Juventus,UEFA Champions League,statsbomb
4909,Jérémie Boga,Juventus,UEFA Champions League,statsbomb
23640,Jonathan David,Juventus,UEFA Champions League,statsbomb
5591,Filip Kostić,Juventus,UEFA Champions League,statsbomb
51672,Rasmus Höjlund,Napoli,UEFA Champions League,statsbomb
7109,Matteo Politano,Napoli,UEFA Champions League,statsbomb
30618,Sam Beukema,Napoli,UEFA Champions League,statsbomb
16535,Eljif Elmas,Napoli,UEFA Champions League,statsbomb
23221,Alessandro Buongiorno,Napoli,UEFA Champions League,statsbomb
134057,Lorenzo Lucca,Napoli,UEFA Champions League,statsbomb
8286,Leonardo Spinazzola,Napoli,UEFA Champions League,statsbomb
3141,Frank Anguissa,Napoli,UEFA Champions League,statsbomb
6957,Alex Meret,Napoli,UEFA Champions League,statsbomb
3620,Scott McTominay,Napoli,UEFA Champions League,statsbomb
21547,Noa Lang,Napoli,UEFA Champions League,statsbomb
39617,Miguel Gutiérrez,Napoli,UEFA Champions League,statsbomb
30399,Francisco Ortega,Olympiacos,UEFA Champions League,statsbomb
5723,Gelson Martins,Olympiacos,UEFA Champions League,statsbomb
5229,Ayoub El Kaabi,Olympiacos,UEFA Champions League,statsbomb
38315,Lorenzo Pirola,Olympiacos,UEFA Champions League,statsbomb
425405,Christos Mouzakitis,Olympiacos,UEFA Champions League,statsbomb
133780,Sopuruchukwu Onyemaechi,Olympiacos,UEFA Champions League,statsbomb
15328,Daniel Podence,Olympiacos,UEFA Champions League,statsbomb
10597,Chiquinho,Olympiacos,UEFA Champions League,statsbomb
377985,Munashe Garananga,FC København,UEFA Champions League,statsbomb
133813,Gabriel Pereira,FC København,UEFA Champions League,statsbomb
23749,Marcos López,FC København,UEFA Champions League,statsbomb
27576,Mads Emil Madsen,FC København,UEFA Champions League,statsbomb
27008,Jordan Larsson,FC København,UEFA Champions League,statsbomb
344162,Oliver Højer,FC København,UEFA Champions League,statsbomb
38837,Youssoufa Moukoko,FC København,UEFA Champions League,statsbomb
107044,Rodrigo Huescas,FC København,UEFA Champions League,statsbomb
3410,Lukas Lerager,FC København,UEFA Champions League,statsbomb
21746,Dominik Kotarski,FC København,UEFA Champions League,statsbomb
431914,Viktor Dadason,FC København,UEFA Champions League,statsbomb
16353,Birger Meling,FC København,UEFA Champions League,statsbomb
5613,Viktor Claesson,FC København,UEFA Champions League,statsbomb
314908,Yoram Zague,FC København,UEFA Champions League,statsbomb
132461,Elias Achouri,FC København,UEFA Champions League,statsbomb
168203,William Clem,FC København,UEFA Champions League,statsbomb
7836,Pantelis Hatzidiakos,FC København,UEFA Champions League,statsbomb
41674,Berkan Kutlu,Galatasaray,UEFA Champions League,statsbomb
18723,Yunus Akgün,Galatasaray,UEFA Champions League,statsbomb
24946,Sacha Boey,Galatasaray,UEFA Champions League,statsbomb
48383,Abdülkerim Bardakcı,Galatasaray,UEFA Champions League,statsbomb
36539,Wilfried Singo,Galatasaray,UEFA Champions League,statsbomb
10287,İlkay Gündoğan,Galatasaray,UEFA Champions League,statsbomb
5266,Lucas Torreira,Galatasaray,UEFA Champions League,statsbomb
3494,Davinson Sánchez,Galatasaray,UEFA Champions League,statsbomb
32597,Gabriel Sara,Galatasaray,UEFA Champions League,statsbomb
3951,Mario Lemina,Galatasaray,UEFA Champions League,statsbomb
47439,Eren Elmali,Galatasaray,UEFA Champions League,statsbomb
11277,Victor Osimhen,Galatasaray,UEFA Champions League,statsbomb
19316,Roland Sallai,Galatasaray,UEFA Champions League,statsbomb
22200,Ahmed Kutucu,Galatasaray,UEFA Champions League,statsbomb
32915,Ismail Jakobs,Galatasaray,UEFA Champions League,statsbomb
21547,Noa Lang,Galatasaray,UEFA Champions League,statsbomb
3053,Leroy Sané,Galatasaray,UEFA Champions League,statsbomb
6987,Mauro Icardi,Galatasaray,UEFA Champions League,statsbomb
12293,Kaan Ayhan,Galatasaray,UEFA Champions League,statsbomb
30357,Uğurcan Çakır,Galatasaray,UEFA Champions League,statsbomb
30445,Günay Güvenç,Galatasaray,UEFA Champions League,statsbomb
523844,Sekou Keita,Union Saint-Gilloise,UEFA Champions League,statsbomb
44326,Jug Stanojev,Kairat,UEFA Champions League,statsbomb
398257,Edmilson,Kairat,UEFA Champions League,statsbomb
44015,Egor Sorokin,Kairat,UEFA Champions League,statsbomb
47215,Ofri Arad,Kairat,UEFA Champions League,statsbomb
525410,M.Abish,Kairat,UEFA Champions League,statsbomb
444467,Dastan Satpaev,Kairat,UEFA Champions League,statsbomb
23649,Roman Yaremchuk,Olympiacos,UEFA Champions League,statsbomb
391818,Andreas Helmersen,Bodø / Glimt,UEFA Champions League,statsbomb
127265,Magnus Riisnæs,Bodø / Glimt,UEFA Champions League,statsbomb
242205,Daniel Bassi,Bodø / Glimt,UEFA Champions League,statsbomb
24229,Mathias Jørgensen,Bodø / Glimt,UEFA Champions League,statsbomb
49860,Ole Blomberg,Bodø / Glimt,UEFA Champions League,statsbomb
25825,Kasper Høgh,Bodø / Glimt,UEFA Champions League,statsbomb
29930,Håkon Evjen,Bodø / Glimt,UEFA Champions League,statsbomb
41571,Anders Klynge,Bodø / Glimt,UEFA Champions League,statsbomb
34165,Nikita Haikin,Bodø / Glimt,UEFA Champions League,statsbomb
29936,Patrick Berg,Bodø / Glimt,UEFA Champions League,statsbomb
29935,Brede Moe,Bodø / Glimt,UEFA Champions League,statsbomb
30242,Odin Bjørtuft,Bodø / Glimt,UEFA Champions League,statsbomb
247743,Fredrik Sjøvold,Bodø / Glimt,UEFA Champions League,statsbomb
29925,Jens Petter Hauge,Bodø / Glimt,UEFA Champions League,statsbomb
32688,Charles De Ketelaere,Atalanta,UEFA Champions League,statsbomb
42323,Jay Gorter,Pafos,UEFA Champions League,statsbomb
8242,Landry Dimata,Pafos,UEFA Champions League,statsbomb
8253,Derrick Luckassen,Pafos,UEFA Champions League,statsbomb
13617,Pêpê,Pafos,UEFA Champions League,statsbomb
10312,Ken Sema,Pafos,UEFA Champions League,statsbomb
33310,Bruno Souza,Pafos,UEFA Champions League,statsbomb
23638,Marko Jankovic,Qarabağ FK,UEFA Champions League,statsbomb
50972,Kevin Medina,Qarabağ FK,UEFA Champions League,statsbomb
338224,Gerald Alders,Ajax,UEFA Champions League,statsbomb
4318,Davy Klaassen,Ajax,UEFA Champions League,statsbomb
428133,Pharell Nash,Ajax,UEFA Champions League,statsbomb
7890,Owen Wijndal,Ajax,UEFA Champions League,statsbomb
37148,Josip Šutalo,Ajax,UEFA Champions League,statsbomb
7829,Wout Weghorst,Ajax,UEFA Champions League,statsbomb
32493,Oliver Edvardsen,Ajax,UEFA Champions League,statsbomb
36159,Youri Regeer,Ajax,UEFA Champions League,statsbomb
29595,Ko Itakura,Ajax,UEFA Champions League,statsbomb
209236,Mika Godts,Ajax,UEFA Champions League,statsbomb
225741,Anton Gaaei,Ajax,UEFA Champions League,statsbomb
39535,Kian Fitz-Jim,Ajax,UEFA Champions League,statsbomb
7838,Remko Pasveer,Ajax,UEFA Champions League,statsbomb
63071,Youri Baas,Ajax,UEFA Champions League,statsbomb
235995,Oscar Gloukh,Ajax,UEFA Champions League,statsbomb
330938,Lucas Rosa,Ajax,UEFA Champions League,statsbomb
29144,Juan Cabal,Juventus,UEFA Champions League,statsbomb
85134,Andreas Schjelderup,Benfica,UEFA Champions League,statsbomb
403763,Franjo Ivanović,Benfica,UEFA Champions League,statsbomb
12306,Dodi Lukebakio,Benfica,UEFA Champions League,statsbomb
409338,Rodrigo Rêgo,Benfica,UEFA Champions League,statsbomb
10327,Rafa Silva,Benfica,UEFA Champions League,statsbomb
133052,Manu Silva,Benfica,UEFA Champions League,statsbomb
44622,Enzo Barrenechea,Benfica,UEFA Champions League,statsbomb
39562,Tomás Araújo,Benfica,UEFA Champions League,statsbomb
28268,Exequiel Palacios,Bayer Leverkusen,UEFA Champions League,statsbomb
7044,Patrik Schick,Bayer Leverkusen,UEFA Champions League,statsbomb
106070,Bruno Langa,Pafos,UEFA Champions League,statsbomb
31229,Vlad Dragomir,Pafos,UEFA Champions League,statsbomb
132783,João Correia,Pafos,UEFA Champions League,statsbomb
432173,Ifeoluwa Ibrahim,Arsenal,UEFA Champions League,statsbomb
432174,Max Dowman,Arsenal,UEFA Champions League,statsbomb
21809,Jurriën Timber,Arsenal,UEFA Champions League,statsbomb
3086,Ben Davies,Tottenham Hotspur,UEFA Champions League,statsbomb
50498,Pape Sarr,Tottenham Hotspur,UEFA Champions League,statsbomb
48461,Destiny Udogie,Tottenham Hotspur,UEFA Champions League,statsbomb
5260,Rodrigo Bentancur,Tottenham Hotspur,UEFA Champions League,statsbomb
44455,Savinho,Manchester City,UEFA Champions League,statsbomb
3244,John Stones,Manchester City,UEFA Champions League,statsbomb
9286,Antoine Semenyo,Manchester City,UEFA Champions League,statsbomb
134108,Nico O'Reilly,Manchester City,UEFA Champions League,statsbomb
23616,Erling Haaland,Manchester City,UEFA Champions League,statsbomb
396633,Abdukodir Khusanov,Manchester City,UEFA Champions League,statsbomb
32649,Rayan Cherki,Manchester City,UEFA Champions League,statsbomb
160374,Max Alleyne,Manchester City,UEFA Champions League,statsbomb
33018,Josko Gvardiol,Manchester City,UEFA Champions League,statsbomb
39446,Liam Delap,Chelsea,UEFA Champions League,statsbomb
161995,Jamie Gittens,Chelsea,UEFA Champions League,statsbomb
35441,David Doudera,Slavia Praha,UEFA Champions League,statsbomb
21226,Tomáš Chorý,Slavia Praha,UEFA Champions League,statsbomb
28040,Jindrich Stanek,Slavia Praha,UEFA Champions League,statsbomb
31034,Jakub Markovic,Slavia Praha,UEFA Champions League,statsbomb
4875,Jan Bořil,Slavia Praha,UEFA Champions League,statsbomb
402059,David Moses,Slavia Praha,UEFA Champions League,statsbomb
28032,Ivan Schranz,Slavia Praha,UEFA Champions League,statsbomb
28054,Oscar,Slavia Praha,UEFA Champions League,statsbomb
16469,Tomas Holes,Slavia Praha,UEFA Champions League,statsbomb
37249,Daiki Hashioka,Slavia Praha,UEFA Champions League,statsbomb
32481,Muhammed Cham,Slavia Praha,UEFA Champions League,statsbomb
228398,Christos Zafeiris,Slavia Praha,UEFA Champions League,statsbomb
366788,Vasil Kušej,Slavia Praha,UEFA Champions League,statsbomb
28034,Lukas Provod,Slavia Praha,UEFA Champions League,statsbomb
444120,Youssoupha Sanyang,Slavia Praha,UEFA Champions League,statsbomb
33200,David Zima,Slavia Praha,UEFA Champions League,statsbomb
133769,Stepan Chaloupek,Slavia Praha,UEFA Champions League,statsbomb
340170,Robinio Vaz,Olympique de Marseille,UEFA Champions League,statsbomb
23860,Mason Greenwood,Olympique de Marseille,UEFA Champions League,statsbomb
253306,Arthur Vermeeren,Olympique de Marseille,UEFA Champions League,statsbomb
5476,Benjamin Pavard,Olympique de Marseille,UEFA Champions League,statsbomb
307253,Tadjidine Mmadi,Olympique de Marseille,UEFA Champions League,statsbomb
12149,Nayef Aguerd,Olympique de Marseille,UEFA Champions League,statsbomb
33623,Matt O'Riley,Olympique de Marseille,UEFA Champions League,statsbomb
6694,Gero Rulli,Olympique de Marseille,UEFA Champions League,statsbomb
22343,Angel Gomes,Olympique de Marseille,UEFA Champions League,statsbomb
49666,CJ Egan-Riley,Olympique de Marseille,UEFA Champions League,statsbomb
132417,Bilal Nadir,Olympique de Marseille,UEFA Champions League,statsbomb
4435,Amine Gouiri,Olympique de Marseille,UEFA Champions League,statsbomb
3377,Timothy Weah,Olympique de Marseille,UEFA Champions League,statsbomb
126868,Igor Paixão,Olympique de Marseille,UEFA Champions League,statsbomb
4355,Emerson,Olympique de Marseille,UEFA Champions League,statsbomb
6589,Geoffrey Kondogbia,Olympique de Marseille,UEFA Champions League,statsbomb
143740,Christian Mawissa,AS Monaco,UEFA Champions League,statsbomb
360271,George Osrzehmen Ilenikhena,AS Monaco,UEFA Champions League,statsbomb
195840,Lucas Michal,AS Monaco,UEFA Champions League,statsbomb
409435,Pape Cabral,AS Monaco,UEFA Champions League,statsbomb
30756,Ansu Fati,AS Monaco,UEFA Champions League,statsbomb
5538,Denis Zakaria,AS Monaco,UEFA Champions League,statsbomb
8776,Takumi Minamino,AS Monaco,UEFA Champions League,statsbomb
232179,Mamadou Coulibaly,AS Monaco,UEFA Champions League,statsbomb
30519,Mohamed Salisu,AS Monaco,UEFA Champions League,statsbomb
46313,Philipp Köhn,AS Monaco,UEFA Champions League,statsbomb
134854,Mika Biereth,AS Monaco,UEFA Champions League,statsbomb
66535,Vanderson,AS Monaco,UEFA Champions League,statsbomb
302001,Kassoum Ouattara,AS Monaco,UEFA Champions League,statsbomb
122807,Lucas Beraldo,Paris Saint-Germain,UEFA Champions League,statsbomb
214013,Désiré Doué,Paris Saint-Germain,UEFA Champions League,statsbomb
41593,William Pacho,Paris Saint-Germain,UEFA Champions League,statsbomb
5477,Ousmane Dembélé,Paris Saint-Germain,UEFA Champions League,statsbomb
6655,Fabián Ruiz,Paris Saint-Germain,UEFA Champions League,statsbomb
409540,Quentin Ndjantou,Paris Saint-Germain,UEFA Champions League,statsbomb
143859,João Neves,Paris Saint-Germain,UEFA Champions League,statsbomb
22740,Lee Kang-In,Paris Saint-Germain,UEFA Champions League,statsbomb
21298,Matvey Safonov,Paris Saint-Germain,UEFA Champions League,statsbomb
406704,Axel Tape,Bayer Leverkusen,UEFA Champions League,statsbomb
444416,Montrell Culbreath,Bayer Leverkusen,UEFA Champions League,statsbomb
96077,Equi Fernández,Bayer Leverkusen,UEFA Champions League,statsbomb
39259,Malik Tillman,Bayer Leverkusen,UEFA Champions League,statsbomb
195841,Eliesse Ben Seghir,Bayer Leverkusen,UEFA Champions League,statsbomb
298195,Ibrahim Maza,Bayer Leverkusen,UEFA Champions League,statsbomb
10336,Álex Grimaldo,Bayer Leverkusen,UEFA Champions League,statsbomb
119600,Ernest Poku,Bayer Leverkusen,UEFA Champions League,statsbomb
5200,Lucas Vázquez,Bayer Leverkusen,UEFA Champions League,statsbomb
39070,Ansgar Knauff,Eintracht Frankfurt,UEFA Champions League,statsbomb
450422,Marvin Dills,Eintracht Frankfurt,UEFA Champions League,statsbomb
8227,Mario Götze,Eintracht Frankfurt,UEFA Champions League,statsbomb
291796,Jean-Mattéo Bahoya,Eintracht Frankfurt,UEFA Champions League,statsbomb
8238,Mahmoud Dahoud,Eintracht Frankfurt,UEFA Champions League,statsbomb
23198,Michael Zetterer,Eintracht Frankfurt,UEFA Champions League,statsbomb
43913,Arthur Theate,Eintracht Frankfurt,UEFA Champions League,statsbomb
13294,Robin Koch,Eintracht Frankfurt,UEFA Champions League,statsbomb
296291,Nathaniel Brown,Eintracht Frankfurt,UEFA Champions League,statsbomb
256938,Can Uzun,Eintracht Frankfurt,UEFA Champions League,statsbomb
3767,Ellyes Skhiri,Eintracht Frankfurt,UEFA Champions League,statsbomb
254651,Oscar Højlund,Eintracht Frankfurt,UEFA Champions League,statsbomb
3457,Michy Batshuayi,Eintracht Frankfurt,UEFA Champions League,statsbomb
8361,Ritsu Doan,Eintracht Frankfurt,UEFA Champions League,statsbomb
120833,Aurele Amenda,Eintracht Frankfurt,UEFA Champions League,statsbomb
143728,Hugo Larsson,Eintracht Frankfurt,UEFA Champions League,statsbomb
50497,Nicolas Jackson,Bayern Munich,UEFA Champions League,statsbomb
447981,Deniz Ofli,Bayern Munich,UEFA Champions League,statsbomb
5209,Raphaël Guerreiro,Bayern Munich,UEFA Champions League,statsbomb
27158,Luis Díaz,Bayern Munich,UEFA Champions League,statsbomb
183467,Tom Bischof,Bayern Munich,UEFA Champions League,statsbomb
39565,Jamal Musiala,Bayern Munich,UEFA Champions League,statsbomb
5579,Joshua Kimmich,Bayern Munich,UEFA Champions League,statsbomb
140589,Aleksandar Pavlović,Bayern Munich,UEFA Champions League,statsbomb
8400,Serge Gnabry,Bayern Munich,UEFA Champions League,statsbomb
447985,Wisdom Mike,Bayern Munich,UEFA Champions League,statsbomb
24215,Michael Olise,Bayern Munich,UEFA Champions League,statsbomb
43565,Min Jae Kim,Bayern Munich,UEFA Champions League,statsbomb
95272,Hiroki Ito,Bayern Munich,UEFA Champions League,statsbomb
10955,Harry Kane,Bayern Munich,UEFA Champions League,statsbomb
8221,Jonathan Tah,Bayern Munich,UEFA Champions League,statsbomb
3097,Pascal Groß,Borussia Dortmund,UEFA Champions League,statsbomb
12387,Julian Ryerson,Borussia Dortmund,UEFA Champions League,statsbomb
9102,Serhou Guirassy,Borussia Dortmund,UEFA Champions League,statsbomb
89986,Carney Chukwuemeka,Borussia Dortmund,UEFA Champions League,statsbomb
35609,Karim Adeyemi,Borussia Dortmund,UEFA Champions League,statsbomb
35242,Maximilian Beier,Borussia Dortmund,UEFA Champions League,statsbomb
17974,Gregor Kobel,Borussia Dortmund,UEFA Champions League,statsbomb
5555,Julian Brandt,Borussia Dortmund,UEFA Champions League,statsbomb
24118,Nico Schlotterbeck,Borussia Dortmund,UEFA Champions League,statsbomb
134717,Jobe Bellingham,Borussia Dortmund,UEFA Champions League,statsbomb
3191,Ramy Bensebaini,Borussia Dortmund,UEFA Champions League,statsbomb
8518,Marcel Sabitzer,Borussia Dortmund,UEFA Champions League,statsbomb
8538,Waldemar Anton,Borussia Dortmund,UEFA Champions League,statsbomb
398508,Aarón Anselmino,Borussia Dortmund,UEFA Champions League,statsbomb
30088,Fábio Silva,Borussia Dortmund,UEFA Champions League,statsbomb
57443,Daniel Svensson,Borussia Dortmund,UEFA Champions League,statsbomb
3493,Emre Can,Borussia Dortmund,UEFA Champions League,statsbomb
8220,David Alaba,Real Madrid,UEFA Champions League,statsbomb
116587,Arda Güler,Real Madrid,UEFA Champions League,statsbomb
271988,Endrick,Real Madrid,UEFA Champions League,statsbomb
18395,Vinícius Júnior,Real Madrid,UEFA Champions League,statsbomb
24778,Eduardo Camavinga,Real Madrid,UEFA Champions League,statsbomb
3009,Kylian Mbappé,Real Madrid,UEFA Champions League,statsbomb
10481,Aurélien Tchouaméni,Real Madrid,UEFA Champions League,statsbomb
21390,Andriy Lunin,Real Madrid,UEFA Champions League,statsbomb
13620,Éder Militão,Real Madrid,UEFA Champions League,statsbomb
149386,Raúl Asencio,Real Madrid,UEFA Champions League,statsbomb
50986,Álvaro Carreras,Real Madrid,UEFA Champions League,statsbomb
3804,Ferland Mendy,Real Madrid,UEFA Champions League,statsbomb
25104,Rodrygo,Real Madrid,UEFA Champions League,statsbomb
416520,Franco Mastantuono,Real Madrid,UEFA Champions League,statsbomb
3509,Thibaut Courtois,Real Madrid,UEFA Champions League,statsbomb
3641,Brahim Díaz,Real Madrid,UEFA Champions League,statsbomb
463042,Thiago Pitarch,Real Madrid,UEFA Champions League,statsbomb
254913,Dean Donny Huijsen,Real Madrid,UEFA Champions League,statsbomb
6773,Federico Valverde,Real Madrid,UEFA Champions League,statsbomb
30714,Jude Bellingham,Real Madrid,UEFA Champions League,statsbomb
255822,Rodrigo Mendoza,Atlético Madrid,UEFA Champions League,statsbomb
3447,Ademola Lookman,Atlético Madrid,UEFA Champions League,statsbomb
5487,Antoine Griezmann,Atlético Madrid,UEFA Champions League,statsbomb
22128,Robin Le Normand,Atlético Madrid,UEFA Champions League,statsbomb
29201,Nahuel Molina,Atlético Madrid,UEFA Champions League,statsbomb
137632,Carlos Martín,Atlético Madrid,UEFA Champions League,statsbomb
174250,Marc Pubill,Atlético Madrid,UEFA Champions League,statsbomb
6826,Clément Lenglet,Atlético Madrid,UEFA Champions League,statsbomb
28637,Thiago Almada,Atlético Madrid,UEFA Champions League,statsbomb
41115,Álex Baena,Atlético Madrid,UEFA Champions League,statsbomb
5199,Koke,Atlético Madrid,UEFA Champions League,statsbomb
6840,Marcos Llorente,Atlético Madrid,UEFA Champions League,statsbomb
16879,Dávid Hancko,Atlético Madrid,UEFA Champions League,statsbomb
29399,Conor Gallagher,Atlético Madrid,UEFA Champions League,statsbomb
137631,Pablo Barrios,Atlético Madrid,UEFA Champions League,statsbomb
20940,Juan Musso,Atlético Madrid,UEFA Champions League,statsbomb
32122,Johnny,Atlético Madrid,UEFA Champions League,statsbomb
6393,Iñaki Williams,Athletic Club,UEFA Champions League,statsbomb
11748,Unai Simón,Athletic Club,UEFA Champions League,statsbomb
524611,Selton Camilo,Athletic Club,UEFA Champions League,statsbomb
441597,Maroan Harrouch,Athletic Club,UEFA Champions League,statsbomb
68574,Nico Williams,Athletic Club,UEFA Champions League,statsbomb
391186,Ibon Sanchez,Athletic Club,UEFA Champions League,statsbomb
12553,Gorka Guruzeta,Athletic Club,UEFA Champions League,statsbomb
4353,Aymeric Laporte,Athletic Club,UEFA Champions League,statsbomb
34639,Vitinha,Paris Saint-Germain,UEFA Champions League,statsbomb
385819,Senny Mayulu,Paris Saint-Germain,UEFA Champions League,statsbomb
38229,Khvicha Kvaratskhelia,Paris Saint-Germain,UEFA Champions League,statsbomb
39420,Bradley Barcola,Paris Saint-Germain,UEFA Champions League,statsbomb
144059,Warren Zaïre-Emery,Paris Saint-Germain,UEFA Champions League,statsbomb
406703,Ibrahim Mbaye,Paris Saint-Germain,UEFA Champions League,statsbomb
41092,Nuno Mendes,Paris Saint-Germain,UEFA Champions League,statsbomb
5245,Achraf Hakimi,Paris Saint-Germain,UEFA Champions League,statsbomb
30415,Facundo Medina,Olympique de Marseille,UEFA Champions League,statsbomb
12495,Hamed Traorè,Olympique de Marseille,UEFA Champions League,statsbomb
33233,Leonardo Balerdi,Olympique de Marseille,UEFA Champions League,statsbomb
40209,Conor Bradley,Liverpool,UEFA Champions League,statsbomb
23230,Ryan Gravenberch,Liverpool,UEFA Champions League,statsbomb
3669,Virgil van Dijk,Liverpool,UEFA Champions League,statsbomb
32985,Mojmír Chytil,Slavia Praha,UEFA Champions League,statsbomb
287492,Tomáš Vlček,Slavia Praha,UEFA Champions League,statsbomb
61095,Elye Wahi,Eintracht Frankfurt,UEFA Champions League,statsbomb
30606,Edmond Tapsoba,Bayer Leverkusen,UEFA Champions League,statsbomb
49337,Josip Stanišić,Bayern Munich,UEFA Champions League,statsbomb
6324,Leon Goretzka,Bayern Munich,UEFA Champions League,statsbomb
8519,Dayotchanculle Upamecano,Bayern Munich,UEFA Champions League,statsbomb
414794,Jorge Cestero,Real Madrid,UEFA Champions League,statsbomb
133308,Giuliano Simeone,Atlético Madrid,UEFA Champions League,statsbomb
324613,Adama Boiro,Athletic Club,UEFA Champions League,statsbomb
31953,Eric García,Barcelona,UEFA Champions League,statsbomb
140598,Marc Casadó,Barcelona,UEFA Champions League,statsbomb
6748,Ferrán Torres,Barcelona,UEFA Champions League,statsbomb
3959,Andreas Christensen,Barcelona,UEFA Champions League,statsbomb
21081,Juan Foyth,Villarreal,UEFA Champions League,statsbomb
33234,Georges Mikautadze,Villarreal,UEFA Champions League,statsbomb
406517,Pau Navarro,Villarreal,UEFA Champions League,statsbomb
12194,Santi Comesaña,Villarreal,UEFA Champions League,statsbomb
6737,Alfonso Pedraza,Villarreal,UEFA Champions League,statsbomb
426983,Daniel Budesca,Villarreal,UEFA Champions League,statsbomb
8854,Wout Faes,AS Monaco,UEFA Champions League,statsbomb
12111,Rayan Aït Nouri,Manchester City,UEFA Champions League,statsbomb
196954,Facundo Buonanotte,Chelsea,UEFA Champions League,statsbomb
339718,Sean Neave,Newcastle United,UEFA Champions League,statsbomb
46324,Dani Bolt,Qarabağ FK,UEFA Champions League,statsbomb
11514,Giovanni Di Lorenzo,Napoli,UEFA Champions League,statsbomb
8066,David Neres,Napoli,UEFA Champions League,statsbomb
137346,Giuseppe Ambrosino,Napoli,UEFA Champions League,statsbomb
6798,Stanislav Lobotka,Napoli,UEFA Champions League,statsbomb
7104,Mathías Olivera,Napoli,UEFA Champions League,statsbomb
3289,Romelu Lukaku,Napoli,UEFA Champions League,statsbomb
6969,Juan Jesus,Napoli,UEFA Champions League,statsbomb
145175,André Luiz,Olympiacos,UEFA Champions League,statsbomb
38825,Konstantinos Tzolakis,Olympiacos,UEFA Champions League,statsbomb
237830,Lorenzo Scipioni,Olympiacos,UEFA Champions League,statsbomb
5732,Andreas Cornelius,FC København,UEFA Champions League,statsbomb
134209,Barış Alper Yılmaz,Galatasaray,UEFA Champions League,statsbomb
30844,Jostein Gundersen,Bodø / Glimt,UEFA Champions League,statsbomb
81473,Pedro Bicalho,Qarabağ FK,UEFA Champions League,statsbomb
313737,Nariman Akhundzada,Qarabağ FK,UEFA Champions League,statsbomb
50970,Musa Qurbanly,Qarabağ FK,UEFA Champions League,statsbomb
6302,Kasper Dolberg,Ajax,UEFA Champions League,statsbomb
426959,Jorthy Mokio,Ajax,UEFA Champions League,statsbomb
21879,Kenneth Taylor,Ajax,UEFA Champions League,statsbomb
414700,Rayane Bounida,Ajax,UEFA Champions League,statsbomb
42933,Raúl Moro,Ajax,UEFA Champions League,statsbomb
22072,Khéphren Thuram,Juventus,UEFA Champions League,statsbomb
39624,Francisco Conceição,Juventus,UEFA Champions League,statsbomb
24723,Edon Zhegrova,Juventus,UEFA Champions League,statsbomb
6953,Daniele Rugani,Juventus,UEFA Champions League,statsbomb
31701,Gabriel Strefezza,Olympiacos,UEFA Champions League,statsbomb
425400,Stavros Pnevmonidis,Olympiacos,UEFA Champions League,statsbomb
8968,Panagiotis Retsos,Olympiacos,UEFA Champions League,statsbomb
22073,Giulian Biancone,Olympiacos,UEFA Champions League,statsbomb
29797,Fredrik Aursnes,Benfica,UEFA Champions League,statsbomb
246790,Gianluca Prestianni,Benfica,UEFA Champions League,statsbomb
145043,Samuel Dahl,Benfica,UEFA Champions League,statsbomb
423714,Sidny Cabral,Benfica,UEFA Champions League,statsbomb
343476,João Rêgo,Benfica,UEFA Champions League,statsbomb
23238,Vangelis Pavlidis,Benfica,UEFA Champions League,statsbomb
143854,António Silva,Benfica,UEFA Champions League,statsbomb
39551,Henrique Araújo,Benfica,UEFA Champions League,statsbomb
38975,Georgiy Sudakov,Benfica,UEFA Champions League,statsbomb
49395,Richard Ríos,Benfica,UEFA Champions League,statsbomb
3090,Nicolás Otamendi,Benfica,UEFA Champions League,statsbomb
23402,Leandro Barreiro,Benfica,UEFA Champions League,statsbomb
8819,Alexander Isak,Liverpool,UEFA Champions League,statsbomb
32712,Jeremie Frimpong,Liverpool,UEFA Champions League,statsbomb
22043,Ulisses Garcia,Olympique de Marseille,UEFA Champions League,statsbomb
443905,Dro Fernández,Paris Saint-Germain,UEFA Champions League,statsbomb
413994,Luca Reggiani,Borussia Dortmund,UEFA Champions League,statsbomb
6322,Niklas Süle,Borussia Dortmund,UEFA Champions League,statsbomb
23658,Aurélio Buta,Eintracht Frankfurt,UEFA Champions League,statsbomb
17277,Jonathan Burkardt,Eintracht Frankfurt,UEFA Champions League,statsbomb
457942,Alexander Staff,Eintracht Frankfurt,UEFA Champions League,statsbomb
37330,Anatoliy Trubin,Benfica,UEFA Champions League,statsbomb
39426,Amar Dedić,Benfica,UEFA Champions League,statsbomb
458750,Christian Kofane,Bayer Leverkusen,UEFA Champions League,statsbomb
4420,Martin Terrier,Bayer Leverkusen,UEFA Champions League,statsbomb
9195,Robert Andrich,Bayer Leverkusen,UEFA Champions League,statsbomb
397195,Claudio Echeverri,Bayer Leverkusen,UEFA Champions League,statsbomb
6888,Aleix García,Bayer Leverkusen,UEFA Champions League,statsbomb
8804,Jonas Hofmann,Bayer Leverkusen,UEFA Champions League,statsbomb
40908,Jarell Quansah,Bayer Leverkusen,UEFA Champions League,statsbomb
41411,Nathan Tella,Bayer Leverkusen,UEFA Champions League,statsbomb
196651,Arthur,Bayer Leverkusen,UEFA Champions League,statsbomb
186412,Jeanuël Belocian,Bayer Leverkusen,UEFA Champions League,statsbomb
34930,Kevin Mac Allister,Union Saint-Gilloise,UEFA Champions League,statsbomb
306782,Mohammed Fuseini,Union Saint-Gilloise,UEFA Champions League,statsbomb
152889,Guilherme Smith,Union Saint-Gilloise,UEFA Champions League,statsbomb
9432,Ross Sykes,Union Saint-Gilloise,UEFA Champions League,statsbomb
163600,Adilet Sadybekov,Kairat,UEFA Champions League,statsbomb
34681,Neofytos Michail,Pafos,UEFA Champions League,statsbomb
10713,Mons Bassouamina,Pafos,UEFA Champions League,statsbomb
38724,Jajá,Pafos,UEFA Champions League,statsbomb
398885,Kostas Pileas,Pafos,UEFA Champions League,statsbomb
22140,Domingos Quina,Pafos,UEFA Champions League,statsbomb
46773,Bahlul Mustafazada,Qarabağ FK,UEFA Champions League,statsbomb
48999,Matheus Silva,Qarabağ FK,UEFA Champions League,statsbomb
360450,Emmanuel Addai,Qarabağ FK,UEFA Champions League,statsbomb
20687,Nico González,Atlético Madrid,UEFA Champions League,statsbomb
464359,Hugo Cortés,Villarreal,UEFA Champions League,statsbomb
140592,Ilias Akhomach,Villarreal,UEFA Champions League,statsbomb
48310,Luiz Júnior,Villarreal,UEFA Champions League,statsbomb
138344,Kady Borges,Qarabağ FK,UEFA Champions League,statsbomb
37221,Hidemasa Morita,Sporting CP,UEFA Champions League,statsbomb
127300,Geny Catamo,Sporting CP,UEFA Champions League,statsbomb
41202,Giorgi Kochorashvili,Sporting CP,UEFA Champions League,statsbomb
33295,Ricardo Mangas,Sporting CP,UEFA Champions League,statsbomb
314765,Rafael Nel,Sporting CP,UEFA Champions League,statsbomb
396203,Geovany Quenda,Sporting CP,UEFA Champions League,statsbomb
49731,Fotis Ioannidis,Sporting CP,UEFA Champions League,statsbomb
13148,Matheus Reis,Sporting CP,UEFA Champions League,statsbomb
444351,Salvador Blopa,Sporting CP,UEFA Champions League,statsbomb
22390,Francisco Trincão,Sporting CP,UEFA Champions League,statsbomb
272482,Luis Guilherme,Sporting CP,UEFA Champions League,statsbomb
35524,Georgios Vagiannidis,Sporting CP,UEFA Champions League,statsbomb
319475,Alisson Santos,Sporting CP,UEFA Champions League,statsbomb
114832,Zeno Debast,Sporting CP,UEFA Champions League,statsbomb
196109,Ousmane Diomande,Sporting CP,UEFA Champions League,statsbomb
24093,Luis Suárez,Sporting CP,UEFA Champions League,statsbomb
29378,João Virginia,Sporting CP,UEFA Champions League,statsbomb
35492,Maxi Araújo,Sporting CP,UEFA Champions League,statsbomb
30083,Pedro Gonçalves,Sporting CP,UEFA Champions League,statsbomb
149579,Rodrigo Ribeiro,Sporting CP,UEFA Champions League,statsbomb
24773,Nuno Santos,Sporting CP,UEFA Champions League,statsbomb
396212,João Simões,Sporting CP,UEFA Champions League,statsbomb
179025,Iván Fresneda,Sporting CP,UEFA Champions League,statsbomb
8621,Morten Hjulmand,Sporting CP,UEFA Champions League,statsbomb
40873,Eduardo Quaresma,Sporting CP,UEFA Champions League,statsbomb
42106,Gonçalo Inácio,Sporting CP,UEFA Champions League,statsbomb
35480,Santiago Hezze,Olympiacos,UEFA Champions League,statsbomb
16492,Alexandros Paschalakis,Olympiacos,UEFA Champions League,statsbomb
112989,Ricardinho,Kairat,UEFA Champions League,statsbomb
135528,Erkin Tapalov,Kairat,UEFA Champions League,statsbomb
444466,Ramazan Bagdat,Kairat,UEFA Champions League,statsbomb
50715,Luís Mata,Kairat,UEFA Champions League,statsbomb
140026,Alexander Shirobokov,Kairat,UEFA Champions League,statsbomb
38735,Diogo Nascimento,Olympiacos,UEFA Champions League,statsbomb
5226,Mehdi Taremi,Olympiacos,UEFA Champions League,statsbomb
29963,Haitam Aleesami,Bodø / Glimt,UEFA Champions League,statsbomb
430451,Villads Nielsen,Bodø / Glimt,UEFA Champions League,statsbomb
41302,Sondre Brunstad Fet,Bodø / Glimt,UEFA Champions League,statsbomb
48710,Roméo Lavia,Chelsea,UEFA Champions League,statsbomb
156735,Kamiel Van de Perre,Union Saint-Gilloise,UEFA Champions League,statsbomb
207619,Joel Ordóñez,Club Brugge,UEFA Champions League,statsbomb
132102,Félix Lemaréchal,Club Brugge,UEFA Champions League,statsbomb
422314,Honest Ahanor,Atalanta,UEFA Champions League,statsbomb
40735,Lazar Samardžić,Atalanta,UEFA Champions League,statsbomb
63628,Lorenzo Bernasconi,Atalanta,UEFA Champions League,statsbomb
27702,Éderson,Atalanta,UEFA Champions League,statsbomb
51943,Giorgio Scalvini,Atalanta,UEFA Champions League,statsbomb
29965,Raoul Bellanova,Atalanta,UEFA Champions League,statsbomb
3510,Sead Kolasinac,Atalanta,UEFA Champions League,statsbomb
50502,Nicola Zalewski,Atalanta,UEFA Champions League,statsbomb
30632,Nikola Krstović,Atalanta,UEFA Champions League,statsbomb
7039,Hakan Çalhanoğlu,Inter Milan,UEFA Champions League,statsbomb
7119,Francesco Acerbi,Inter Milan,UEFA Champions League,statsbomb
30926,Davide Frattesi,Inter Milan,UEFA Champions League,statsbomb
3275,Henrikh Mkhitaryan,Inter Milan,UEFA Champions League,statsbomb
10286,Mohamed Elyounoussi,FC København,UEFA Champions League,statsbomb
398427,Robert,FC København,UEFA Champions League,statsbomb
3956,David Luiz,Pafos,UEFA Champions League,statsbomb
144884,Maghnes Akliouche,AS Monaco,UEFA Champions League,statsbomb
409436,Samuel Nibombé,AS Monaco,UEFA Champions League,statsbomb
105392,Simon Adingra,AS Monaco,UEFA Champions League,statsbomb
227295,Junnosuke Suzuki,FC København,UEFA Champions League,statsbomb
7745,Steven Berghuis,Ajax,UEFA Champions League,statsbomb
40207,Vitezslav Jaros,Ajax,UEFA Champions League,statsbomb
133356,James McConnell,Ajax,UEFA Champions League,statsbomb
410186,Don-Angelo Konadu,Ajax,UEFA Champions League,statsbomb
411729,Aaron Bouwman,Ajax,UEFA Champions League,statsbomb
11493,Bremer,Juventus,UEFA Champions League,statsbomb
7891,Teun Koopmeiners,Juventus,UEFA Champions League,statsbomb
445932,Sherkhan Kalmurza,Kairat,UEFA Champions League,statsbomb
75537,David Goldar,Pafos,UEFA Champions League,statsbomb
172852,Aleksandar Stanković,Club Brugge,UEFA Champions League,statsbomb
31225,Guglielmo Vicario,Tottenham Hotspur,UEFA Champions League,statsbomb
131306,Erik Prekop,Slavia Praha,UEFA Champions League,statsbomb
6392,Iñigo Lekue,Athletic Club,UEFA Champions League,statsbomb
42038,Costinha,Olympiacos,UEFA Champions League,statsbomb
25139,Rodinei,Olympiacos,UEFA Champions League,statsbomb
50274,Yan Couto,Borussia Dortmund,UEFA Champions League,statsbomb
150113,Temirlan Anarbekov,Kairat,UEFA Champions League,statsbomb
326971,Souleymane Faye,Sporting CP,UEFA Champions League,statsbomb
40874,Matheus Nunes,Manchester City,UEFA Champions League,statsbomb
364238,Arda Ünyay,Galatasaray,UEFA Champions League,statsbomb
23543,Yann Bisseck,Inter Milan,UEFA Champions League,statsbomb
11603,Mario Pašalić,Atalanta,UEFA Champions League,statsbomb
16533,Amir Rrahmani,Napoli,UEFA Champions League,statsbomb
20600,Vanja Savić,Napoli,UEFA Champions League,statsbomb
31067,Billy Gilmour,Napoli,UEFA Champions League,statsbomb
3880,Christian Burgess,Union Saint-Gilloise,UEFA Champions League,statsbomb
45103,Louis Patris,Union Saint-Gilloise,UEFA Champions League,statsbomb
438432,Promise David,Union Saint-Gilloise,UEFA Champions League,statsbomb
3625,Sofiane Boufal,Union Saint-Gilloise,UEFA Champions League,statsbomb
6775,Dani García,Olympiacos,UEFA Champions League,statsbomb
52221,Fedde Leysen,Union Saint-Gilloise,UEFA Champions League,statsbomb
12365,Alphonso Davies,Bayern Munich,UEFA Champions League,statsbomb
134051,Jonas Urbig,Bayern Munich,UEFA Champions League,statsbomb
46435,Dan Glazer,Kairat,UEFA Champions League,statsbomb
16429,Aleksandr Martynovich,Kairat,UEFA Champions League,statsbomb
482459,Jorginho,Kairat,UEFA Champions League,statsbomb
444457,Olzhas Baybek,Kairat,UEFA Champions League,statsbomb
41861,Isak Dybvik Määttä,Bodø / Glimt,UEFA Champions League,statsbomb
27133,Odilon Kossounou,Atalanta,UEFA Champions League,statsbomb
5527,Thomas Delaney,FC København,UEFA Champions League,statsbomb
18015,Dušan Vlahović,Juventus,UEFA Champions League,statsbomb
49665,Felix Kalu Nmecha,Borussia Dortmund,UEFA Champions League,statsbomb
385870,Daniel Mesonero,Real Madrid,UEFA Champions League,statsbomb
3664,Trent Alexander-Arnold,Real Madrid,UEFA Champions League,statsbomb
23824,Iñigo de Galarreta,Athletic Club,UEFA Champions League,statsbomb
10595,Raphinha,Barcelona,UEFA Champions League,statsbomb
5668,Robert Lewandowski,Barcelona,UEFA Champions League,statsbomb
24024,Tajon Buchanan,Villarreal,UEFA Champions League,statsbomb
346082,Tiago Freitas,Benfica,UEFA Champions League,statsbomb
25048,Giacomo Raspadori,Atalanta,UEFA Champions League,statsbomb
32547,Micky van de Ven,Tottenham Hotspur,UEFA Champions League,statsbomb
152063,Nnamdi Collins,Eintracht Frankfurt,UEFA Champions League,statsbomb
435961,Georgios Michail,Pafos,UEFA Champions League,statsbomb
5456,Mateo Kovačić,Manchester City,UEFA Champions League,statsbomb
11820,Kevin Danso,Tottenham Hotspur,UEFA Champions League,statsbomb
29377,Brennan Johnson,Tottenham Hotspur,UEFA Champions League,statsbomb
151924,Wilson Odobert,Tottenham Hotspur,UEFA Champions League,statsbomb
12169,João Palhinha,Tottenham Hotspur,UEFA Champions League,statsbomb
4625,Joe Willock,Newcastle United,UEFA Champions League,statsbomb
406072,Alex Murphy,Newcastle United,UEFA Champions League,statsbomb
7294,Yoane Wissa,Newcastle United,UEFA Champions League,statsbomb
141013,Leo Shahar,Newcastle United,UEFA Champions League,statsbomb
23500,Jacob Ramsey,Newcastle United,UEFA Champions League,statsbomb
121254,William Osula,Newcastle United,UEFA Champions League,statsbomb
451060,Reggie Walsh,Chelsea,UEFA Champions League,statsbomb
51737,Filip Jørgensen,Chelsea,UEFA Champions League,statsbomb
38718,Enzo Fernandez,Chelsea,UEFA Champions League,statsbomb
333638,Marc Guiu,Chelsea,UEFA Champions League,statsbomb
50728,Joan García,Barcelona,UEFA Champions League,statsbomb
5550,Yann Sommer,Inter Milan,UEFA Champions League,statsbomb
39174,Ismael Saibari,PSV Eindhoven,UEFA Champions League,statsbomb
79429,Kiliann Sildillia,PSV Eindhoven,UEFA Champions League,statsbomb
15636,Myron Boadu,PSV Eindhoven,UEFA Champions League,statsbomb
478263,Filip Pavic,Bayern Munich,UEFA Champions League,statsbomb
8506,Konrad Laimer,Bayern Munich,UEFA Champions League,statsbomb
40707,Jessic Ngankam,Eintracht Frankfurt,UEFA Champions League,statsbomb
271843,Kauã Santos,Eintracht Frankfurt,UEFA Champions League,statsbomb
16190,Rasmus Kristensen,Eintracht Frankfurt,UEFA Champions League,statsbomb
46046,Matej Kovar,PSV Eindhoven,UEFA Champions League,statsbomb
56905,Dennis Man,PSV Eindhoven,UEFA Champions League,statsbomb
7833,Guus Til,PSV Eindhoven,UEFA Champions League,statsbomb
5474,Ivan Perišić,PSV Eindhoven,UEFA Champions League,statsbomb
21711,Armando Obispo,PSV Eindhoven,UEFA Champions League,statsbomb
410733,Noah Fernandez,PSV Eindhoven,UEFA Champions League,statsbomb
34236,Anass Salah-Eddine,PSV Eindhoven,UEFA Champions League,statsbomb
5669,Wojciech Szczęsny,Barcelona,UEFA Champions League,statsbomb
6697,Dani Ceballos,Real Madrid,UEFA Champions League,statsbomb
140428,Manuel Ángel,Real Madrid,UEFA Champions League,statsbomb
315228,César Palacios,Real Madrid,UEFA Champions League,statsbomb
140425,Gonzalo García,Real Madrid,UEFA Champions League,statsbomb
38803,Gonçalo Ramos,Paris Saint-Germain,UEFA Champions League,statsbomb
5484,Lucas Hernandez,Paris Saint-Germain,UEFA Champions League,statsbomb
39566,Matteo Ruggeri,Atlético Madrid,UEFA Champions League,statsbomb
3687,Alexander Sørloth,Atlético Madrid,UEFA Champions League,statsbomb
47665,Couhaib Driouech,PSV Eindhoven,UEFA Champions League,statsbomb
144139,Paul Wanner,PSV Eindhoven,UEFA Champions League,statsbomb
21881,Sergiño Dest,PSV Eindhoven,UEFA Champions League,statsbomb
15503,Jerdy Schouten,PSV Eindhoven,UEFA Champions League,statsbomb
88560,Ryan Flamingo,PSV Eindhoven,UEFA Champions League,statsbomb
226360,Esmir Bajraktarevic,PSV Eindhoven,UEFA Champions League,statsbomb
443905,Dro Fernández,Barcelona,UEFA Champions League,statsbomb
39161,Alejandro Balde,Barcelona,UEFA Champions League,statsbomb
47516,Fran García,Real Madrid,UEFA Champions League,statsbomb
3167,Antonio Rüdiger,Real Madrid,UEFA Champions League,statsbomb
5721,Daniel Carvajal,Real Madrid,UEFA Champions League,statsbomb
4372,Marquinhos,Paris Saint-Germain,UEFA Champions League,statsbomb
39136,Ilya Zabarnyi,Paris Saint-Germain,UEFA Champions League,statsbomb
137326,Filippo Mane,Borussia Dortmund,UEFA Champions League,statsbomb
137446,Antonio Vergara,Napoli,UEFA Champions League,statsbomb
3089,Kevin De Bruyne,Napoli,UEFA Champions League,statsbomb
89635,Milos Kerkez,Liverpool,UEFA Champions League,statsbomb
27886,Alexis MacAllister,Liverpool,UEFA Champions League,statsbomb
29560,Julián Álvarez,Atlético Madrid,UEFA Champions League,statsbomb
6378,Jan Oblak,Atlético Madrid,UEFA Champions League,statsbomb
5259,José María Giménez,Atlético Madrid,UEFA Champions League,statsbomb
23322,Javier Galán,Atlético Madrid,UEFA Champions League,statsbomb
25048,Giacomo Raspadori,Atlético Madrid,UEFA Champions League,statsbomb
402113,Petar Sučić,Inter Milan,UEFA Champions League,statsbomb
451016,Marli Salmon,Arsenal,UEFA Champions League,statsbomb
16232,Mauro Júnior,PSV Eindhoven,UEFA Champions League,statsbomb
255812,Yarek Gasiorowski,PSV Eindhoven,UEFA Champions League,statsbomb
245215,Ruben van Bommel,PSV Eindhoven,UEFA Champions League,statsbomb
26151,Ricardo Daniel Pepi,PSV Eindhoven,UEFA Champions League,statsbomb
21633,Joey Veerman,PSV Eindhoven,UEFA Champions League,statsbomb
29932,Fredrik Bjørkan,Bodø / Glimt,UEFA Champions League,statsbomb
41304,Sondre Auklend,Bodø / Glimt,UEFA Champions League,statsbomb
29928,Ulrik Saltnes,Bodø / Glimt,UEFA Champions League,statsbomb
485725,E.Mbodji,Slavia Praha,UEFA Champions League,statsbomb
122556,Igoh Ogbu,Slavia Praha,UEFA Champions League,statsbomb
22026,Michal Sadílek,Slavia Praha,UEFA Champions League,statsbomb
5570,Manuel Neuer,Bayern Munich,UEFA Champions League,statsbomb
447982,Lennart Karl,Bayern Munich,UEFA Champions League,statsbomb
24946,Sacha Boey,Bayern Munich,UEFA Champions League,statsbomb
338552,Kaye Furo,Club Brugge,UEFA Champions League,statsbomb
24140,Rui Silva,Sporting CP,UEFA Champions League,statsbomb
49350,Daniel Bragança,Sporting CP,UEFA Champions League,statsbomb
3013,Nicolas Pépé,Villarreal,UEFA Champions League,statsbomb
39600,Lucas Chevalier,Paris Saint-Germain,UEFA Champions League,statsbomb
432175,Andre Harriman-Annous,Arsenal,UEFA Champions League,statsbomb
25000,Mark Flekken,Bayer Leverkusen,UEFA Champions League,statsbomb
34167,Loïc Badé,Bayer Leverkusen,UEFA Champions League,statsbomb
445342,Jeremiah Mensah,Bayer Leverkusen,UEFA Champions League,statsbomb
232025,Clayton,Olympiacos,UEFA Champions League,statsbomb
411733,Sean Steur,Ajax,UEFA Champions League,statsbomb
443700,Alassane Diatta,Villarreal,UEFA Champions League,statsbomb
15155,Janis Blaswich,Bayer Leverkusen,UEFA Champions League,statsbomb
217047,Farès Chaïbi,Eintracht Frankfurt,UEFA Champions League,statsbomb
477265,José Neto,Benfica,UEFA Champions League,statsbomb
16526,Ivan Šunjić,Pafos,UEFA Champions League,statsbomb
30080,Anderson Silva,Pafos,UEFA Champions League,statsbomb
16527,Mislav Oršić,Pafos,UEFA Champions League,statsbomb
132890,Tyrese Asante,Maccabi Tel Aviv,UEFA Europa League,statsbomb
16025,Mohamed Camara,Maccabi Tel Aviv,UEFA Europa League,statsbomb
46483,Ion Nicolăescu,Maccabi Tel Aviv,UEFA Europa League,statsbomb
423922,Itay Ben Hamo,Maccabi Tel Aviv,UEFA Europa League,statsbomb
135687,Ido Shahar,Maccabi Tel Aviv,UEFA Europa League,statsbomb
255016,Noam Ben Harush,Maccabi Tel Aviv,UEFA Europa League,statsbomb
5524,Jens Stryger,Malmö FF,UEFA Europa League,statsbomb
26854,Stefano Vecchia,Malmö FF,UEFA Europa League,statsbomb
345497,Salifou Soumah,Malmö FF,UEFA Europa League,statsbomb
399876,Adrian Skogmar,Malmö FF,UEFA Europa League,statsbomb
16030,Arnór Sigurðsson,Malmö FF,UEFA Europa League,statsbomb
143726,Hugo Bolin,Malmö FF,UEFA Europa League,statsbomb
85668,Emmanuel Ekong,Malmö FF,UEFA Europa League,statsbomb
135139,Melker Ellborg,Malmö FF,UEFA Europa League,statsbomb
478161,Malte Frejd Pålsson,Malmö FF,UEFA Europa League,statsbomb
4709,Pontus Jansson,Malmö FF,UEFA Europa League,statsbomb
26897,Oliver Berg,Malmö FF,UEFA Europa League,statsbomb
5622,Robin Olsen,Malmö FF,UEFA Europa League,statsbomb
16566,Anders Christiansen,Malmö FF,UEFA Europa League,statsbomb
490009,Theodor Lundbergh,Malmö FF,UEFA Europa League,statsbomb
33364,Lasse Johnsen,Malmö FF,UEFA Europa League,statsbomb
162678,Otto Rosengren,Malmö FF,UEFA Europa League,statsbomb
386004,Daníel Guðjohnsen,Malmö FF,UEFA Europa League,statsbomb
11350,Oscar Lewicki,Malmö FF,UEFA Europa League,statsbomb
380872,Kenan Busuladžić,Malmö FF,UEFA Europa League,statsbomb
433587,Jacob Hödl,Sturm Graz,UEFA Europa League,statsbomb
35685,Niklas Geyrhofer,Sturm Graz,UEFA Europa League,statsbomb
117110,Julius Beck,Sturm Graz,UEFA Europa League,statsbomb
447974,Luca Weinhandl,Sturm Graz,UEFA Europa League,statsbomb
32430,Tochi Chukwuani,Sturm Graz,UEFA Europa League,statsbomb
121415,Seedy Jatta,Sturm Graz,UEFA Europa League,statsbomb
11416,Jon Gorenc Stankovic,Sturm Graz,UEFA Europa League,statsbomb
11335,Otar Kiteishvili,Sturm Graz,UEFA Europa League,statsbomb
27038,Oliver Christensen,Sturm Graz,UEFA Europa League,statsbomb
314753,Matteo Bignetti,Sturm Graz,UEFA Europa League,statsbomb
382202,Leon Grgić,Sturm Graz,UEFA Europa League,statsbomb
409336,Jannik Schuster,Salzburg,UEFA Europa League,statsbomb
312590,Moussa Yeo,Salzburg,UEFA Europa League,statsbomb
140571,Frans Krätzig,Salzburg,UEFA Europa League,statsbomb
210451,Christian Zawieschitzky,Salzburg,UEFA Europa League,statsbomb
32537,Yorbe Vertessen,Salzburg,UEFA Europa League,statsbomb
136074,Karim Konaté,Salzburg,UEFA Europa League,statsbomb
202844,Sota Kitano,Salzburg,UEFA Europa League,statsbomb
409337,Oliver Lukic,Salzburg,UEFA Europa League,statsbomb
444405,Kerim Alajbegovic,Salzburg,UEFA Europa League,statsbomb
6574,Douglas Luiz,Aston Villa,UEFA Europa League,statsbomb
3702,Victor Lindelöf,Aston Villa,UEFA Europa League,statsbomb
302416,Jamaldeen Jimoh-Aloba,Aston Villa,UEFA Europa League,statsbomb
48347,Amadou Onana,Aston Villa,UEFA Europa League,statsbomb
297939,George Hemmings,Aston Villa,UEFA Europa League,statsbomb
6892,Pau Torres,Aston Villa,UEFA Europa League,statsbomb
45189,Evann Guessand,Aston Villa,UEFA Europa League,statsbomb
3822,Ezri Konsa,Aston Villa,UEFA Europa League,statsbomb
11813,Emiliano Buendía,Aston Villa,UEFA Europa League,statsbomb
145004,Kadan Young,Aston Villa,UEFA Europa League,statsbomb
4734,Matty Cash,Aston Villa,UEFA Europa League,statsbomb
4275,Ross Barkley,Aston Villa,UEFA Europa League,statsbomb
4433,Boubacar Kamara,Aston Villa,UEFA Europa League,statsbomb
12423,Jadon Sancho,Aston Villa,UEFA Europa League,statsbomb
2954,Youri Tielemans,Aston Villa,UEFA Europa League,statsbomb
39092,Ian Maatsen,Aston Villa,UEFA Europa League,statsbomb
74365,Lamare Bogarde,Aston Villa,UEFA Europa League,statsbomb
7832,Marco Bizot,Aston Villa,UEFA Europa League,statsbomb
3440,Tammy Abraham,Aston Villa,UEFA Europa League,statsbomb
41998,John Victor,Nottingham Forest,UEFA Europa League,statsbomb
271874,Jair Cunha,Nottingham Forest,UEFA Europa League,statsbomb
39385,Morato,Nottingham Forest,UEFA Europa League,statsbomb
134057,Lorenzo Lucca,Nottingham Forest,UEFA Europa League,statsbomb
5603,Nikola Milenković,Nottingham Forest,UEFA Europa League,statsbomb
9934,Morgan Gibbs-White,Nottingham Forest,UEFA Europa League,statsbomb
4274,Callum Hudson-Odoi,Nottingham Forest,UEFA Europa League,statsbomb
35705,Arnaud Kalimuendo,Nottingham Forest,UEFA Europa League,statsbomb
28672,Nicolás Domínguez,Nottingham Forest,UEFA Europa League,statsbomb
56409,Omari Hutchinson,Nottingham Forest,UEFA Europa League,statsbomb
44074,Igor Jesus,Nottingham Forest,UEFA Europa League,statsbomb
34794,Neco Williams,Nottingham Forest,UEFA Europa League,statsbomb
4239,Ryan Yates,Nottingham Forest,UEFA Europa League,statsbomb
49702,Elliot Anderson,Nottingham Forest,UEFA Europa League,statsbomb
6574,Douglas Luiz,Nottingham Forest,UEFA Europa League,statsbomb
16041,Patrik Hrošovský,Viktoria Plzen,UEFA Europa League,statsbomb
135744,Christophe Kabongo,Viktoria Plzen,UEFA Europa League,statsbomb
136575,Sampson Dweh,Viktoria Plzen,UEFA Europa League,statsbomb
425247,Karel Spacil,Viktoria Plzen,UEFA Europa League,statsbomb
79205,Cheick Souaré,Viktoria Plzen,UEFA Europa League,statsbomb
397080,Salim Fago Lawal,Viktoria Plzen,UEFA Europa League,statsbomb
413527,Prince Adu,Viktoria Plzen,UEFA Europa League,statsbomb
146109,Rafiu Durosinmi,Viktoria Plzen,UEFA Europa League,statsbomb
3176,Thomas Meunier,Lille,UEFA Europa League,statsbomb
115040,Hákon Haraldsson,Lille,UEFA Europa League,statsbomb
301392,Tiago Santos,Lille,UEFA Europa League,statsbomb
307311,Noah Edjouma,Lille,UEFA Europa League,statsbomb
3044,Chancel Mbemba,Lille,UEFA Europa League,statsbomb
7525,Gaëtan Perrin,Lille,UEFA Europa League,statsbomb
384003,Mathias Fernandez-Pardo,Lille,UEFA Europa League,statsbomb
41530,Osame Sahraoui,Lille,UEFA Europa League,statsbomb
346691,Fer López,Celta Vigo,UEFA Europa League,statsbomb
23252,Mihailo Ristic,Celta Vigo,UEFA Europa League,statsbomb
277762,Jones El-Abdellaoui,Celta Vigo,UEFA Europa League,statsbomb
320483,Pablo Durán,Celta Vigo,UEFA Europa League,statsbomb
39442,Javi Rueda,Celta Vigo,UEFA Europa League,statsbomb
49531,Sergio Carreira,Celta Vigo,UEFA Europa League,statsbomb
40890,Iván Villar,Celta Vigo,UEFA Europa League,statsbomb
16555,Joseph Aidoo,Celta Vigo,UEFA Europa League,statsbomb
346690,Javi Rodríguez,Celta Vigo,UEFA Europa League,statsbomb
324628,Miguel Román,Celta Vigo,UEFA Europa League,statsbomb
42538,Ferran Jutglà,Celta Vigo,UEFA Europa League,statsbomb
130017,Williot Swedberg,Celta Vigo,UEFA Europa League,statsbomb
10329,Franco Cervi,Celta Vigo,UEFA Europa League,statsbomb
40169,Tyler Morton,Lyon,UEFA Europa League,statsbomb
31440,Isak Jansson,OGC Nice,UEFA Europa League,statsbomb
4377,Maxime Dupé,OGC Nice,UEFA Europa League,statsbomb
38964,Tiago Gouveia,OGC Nice,UEFA Europa League,statsbomb
4909,Jérémie Boga,OGC Nice,UEFA Europa League,statsbomb
142321,Tom Louchet,OGC Nice,UEFA Europa League,statsbomb
395624,Kaïl Boudache,OGC Nice,UEFA Europa League,statsbomb
7252,Jonathan Clauss,OGC Nice,UEFA Europa League,statsbomb
452577,Bernard Nguene,OGC Nice,UEFA Europa League,statsbomb
34335,Terem Moffi,OGC Nice,UEFA Europa League,statsbomb
130851,Marius Broholm,Lille,UEFA Europa League,statsbomb
6648,Aïssa Mandi,Lille,UEFA Europa League,statsbomb
2990,Benjamin André,Lille,UEFA Europa League,statsbomb
114308,Nathan Ngoy,Lille,UEFA Europa League,statsbomb
16186,Calvin Verdonk,Lille,UEFA Europa League,statsbomb
433127,Soriba Diaoune,Lille,UEFA Europa League,statsbomb
356548,Ngal'ayel Mukau,Lille,UEFA Europa League,statsbomb
433043,Adeagan Goffi,Lille,UEFA Europa League,statsbomb
9194,Stefan Ortega,Nottingham Forest,UEFA Europa League,statsbomb
3017,Ibrahim Sangaré,Nottingham Forest,UEFA Europa League,statsbomb
45190,Dan Ndoye,Nottingham Forest,UEFA Europa League,statsbomb
3505,Chris Wood,Nottingham Forest,UEFA Europa League,statsbomb
10479,Matz Sels,Nottingham Forest,UEFA Europa League,statsbomb
15582,Donyell Malen,Aston Villa,UEFA Europa League,statsbomb
9974,John McGinn,Aston Villa,UEFA Europa League,statsbomb
24938,Harvey Elliott,Aston Villa,UEFA Europa League,statsbomb
6849,Lucas Digne,Aston Villa,UEFA Europa League,statsbomb
3323,Tyrone Mings,Aston Villa,UEFA Europa League,statsbomb
358512,Andrés García,Aston Villa,UEFA Europa League,statsbomb
23760,Derek Cornelius,Rangers,UEFA Europa League,statsbomb
35659,Mohamed Diomandé,Rangers,UEFA Europa League,statsbomb
144062,Djeidi Gassama,Rangers,UEFA Europa League,statsbomb
4143,Joe Rothwell,Rangers,UEFA Europa League,statsbomb
21545,Danilo,Rangers,UEFA Europa League,statsbomb
10022,Dujon Sterling,Rangers,UEFA Europa League,statsbomb
24812,Oliver Antman,Rangers,UEFA Europa League,statsbomb
298315,Mikey Moore,Rangers,UEFA Europa League,statsbomb
149581,Youssef Chermiti,Rangers,UEFA Europa League,statsbomb
136308,Bojan Miovski,Rangers,UEFA Europa League,statsbomb
47363,Thelo Aasgaard,Rangers,UEFA Europa League,statsbomb
38784,Paulo Bernardo,Celtic,UEFA Europa League,statsbomb
12426,Marcelo Saracchi,Celtic,UEFA Europa League,statsbomb
48892,Michel-Ange Balikwisha,Celtic,UEFA Europa League,statsbomb
15971,Cameron Carter-Vickers,Celtic,UEFA Europa League,statsbomb
10540,Kieran Tierney,Celtic,UEFA Europa League,statsbomb
45567,Tomas Cvancara,Celtic,UEFA Europa League,statsbomb
3708,Kelechi Iheanacho,Celtic,UEFA Europa League,statsbomb
40167,Arne Engels,Celtic,UEFA Europa League,statsbomb
37217,Reo Hatate,Celtic,UEFA Europa League,statsbomb
132031,Luke McCowan,Celtic,UEFA Europa League,statsbomb
118365,Dane Murray,Celtic,UEFA Europa League,statsbomb
45987,Tobias Lawal,KRC Genk,UEFA Europa League,statsbomb
23917,Hendrik Van Crombrugge,KRC Genk,UEFA Europa League,statsbomb
18852,Bryan Heynen,KRC Genk,UEFA Europa League,statsbomb
288512,Yaimar Medina,KRC Genk,UEFA Europa League,statsbomb
375697,Konstantinos Karetsas,KRC Genk,UEFA Europa League,statsbomb
9878,Mujaid Sadick,KRC Genk,UEFA Europa League,statsbomb
283607,Nikolas Sattlberger,KRC Genk,UEFA Europa League,statsbomb
16041,Patrik Hrošovský,KRC Genk,UEFA Europa League,statsbomb
45454,Oh Hyun-Gyu,KRC Genk,UEFA Europa League,statsbomb
389515,Aaron Bibout,KRC Genk,UEFA Europa League,statsbomb
90100,Yira Collins Sor,KRC Genk,UEFA Europa League,statsbomb
25380,Daan Heymans,KRC Genk,UEFA Europa League,statsbomb
23527,Junya Ito,KRC Genk,UEFA Europa League,statsbomb
386193,Robin Mirisola,KRC Genk,UEFA Europa League,statsbomb
133714,Zakaria El Ouahdi,KRC Genk,UEFA Europa League,statsbomb
301101,Ibrahima Sory Bangoura,KRC Genk,UEFA Europa League,statsbomb
24714,Ken Nkuba,KRC Genk,UEFA Europa League,statsbomb
4939,Joris Kayembe,KRC Genk,UEFA Europa League,statsbomb
7777,Federico Bernardeschi,Bologna,UEFA Europa League,statsbomb
22103,Simon Sohm,Bologna,UEFA Europa League,statsbomb
6983,Remo Freuler,Bologna,UEFA Europa League,statsbomb
11508,Lukasz Skorupski,Bologna,UEFA Europa League,statsbomb
39084,Nicolò Cambiaghi,Bologna,UEFA Europa League,statsbomb
23555,Jens Odgaard,Bologna,UEFA Europa League,statsbomb
41046,João Mário,Bologna,UEFA Europa League,statsbomb
10005,Lewis Ferguson,Bologna,UEFA Europa League,statsbomb
30187,Torbjørn Heggem,Bologna,UEFA Europa League,statsbomb
131858,Santiago Castro,Bologna,UEFA Europa League,statsbomb
29656,Emil Holm,Bologna,UEFA Europa League,statsbomb
159831,Benja Domínguez,Bologna,UEFA Europa League,statsbomb
23484,Nikola Moro,Bologna,UEFA Europa League,statsbomb
41749,Thijs Dallinga,Bologna,UEFA Europa League,statsbomb
30826,Nadir Zortea,Bologna,UEFA Europa League,statsbomb
30828,Nicolò Casale,Bologna,UEFA Europa League,statsbomb
30878,Tommaso Pobega,Bologna,UEFA Europa League,statsbomb
18855,Jhon Lucumí,Bologna,UEFA Europa League,statsbomb
7163,Riccardo Orsolini,Bologna,UEFA Europa League,statsbomb
88241,Giovanni Fabbian,Bologna,UEFA Europa League,statsbomb
163327,Jonathan Rowe,Bologna,UEFA Europa League,statsbomb
50896,Martin Vitík,Bologna,UEFA Europa League,statsbomb
7957,Charalampos Lykogiannis,Bologna,UEFA Europa League,statsbomb
22197,Juan Miranda,Bologna,UEFA Europa League,statsbomb
5743,Paulo Dybala,AS Roma,UEFA Europa League,statsbomb
201549,Niccolò Pisilli,AS Roma,UEFA Europa League,statsbomb
165149,Bryan Zaragoza,AS Roma,UEFA Europa League,statsbomb
51156,Evan Ferguson,AS Roma,UEFA Europa League,statsbomb
6963,Lorenzo Pellegrini,AS Roma,UEFA Europa League,statsbomb
171078,Wesley,AS Roma,UEFA Europa League,statsbomb
84546,Matías Soulé,AS Roma,UEFA Europa League,statsbomb
39557,Devyne Rensch,AS Roma,UEFA Europa League,statsbomb
8489,Konstantinos Tsimikas,AS Roma,UEFA Europa League,statsbomb
7713,Evan N'Dicka,AS Roma,UEFA Europa League,statsbomb
6993,Bryan Cristante,AS Roma,UEFA Europa League,statsbomb
7004,Gianluca Mancini,AS Roma,UEFA Europa League,statsbomb
26935,Alexander Jeremejeff,PAOK Thessaloniki,UEFA Europa League,statsbomb
228398,Christos Zafeiris,PAOK Thessaloniki,UEFA Europa League,statsbomb
3542,Jonjoe Kenny,PAOK Thessaloniki,UEFA Europa League,statsbomb
16050,Giorgos Giakoumakis,PAOK Thessaloniki,UEFA Europa League,statsbomb
63233,Giannis Konstantelias,PAOK Thessaloniki,UEFA Europa League,statsbomb
16049,Fedor Chalov,PAOK Thessaloniki,UEFA Europa League,statsbomb
23401,Kiril Despodov,PAOK Thessaloniki,UEFA Europa League,statsbomb
7304,Mady Camara,PAOK Thessaloniki,UEFA Europa League,statsbomb
84278,Alessandro Bianco,PAOK Thessaloniki,UEFA Europa League,statsbomb
12325,Abdul Rahman Baba,PAOK Thessaloniki,UEFA Europa League,statsbomb
16497,Dimitris Pelkas,PAOK Thessaloniki,UEFA Europa League,statsbomb
16810,Taison,PAOK Thessaloniki,UEFA Europa League,statsbomb
6318,Andrija Živković,PAOK Thessaloniki,UEFA Europa League,statsbomb
3471,Dejan Lovren,PAOK Thessaloniki,UEFA Europa League,statsbomb
38788,Giannis Michailidis,PAOK Thessaloniki,UEFA Europa League,statsbomb
2981,Alban Lafont,Panathinaikos,UEFA Europa League,statsbomb
24500,Javi Hernández,Panathinaikos,UEFA Europa League,statsbomb
31473,Giorgos Kiriakopoulos,Panathinaikos,UEFA Europa League,statsbomb
8836,Karol Świderski,Panathinaikos,UEFA Europa League,statsbomb
32900,Tete,Panathinaikos,UEFA Europa League,statsbomb
47526,Ahmed Touba,Panathinaikos,UEFA Europa League,statsbomb
36288,Facundo Pellistri,Panathinaikos,UEFA Europa League,statsbomb
3593,Renato Sanches,Panathinaikos,UEFA Europa League,statsbomb
8485,Pedro Chirivella,Panathinaikos,UEFA Europa League,statsbomb
39204,Milos Pantovic,Panathinaikos,UEFA Europa League,statsbomb
131269,Vicente Taborda,Panathinaikos,UEFA Europa League,statsbomb
131037,Anass Zaroury,Panathinaikos,UEFA Europa League,statsbomb
16078,Erik Palmer-Brown,Panathinaikos,UEFA Europa League,statsbomb
443693,Santino Andino,Panathinaikos,UEFA Europa League,statsbomb
16100,Giannis Kotsiras,Panathinaikos,UEFA Europa League,statsbomb
5831,Sverrir Ingason,Panathinaikos,UEFA Europa League,statsbomb
30284,Manolis Siopis,Panathinaikos,UEFA Europa League,statsbomb
440221,Georgios Katris,Panathinaikos,UEFA Europa League,statsbomb
7032,Davide Calabria,Panathinaikos,UEFA Europa League,statsbomb
31968,Adam Gnezda Cerin,Panathinaikos,UEFA Europa League,statsbomb
132322,Tanguy Zoukrou,BSC Young Boys,UEFA Europa League,statsbomb
395058,Dominik Pech,BSC Young Boys,UEFA Europa League,statsbomb
8310,Sergio Córdova,BSC Young Boys,UEFA Europa League,statsbomb
32187,Darian Males,BSC Young Boys,UEFA Europa League,statsbomb
396441,Rhodri Smith,BSC Young Boys,UEFA Europa League,statsbomb
52208,Alvyn Sanches,BSC Young Boys,UEFA Europa League,statsbomb
48947,Marvin Keller,BSC Young Boys,UEFA Europa League,statsbomb
7317,Rayan Raveloson,BSC Young Boys,UEFA Europa League,statsbomb
33342,Ebrima Colley,BSC Young Boys,UEFA Europa League,statsbomb
445893,Emmanuel Tsimba,BSC Young Boys,UEFA Europa League,statsbomb
22225,Gregory Wüthrich,BSC Young Boys,UEFA Europa League,statsbomb
48505,Joel Monteiro,BSC Young Boys,UEFA Europa League,statsbomb
29428,Armin Gigovic,BSC Young Boys,UEFA Europa League,statsbomb
396432,Junior Zé,Basel,UEFA Europa League,statsbomb
48927,Dominik Schmid,Basel,UEFA Europa League,statsbomb
422549,Moussa Cisse,Basel,UEFA Europa League,statsbomb
16616,Kevin Rüegg,Basel,UEFA Europa League,statsbomb
288144,Marin Šotiček,Basel,UEFA Europa League,statsbomb
112011,Adrian Barisic,Basel,UEFA Europa League,statsbomb
41654,Nicolas Vouilloz,Basel,UEFA Europa League,statsbomb
282381,Ibrahim Salah,Basel,UEFA Europa League,statsbomb
195514,Philip Otele,Basel,UEFA Europa League,statsbomb
151463,Moritz Broschinski,Basel,UEFA Europa League,statsbomb
50403,Keigo Tsunemoto,Basel,UEFA Europa League,statsbomb
260726,Jonas Adjetey,Basel,UEFA Europa League,statsbomb
29001,Albian Ajeti,Basel,UEFA Europa League,statsbomb
39164,Koba Koindredi,Basel,UEFA Europa League,statsbomb
39120,Flavius Daniliuc,Basel,UEFA Europa League,statsbomb
460632,Kaio Eduardo,Basel,UEFA Europa League,statsbomb
23632,Léo Leroy,Basel,UEFA Europa League,statsbomb
211085,Metinho,Basel,UEFA Europa League,statsbomb
132661,Mirko Salvi,Basel,UEFA Europa League,statsbomb
107581,Bénie Traoré,Basel,UEFA Europa League,statsbomb
3533,Xherdan Shaqiri,Basel,UEFA Europa League,statsbomb
444680,Andrej Bacanin,Basel,UEFA Europa League,statsbomb
138126,Franklin Uchenna,FK Crvena Zvezda,UEFA Europa League,statsbomb
397161,Mahmudu Bajo,FK Crvena Zvezda,UEFA Europa League,statsbomb
10880,Matheus,FK Crvena Zvezda,UEFA Europa League,statsbomb
43666,Strahinja Erakovic,FK Crvena Zvezda,UEFA Europa League,statsbomb
483497,D.Owusu,FK Crvena Zvezda,UEFA Europa League,statsbomb
6903,Aleksandar Katai,FK Crvena Zvezda,UEFA Europa League,statsbomb
15896,Timi Elšnik,FK Crvena Zvezda,UEFA Europa League,statsbomb
43922,Nair Tiknizyan,FK Crvena Zvezda,UEFA Europa League,statsbomb
40542,Cho Kyu-Sung,FC Midtjylland,UEFA Europa League,statsbomb
24220,Mads Sørensen,FC Midtjylland,UEFA Europa League,statsbomb
24932,Júnior Brumado,FC Midtjylland,UEFA Europa League,statsbomb
7092,Mikael Uhre,FC Midtjylland,UEFA Europa League,statsbomb
204925,Darío Osorio,FC Midtjylland,UEFA Europa League,statsbomb
114867,Pedro Bravo,FC Midtjylland,UEFA Europa League,statsbomb
102366,Elías Ólafsson,FC Midtjylland,UEFA Europa League,statsbomb
16027,Kevin Mbabu,FC Midtjylland,UEFA Europa League,statsbomb
26944,Paulinho,FC Midtjylland,UEFA Europa League,statsbomb
29217,Edward Chilufya,FC Midtjylland,UEFA Europa League,statsbomb
143155,Denil Castillo,FC Midtjylland,UEFA Europa League,statsbomb
38996,Victor Bak,FC Midtjylland,UEFA Europa League,statsbomb
46070,Joyskim Dawa,FC FCSB,UEFA Europa League,statsbomb
10736,Vlad Chiricheș,FC FCSB,UEFA Europa League,statsbomb
65568,Siyabonga Ngezana,FC FCSB,UEFA Europa League,statsbomb
29390,Dennis Politic,FC FCSB,UEFA Europa League,statsbomb
20054,David Kiki,FC FCSB,UEFA Europa League,statsbomb
130802,David Miculescu,FC FCSB,UEFA Europa League,statsbomb
4743,Mamadou Thiam,FC FCSB,UEFA Europa League,statsbomb
190893,Daniel Bîrligea,FC FCSB,UEFA Europa League,statsbomb
101829,Octavian Popescu,FC FCSB,UEFA Europa League,statsbomb
130483,Daniel Graovac,FC FCSB,UEFA Europa League,statsbomb
56906,Valentin Crețu,FC FCSB,UEFA Europa League,statsbomb
268474,Alexandru Pantea,FC FCSB,UEFA Europa League,statsbomb
50202,Risto Radunovic,FC FCSB,UEFA Europa League,statsbomb
401389,Juri Cisotti,FC FCSB,UEFA Europa League,statsbomb
138355,Adrian Șut,FC FCSB,UEFA Europa League,statsbomb
101821,Darius Olaru,FC FCSB,UEFA Europa League,statsbomb
32833,Tarık Çetin,Fenerbahçe,UEFA Europa League,statsbomb
5719,Asensio,Fenerbahçe,UEFA Europa League,statsbomb
534031,Kamil Üregen,Fenerbahçe,UEFA Europa League,statsbomb
8963,Çağlar Söyüncü,Fenerbahçe,UEFA Europa League,statsbomb
3648,Cenk Tosun,Fenerbahçe,UEFA Europa League,statsbomb
337604,Yiğit Efe Demir,Fenerbahçe,UEFA Europa League,statsbomb
4664,Sebastian Szymanski,Fenerbahçe,UEFA Europa League,statsbomb
9904,Fred,Fenerbahçe,UEFA Europa League,statsbomb
133466,Oğuz Aydın,Fenerbahçe,UEFA Europa League,statsbomb
30311,İrfan Can Kahveci,Fenerbahçe,UEFA Europa League,statsbomb
404573,Sidiki Cherif,Fenerbahçe,UEFA Europa League,statsbomb
30976,Jhon Durán,Fenerbahçe,UEFA Europa League,statsbomb
41306,Sebastian Tounekti,Celtic,UEFA Europa League,statsbomb
134325,Viljami Sinisalo,Celtic,UEFA Europa League,statsbomb
26891,Benjamin Nygren,Celtic,UEFA Europa League,statsbomb
340188,Callum Osmand,Celtic,UEFA Europa League,statsbomb
3815,Kasper Schmeichel,Celtic,UEFA Europa League,statsbomb
24233,Julián Araujo,Celtic,UEFA Europa League,statsbomb
36262,Liam Scales,Celtic,UEFA Europa League,statsbomb
30628,Daizen Maeda,Celtic,UEFA Europa League,statsbomb
101503,Johnny Kenny,Celtic,UEFA Europa League,statsbomb
22308,Anthony Ralston,Celtic,UEFA Europa League,statsbomb
123701,Yang Hyun-Jun,Celtic,UEFA Europa League,statsbomb
44703,Alistair Johnston,Celtic,UEFA Europa League,statsbomb
101810,Tomi Horvat,Sturm Graz,UEFA Europa League,statsbomb
396585,Kristjan Bendra,Sturm Graz,UEFA Europa League,statsbomb
447617,Luka Zaric,FK Crvena Zvezda,UEFA Europa League,statsbomb
133698,Arbër Hoxha,Dinamo Zagreb,UEFA Europa League,statsbomb
402882,Moris Valincic,Dinamo Zagreb,UEFA Europa League,statsbomb
41140,Niko Galesic,Dinamo Zagreb,UEFA Europa League,statsbomb
345801,Sergi Domínguez,Dinamo Zagreb,UEFA Europa League,statsbomb
420341,Cardoso Varela,Dinamo Zagreb,UEFA Europa League,statsbomb
10002,Scott McKenna,Dinamo Zagreb,UEFA Europa League,statsbomb
41787,Mateo Lisica,Dinamo Zagreb,UEFA Europa League,statsbomb
40995,Dion Beljo,Dinamo Zagreb,UEFA Europa League,statsbomb
28900,Bruno Goda,Dinamo Zagreb,UEFA Europa League,statsbomb
152290,Marko Soldo,Dinamo Zagreb,UEFA Europa League,statsbomb
25023,Gonzalo Villar,Dinamo Zagreb,UEFA Europa League,statsbomb
3413,Kévin Théophile-Catherine,Dinamo Zagreb,UEFA Europa League,statsbomb
29175,Ivan Nevistic,Dinamo Zagreb,UEFA Europa League,statsbomb
261301,Mounsef Bakrar,Dinamo Zagreb,UEFA Europa League,statsbomb
254655,Matteo Pérez Vinlöf,Dinamo Zagreb,UEFA Europa League,statsbomb
271988,Endrick,Lyon,UEFA Europa League,statsbomb
7345,Mattéo Guendouzi,Fenerbahçe,UEFA Europa League,statsbomb
30361,Levent Mercan,Fenerbahçe,UEFA Europa League,statsbomb
3961,N'Golo Kanté,Fenerbahçe,UEFA Europa League,statsbomb
10826,Mert Müldür,Fenerbahçe,UEFA Europa League,statsbomb
5567,Edson Álvarez,Fenerbahçe,UEFA Europa League,statsbomb
31889,Dénes Dibusz,Ferencvaros,UEFA Europa League,statsbomb
52155,Franko Kovacevic,Ferencvaros,UEFA Europa League,statsbomb
43895,Toon Raemaekers,Ferencvaros,UEFA Europa League,statsbomb
40431,Aleksandar Pesic,Ferencvaros,UEFA Europa League,statsbomb
90954,Lenny Joseph,Ferencvaros,UEFA Europa League,statsbomb
386463,Alex Tóth,Ferencvaros,UEFA Europa League,statsbomb
104036,Gabi Kanichowsky,Ferencvaros,UEFA Europa League,statsbomb
438571,Barnabás Nagy,Ferencvaros,UEFA Europa League,statsbomb
404190,Zsombor Gruber,Ferencvaros,UEFA Europa League,statsbomb
9600,Callum O'Dowda,Ferencvaros,UEFA Europa League,statsbomb
16349,Jonathan Levi,Ferencvaros,UEFA Europa League,statsbomb
16442,Kristoffer Zachariassen,Ferencvaros,UEFA Europa League,statsbomb
131173,Cebrail Makreckis,Ferencvaros,UEFA Europa League,statsbomb
12921,Barnabás Varga,Ferencvaros,UEFA Europa League,statsbomb
24560,Stefan Gartenmann,Ferencvaros,UEFA Europa League,statsbomb
404231,Bence Ötvös,Ferencvaros,UEFA Europa League,statsbomb
8505,Naby Keïta,Ferencvaros,UEFA Europa League,statsbomb
50184,Mohammad Abu Fani,Ferencvaros,UEFA Europa League,statsbomb
400298,Gábor Szalai,Ferencvaros,UEFA Europa League,statsbomb
48869,Júlio Romão,Ferencvaros,UEFA Europa League,statsbomb
45574,Cadu,Ferencvaros,UEFA Europa League,statsbomb
7482,Ibrahim Cissé,Ferencvaros,UEFA Europa League,statsbomb
9510,John Souttar,Rangers,UEFA Europa League,statsbomb
8399,Jiri Pavlenka,PAOK Thessaloniki,UEFA Europa League,statsbomb
405349,Hélio Varela,Maccabi Tel Aviv,UEFA Europa League,statsbomb
316060,Alexandr Sojka,Viktoria Plzen,UEFA Europa League,statsbomb
5833,Nemanja Radonjić,FK Crvena Zvezda,UEFA Europa League,statsbomb
217284,Jay Enem,FK Crvena Zvezda,UEFA Europa League,statsbomb
433745,Vasilije Kostov,FK Crvena Zvezda,UEFA Europa League,statsbomb
40946,Seol Young-Woo,FK Crvena Zvezda,UEFA Europa League,statsbomb
31010,Bruno Duarte,FK Crvena Zvezda,UEFA Europa League,statsbomb
472782,Ádám Madarász,Ferencvaros,UEFA Europa League,statsbomb
8768,Alexander Schlager,Salzburg,UEFA Europa League,statsbomb
409382,Clement Bischoff,Salzburg,UEFA Europa League,statsbomb
38961,Maurits Kjaergaard,Salzburg,UEFA Europa League,statsbomb
39080,Mads Bidstrup,Salzburg,UEFA Europa League,statsbomb
286567,Belmin Beganovic,Sturm Graz,UEFA Europa League,statsbomb
48532,Maurice Malone,Sturm Graz,UEFA Europa League,statsbomb
4760,Ollie Watkins,Aston Villa,UEFA Europa League,statsbomb
8214,Leon Bailey,Aston Villa,UEFA Europa League,statsbomb
132796,Alexsandro Ribeiro,Lille,UEFA Europa League,statsbomb
8520,Nabil Bentaleb,Lille,UEFA Europa League,statsbomb
140480,Ugo Raghouber,Lille,UEFA Europa League,statsbomb
4897,Romain Perraud,Lille,UEFA Europa League,statsbomb
3604,Olivier Giroud,Lille,UEFA Europa League,statsbomb
396299,Ali Kéfren,OGC Nice,UEFA Europa League,statsbomb
3197,Dante,OGC Nice,UEFA Europa League,statsbomb
410660,Brad-Hamilton Mantsounga,OGC Nice,UEFA Europa League,statsbomb
32015,Hicham Boudaoui,OGC Nice,UEFA Europa League,statsbomb
46009,Mohamed-Ali Cho,OGC Nice,UEFA Europa League,statsbomb
383391,Kojo Peprah Oppong,OGC Nice,UEFA Europa League,statsbomb
42357,Kevin Carlos,OGC Nice,UEFA Europa League,statsbomb
33221,Melvin Bard,OGC Nice,UEFA Europa League,statsbomb
410206,Everton,OGC Nice,UEFA Europa League,statsbomb
450072,Djibril Coulibaly,OGC Nice,UEFA Europa League,statsbomb
3801,Tanguy Ndombélé,OGC Nice,UEFA Europa League,statsbomb
117109,Antoine Mendy,OGC Nice,UEFA Europa League,statsbomb
3546,Morgan Sanson,OGC Nice,UEFA Europa League,statsbomb
31029,Salis Abdul Samed,OGC Nice,UEFA Europa League,statsbomb
30681,Ali Abdi,OGC Nice,UEFA Europa League,statsbomb
43702,Charles Vanhoutte,OGC Nice,UEFA Europa League,statsbomb
24987,Yehvann Diouf,OGC Nice,UEFA Europa League,statsbomb
3198,Moussa Niakhaté,Lyon,UEFA Europa League,statsbomb
338175,Khalis Merah,Lyon,UEFA Europa League,statsbomb
5507,Nicolás Tagliafico,Lyon,UEFA Europa League,statsbomb
307352,Mathys De Carvalho,Lyon,UEFA Europa League,statsbomb
35635,Adam Karabec,Lyon,UEFA Europa League,statsbomb
5480,Corentin Tolisso,Lyon,UEFA Europa League,statsbomb
342477,Tiago Gonçalves,Lyon,UEFA Europa League,statsbomb
406621,Rémi Himbert,Lyon,UEFA Europa League,statsbomb
30072,Abner,Lyon,UEFA Europa League,statsbomb
85592,Martín Satriano,Lyon,UEFA Europa League,statsbomb
303209,Steeve Kango,Lyon,UEFA Europa League,statsbomb
406623,Adil Hamdani,Lyon,UEFA Europa League,statsbomb
3372,Rachid Ghezzal,Lyon,UEFA Europa League,statsbomb
23649,Roman Yaremchuk,Lyon,UEFA Europa League,statsbomb
34679,Ruben Kluivert,Lyon,UEFA Europa League,statsbomb
31862,Dominik Greif,Lyon,UEFA Europa League,statsbomb
18738,Clinton Mata,Lyon,UEFA Europa League,statsbomb
424457,Johan Manzambi,Freiburg,UEFA Europa League,statsbomb
12418,Lucas Höler,Freiburg,UEFA Europa League,statsbomb
8931,Philipp Lienhart,Freiburg,UEFA Europa League,statsbomb
415558,Bruno Ogbus,Freiburg,UEFA Europa League,statsbomb
131552,Philipp Treu,Freiburg,UEFA Europa League,statsbomb
31310,Niklas Beste,Freiburg,UEFA Europa League,statsbomb
67007,Eren Dinkçi,Freiburg,UEFA Europa League,statsbomb
39126,Junior Adamu,Freiburg,UEFA Europa League,statsbomb
8401,Maximilian Eggestein,Freiburg,UEFA Europa League,statsbomb
58293,Igor Matanovic,Freiburg,UEFA Europa League,statsbomb
405167,Cyriaque Irié,Freiburg,UEFA Europa League,statsbomb
8939,Nicolas Höfler,Freiburg,UEFA Europa League,statsbomb
131560,Jordy Makengo,Freiburg,UEFA Europa League,statsbomb
131557,Max Rosenfelder,Freiburg,UEFA Europa League,statsbomb
296991,Derry Scherhant,Freiburg,UEFA Europa League,statsbomb
42229,Yuito Suzuki,Freiburg,UEFA Europa League,statsbomb
28805,Jamie Leweling,VfB Stuttgart,UEFA Europa League,statsbomb
8226,Dan-Axel Zagadou,VfB Stuttgart,UEFA Europa League,statsbomb
39245,Lorenz Assignon,VfB Stuttgart,UEFA Europa League,statsbomb
396384,Finn Jeltsch,VfB Stuttgart,UEFA Europa League,statsbomb
156734,Bilal El Khannouss,VfB Stuttgart,UEFA Europa League,statsbomb
78766,Ramon Hendriks,VfB Stuttgart,UEFA Europa League,statsbomb
39360,Angelo Stiller,VfB Stuttgart,UEFA Europa League,statsbomb
308252,Badredine Bouanani,VfB Stuttgart,UEFA Europa League,statsbomb
12407,Maximilian Mittelstädt,VfB Stuttgart,UEFA Europa League,statsbomb
41783,Tiago Tomás,VfB Stuttgart,UEFA Europa League,statsbomb
433834,Yanik Spalt,VfB Stuttgart,UEFA Europa League,statsbomb
23389,Nikolas Nartey,VfB Stuttgart,UEFA Europa League,statsbomb
318751,Chema Andrés,VfB Stuttgart,UEFA Europa League,statsbomb
79910,Stanislav Ivanov,Ludogorets Razgrad,UEFA Europa League,statsbomb
50405,Idan Nachmias,Ludogorets Razgrad,UEFA Europa League,statsbomb
49007,Kwadwo Duah,Ludogorets Razgrad,UEFA Europa League,statsbomb
40349,Ivaylo Chochev,Ludogorets Razgrad,UEFA Europa League,statsbomb
9240,Bernard Tekpetey,Ludogorets Razgrad,UEFA Europa League,statsbomb
272019,Erick Marcus,Ludogorets Razgrad,UEFA Europa League,statsbomb
30492,Son,Ludogorets Razgrad,UEFA Europa League,statsbomb
8349,Deroy Duarte,Ludogorets Razgrad,UEFA Europa League,statsbomb
6713,Diego Llorente,Real Betis,UEFA Europa League,statsbomb
47467,Álvaro Fidalgo,Real Betis,UEFA Europa League,statsbomb
6851,Aitor Ruibal,Real Betis,UEFA Europa League,statsbomb
5234,Sofyan Amrabat,Real Betis,UEFA Europa League,statsbomb
49048,Natan,Real Betis,UEFA Europa League,statsbomb
130953,Nelson Deossa,Real Betis,UEFA Europa League,statsbomb
11678,Ezequiel Ávila,Real Betis,UEFA Europa League,statsbomb
6866,Marc Roca,Real Betis,UEFA Europa League,statsbomb
6764,Pablo Fornals,Real Betis,UEFA Europa League,statsbomb
447593,José Antonio Morante,Real Betis,UEFA Europa League,statsbomb
5544,Ricardo Rodríguez,Real Betis,UEFA Europa League,statsbomb
25363,Antony,Real Betis,UEFA Europa League,statsbomb
7068,Marc Bartra,Real Betis,UEFA Europa League,statsbomb
3511,Héctor Bellerín,Real Betis,UEFA Europa League,statsbomb
429223,Ángel Arcos,Celta Vigo,UEFA Europa League,statsbomb
75546,Carlos Domínguez,Celta Vigo,UEFA Europa League,statsbomb
18237,Ionut Radu,Celta Vigo,UEFA Europa League,statsbomb
188421,Téo Barišić,Lyon,UEFA Europa League,statsbomb
28227,Pavel Šulc,Lyon,UEFA Europa League,statsbomb
7684,Rémy Descamps,Lyon,UEFA Europa League,statsbomb
6909,Emiliano Martínez,Aston Villa,UEFA Europa League,statsbomb
39354,Morgan Rogers,Aston Villa,UEFA Europa League,statsbomb
136661,Zach Abbott,Nottingham Forest,UEFA Europa League,statsbomb
98704,Nicolò Savona,Nottingham Forest,UEFA Europa League,statsbomb
297938,Jimmy Sinclair,Nottingham Forest,UEFA Europa League,statsbomb
9933,Willy Boly,Nottingham Forest,UEFA Europa League,statsbomb
49667,James McAtee,Nottingham Forest,UEFA Europa League,statsbomb
271487,Murillo,Nottingham Forest,UEFA Europa League,statsbomb
230617,Rwan Cruz,Ludogorets Razgrad,UEFA Europa League,statsbomb
271882,Vinicius Nogueira,Ludogorets Razgrad,UEFA Europa League,statsbomb
24474,Joel Andersson,Ludogorets Razgrad,UEFA Europa League,statsbomb
130621,Petar Stanic,Ludogorets Razgrad,UEFA Europa League,statsbomb
397203,Yves Erick Bile,Ludogorets Razgrad,UEFA Europa League,statsbomb
32726,Filip Kaloc,Ludogorets Razgrad,UEFA Europa League,statsbomb
17304,Junior Firpo,Real Betis,UEFA Europa League,statsbomb
31101,Rodrigo Riquelme,Real Betis,UEFA Europa League,statsbomb
441466,Ángel Ortiz,Real Betis,UEFA Europa League,statsbomb
149714,Abde Ezzalzouli,Real Betis,UEFA Europa League,statsbomb
438494,Pablo García,Real Betis,UEFA Europa League,statsbomb
347096,Enzo Molebe,Lyon,UEFA Europa League,statsbomb
11492,Ola Aina,Nottingham Forest,UEFA Europa League,statsbomb
49225,Dilane Bakwa,Nottingham Forest,UEFA Europa League,statsbomb
287088,Matte Smets,KRC Genk,UEFA Europa League,statsbomb
130656,Jusef Erabi,KRC Genk,UEFA Europa League,statsbomb
6790,Mario Hermoso,AS Roma,UEFA Europa League,statsbomb
427105,Jan Ziółkowski,AS Roma,UEFA Europa League,statsbomb
25079,Artem Dovbyk,AS Roma,UEFA Europa League,statsbomb
14533,Mile Svilar,AS Roma,UEFA Europa League,statsbomb
7993,Filip Mladenovic,Panathinaikos,UEFA Europa League,statsbomb
8368,Sergio Padt,Ludogorets Razgrad,UEFA Europa League,statsbomb
40895,Hendrik Bonmann,Ludogorets Razgrad,UEFA Europa League,statsbomb
57409,Caio Vidal,Ludogorets Razgrad,UEFA Europa League,statsbomb
31264,Lukas Zima,FC FCSB,UEFA Europa League,statsbomb
132260,Ștefan Târnovanu,FC FCSB,UEFA Europa League,statsbomb
356150,Mihai Toma,FC FCSB,UEFA Europa League,statsbomb
8808,Matthias Ginter,Freiburg,UEFA Europa League,statsbomb
135193,Gorby,Sporting Braga,UEFA Europa League,statsbomb
110369,Gustaf Lagerbielke,Sporting Braga,UEFA Europa League,statsbomb
141536,Demir Tıknaz,Sporting Braga,UEFA Europa League,statsbomb
7295,Sikou Niakaté,Sporting Braga,UEFA Europa League,statsbomb
41139,Pau Victor,Sporting Braga,UEFA Europa League,statsbomb
307365,Yanis Da Rocha,Sporting Braga,UEFA Europa League,statsbomb
10868,Ricardo Horta,Sporting Braga,UEFA Europa League,statsbomb
32670,Víctor Gómez,Sporting Braga,UEFA Europa League,statsbomb
300369,Mario Dorgeles,Sporting Braga,UEFA Europa League,statsbomb
133639,Gabri Martínez,Sporting Braga,UEFA Europa League,statsbomb
39170,Bright Arrey-Mbi,Sporting Braga,UEFA Europa League,statsbomb
3168,João Moutinho,Sporting Braga,UEFA Europa League,statsbomb
35283,Vitor Carvalho,Sporting Braga,UEFA Europa League,statsbomb
118963,Lukas Hornicek,Sporting Braga,UEFA Europa League,statsbomb
33065,Emil Kornvig,Brann,UEFA Europa League,statsbomb
41331,Joachim Soltvedt,Brann,UEFA Europa League,statsbomb
122557,Ulrik Mathisen,Brann,UEFA Europa League,statsbomb
29740,Vetle Dragsnes,Brann,UEFA Europa League,statsbomb
399912,Eivind Helland,Brann,UEFA Europa League,statsbomb
29759,Bård Finne,Brann,UEFA Europa League,statsbomb
39636,Noah Holm,Brann,UEFA Europa League,statsbomb
400183,Eggert Guðmundsson,Brann,UEFA Europa League,statsbomb
39102,Mads Hansen,Brann,UEFA Europa League,statsbomb
41389,Mads Sande,Brann,UEFA Europa League,statsbomb
41323,Niklas Castro,Brann,UEFA Europa League,statsbomb
24301,Jacob Lungi Sørensen,Brann,UEFA Europa League,statsbomb
391952,Rasmus Holten,Brann,UEFA Europa League,statsbomb
530240,Ilay Ben Simon,Maccabi Tel Aviv,UEFA Europa League,statsbomb
269602,Roy Revivo,Maccabi Tel Aviv,UEFA Europa League,statsbomb
373089,Elad Madmon,Maccabi Tel Aviv,UEFA Europa League,statsbomb
135663,Osher Davida,Maccabi Tel Aviv,UEFA Europa League,statsbomb
40975,Ben Lederman,Maccabi Tel Aviv,UEFA Europa League,statsbomb
39061,Kristijan Belic,Maccabi Tel Aviv,UEFA Europa League,statsbomb
89115,Raz Shlomo,Maccabi Tel Aviv,UEFA Europa League,statsbomb
137477,Roi Mishpati,Maccabi Tel Aviv,UEFA Europa League,statsbomb
92035,Issouf Sissokho,Maccabi Tel Aviv,UEFA Europa League,statsbomb
113455,Kervin Mario Andrade Navarro,Maccabi Tel Aviv,UEFA Europa League,statsbomb
92794,Heitor,Maccabi Tel Aviv,UEFA Europa League,statsbomb
142654,Sagiv Jehezkel,Maccabi Tel Aviv,UEFA Europa League,statsbomb
165149,Bryan Zaragoza,Celta Vigo,UEFA Europa League,statsbomb
43728,Óscar Mingueza,Celta Vigo,UEFA Europa League,statsbomb
320484,Yoel Lago,Celta Vigo,UEFA Europa League,statsbomb
39073,Ilaix Moriba,Celta Vigo,UEFA Europa League,statsbomb
117025,Hugo Sotelo,Celta Vigo,UEFA Europa League,statsbomb
256026,Damián Rodríguez,Celta Vigo,UEFA Europa League,statsbomb
26889,Carl Starfelt,Celta Vigo,UEFA Europa League,statsbomb
12359,Auston Trusty,Celtic,UEFA Europa League,statsbomb
11278,Karim Onisiwo,Salzburg,UEFA Europa League,statsbomb
433478,Jiri Panos,Viktoria Plzen,UEFA Europa League,statsbomb
20707,Milan Havel,Viktoria Plzen,UEFA Europa League,statsbomb
404312,Adrian Zeljković,Viktoria Plzen,UEFA Europa League,statsbomb
45598,Matej Valenta,Viktoria Plzen,UEFA Europa League,statsbomb
288078,Merchas Doski,Viktoria Plzen,UEFA Europa League,statsbomb
402057,Amar Memić,Viktoria Plzen,UEFA Europa League,statsbomb
28142,Vaclav Jemelka,Viktoria Plzen,UEFA Europa League,statsbomb
44299,Martin Jedlicka,Viktoria Plzen,UEFA Europa League,statsbomb
8314,Marwin Hitz,Basel,UEFA Europa League,statsbomb
150800,Dion Kacuri,Basel,UEFA Europa League,statsbomb
18609,Sandro Lauper,BSC Young Boys,UEFA Europa League,statsbomb
141757,Ryan Andrews,BSC Young Boys,UEFA Europa League,statsbomb
48425,Alan Virginius,BSC Young Boys,UEFA Europa League,statsbomb
3913,Edimilson Fernandes,BSC Young Boys,UEFA Europa League,statsbomb
3325,Marko Arnautovic,FK Crvena Zvezda,UEFA Europa League,statsbomb
30093,Rodrigão,FK Crvena Zvezda,UEFA Europa League,statsbomb
41045,Milson,FK Crvena Zvezda,UEFA Europa League,statsbomb
200219,Nikola Stankovic,FK Crvena Zvezda,UEFA Europa League,statsbomb
21262,Peter Olayinka,FK Crvena Zvezda,UEFA Europa League,statsbomb
39082,Aral Simsir,FC Midtjylland,UEFA Europa League,statsbomb
10908,Stefan Hierländer,Sturm Graz,UEFA Europa League,statsbomb
12827,Sandro Kulenović,Dinamo Zagreb,UEFA Europa League,statsbomb
3067,Ederson,Fenerbahçe,UEFA Europa League,statsbomb
413923,Lars Remmem,Brann,UEFA Europa League,statsbomb
289884,Kristall Ingason,Brann,UEFA Europa League,statsbomb
41181,Mathias Dyngeland,Brann,UEFA Europa League,statsbomb
518583,Nana Boakye,Brann,UEFA Europa League,statsbomb
38915,Itamar Noy,Maccabi Tel Aviv,UEFA Europa League,statsbomb
255004,Ofek Melika,Maccabi Tel Aviv,UEFA Europa League,statsbomb
4483,Dor Peretz,Maccabi Tel Aviv,UEFA Europa League,statsbomb
8198,Bartłomiej Drągowski,Panathinaikos,UEFA Europa League,statsbomb
18607,Anastasios Bakasetas,Panathinaikos,UEFA Europa League,statsbomb
28368,Luka Ivanušec,PAOK Thessaloniki,UEFA Europa League,statsbomb
24089,Joan Sastre,PAOK Thessaloniki,UEFA Europa League,statsbomb
518818,Dimitrios Chatsidis,PAOK Thessaloniki,UEFA Europa League,statsbomb
4446,Soualiho Meïté,PAOK Thessaloniki,UEFA Europa League,statsbomb
519825,Anestis Mythou,PAOK Thessaloniki,UEFA Europa League,statsbomb
11389,Fran Beltrán,Celta Vigo,UEFA Europa League,statsbomb
147095,Hugo Álvarez,Celta Vigo,UEFA Europa League,statsbomb
407243,Manu Fernández,Celta Vigo,UEFA Europa League,statsbomb
5255,Matías Vecino,Celta Vigo,UEFA Europa League,statsbomb
11391,Borja Iglesias,Celta Vigo,UEFA Europa League,statsbomb
5217,Iago Aspas,Celta Vigo,UEFA Europa League,statsbomb
3964,Marcos Alonso,Celta Vigo,UEFA Europa League,statsbomb
39126,Junior Adamu,Celtic,UEFA Europa League,statsbomb
4809,Matěj Vydra,Viktoria Plzen,UEFA Europa League,statsbomb
28302,Tomas Ladra,Viktoria Plzen,UEFA Europa League,statsbomb
316054,Jan Paluska,Viktoria Plzen,UEFA Europa League,statsbomb
169660,Luca Antony Jaquez,VfB Stuttgart,UEFA Europa League,statsbomb
12413,Fabian Bredlow,VfB Stuttgart,UEFA Europa League,statsbomb
10012,Josha Vagnoman,VfB Stuttgart,UEFA Europa League,statsbomb
23614,Chris Führich,VfB Stuttgart,UEFA Europa League,statsbomb
39338,Lukas Cerv,Viktoria Plzen,UEFA Europa League,statsbomb
248320,Malick Fofana,Lyon,UEFA Europa League,statsbomb
3599,Ainsley Maitland-Niles,Lyon,UEFA Europa League,statsbomb
410904,Arjan Malic,Sturm Graz,UEFA Europa League,statsbomb
34455,Mariano Gómez,Ferencvaros,UEFA Europa League,statsbomb
46162,Bamidele Yusuf,Ferencvaros,UEFA Europa League,statsbomb
285971,Dávid Gróf,Ferencvaros,UEFA Europa League,statsbomb
396556,Marko Zebić,Dinamo Zagreb,UEFA Europa League,statsbomb
28905,Ivan Filipovic,Dinamo Zagreb,UEFA Europa League,statsbomb
414875,Findlay Curtis,Rangers,UEFA Europa League,statsbomb
3537,Jack Butland,Rangers,UEFA Europa League,statsbomb
107913,Lee Han-Beom,FC Midtjylland,UEFA Europa League,statsbomb
3331,Philip Billing,FC Midtjylland,UEFA Europa League,statsbomb
248520,Dani Silva,FC Midtjylland,UEFA Europa League,statsbomb
439629,Enrique Aguilar,Salzburg,UEFA Europa League,statsbomb
32614,Álvaro Valles,Real Betis,UEFA Europa League,statsbomb
4926,Isco,Real Betis,UEFA Europa League,statsbomb
166930,Mousslim Youssouf,OGC Nice,UEFA Europa League,statsbomb
20033,Luuk de Jong,FC Porto,UEFA Europa League,statsbomb
7791,Seko Fofana,FC Porto,UEFA Europa League,statsbomb
47447,Gabri Veiga,FC Porto,UEFA Europa League,statsbomb
11187,Stephen Eustáquio,FC Porto,UEFA Europa League,statsbomb
3295,Thiago Silva,FC Porto,UEFA Europa League,statsbomb
25392,Pepê,FC Porto,UEFA Europa League,statsbomb
48807,Francisco Moura,FC Porto,UEFA Europa League,statsbomb
32975,Diogo Costa,FC Porto,UEFA Europa League,statsbomb
4626,Jan Bednarek,FC Porto,UEFA Europa League,statsbomb
299215,Victor Froholdt,FC Porto,UEFA Europa League,statsbomb
31949,Zaidu Sanusi,FC Porto,UEFA Europa League,statsbomb
400191,Samu Aghehowa,FC Porto,UEFA Europa League,statsbomb
416140,William Gomes,FC Porto,UEFA Europa League,statsbomb
48888,Alan Varela,FC Porto,UEFA Europa League,statsbomb
421922,Alberto Costa,FC Porto,UEFA Europa League,statsbomb
34335,Terem Moffi,FC Porto,UEFA Europa League,statsbomb
44166,Jakub Kiwior,FC Porto,UEFA Europa League,statsbomb
8534,Pablo Rosario,FC Porto,UEFA Europa League,statsbomb
362792,Rodrigo Mora,FC Porto,UEFA Europa League,statsbomb
27974,Rodrigo Zalazar,Sporting Braga,UEFA Europa League,statsbomb
414779,Diego Rodrigues,Sporting Braga,UEFA Europa League,statsbomb
132564,Fran Navarro,Sporting Braga,UEFA Europa League,statsbomb
11396,Florian Grillitsch,Sporting Braga,UEFA Europa League,statsbomb
399913,Gabriel Moscardo,Sporting Braga,UEFA Europa League,statsbomb
394486,Noah Adedeji-Sternberg,KRC Genk,UEFA Europa League,statsbomb
78499,Jarne Steuckers,KRC Genk,UEFA Europa League,statsbomb
541746,Alaettin Ekici,Fenerbahçe,UEFA Europa League,statsbomb
16643,Anton Nedyalkov,Ludogorets Razgrad,UEFA Europa League,statsbomb
7083,Anthony Jung,Freiburg,UEFA Europa League,statsbomb
48246,Noah Atubolu,Freiburg,UEFA Europa League,statsbomb
11282,Vincenzo Grifo,Freiburg,UEFA Europa League,statsbomb
477261,João Aragão,Sporting Braga,UEFA Europa League,statsbomb
132403,Leonardo Lelo,Sporting Braga,UEFA Europa League,statsbomb
406665,Andreas Tetteh,Panathinaikos,UEFA Europa League,statsbomb
534035,Sotiris Terzis,Panathinaikos,UEFA Europa League,statsbomb
11512,Rade Krunić,FK Crvena Zvezda,UEFA Europa League,statsbomb
143385,Jeyland Mitchell,Sturm Graz,UEFA Europa League,statsbomb
402129,Filip Rózga,Sturm Graz,UEFA Europa League,statsbomb
8614,Emanuel Aiwu,Sturm Graz,UEFA Europa League,statsbomb
405307,Axel Kayombo,Sturm Graz,UEFA Europa League,statsbomb
8606,Emir Karic,Sturm Graz,UEFA Europa League,statsbomb
260328,Vladimir Lucic,FK Crvena Zvezda,UEFA Europa League,statsbomb
6321,Milos Veljkovic,FK Crvena Zvezda,UEFA Europa League,statsbomb
396597,Adem Avdić,FK Crvena Zvezda,UEFA Europa League,statsbomb
132474,Tomás Händel,FK Crvena Zvezda,UEFA Europa League,statsbomb
418897,Sven Sunta,Dinamo Zagreb,UEFA Europa League,statsbomb
396564,Noa Mikic,Dinamo Zagreb,UEFA Europa League,statsbomb
12024,Josip Mišić,Dinamo Zagreb,UEFA Europa League,statsbomb
199774,Gabriel Vidovic,Dinamo Zagreb,UEFA Europa League,statsbomb
8623,Dejan Ljubicic,Dinamo Zagreb,UEFA Europa League,statsbomb
11511,Miha Zajc,Dinamo Zagreb,UEFA Europa League,statsbomb
315971,Fran Topić,Dinamo Zagreb,UEFA Europa League,statsbomb
8950,Orel Mangala,Lyon,UEFA Europa League,statsbomb
409800,Alejandro Gomes Rodríguez,Lyon,UEFA Europa League,statsbomb
254652,Noah Nartey,Lyon,UEFA Europa League,statsbomb
35716,Tanner Tessmann,Lyon,UEFA Europa League,statsbomb
426170,Colby Donovan,Celtic,UEFA Europa League,statsbomb
10536,James Forrest,Celtic,UEFA Europa League,statsbomb
10534,Callum McGregor,Celtic,UEFA Europa League,statsbomb
87237,Petar Ratkov,Salzburg,UEFA Europa League,statsbomb
16729,Mirko Ivanic,FK Crvena Zvezda,UEFA Europa League,statsbomb
9042,Greg Taylor,PAOK Thessaloniki,UEFA Europa League,statsbomb
289713,Adrián Palacios,KRC Genk,UEFA Europa League,statsbomb
52025,Denis Visinsky,Viktoria Plzen,UEFA Europa League,statsbomb
137615,Martim Fernandes,FC Porto,UEFA Europa League,statsbomb
316066,Ángel Alarcón,FC Porto,UEFA Europa League,statsbomb
321327,Deniz Gül,FC Porto,UEFA Europa League,statsbomb
420314,Mattia Della Rocca,AS Roma,UEFA Europa League,statsbomb
340170,Robinio Vaz,AS Roma,UEFA Europa League,statsbomb
50253,Pedro Naressi,Ludogorets Razgrad,UEFA Europa League,statsbomb
4832,Olivier Verdon,Ludogorets Razgrad,UEFA Europa League,statsbomb
50958,Ivan Yordanov,Ludogorets Razgrad,UEFA Europa League,statsbomb
271561,Matheus Machado,Ludogorets Razgrad,UEFA Europa League,statsbomb
130684,Mihai Lixandru,FC FCSB,UEFA Europa League,statsbomb
21016,Malcom Edjouma,FC FCSB,UEFA Europa League,statsbomb
23283,Mihai Popescu,FC FCSB,UEFA Europa League,statsbomb
281340,Baba Alhassan,FC FCSB,UEFA Europa League,statsbomb
56904,Florin Tănase,FC FCSB,UEFA Europa League,statsbomb
10915,Denis Alibec,FC FCSB,UEFA Europa League,statsbomb
143863,Franculino,FC Midtjylland,UEFA Europa League,statsbomb
362246,Ousmane Diao,FC Midtjylland,UEFA Europa League,statsbomb
32689,Martin Erlić,FC Midtjylland,UEFA Europa League,statsbomb
50898,Adam Gabriel,FC Midtjylland,UEFA Europa League,statsbomb
144876,Valdemar Byskov,FC Midtjylland,UEFA Europa League,statsbomb
8945,Christian Günter,Freiburg,UEFA Europa League,statsbomb
11459,Lukas Kübler,Freiburg,UEFA Europa League,statsbomb
133208,Patrick Osterhage,Freiburg,UEFA Europa League,statsbomb
45537,Amine El Ouazzani,Sporting Braga,UEFA Europa League,statsbomb
226556,Emmanuel Fernandez,Rangers,UEFA Europa League,statsbomb
10003,James Tavernier,Rangers,UEFA Europa League,statsbomb
184744,Connor Barron,Rangers,UEFA Europa League,statsbomb
16689,Max Aarons,Rangers,UEFA Europa League,statsbomb
181943,Jayden Meghoma,Rangers,UEFA Europa League,statsbomb
474185,Julian Lægreid,Brann,UEFA Europa League,statsbomb
281359,Sævar Atli Magnússon,Brann,UEFA Europa League,statsbomb
144553,Denzel De Roeve,Brann,UEFA Europa League,statsbomb
30116,Felix Myhre,Brann,UEFA Europa League,statsbomb
29713,Thore Pedersen,Brann,UEFA Europa League,statsbomb
7117,Filip Djuricic,Panathinaikos,UEFA Europa League,statsbomb
376074,Iasonas Skarlatidis,Panathinaikos,UEFA Europa League,statsbomb
41696,Antonis Tsiftsis,PAOK Thessaloniki,UEFA Europa League,statsbomb
43133,Talisca,Fenerbahçe,UEFA Europa League,statsbomb
88598,Luka Stojkovic,Dinamo Zagreb,UEFA Europa League,statsbomb
253395,Afonso Moreira,Lyon,UEFA Europa League,statsbomb
29728,Fredrik Knudsen,Brann,UEFA Europa League,statsbomb
8214,Leon Bailey,AS Roma,UEFA Europa League,statsbomb
418475,Mikel Gogorza,FC Midtjylland,UEFA Europa League,statsbomb
31026,Felix Correia,Lille,UEFA Europa League,statsbomb
10463,Sofiane Diop,OGC Nice,UEFA Europa League,statsbomb
417201,Juma Bah,OGC Nice,UEFA Europa League,statsbomb
396302,Millan Brignone,OGC Nice,UEFA Europa League,statsbomb
131243,Deniz Undav,VfB Stuttgart,UEFA Europa League,statsbomb
32298,Alessandro Vogliacco,PAOK Thessaloniki,UEFA Europa League,statsbomb
21461,Dimitri Lavalée,Sturm Graz,UEFA Europa League,statsbomb
8467,Cyriel Dessers,Panathinaikos,UEFA Europa League,statsbomb
46007,Lucas Gourna-Douath,Salzburg,UEFA Europa League,statsbomb
107573,Edvin Kurtulus,Ludogorets Razgrad,UEFA Europa League,statsbomb
255815,Dani Pérez,Real Betis,UEFA Europa League,statsbomb
312270,Sergi Altimira,Real Betis,UEFA Europa League,statsbomb
133299,Berke Özer,Lille,UEFA Europa League,statsbomb
315064,Jeremy Agbonifo,Basel,UEFA Europa League,statsbomb
16018,Loris Benito,BSC Young Boys,UEFA Europa League,statsbomb
45089,Jaouen Hadjam,BSC Young Boys,UEFA Europa League,statsbomb
3575,Oleksandr Zinchenko,Nottingham Forest,UEFA Europa League,statsbomb
3417,Saidy Janko,BSC Young Boys,UEFA Europa League,statsbomb
16022,Christian Fassnacht,BSC Young Boys,UEFA Europa League,statsbomb
23779,Chris Bedia,BSC Young Boys,UEFA Europa League,statsbomb
120287,Luciano Valente,Feyenoord,UEFA Europa League,statsbomb
16459,Cyle Larin,Feyenoord,UEFA Europa League,statsbomb
292057,Givairo Read,Feyenoord,UEFA Europa League,statsbomb
409368,Jan Plug,Feyenoord,UEFA Europa League,statsbomb
38285,Ayase Ueda,Feyenoord,UEFA Europa League,statsbomb
390719,Malcolm Jeng,Feyenoord,UEFA Europa League,statsbomb
418882,Shaqueel van Persie,Feyenoord,UEFA Europa League,statsbomb
22163,Sem Steijn,Feyenoord,UEFA Europa League,statsbomb
8073,Bart Nieuwkoop,Feyenoord,UEFA Europa League,statsbomb
6874,Ermedin Demirovic,VfB Stuttgart,UEFA Europa League,statsbomb
21884,Quinten Timber,Feyenoord,UEFA Europa League,statsbomb
409369,Thijs Kraaijeveld,Feyenoord,UEFA Europa League,statsbomb
50130,Mathis Suray,Go Ahead Eagles,UEFA Europa League,statsbomb
16368,Joris Kramer,Go Ahead Eagles,UEFA Europa League,statsbomb
16175,Finn Stokkers,Go Ahead Eagles,UEFA Europa League,statsbomb
485525,Yassir Rahmouni,Go Ahead Eagles,UEFA Europa League,statsbomb
21581,Kenzo Goudmijn,Go Ahead Eagles,UEFA Europa League,statsbomb
292226,Aske Adelgaard,Go Ahead Eagles,UEFA Europa League,statsbomb
22165,Evert Linthorst,Go Ahead Eagles,UEFA Europa League,statsbomb
108202,Victor Edvardsen,Go Ahead Eagles,UEFA Europa League,statsbomb
30044,Oscar Pettersson,Go Ahead Eagles,UEFA Europa League,statsbomb
24904,Mike Eerdhuijzen,FC Utrecht,UEFA Europa League,statsbomb
406029,Gjivai Zechiël,FC Utrecht,UEFA Europa League,statsbomb
8065,Nick Viergever,FC Utrecht,UEFA Europa League,statsbomb
147381,Adrian Blake,FC Utrecht,UEFA Europa League,statsbomb
39117,Matisse Didden,FC Utrecht,UEFA Europa League,statsbomb
18597,Dani de Wit,FC Utrecht,UEFA Europa League,statsbomb
22803,Derry Murkin,FC Utrecht,UEFA Europa League,statsbomb
3335,Mike van der Hoorn,FC Utrecht,UEFA Europa League,statsbomb
93075,Yoann Cathline,FC Utrecht,UEFA Europa League,statsbomb
214246,Rafik El Arguioui,FC Utrecht,UEFA Europa League,statsbomb
52130,Zidane Iqbal,FC Utrecht,UEFA Europa League,statsbomb
32721,Davy van den Berg,FC Utrecht,UEFA Europa League,statsbomb
407446,Jaygo van Ommeren,FC Utrecht,UEFA Europa League,statsbomb
233000,Alonzo Engwanda,FC Utrecht,UEFA Europa League,statsbomb
47445,Miguel Rodríguez,FC Utrecht,UEFA Europa League,statsbomb
30514,Souffian El Karouani,FC Utrecht,UEFA Europa League,statsbomb
8673,Sébastien Haller,FC Utrecht,UEFA Europa League,statsbomb
407448,Bjorn Menzo,FC Utrecht,UEFA Europa League,statsbomb
19699,Michael Brouwer,FC Utrecht,UEFA Europa League,statsbomb
30760,Borja Sainz,FC Porto,UEFA Europa League,statsbomb
15488,Timon Wellenreuther,Feyenoord,UEFA Europa League,statsbomb
409361,Aymen Sliti,Feyenoord,UEFA Europa League,statsbomb
37293,Tsuyoshi Watanabe,Feyenoord,UEFA Europa League,statsbomb
441349,Gaoussou Diarra,Feyenoord,UEFA Europa League,statsbomb
163883,Jordan Bos,Feyenoord,UEFA Europa League,statsbomb
18573,Jón Thorsteinsson,Brann,UEFA Europa League,statsbomb
107346,Taha  Ali,Malmö FF,UEFA Europa League,statsbomb
31449,Colin Rösler,Malmö FF,UEFA Europa League,statsbomb
42077,Johan Karlsson,Malmö FF,UEFA Europa League,statsbomb
22214,Erik Botheim,Malmö FF,UEFA Europa League,statsbomb
27006,Sead Haksabanovic,Malmö FF,UEFA Europa League,statsbomb
122880,Busanello,Malmö FF,UEFA Europa League,statsbomb
404317,Lazar Jovanović,VfB Stuttgart,UEFA Europa League,statsbomb
198303,Dominik Prpić,FC Porto,UEFA Europa League,statsbomb
312412,Hamza Igmane,Lille,UEFA Europa League,statsbomb
410434,Ayyoub Bouaddi,Lille,UEFA Europa League,statsbomb
314904,Ethan Mbappé,Lille,UEFA Europa League,statsbomb
29305,Jordan Lotomba,Feyenoord,UEFA Europa League,statsbomb
83738,Oussama Targhalline,Feyenoord,UEFA Europa League,statsbomb
23763,Hwang In-Beom,Feyenoord,UEFA Europa League,statsbomb
29480,Jakub Moder,Feyenoord,UEFA Europa League,statsbomb
48372,Casper Tengstedt,Feyenoord,UEFA Europa League,statsbomb
38931,Gonçalo Borges,Feyenoord,UEFA Europa League,statsbomb
27652,Anel Ahmedhodzic,Feyenoord,UEFA Europa League,statsbomb
8274,Pierluigi Gollini,AS Roma,UEFA Europa League,statsbomb
131982,Neil El Aynaoui,AS Roma,UEFA Europa League,statsbomb
10349,Zeki Celik,AS Roma,UEFA Europa League,statsbomb
122132,Daniele Ghilardi,AS Roma,UEFA Europa League,statsbomb
6979,Stephan El Shaarawy,AS Roma,UEFA Europa League,statsbomb
25040,Manu Koné,AS Roma,UEFA Europa League,statsbomb
8333,Angeliño,AS Roma,UEFA Europa League,statsbomb
15582,Donyell Malen,AS Roma,UEFA Europa League,statsbomb
6792,Pau López,Real Betis,UEFA Europa League,statsbomb
3313,Giovani Lo Celso,Real Betis,UEFA Europa League,statsbomb
205202,Valentín Gómez,Real Betis,UEFA Europa League,statsbomb
11671,Cucho Hernández,Real Betis,UEFA Europa League,statsbomb
6862,Cédric Bakambu,Real Betis,UEFA Europa League,statsbomb
21177,Mats Deijl,Go Ahead Eagles,UEFA Europa League,statsbomb
9267,Gerrit Nauber,Go Ahead Eagles,UEFA Europa League,statsbomb
40973,Jakob Breum,Go Ahead Eagles,UEFA Europa League,statsbomb
21776,Melle Meulensteen,Go Ahead Eagles,UEFA Europa League,statsbomb
465984,Ofosu Boakye,Go Ahead Eagles,UEFA Europa League,statsbomb
227261,Milan Smit,Go Ahead Eagles,UEFA Europa League,statsbomb
46310,Dean James,Go Ahead Eagles,UEFA Europa League,statsbomb
43113,Oskar Sivertsen,Go Ahead Eagles,UEFA Europa League,statsbomb
114312,Giovanni van Zwam,Go Ahead Eagles,UEFA Europa League,statsbomb
23411,Horemans sieves,FC Utrecht,UEFA Europa League,statsbomb
20947,Atakan Karazor,VfB Stuttgart,UEFA Europa League,statsbomb
8352,Jeff Chabot,VfB Stuttgart,UEFA Europa League,statsbomb
20662,Alexander Nübel,VfB Stuttgart,UEFA Europa League,statsbomb
16055,Vasilis Barkas,FC Utrecht,UEFA Europa League,statsbomb
47525,David Min,FC Utrecht,UEFA Europa League,statsbomb
240094,Miliano Jonathans,FC Utrecht,UEFA Europa League,statsbomb
40959,Can Bozdogan,FC Utrecht,UEFA Europa League,statsbomb
163610,Leo Sauer,Feyenoord,UEFA Europa League,statsbomb
261291,Anis Hadj Moussa,Feyenoord,UEFA Europa League,statsbomb
38234,Jari De Busser,Go Ahead Eagles,UEFA Europa League,statsbomb
293244,Robbin Weijenberg,Go Ahead Eagles,UEFA Europa League,statsbomb
50920,Calvin Twigt,Go Ahead Eagles,UEFA Europa League,statsbomb
38245,Federico Ravaglia,Bologna,UEFA Europa League,statsbomb
38835,Julius Dirksen,Go Ahead Eagles,UEFA Europa League,statsbomb
22971,Richonell Margaret,Go Ahead Eagles,UEFA Europa League,statsbomb
16531,Dominik Livaković,Dinamo Zagreb,UEFA Europa League,statsbomb
35388,Nicolas Raskin,Rangers,UEFA Europa League,statsbomb
297024,Tim Oermann,Sturm Graz,UEFA Europa League,statsbomb
110424,Daniil Khudyakov,Sturm Graz,UEFA Europa League,statsbomb
330567,Josué Kongolo,KRC Genk,UEFA Europa League,statsbomb
21888,Gijs Smal,Feyenoord,UEFA Europa League,statsbomb
108680,Niklas Vesterlund,FC Utrecht,UEFA Europa League,statsbomb
136948,Nasser Djiga,Rangers,UEFA Europa League,statsbomb
6708,Paulo Oliveira,Sporting Braga,UEFA Europa League,statsbomb
134875,Markus Haaland,Brann,UEFA Europa League,statsbomb
49558,Japhet Larsen,Brann,UEFA Europa League,statsbomb
131250,Dinis Almeida,Ludogorets Razgrad,UEFA Europa League,statsbomb
39559,Aguibou Camara,Ludogorets Razgrad,UEFA Europa League,statsbomb
205927,Tim Trummer,Salzburg,UEFA Europa League,statsbomb
141746,Mamady Diambou,Salzburg,UEFA Europa League,statsbomb
26406,Jorge Sánchez,PAOK Thessaloniki,UEFA Europa League,statsbomb
20845,Magomed Ozdoev,PAOK Thessaloniki,UEFA Europa League,statsbomb
16511,Tomasz Kędziora,PAOK Thessaloniki,UEFA Europa League,statsbomb
80522,Yonas Malede,Maccabi Tel Aviv,UEFA Europa League,statsbomb
409255,Sayed Abu Farkhi,Maccabi Tel Aviv,UEFA Europa League,statsbomb
200220,Andrej Djuric,Malmö FF,UEFA Europa League,statsbomb
477850,Benjámin Gólik,Ferencvaros,UEFA Europa League,statsbomb
438500,James Bello,Viktoria Plzen,UEFA Europa League,statsbomb
432951,Florian Wiegele,Viktoria Plzen,UEFA Europa League,statsbomb
529007,Adam Novák,Viktoria Plzen,UEFA Europa League,statsbomb
35514,Svetozar Markovic,Viktoria Plzen,UEFA Europa League,statsbomb
