league,sc_player_id,player_name_sc,player_name_sb,sb_player_id,team_name_sc
Liga MX,4809,Javier Hernández Balcázar,Chicharito,3058,Club Deportivo Guadalajara
Liga MX,4809,Javier Hernández Balcázar,Óscar Whalley,24597,Club Deportivo Guadalajara
Liga MX,4809,Javier Hernández Balcázar,Brian Gutierrez,43048,Club Deportivo Guadalajara
Liga MX,4809,Javier Hernández Balcázar,Jonathan Pérez,38038,Club Deportivo Guadalajara
Liga MX,4809,Javier Hernández Balcázar,Sergio Aguayo,422617,Club Deportivo Guadalajara
Liga MX,4809,Javier Hernández Balcázar,Raúl Rangel,232966,Club Deportivo Guadalajara
Liga MX,4809,Javier Hernández Balcázar,Ángel Chávez,390351,Club Deportivo Guadalajara
Liga MX,18021,Víctor Alfonso Guzmán Guzmán,S.Rodríguez Rodelas,483952,Club de Fútbol Pachuca
Liga MX,18021,Víctor Alfonso Guzmán Guzmán,Gael Álvarez,416852,Club de Fútbol Pachuca
Liga MX,18021,Víctor Alfonso Guzmán Guzmán,Cristobal Basilio Hernández Alcantara,540500,Club de Fútbol Pachuca
Liga MX,18021,Víctor Alfonso Guzmán Guzmán,Carlos Moreno,38338,Club de Fútbol Pachuca
Liga MX,18021,Víctor Alfonso Guzmán Guzmán,Daniel Omar Mendez Sanchez,521212,Club de Fútbol Pachuca
Liga MX,18021,Víctor Alfonso Guzmán Guzmán,Jonatan Ramirez,551572,Club de Fútbol Pachuca
Liga MX,18021,Víctor Alfonso Guzmán Guzmán,Juan Sigala,469976,Club de Fútbol Pachuca
Liga MX,18021,Víctor Alfonso Guzmán Guzmán,José Eulogio,81047,Club de Fútbol Pachuca
Liga MX,18021,Víctor Alfonso Guzmán Guzmán,René López,52291,Club de Fútbol Pachuca
Liga MX,18021,Víctor Alfonso Guzmán Guzmán,Cristóbal Alfaro,529316,Club de Fútbol Pachuca
Liga MX,18021,Víctor Alfonso Guzmán Guzmán,Adrián Alcaraz,234215,Club de Fútbol Pachuca
Liga MX,18021,Víctor Alfonso Guzmán Guzmán,Andrés Arroyo,30948,Club de Fútbol Pachuca
Liga MX,18022,Jesús Alberto Angulo Uriarte,Koifman,475653,Club de Fútbol Tigres de la UNAL
Liga MX,18022,Jesús Alberto Angulo Uriarte,Nahuel Guzmán,28561,Club de Fútbol Tigres de la UNAL
Liga MX,18022,Jesús Alberto Angulo Uriarte,César Araújo,36498,Club de Fútbol Tigres de la UNAL
Liga MX,18022,Jesús Alberto Angulo Uriarte,Isac Galván,239948,Club de Fútbol Tigres de la UNAL
Liga MX,18022,Jesús Alberto Angulo Uriarte,Diego Ramirez,474011,Club de Fútbol Tigres de la UNAL
Liga MX,18022,Jesús Alberto Angulo Uriarte,A. Moreno,448641,Club de Fútbol Tigres de la UNAL
Liga MX,18022,Jesús Alberto Angulo Uriarte,Alan Franco,28284,Club de Fútbol Tigres de la UNAL
Liga MX,18022,Jesús Alberto Angulo Uriarte,Fernando Ordóñez,394272,Club de Fútbol Tigres de la UNAL
Liga MX,36224,Jorge Alejandro Rodríguez Hernández,Rodrigo Schlegel,36754,Club de Fútbol Atlas
Liga MX,36224,Jorge Alejandro Rodríguez Hernández,Luis Gamboa,530676,Club de Fútbol Atlas
Liga MX,36224,Jorge Alejandro Rodríguez Hernández,Agustín Rodríguez,100552,Club de Fútbol Atlas
Liga MX,36224,Jorge Alejandro Rodríguez Hernández,Camilo Vargas,27225,Club de Fútbol Atlas
Liga MX,36224,Jorge Alejandro Rodríguez Hernández,Edgar Zaldívar,28424,Club de Fútbol Atlas
Liga MX,36224,Jorge Alejandro Rodríguez Hernández,César Ramos,44983,Club de Fútbol Atlas
Liga MX,36224,Jorge Alejandro Rodríguez Hernández,Manuel Capasso,62119,Club de Fútbol Atlas
Liga MX,36224,Jorge Alejandro Rodríguez Hernández,Antonio Sánchez,52243,Club de Fútbol Atlas
Liga MX,36224,Jorge Alejandro Rodríguez Hernández,Florián Monzón,54781,Club de Fútbol Atlas
Liga MX,36224,Jorge Alejandro Rodríguez Hernández,J.Sánchez,482767,Club de Fútbol Atlas
Liga MX,36224,Jorge Alejandro Rodríguez Hernández,Milton Valenzuela,12704,Club de Fútbol Atlas
Liga MX,36224,Jorge Alejandro Rodríguez Hernández,Ryan Mmaee,24600,Club de Fútbol Atlas
Liga MX,36224,Jorge Alejandro Rodríguez Hernández,Duk,39482,Club de Fútbol Atlas
Liga MX,36224,Jorge Alejandro Rodríguez Hernández,Luís Esteves,76169,Club de Fútbol Atlas
Liga MX,978231,Fernando González Peña,José Hernández,38307,Querétaro Fútbol Club
Liga MX,978231,Fernando González Peña,Guillermo Allison,36406,Querétaro Fútbol Club
Liga MX,978231,Fernando González Peña,Bayron Duarte,408920,Querétaro Fútbol Club
Liga MX,978231,Fernando González Peña,Juan Cázares,541103,Querétaro Fútbol Club
Liga MX,978231,Fernando González Peña,Paulo Victor,129393,Querétaro Fútbol Club
Liga MX,978231,Fernando González Peña,Alejandro Alcalá,389514,Querétaro Fútbol Club
Liga MX,978231,Fernando González Peña,Enzo Giménez,87443,Querétaro Fútbol Club
Liga MX,978231,Fernando González Peña,Iker Benito,181652,Querétaro Fútbol Club
Liga MX,978231,Fernando González Peña,Mono Martínez,565299,Querétaro Fútbol Club
Liga MX,978231,Fernando González Peña,Erik Dueñas,47115,Querétaro Fútbol Club
Liga MX,1028613,Carlos Alberto Rodríguez Santos,Koifman,475653,Club de Fútbol Tigres de la UNAL
Liga MX,1028613,Carlos Alberto Rodríguez Santos,Nahuel Guzmán,28561,Club de Fútbol Tigres de la UNAL
Liga MX,1028613,Carlos Alberto Rodríguez Santos,César Araújo,36498,Club de Fútbol Tigres de la UNAL
Liga MX,1028613,Carlos Alberto Rodríguez Santos,Isac Galván,239948,Club de Fútbol Tigres de la UNAL
Liga MX,1028613,Carlos Alberto Rodríguez Santos,Diego Ramirez,474011,Club de Fútbol Tigres de la UNAL
Liga MX,1028613,Carlos Alberto Rodríguez Santos,A. Moreno,448641,Club de Fútbol Tigres de la UNAL
Liga MX,1028613,Carlos Alberto Rodríguez Santos,Alan Franco,28284,Club de Fútbol Tigres de la UNAL
Liga MX,1028613,Carlos Alberto Rodríguez Santos,Fernando Ordóñez,394272,Club de Fútbol Tigres de la UNAL
Argentina,3305,Facundo Sebastián Roncaglia,Diego Churín,52055,CA Sarmiento
Argentina,3305,Facundo Sebastián Roncaglia,Thiago Santamaría,423735,CA Sarmiento
Argentina,3305,Facundo Sebastián Roncaglia,Jhon Rentería,473646,CA Sarmiento
Argentina,3305,Facundo Sebastián Roncaglia,Gastón Arturia,424466,CA Sarmiento
Argentina,3305,Facundo Sebastián Roncaglia,Juan Cabrera,112693,CA Sarmiento
Argentina,3305,Facundo Sebastián Roncaglia,Ulises Delgado,541265,CA Sarmiento
Argentina,3305,Facundo Sebastián Roncaglia,Iván Arboleda,32829,CA Sarmiento
Argentina,3305,Facundo Sebastián Roncaglia,Junior Marabel,87521,CA Sarmiento
Argentina,3305,Facundo Sebastián Roncaglia,Lucas Suárez,88056,CA Sarmiento
Argentina,3305,Facundo Sebastián Roncaglia,Facundo Alaggia,542089,CA Sarmiento
Argentina,3305,Facundo Sebastián Roncaglia,Agustín Seyral,432483,CA Sarmiento
Argentina,3305,Facundo Sebastián Roncaglia,Nicolás Pasquini,28259,CA Sarmiento
Argentina,3305,Facundo Sebastián Roncaglia,Thyago Ayala,401163,CA Sarmiento
Argentina,3305,Facundo Sebastián Roncaglia,Cristian Zabala,196879,CA Sarmiento
Argentina,3305,Facundo Sebastián Roncaglia,Ulises Giménez,416531,CA Sarmiento
Argentina,3305,Facundo Sebastián Roncaglia,Manuel Mónaco,263590,CA Sarmiento
Argentina,3305,Facundo Sebastián Roncaglia,Javier Burrai,36557,CA Sarmiento
Argentina,3305,Facundo Sebastián Roncaglia,Agustín Nadruz,44497,CA Sarmiento
Argentina,3305,Facundo Sebastián Roncaglia,Brandon Márquez,434159,CA Sarmiento
Argentina,3305,Facundo Sebastián Roncaglia,Yair Arismendi,95194,CA Sarmiento
Argentina,3305,Facundo Sebastián Roncaglia,Alexis Jonathan González,445270,CA Sarmiento
Argentina,6413,Luis Jan Piers Advíncula Castrillón,Dylan Gorosito,416526,Club Atlético Boca Juniors
Argentina,6413,Luis Jan Piers Advíncula Castrillón,Tomás Aranda,542577,Club Atlético Boca Juniors
Argentina,6413,Luis Jan Piers Advíncula Castrillón,Facundo Herrera,567392,Club Atlético Boca Juniors
Argentina,6413,Luis Jan Piers Advíncula Castrillón,Leandro Lozano,44484,Club Atlético Boca Juniors
Argentina,6413,Luis Jan Piers Advíncula Castrillón,Iker Zufiaurre,429925,Club Atlético Boca Juniors
Argentina,6413,Luis Jan Piers Advíncula Castrillón,Lucas Janson,12766,Club Atlético Boca Juniors
Argentina,6413,Luis Jan Piers Advíncula Castrillón,Ángel Romero,30795,Club Atlético Boca Juniors
Argentina,6413,Luis Jan Piers Advíncula Castrillón,Gonzalo Gelini,542042,Club Atlético Boca Juniors
Argentina,6413,Luis Jan Piers Advíncula Castrillón,Nicolás Figal,28878,Club Atlético Boca Juniors
Argentina,6413,Luis Jan Piers Advíncula Castrillón,Marcelo Weigandt,31196,Club Atlético Boca Juniors
Argentina,6413,Luis Jan Piers Advíncula Castrillón,Ander Herrera,3606,Club Atlético Boca Juniors
Argentina,6413,Luis Jan Piers Advíncula Castrillón,Enner Valencia,28559,Club Atlético Boca Juniors
Argentina,6413,Luis Jan Piers Advíncula Castrillón,Camilo Rey Domenech,460844,Club Atlético Boca Juniors
Argentina,6413,Luis Jan Piers Advíncula Castrillón,Agustín Marchesín,26402,Club Atlético Boca Juniors
Argentina,6413,Luis Jan Piers Advíncula Castrillón,Adam Bareiro,26306,Club Atlético Boca Juniors
Argentina,6413,Luis Jan Piers Advíncula Castrillón,Leandro Brey,232810,Club Atlético Boca Juniors
Argentina,6413,Luis Jan Piers Advíncula Castrillón,Leonel Flores,542041,Club Atlético Boca Juniors
Argentina,9184,Rodrigo Andrés Battaglia,Dylan Gorosito,416526,Club Atlético Boca Juniors
Argentina,9184,Rodrigo Andrés Battaglia,Tomás Aranda,542577,Club Atlético Boca Juniors
Argentina,9184,Rodrigo Andrés Battaglia,Facundo Herrera,567392,Club Atlético Boca Juniors
Argentina,9184,Rodrigo Andrés Battaglia,Leandro Lozano,44484,Club Atlético Boca Juniors
Argentina,9184,Rodrigo Andrés Battaglia,Iker Zufiaurre,429925,Club Atlético Boca Juniors
Argentina,9184,Rodrigo Andrés Battaglia,Lucas Janson,12766,Club Atlético Boca Juniors
Argentina,9184,Rodrigo Andrés Battaglia,Ángel Romero,30795,Club Atlético Boca Juniors
Argentina,9184,Rodrigo Andrés Battaglia,Gonzalo Gelini,542042,Club Atlético Boca Juniors
Argentina,9184,Rodrigo Andrés Battaglia,Nicolás Figal,28878,Club Atlético Boca Juniors
Argentina,9184,Rodrigo Andrés Battaglia,Marcelo Weigandt,31196,Club Atlético Boca Juniors
Argentina,9184,Rodrigo Andrés Battaglia,Ander Herrera,3606,Club Atlético Boca Juniors
Argentina,9184,Rodrigo Andrés Battaglia,Enner Valencia,28559,Club Atlético Boca Juniors
Argentina,9184,Rodrigo Andrés Battaglia,Camilo Rey Domenech,460844,Club Atlético Boca Juniors
Argentina,9184,Rodrigo Andrés Battaglia,Agustín Marchesín,26402,Club Atlético Boca Juniors
Argentina,9184,Rodrigo Andrés Battaglia,Adam Bareiro,26306,Club Atlético Boca Juniors
Argentina,9184,Rodrigo Andrés Battaglia,Leandro Brey,232810,Club Atlético Boca Juniors
Argentina,9184,Rodrigo Andrés Battaglia,Leonel Flores,542041,Club Atlético Boca Juniors
Argentina,12062,Miguel Ángel Borja Hernández,Tobías Ramírez,416529,Club Atlético River Plate
Argentina,12062,Miguel Ángel Borja Hernández,Lucas Silva,553145,Club Atlético River Plate
Argentina,12062,Miguel Ángel Borja Hernández,Facundo Gonzalez,525893,Club Atlético River Plate
Argentina,12062,Miguel Ángel Borja Hernández,Tobías Andrada,478086,Club Atlético River Plate
Argentina,12062,Miguel Ángel Borja Hernández,Santiago Beltrán,435182,Club Atlético River Plate
Argentina,12062,Miguel Ángel Borja Hernández,Lucas Beltrán,41561,Club Atlético River Plate
Argentina,12062,Miguel Ángel Borja Hernández,Nicolás Otamendi,3090,Club Atlético River Plate
Argentina,12062,Miguel Ángel Borja Hernández,Rafael Borré,28266,Club Atlético River Plate
Argentina,12062,Miguel Ángel Borja Hernández,Matías Viña,34476,Club Atlético River Plate
Argentina,12062,Miguel Ángel Borja Hernández,Valentín Lucero,558441,Club Atlético River Plate
Argentina,12062,Miguel Ángel Borja Hernández,Kendry Páez,384888,Club Atlético River Plate
Argentina,12062,Miguel Ángel Borja Hernández,Fausto Vera,30804,Club Atlético River Plate
Argentina,12062,Miguel Ángel Borja Hernández,Ulises Giménez,416531,Club Atlético River Plate
Argentina,12062,Miguel Ángel Borja Hernández,Lautaro Pereyra,550502,Club Atlético River Plate
Argentina,12062,Miguel Ángel Borja Hernández,Mauro Arambarri,6863,Club Atlético River Plate
Argentina,12062,Miguel Ángel Borja Hernández,Agustín Ruberto,416518,Club Atlético River Plate
Argentina,12062,Miguel Ángel Borja Hernández,Thiago Almada,28637,Club Atlético River Plate
Argentina,12062,Miguel Ángel Borja Hernández,Ángel Correa,6377,Club Atlético River Plate
Argentina,12062,Miguel Ángel Borja Hernández,Giovanni González,36295,Club Atlético River Plate
Argentina,12062,Miguel Ángel Borja Hernández,Cristian Jaime,528375,Club Atlético River Plate
Argentina,12062,Miguel Ángel Borja Hernández,Joaquín Freitas,532918,Club Atlético River Plate
Argentina,12062,Miguel Ángel Borja Hernández,Francisco Ortega,30399,Club Atlético River Plate
Argentina,12062,Miguel Ángel Borja Hernández,Aníbal Moreno,31990,Club Atlético River Plate
Argentina,24950,Milton Óscar Casco,Tobías Ramírez,416529,Club Atlético River Plate
Argentina,24950,Milton Óscar Casco,Lucas Silva,553145,Club Atlético River Plate
Argentina,24950,Milton Óscar Casco,Facundo Gonzalez,525893,Club Atlético River Plate
Argentina,24950,Milton Óscar Casco,Tobías Andrada,478086,Club Atlético River Plate
Argentina,24950,Milton Óscar Casco,Santiago Beltrán,435182,Club Atlético River Plate
Argentina,24950,Milton Óscar Casco,Lucas Beltrán,41561,Club Atlético River Plate
Argentina,24950,Milton Óscar Casco,Nicolás Otamendi,3090,Club Atlético River Plate
Argentina,24950,Milton Óscar Casco,Rafael Borré,28266,Club Atlético River Plate
Argentina,24950,Milton Óscar Casco,Matías Viña,34476,Club Atlético River Plate
Argentina,24950,Milton Óscar Casco,Valentín Lucero,558441,Club Atlético River Plate
Argentina,24950,Milton Óscar Casco,Kendry Páez,384888,Club Atlético River Plate
Argentina,24950,Milton Óscar Casco,Fausto Vera,30804,Club Atlético River Plate
Argentina,24950,Milton Óscar Casco,Ulises Giménez,416531,Club Atlético River Plate
Argentina,24950,Milton Óscar Casco,Lautaro Pereyra,550502,Club Atlético River Plate
Argentina,24950,Milton Óscar Casco,Mauro Arambarri,6863,Club Atlético River Plate
Argentina,24950,Milton Óscar Casco,Agustín Ruberto,416518,Club Atlético River Plate
Argentina,24950,Milton Óscar Casco,Thiago Almada,28637,Club Atlético River Plate
Argentina,24950,Milton Óscar Casco,Ángel Correa,6377,Club Atlético River Plate
Argentina,24950,Milton Óscar Casco,Giovanni González,36295,Club Atlético River Plate
Argentina,24950,Milton Óscar Casco,Cristian Jaime,528375,Club Atlético River Plate
Argentina,24950,Milton Óscar Casco,Joaquín Freitas,532918,Club Atlético River Plate
Argentina,24950,Milton Óscar Casco,Francisco Ortega,30399,Club Atlético River Plate
Argentina,24950,Milton Óscar Casco,Aníbal Moreno,31990,Club Atlético River Plate
Argentina,24961,Francisco Andrés Pizzini,Lautaro Piola,567025,Club Atlético Vélez Sarsfield
Argentina,24961,Francisco Andrés Pizzini,Juan Policella,550461,Club Atlético Vélez Sarsfield
Argentina,24961,Francisco Andrés Pizzini,Thiago Aguirre,555176,Club Atlético Vélez Sarsfield
Argentina,24961,Francisco Andrés Pizzini,Luca Feler,546272,Club Atlético Vélez Sarsfield
Argentina,24961,Francisco Andrés Pizzini,Tomás Marchiori,51899,Club Atlético Vélez Sarsfield
Argentina,24961,Francisco Andrés Pizzini,Matías Arias,482978,Club Atlético Vélez Sarsfield
Argentina,24961,Francisco Andrés Pizzini,Florián Monzón,54781,Club Atlético Vélez Sarsfield
Argentina,24961,Francisco Andrés Pizzini,Lucas Robertone,28666,Club Atlético Vélez Sarsfield
Argentina,24961,Francisco Andrés Pizzini,Simón Escobar,530684,Club Atlético Vélez Sarsfield
Argentina,24961,Francisco Andrés Pizzini,Thiago Silvero,437996,Club Atlético Vélez Sarsfield
Argentina,24961,Francisco Andrés Pizzini,Joaquín García,102718,Club Atlético Vélez Sarsfield
Argentina,24961,Francisco Andrés Pizzini,Álex Verón,479312,Club Atlético Vélez Sarsfield
Argentina,24961,Francisco Andrés Pizzini,Tobías Andrada,478086,Club Atlético Vélez Sarsfield
Argentina,26257,Horacio Gabriel Carabajal,Diego Churín,52055,CA Sarmiento
Argentina,26257,Horacio Gabriel Carabajal,Thiago Santamaría,423735,CA Sarmiento
Argentina,26257,Horacio Gabriel Carabajal,Jhon Rentería,473646,CA Sarmiento
Argentina,26257,Horacio Gabriel Carabajal,Gastón Arturia,424466,CA Sarmiento
Argentina,26257,Horacio Gabriel Carabajal,Juan Cabrera,112693,CA Sarmiento
Argentina,26257,Horacio Gabriel Carabajal,Ulises Delgado,541265,CA Sarmiento
Argentina,26257,Horacio Gabriel Carabajal,Iván Arboleda,32829,CA Sarmiento
Argentina,26257,Horacio Gabriel Carabajal,Junior Marabel,87521,CA Sarmiento
Argentina,26257,Horacio Gabriel Carabajal,Lucas Suárez,88056,CA Sarmiento
Argentina,26257,Horacio Gabriel Carabajal,Facundo Alaggia,542089,CA Sarmiento
Argentina,26257,Horacio Gabriel Carabajal,Agustín Seyral,432483,CA Sarmiento
Argentina,26257,Horacio Gabriel Carabajal,Nicolás Pasquini,28259,CA Sarmiento
Argentina,26257,Horacio Gabriel Carabajal,Thyago Ayala,401163,CA Sarmiento
Argentina,26257,Horacio Gabriel Carabajal,Cristian Zabala,196879,CA Sarmiento
Argentina,26257,Horacio Gabriel Carabajal,Ulises Giménez,416531,CA Sarmiento
Argentina,26257,Horacio Gabriel Carabajal,Manuel Mónaco,263590,CA Sarmiento
Argentina,26257,Horacio Gabriel Carabajal,Javier Burrai,36557,CA Sarmiento
Argentina,26257,Horacio Gabriel Carabajal,Agustín Nadruz,44497,CA Sarmiento
Argentina,26257,Horacio Gabriel Carabajal,Brandon Márquez,434159,CA Sarmiento
Argentina,26257,Horacio Gabriel Carabajal,Yair Arismendi,95194,CA Sarmiento
Argentina,26257,Horacio Gabriel Carabajal,Alexis Jonathan González,445270,CA Sarmiento
Argentina,26301,Agustín Bouzat,Lautaro Piola,567025,Club Atlético Vélez Sarsfield
Argentina,26301,Agustín Bouzat,Juan Policella,550461,Club Atlético Vélez Sarsfield
Argentina,26301,Agustín Bouzat,Thiago Aguirre,555176,Club Atlético Vélez Sarsfield
Argentina,26301,Agustín Bouzat,Luca Feler,546272,Club Atlético Vélez Sarsfield
Argentina,26301,Agustín Bouzat,Tomás Marchiori,51899,Club Atlético Vélez Sarsfield
Argentina,26301,Agustín Bouzat,Matías Arias,482978,Club Atlético Vélez Sarsfield
Argentina,26301,Agustín Bouzat,Florián Monzón,54781,Club Atlético Vélez Sarsfield
Argentina,26301,Agustín Bouzat,Lucas Robertone,28666,Club Atlético Vélez Sarsfield
Argentina,26301,Agustín Bouzat,Simón Escobar,530684,Club Atlético Vélez Sarsfield
Argentina,26301,Agustín Bouzat,Thiago Silvero,437996,Club Atlético Vélez Sarsfield
Argentina,26301,Agustín Bouzat,Joaquín García,102718,Club Atlético Vélez Sarsfield
Argentina,26301,Agustín Bouzat,Álex Verón,479312,Club Atlético Vélez Sarsfield
Argentina,26301,Agustín Bouzat,Tobías Andrada,478086,Club Atlético Vélez Sarsfield
Argentina,26325,Aníbal Jonathan Gastón Bay,Juan Gauto,68497,CA Platense
Argentina,26325,Aníbal Jonathan Gastón Bay,Mauro Luna Diale,36757,CA Platense
Argentina,26325,Aníbal Jonathan Gastón Bay,Manuel Tucker,418350,CA Platense
Argentina,26325,Aníbal Jonathan Gastón Bay,Gonzalo Lencina,364860,CA Platense
Argentina,26325,Aníbal Jonathan Gastón Bay,Mateo Mendia,408568,CA Platense
Argentina,26325,Aníbal Jonathan Gastón Bay,Eugenio Raggio,463927,CA Platense
Argentina,26325,Aníbal Jonathan Gastón Bay,Matías Borgogno,52240,CA Platense
Argentina,26325,Aníbal Jonathan Gastón Bay,Santiago Dalmasso,437604,CA Platense
Argentina,26325,Aníbal Jonathan Gastón Bay,Nicolás López,25126,CA Platense
Argentina,26325,Aníbal Jonathan Gastón Bay,Pablo Ferreira,425004,CA Platense
Argentina,26325,Aníbal Jonathan Gastón Bay,Felipe Bussio,437993,CA Platense
Argentina,26325,Aníbal Jonathan Gastón Bay,Celías Adán Ingenthron,482907,CA Platense
Argentina,26325,Aníbal Jonathan Gastón Bay,Franco Minerva,433700,CA Platense
Argentina,26325,Aníbal Jonathan Gastón Bay,Héctor Bobadilla,135943,CA Platense
Argentina,26325,Aníbal Jonathan Gastón Bay,Juan Cozzani,423573,CA Platense
Argentina,26325,Aníbal Jonathan Gastón Bay,B.Bosch,439830,CA Platense
Argentina,26513,Valentín Alberto Burgoa,Diego Churín,52055,CA Sarmiento
Argentina,26513,Valentín Alberto Burgoa,Thiago Santamaría,423735,CA Sarmiento
Argentina,26513,Valentín Alberto Burgoa,Jhon Rentería,473646,CA Sarmiento
Argentina,26513,Valentín Alberto Burgoa,Gastón Arturia,424466,CA Sarmiento
Argentina,26513,Valentín Alberto Burgoa,Juan Cabrera,112693,CA Sarmiento
Argentina,26513,Valentín Alberto Burgoa,Ulises Delgado,541265,CA Sarmiento
Argentina,26513,Valentín Alberto Burgoa,Iván Arboleda,32829,CA Sarmiento
Argentina,26513,Valentín Alberto Burgoa,Junior Marabel,87521,CA Sarmiento
Argentina,26513,Valentín Alberto Burgoa,Lucas Suárez,88056,CA Sarmiento
Argentina,26513,Valentín Alberto Burgoa,Facundo Alaggia,542089,CA Sarmiento
Argentina,26513,Valentín Alberto Burgoa,Agustín Seyral,432483,CA Sarmiento
Argentina,26513,Valentín Alberto Burgoa,Nicolás Pasquini,28259,CA Sarmiento
Argentina,26513,Valentín Alberto Burgoa,Thyago Ayala,401163,CA Sarmiento
Argentina,26513,Valentín Alberto Burgoa,Cristian Zabala,196879,CA Sarmiento
Argentina,26513,Valentín Alberto Burgoa,Ulises Giménez,416531,CA Sarmiento
Argentina,26513,Valentín Alberto Burgoa,Manuel Mónaco,263590,CA Sarmiento
Argentina,26513,Valentín Alberto Burgoa,Javier Burrai,36557,CA Sarmiento
Argentina,26513,Valentín Alberto Burgoa,Agustín Nadruz,44497,CA Sarmiento
Argentina,26513,Valentín Alberto Burgoa,Brandon Márquez,434159,CA Sarmiento
Argentina,26513,Valentín Alberto Burgoa,Yair Arismendi,95194,CA Sarmiento
Argentina,26513,Valentín Alberto Burgoa,Alexis Jonathan González,445270,CA Sarmiento
Argentina,28473,Carlos Alonso Enrique Palacios Núñez,Dylan Gorosito,416526,Club Atlético Boca Juniors
Argentina,28473,Carlos Alonso Enrique Palacios Núñez,Tomás Aranda,542577,Club Atlético Boca Juniors
Argentina,28473,Carlos Alonso Enrique Palacios Núñez,Facundo Herrera,567392,Club Atlético Boca Juniors
Argentina,28473,Carlos Alonso Enrique Palacios Núñez,Leandro Lozano,44484,Club Atlético Boca Juniors
Argentina,28473,Carlos Alonso Enrique Palacios Núñez,Iker Zufiaurre,429925,Club Atlético Boca Juniors
Argentina,28473,Carlos Alonso Enrique Palacios Núñez,Lucas Janson,12766,Club Atlético Boca Juniors
Argentina,28473,Carlos Alonso Enrique Palacios Núñez,Ángel Romero,30795,Club Atlético Boca Juniors
Argentina,28473,Carlos Alonso Enrique Palacios Núñez,Gonzalo Gelini,542042,Club Atlético Boca Juniors
Argentina,28473,Carlos Alonso Enrique Palacios Núñez,Nicolás Figal,28878,Club Atlético Boca Juniors
Argentina,28473,Carlos Alonso Enrique Palacios Núñez,Marcelo Weigandt,31196,Club Atlético Boca Juniors
Argentina,28473,Carlos Alonso Enrique Palacios Núñez,Ander Herrera,3606,Club Atlético Boca Juniors
Argentina,28473,Carlos Alonso Enrique Palacios Núñez,Enner Valencia,28559,Club Atlético Boca Juniors
Argentina,28473,Carlos Alonso Enrique Palacios Núñez,Camilo Rey Domenech,460844,Club Atlético Boca Juniors
Argentina,28473,Carlos Alonso Enrique Palacios Núñez,Agustín Marchesín,26402,Club Atlético Boca Juniors
Argentina,28473,Carlos Alonso Enrique Palacios Núñez,Adam Bareiro,26306,Club Atlético Boca Juniors
Argentina,28473,Carlos Alonso Enrique Palacios Núñez,Leandro Brey,232810,Club Atlético Boca Juniors
Argentina,28473,Carlos Alonso Enrique Palacios Núñez,Leonel Flores,542041,Club Atlético Boca Juniors
Argentina,29736,Thomas Sebastian Ortega,Leonel Bucca,51912,CS Independiente Rivadavia
Argentina,29736,Thomas Sebastian Ortega,Nicolas Bolcato,531637,CS Independiente Rivadavia
Argentina,29736,Thomas Sebastian Ortega,Bautista Dadín,482906,CS Independiente Rivadavia
Argentina,29736,Thomas Sebastian Ortega,Matías Salvo,553978,CS Independiente Rivadavia
Argentina,29736,Thomas Sebastian Ortega,Emmanuel Gómez Riga,200016,CS Independiente Rivadavia
Argentina,29736,Thomas Sebastian Ortega,Alessandro Riep,385843,CS Independiente Rivadavia
Argentina,29736,Thomas Sebastian Ortega,Ramiro Macagno,51762,CS Independiente Rivadavia
Argentina,29736,Thomas Sebastian Ortega,Luciano Sábato,541459,CS Independiente Rivadavia
Argentina,29736,Thomas Sebastian Ortega,Juan Elordi,427493,CS Independiente Rivadavia
Argentina,29736,Thomas Sebastian Ortega,Rodrigo Atencio,245629,CS Independiente Rivadavia
Argentina,29736,Thomas Sebastian Ortega,Diego Crego,424475,CS Independiente Rivadavia
Argentina,29743,Agustín José Urzi,Martín Soto,569842,Club Atlético Huracán
Argentina,29743,Agustín José Urzi,Facundo Kalinger,541987,Club Atlético Huracán
Argentina,29743,Agustín José Urzi,Hernán Galíndez,37522,Club Atlético Huracán
Argentina,29743,Agustín José Urzi,Ignacio Nicolás Campo,445271,Club Atlético Huracán
Argentina,29743,Agustín José Urzi,Óscar Cortés,186784,Club Atlético Huracán
Argentina,29743,Agustín José Urzi,Jordy Caicedo,123554,Club Atlético Huracán
Argentina,29743,Agustín José Urzi,Sebastián Meza,56760,Club Atlético Huracán
Argentina,29743,Agustín José Urzi,Óscar Romero,6628,Club Atlético Huracán
Argentina,29743,Agustín José Urzi,Lucas Carrizo,197662,Club Atlético Huracán
Argentina,29743,Agustín José Urzi,Lautaro Mora,487804,Club Atlético Huracán
Argentina,29743,Agustín José Urzi,Alejandro Martínez,131246,Club Atlético Huracán
Argentina,29743,Agustín José Urzi,Máximo Palazzo,449898,Club Atlético Huracán
Argentina,29743,Agustín José Urzi,Tomás Uribe,567044,Club Atlético Huracán
Argentina,34342,Leandro Suhr Avondet,Diego Churín,52055,CA Sarmiento
Argentina,34342,Leandro Suhr Avondet,Thiago Santamaría,423735,CA Sarmiento
Argentina,34342,Leandro Suhr Avondet,Jhon Rentería,473646,CA Sarmiento
Argentina,34342,Leandro Suhr Avondet,Gastón Arturia,424466,CA Sarmiento
Argentina,34342,Leandro Suhr Avondet,Juan Cabrera,112693,CA Sarmiento
Argentina,34342,Leandro Suhr Avondet,Ulises Delgado,541265,CA Sarmiento
Argentina,34342,Leandro Suhr Avondet,Iván Arboleda,32829,CA Sarmiento
Argentina,34342,Leandro Suhr Avondet,Junior Marabel,87521,CA Sarmiento
Argentina,34342,Leandro Suhr Avondet,Lucas Suárez,88056,CA Sarmiento
Argentina,34342,Leandro Suhr Avondet,Facundo Alaggia,542089,CA Sarmiento
Argentina,34342,Leandro Suhr Avondet,Agustín Seyral,432483,CA Sarmiento
Argentina,34342,Leandro Suhr Avondet,Nicolás Pasquini,28259,CA Sarmiento
Argentina,34342,Leandro Suhr Avondet,Thyago Ayala,401163,CA Sarmiento
Argentina,34342,Leandro Suhr Avondet,Cristian Zabala,196879,CA Sarmiento
Argentina,34342,Leandro Suhr Avondet,Ulises Giménez,416531,CA Sarmiento
Argentina,34342,Leandro Suhr Avondet,Manuel Mónaco,263590,CA Sarmiento
Argentina,34342,Leandro Suhr Avondet,Javier Burrai,36557,CA Sarmiento
Argentina,34342,Leandro Suhr Avondet,Agustín Nadruz,44497,CA Sarmiento
Argentina,34342,Leandro Suhr Avondet,Brandon Márquez,434159,CA Sarmiento
Argentina,34342,Leandro Suhr Avondet,Yair Arismendi,95194,CA Sarmiento
Argentina,34342,Leandro Suhr Avondet,Alexis Jonathan González,445270,CA Sarmiento
Argentina,36682,Marcos Luis Arturia,Lisandro Piñero,441299,CA Banfield
Argentina,36682,Marcos Luis Arturia,Favio Álvarez,25001,CA Banfield
Argentina,36682,Marcos Luis Arturia,Alexander Machado,43832,CA Banfield
Argentina,36682,Marcos Luis Arturia,Thomas Rodríguez,35756,CA Banfield
Argentina,36682,Marcos Luis Arturia,Matías Hernández,262949,CA Banfield
Argentina,36682,Marcos Luis Arturia,Ignacio Pais,103984,CA Banfield
Argentina,36682,Marcos Luis Arturia,Diego Rodríguez,28882,CA Banfield
Argentina,36682,Marcos Luis Arturia,Renzo Mariano Malanca,197105,CA Banfield
Argentina,36682,Marcos Luis Arturia,Lucas Palavecino,340191,CA Banfield
Argentina,36682,Marcos Luis Arturia,Lautaro Gómez,433256,CA Banfield
Argentina,36682,Marcos Luis Arturia,Facundo Sanguinetti,94960,CA Banfield
Argentina,36682,Marcos Luis Arturia,Jeremías Acosta,567042,CA Banfield
Argentina,36682,Marcos Luis Arturia,David Zalazar,196869,CA Banfield
Argentina,36682,Marcos Luis Arturia,Lautaro Cano,516871,CA Banfield
Argentina,36682,Marcos Luis Arturia,Lautaro Villegas,108747,CA Banfield
Argentina,36682,Marcos Luis Arturia,Nicolás Colazo,31996,CA Banfield
Argentina,36682,Marcos Luis Arturia,Tiziano Perrotta,482999,CA Banfield
Argentina,36682,Marcos Luis Arturia,Juan Luis Alfaro,418752,CA Banfield
Argentina,36682,Marcos Luis Arturia,Brandon Zacarias Oviedo,449880,CA Banfield
Argentina,36682,Marcos Luis Arturia,Danilo Arboleda,29090,CA Banfield
Argentina,36682,Marcos Luis Arturia,Gino Santilli,108739,CA Banfield
Argentina,36682,Marcos Luis Arturia,Neyder Moreno,27505,CA Banfield
Argentina,36682,Marcos Luis Arturia,S.Daniele,437536,CA Banfield
Argentina,36682,Marcos Luis Arturia,Marcos López,542090,CA Banfield
Argentina,36682,Marcos Luis Arturia,Federico Medina,423836,CA Banfield
Argentina,36709,Leonel Marcelo Picco,Juan Gauto,68497,CA Platense
Argentina,36709,Leonel Marcelo Picco,Mauro Luna Diale,36757,CA Platense
Argentina,36709,Leonel Marcelo Picco,Manuel Tucker,418350,CA Platense
Argentina,36709,Leonel Marcelo Picco,Gonzalo Lencina,364860,CA Platense
Argentina,36709,Leonel Marcelo Picco,Mateo Mendia,408568,CA Platense
Argentina,36709,Leonel Marcelo Picco,Eugenio Raggio,463927,CA Platense
Argentina,36709,Leonel Marcelo Picco,Matías Borgogno,52240,CA Platense
Argentina,36709,Leonel Marcelo Picco,Santiago Dalmasso,437604,CA Platense
Argentina,36709,Leonel Marcelo Picco,Nicolás López,25126,CA Platense
Argentina,36709,Leonel Marcelo Picco,Pablo Ferreira,425004,CA Platense
Argentina,36709,Leonel Marcelo Picco,Felipe Bussio,437993,CA Platense
Argentina,36709,Leonel Marcelo Picco,Celías Adán Ingenthron,482907,CA Platense
Argentina,36709,Leonel Marcelo Picco,Franco Minerva,433700,CA Platense
Argentina,36709,Leonel Marcelo Picco,Héctor Bobadilla,135943,CA Platense
Argentina,36709,Leonel Marcelo Picco,Juan Cozzani,423573,CA Platense
Argentina,36709,Leonel Marcelo Picco,B.Bosch,439830,CA Platense
Argentina,36774,Franco Ezequiel Frías,Diego Churín,52055,CA Sarmiento
Argentina,36774,Franco Ezequiel Frías,Thiago Santamaría,423735,CA Sarmiento
Argentina,36774,Franco Ezequiel Frías,Jhon Rentería,473646,CA Sarmiento
Argentina,36774,Franco Ezequiel Frías,Gastón Arturia,424466,CA Sarmiento
Argentina,36774,Franco Ezequiel Frías,Juan Cabrera,112693,CA Sarmiento
Argentina,36774,Franco Ezequiel Frías,Ulises Delgado,541265,CA Sarmiento
Argentina,36774,Franco Ezequiel Frías,Iván Arboleda,32829,CA Sarmiento
Argentina,36774,Franco Ezequiel Frías,Junior Marabel,87521,CA Sarmiento
Argentina,36774,Franco Ezequiel Frías,Lucas Suárez,88056,CA Sarmiento
Argentina,36774,Franco Ezequiel Frías,Facundo Alaggia,542089,CA Sarmiento
Argentina,36774,Franco Ezequiel Frías,Agustín Seyral,432483,CA Sarmiento
Argentina,36774,Franco Ezequiel Frías,Nicolás Pasquini,28259,CA Sarmiento
Argentina,36774,Franco Ezequiel Frías,Thyago Ayala,401163,CA Sarmiento
Argentina,36774,Franco Ezequiel Frías,Cristian Zabala,196879,CA Sarmiento
Argentina,36774,Franco Ezequiel Frías,Ulises Giménez,416531,CA Sarmiento
Argentina,36774,Franco Ezequiel Frías,Manuel Mónaco,263590,CA Sarmiento
Argentina,36774,Franco Ezequiel Frías,Javier Burrai,36557,CA Sarmiento
Argentina,36774,Franco Ezequiel Frías,Agustín Nadruz,44497,CA Sarmiento
Argentina,36774,Franco Ezequiel Frías,Brandon Márquez,434159,CA Sarmiento
Argentina,36774,Franco Ezequiel Frías,Yair Arismendi,95194,CA Sarmiento
Argentina,36774,Franco Ezequiel Frías,Alexis Jonathan González,445270,CA Sarmiento
Argentina,36836,Santiago Simón,Tobías Ramírez,416529,Club Atlético River Plate
Argentina,36836,Santiago Simón,Lucas Silva,553145,Club Atlético River Plate
Argentina,36836,Santiago Simón,Facundo Gonzalez,525893,Club Atlético River Plate
Argentina,36836,Santiago Simón,Tobías Andrada,478086,Club Atlético River Plate
Argentina,36836,Santiago Simón,Santiago Beltrán,435182,Club Atlético River Plate
Argentina,36836,Santiago Simón,Lucas Beltrán,41561,Club Atlético River Plate
Argentina,36836,Santiago Simón,Nicolás Otamendi,3090,Club Atlético River Plate
Argentina,36836,Santiago Simón,Rafael Borré,28266,Club Atlético River Plate
Argentina,36836,Santiago Simón,Matías Viña,34476,Club Atlético River Plate
Argentina,36836,Santiago Simón,Valentín Lucero,558441,Club Atlético River Plate
Argentina,36836,Santiago Simón,Kendry Páez,384888,Club Atlético River Plate
Argentina,36836,Santiago Simón,Fausto Vera,30804,Club Atlético River Plate
Argentina,36836,Santiago Simón,Ulises Giménez,416531,Club Atlético River Plate
Argentina,36836,Santiago Simón,Lautaro Pereyra,550502,Club Atlético River Plate
Argentina,36836,Santiago Simón,Mauro Arambarri,6863,Club Atlético River Plate
Argentina,36836,Santiago Simón,Agustín Ruberto,416518,Club Atlético River Plate
Argentina,36836,Santiago Simón,Thiago Almada,28637,Club Atlético River Plate
Argentina,36836,Santiago Simón,Ángel Correa,6377,Club Atlético River Plate
Argentina,36836,Santiago Simón,Giovanni González,36295,Club Atlético River Plate
Argentina,36836,Santiago Simón,Cristian Jaime,528375,Club Atlético River Plate
Argentina,36836,Santiago Simón,Joaquín Freitas,532918,Club Atlético River Plate
Argentina,36836,Santiago Simón,Francisco Ortega,30399,Club Atlético River Plate
Argentina,36836,Santiago Simón,Aníbal Moreno,31990,Club Atlético River Plate
Argentina,38610,Santiago Arzamendia Duarte,Eros Mancuso,114013,Estudiantes de La Plata
Argentina,38610,Santiago Arzamendia Duarte,Fabricio Iacovich,249330,Estudiantes de La Plata
Argentina,38610,Santiago Arzamendia Duarte,Valente Pierani,416530,Estudiantes de La Plata
Argentina,38610,Santiago Arzamendia Duarte,Adolfo Gaich,28111,Estudiantes de La Plata
Argentina,38610,Santiago Arzamendia Duarte,Baltasar Rodríguez,245595,Estudiantes de La Plata
Argentina,38610,Santiago Arzamendia Duarte,Franco Ariel Domínguez Ávila,485824,Estudiantes de La Plata
Argentina,38610,Santiago Arzamendia Duarte,Tomás Palacios,215545,Estudiantes de La Plata
Argentina,38610,Santiago Arzamendia Duarte,Fabricio Pérez,443545,Estudiantes de La Plata
Argentina,38610,Santiago Arzamendia Duarte,Joaquín Correa,6822,Estudiantes de La Plata
Argentina,38610,Santiago Arzamendia Duarte,Fernando Muslera,5267,Estudiantes de La Plata
Argentina,38610,Santiago Arzamendia Duarte,Joaquín Pereyra,437987,Estudiantes de La Plata
Argentina,40836,Joaquín Gho,Diego Churín,52055,CA Sarmiento
Argentina,40836,Joaquín Gho,Thiago Santamaría,423735,CA Sarmiento
Argentina,40836,Joaquín Gho,Jhon Rentería,473646,CA Sarmiento
Argentina,40836,Joaquín Gho,Gastón Arturia,424466,CA Sarmiento
Argentina,40836,Joaquín Gho,Juan Cabrera,112693,CA Sarmiento
Argentina,40836,Joaquín Gho,Ulises Delgado,541265,CA Sarmiento
Argentina,40836,Joaquín Gho,Iván Arboleda,32829,CA Sarmiento
Argentina,40836,Joaquín Gho,Junior Marabel,87521,CA Sarmiento
Argentina,40836,Joaquín Gho,Lucas Suárez,88056,CA Sarmiento
Argentina,40836,Joaquín Gho,Facundo Alaggia,542089,CA Sarmiento
Argentina,40836,Joaquín Gho,Agustín Seyral,432483,CA Sarmiento
Argentina,40836,Joaquín Gho,Nicolás Pasquini,28259,CA Sarmiento
Argentina,40836,Joaquín Gho,Thyago Ayala,401163,CA Sarmiento
Argentina,40836,Joaquín Gho,Cristian Zabala,196879,CA Sarmiento
Argentina,40836,Joaquín Gho,Ulises Giménez,416531,CA Sarmiento
Argentina,40836,Joaquín Gho,Manuel Mónaco,263590,CA Sarmiento
Argentina,40836,Joaquín Gho,Javier Burrai,36557,CA Sarmiento
Argentina,40836,Joaquín Gho,Agustín Nadruz,44497,CA Sarmiento
Argentina,40836,Joaquín Gho,Brandon Márquez,434159,CA Sarmiento
Argentina,40836,Joaquín Gho,Yair Arismendi,95194,CA Sarmiento
Argentina,40836,Joaquín Gho,Alexis Jonathan González,445270,CA Sarmiento
Argentina,42549,Ramiro Sebastián Di Luciano,Lisandro Piñero,441299,CA Banfield
Argentina,42549,Ramiro Sebastián Di Luciano,Favio Álvarez,25001,CA Banfield
Argentina,42549,Ramiro Sebastián Di Luciano,Alexander Machado,43832,CA Banfield
Argentina,42549,Ramiro Sebastián Di Luciano,Thomas Rodríguez,35756,CA Banfield
Argentina,42549,Ramiro Sebastián Di Luciano,Matías Hernández,262949,CA Banfield
Argentina,42549,Ramiro Sebastián Di Luciano,Ignacio Pais,103984,CA Banfield
Argentina,42549,Ramiro Sebastián Di Luciano,Diego Rodríguez,28882,CA Banfield
Argentina,42549,Ramiro Sebastián Di Luciano,Renzo Mariano Malanca,197105,CA Banfield
Argentina,42549,Ramiro Sebastián Di Luciano,Lucas Palavecino,340191,CA Banfield
Argentina,42549,Ramiro Sebastián Di Luciano,Lautaro Gómez,433256,CA Banfield
Argentina,42549,Ramiro Sebastián Di Luciano,Facundo Sanguinetti,94960,CA Banfield
Argentina,42549,Ramiro Sebastián Di Luciano,Jeremías Acosta,567042,CA Banfield
Argentina,42549,Ramiro Sebastián Di Luciano,David Zalazar,196869,CA Banfield
Argentina,42549,Ramiro Sebastián Di Luciano,Lautaro Cano,516871,CA Banfield
Argentina,42549,Ramiro Sebastián Di Luciano,Lautaro Villegas,108747,CA Banfield
Argentina,42549,Ramiro Sebastián Di Luciano,Nicolás Colazo,31996,CA Banfield
Argentina,42549,Ramiro Sebastián Di Luciano,Tiziano Perrotta,482999,CA Banfield
Argentina,42549,Ramiro Sebastián Di Luciano,Juan Luis Alfaro,418752,CA Banfield
Argentina,42549,Ramiro Sebastián Di Luciano,Brandon Zacarias Oviedo,449880,CA Banfield
Argentina,42549,Ramiro Sebastián Di Luciano,Danilo Arboleda,29090,CA Banfield
Argentina,42549,Ramiro Sebastián Di Luciano,Gino Santilli,108739,CA Banfield
Argentina,42549,Ramiro Sebastián Di Luciano,Neyder Moreno,27505,CA Banfield
Argentina,42549,Ramiro Sebastián Di Luciano,S.Daniele,437536,CA Banfield
Argentina,42549,Ramiro Sebastián Di Luciano,Marcos López,542090,CA Banfield
Argentina,42549,Ramiro Sebastián Di Luciano,Federico Medina,423836,CA Banfield
Argentina,58752,Franco Pedro Baldassarra,Juan Gauto,68497,CA Platense
Argentina,58752,Franco Pedro Baldassarra,Mauro Luna Diale,36757,CA Platense
Argentina,58752,Franco Pedro Baldassarra,Manuel Tucker,418350,CA Platense
Argentina,58752,Franco Pedro Baldassarra,Gonzalo Lencina,364860,CA Platense
Argentina,58752,Franco Pedro Baldassarra,Mateo Mendia,408568,CA Platense
Argentina,58752,Franco Pedro Baldassarra,Eugenio Raggio,463927,CA Platense
Argentina,58752,Franco Pedro Baldassarra,Matías Borgogno,52240,CA Platense
Argentina,58752,Franco Pedro Baldassarra,Santiago Dalmasso,437604,CA Platense
Argentina,58752,Franco Pedro Baldassarra,Nicolás López,25126,CA Platense
Argentina,58752,Franco Pedro Baldassarra,Pablo Ferreira,425004,CA Platense
Argentina,58752,Franco Pedro Baldassarra,Felipe Bussio,437993,CA Platense
Argentina,58752,Franco Pedro Baldassarra,Celías Adán Ingenthron,482907,CA Platense
Argentina,58752,Franco Pedro Baldassarra,Franco Minerva,433700,CA Platense
Argentina,58752,Franco Pedro Baldassarra,Héctor Bobadilla,135943,CA Platense
Argentina,58752,Franco Pedro Baldassarra,Juan Cozzani,423573,CA Platense
Argentina,58752,Franco Pedro Baldassarra,B.Bosch,439830,CA Platense
Argentina,58774,Ignacio Schor,Juan Gauto,68497,CA Platense
Argentina,58774,Ignacio Schor,Mauro Luna Diale,36757,CA Platense
Argentina,58774,Ignacio Schor,Manuel Tucker,418350,CA Platense
Argentina,58774,Ignacio Schor,Gonzalo Lencina,364860,CA Platense
Argentina,58774,Ignacio Schor,Mateo Mendia,408568,CA Platense
Argentina,58774,Ignacio Schor,Eugenio Raggio,463927,CA Platense
Argentina,58774,Ignacio Schor,Matías Borgogno,52240,CA Platense
Argentina,58774,Ignacio Schor,Santiago Dalmasso,437604,CA Platense
Argentina,58774,Ignacio Schor,Nicolás López,25126,CA Platense
Argentina,58774,Ignacio Schor,Pablo Ferreira,425004,CA Platense
Argentina,58774,Ignacio Schor,Felipe Bussio,437993,CA Platense
Argentina,58774,Ignacio Schor,Celías Adán Ingenthron,482907,CA Platense
Argentina,58774,Ignacio Schor,Franco Minerva,433700,CA Platense
Argentina,58774,Ignacio Schor,Héctor Bobadilla,135943,CA Platense
Argentina,58774,Ignacio Schor,Juan Cozzani,423573,CA Platense
Argentina,58774,Ignacio Schor,B.Bosch,439830,CA Platense
Argentina,60559,Vicente Taborda,Juan Gauto,68497,CA Platense
Argentina,60559,Vicente Taborda,Mauro Luna Diale,36757,CA Platense
Argentina,60559,Vicente Taborda,Manuel Tucker,418350,CA Platense
Argentina,60559,Vicente Taborda,Gonzalo Lencina,364860,CA Platense
Argentina,60559,Vicente Taborda,Mateo Mendia,408568,CA Platense
Argentina,60559,Vicente Taborda,Eugenio Raggio,463927,CA Platense
Argentina,60559,Vicente Taborda,Matías Borgogno,52240,CA Platense
Argentina,60559,Vicente Taborda,Santiago Dalmasso,437604,CA Platense
Argentina,60559,Vicente Taborda,Nicolás López,25126,CA Platense
Argentina,60559,Vicente Taborda,Pablo Ferreira,425004,CA Platense
Argentina,60559,Vicente Taborda,Felipe Bussio,437993,CA Platense
Argentina,60559,Vicente Taborda,Celías Adán Ingenthron,482907,CA Platense
Argentina,60559,Vicente Taborda,Franco Minerva,433700,CA Platense
Argentina,60559,Vicente Taborda,Héctor Bobadilla,135943,CA Platense
Argentina,60559,Vicente Taborda,Juan Cozzani,423573,CA Platense
Argentina,60559,Vicente Taborda,B.Bosch,439830,CA Platense
Argentina,117896,Alexis Castillo Manyoma,Eros Mancuso,114013,Estudiantes de La Plata
Argentina,117896,Alexis Castillo Manyoma,Fabricio Iacovich,249330,Estudiantes de La Plata
Argentina,117896,Alexis Castillo Manyoma,Valente Pierani,416530,Estudiantes de La Plata
Argentina,117896,Alexis Castillo Manyoma,Adolfo Gaich,28111,Estudiantes de La Plata
Argentina,117896,Alexis Castillo Manyoma,Baltasar Rodríguez,245595,Estudiantes de La Plata
Argentina,117896,Alexis Castillo Manyoma,Franco Ariel Domínguez Ávila,485824,Estudiantes de La Plata
Argentina,117896,Alexis Castillo Manyoma,Tomás Palacios,215545,Estudiantes de La Plata
Argentina,117896,Alexis Castillo Manyoma,Fabricio Pérez,443545,Estudiantes de La Plata
Argentina,117896,Alexis Castillo Manyoma,Joaquín Correa,6822,Estudiantes de La Plata
Argentina,117896,Alexis Castillo Manyoma,Fernando Muslera,5267,Estudiantes de La Plata
Argentina,117896,Alexis Castillo Manyoma,Joaquín Pereyra,437987,Estudiantes de La Plata
Argentina,165543,José María Herrera,Ryoga Kida,279377,Asociación Atlética Argentinos Juniors
Argentina,165543,José María Herrera,Gabriel Florentín,29549,Asociación Atlética Argentinos Juniors
Argentina,165543,José María Herrera,Alan Alcaraz,550460,Asociación Atlética Argentinos Juniors
Argentina,165543,José María Herrera,Claudio Bravo,29058,Asociación Atlética Argentinos Juniors
Argentina,165543,José María Herrera,Kevin Coronel,414806,Asociación Atlética Argentinos Juniors
Argentina,165543,José María Herrera,Brayan Cortés,35941,Asociación Atlética Argentinos Juniors
Argentina,165543,José María Herrera,Leandro Lozano,44484,Asociación Atlética Argentinos Juniors
Argentina,165543,José María Herrera,Facundo Jainikoski,530689,Asociación Atlética Argentinos Juniors
Argentina,165543,José María Herrera,Thiago Gómez,568165,Asociación Atlética Argentinos Juniors
Argentina,165543,José María Herrera,Gino Infantino,51997,Asociación Atlética Argentinos Juniors
Argentina,165543,José María Herrera,Facundo Carrizo,531587,Asociación Atlética Argentinos Juniors
Argentina,165543,José María Herrera,F.Vázquez,433825,Asociación Atlética Argentinos Juniors
Argentina,165543,José María Herrera,Lucas Gómez,423736,Asociación Atlética Argentinos Juniors
Argentina,165543,José María Herrera,Santino Gianini,553986,Asociación Atlética Argentinos Juniors
Argentina,165543,José María Herrera,Tobías Ramírez,416529,Asociación Atlética Argentinos Juniors
Argentina,179955,Christian Nahuel Ordoñez,Lautaro Piola,567025,Club Atlético Vélez Sarsfield
Argentina,179955,Christian Nahuel Ordoñez,Juan Policella,550461,Club Atlético Vélez Sarsfield
Argentina,179955,Christian Nahuel Ordoñez,Thiago Aguirre,555176,Club Atlético Vélez Sarsfield
Argentina,179955,Christian Nahuel Ordoñez,Luca Feler,546272,Club Atlético Vélez Sarsfield
Argentina,179955,Christian Nahuel Ordoñez,Tomás Marchiori,51899,Club Atlético Vélez Sarsfield
Argentina,179955,Christian Nahuel Ordoñez,Matías Arias,482978,Club Atlético Vélez Sarsfield
Argentina,179955,Christian Nahuel Ordoñez,Florián Monzón,54781,Club Atlético Vélez Sarsfield
Argentina,179955,Christian Nahuel Ordoñez,Lucas Robertone,28666,Club Atlético Vélez Sarsfield
Argentina,179955,Christian Nahuel Ordoñez,Simón Escobar,530684,Club Atlético Vélez Sarsfield
Argentina,179955,Christian Nahuel Ordoñez,Thiago Silvero,437996,Club Atlético Vélez Sarsfield
Argentina,179955,Christian Nahuel Ordoñez,Joaquín García,102718,Club Atlético Vélez Sarsfield
Argentina,179955,Christian Nahuel Ordoñez,Álex Verón,479312,Club Atlético Vélez Sarsfield
Argentina,179955,Christian Nahuel Ordoñez,Tobías Andrada,478086,Club Atlético Vélez Sarsfield
Argentina,244189,Juan Sebastián Boselli Graf,Eros Mancuso,114013,Estudiantes de La Plata
Argentina,244189,Juan Sebastián Boselli Graf,Fabricio Iacovich,249330,Estudiantes de La Plata
Argentina,244189,Juan Sebastián Boselli Graf,Valente Pierani,416530,Estudiantes de La Plata
Argentina,244189,Juan Sebastián Boselli Graf,Adolfo Gaich,28111,Estudiantes de La Plata
Argentina,244189,Juan Sebastián Boselli Graf,Baltasar Rodríguez,245595,Estudiantes de La Plata
Argentina,244189,Juan Sebastián Boselli Graf,Franco Ariel Domínguez Ávila,485824,Estudiantes de La Plata
Argentina,244189,Juan Sebastián Boselli Graf,Tomás Palacios,215545,Estudiantes de La Plata
Argentina,244189,Juan Sebastián Boselli Graf,Fabricio Pérez,443545,Estudiantes de La Plata
Argentina,244189,Juan Sebastián Boselli Graf,Joaquín Correa,6822,Estudiantes de La Plata
Argentina,244189,Juan Sebastián Boselli Graf,Fernando Muslera,5267,Estudiantes de La Plata
Argentina,244189,Juan Sebastián Boselli Graf,Joaquín Pereyra,437987,Estudiantes de La Plata
Argentina,539832,Santiago Morales,Diego Churín,52055,CA Sarmiento
Argentina,539832,Santiago Morales,Thiago Santamaría,423735,CA Sarmiento
Argentina,539832,Santiago Morales,Jhon Rentería,473646,CA Sarmiento
Argentina,539832,Santiago Morales,Gastón Arturia,424466,CA Sarmiento
Argentina,539832,Santiago Morales,Juan Cabrera,112693,CA Sarmiento
Argentina,539832,Santiago Morales,Ulises Delgado,541265,CA Sarmiento
Argentina,539832,Santiago Morales,Iván Arboleda,32829,CA Sarmiento
Argentina,539832,Santiago Morales,Junior Marabel,87521,CA Sarmiento
Argentina,539832,Santiago Morales,Lucas Suárez,88056,CA Sarmiento
Argentina,539832,Santiago Morales,Facundo Alaggia,542089,CA Sarmiento
Argentina,539832,Santiago Morales,Agustín Seyral,432483,CA Sarmiento
Argentina,539832,Santiago Morales,Nicolás Pasquini,28259,CA Sarmiento
Argentina,539832,Santiago Morales,Thyago Ayala,401163,CA Sarmiento
Argentina,539832,Santiago Morales,Cristian Zabala,196879,CA Sarmiento
Argentina,539832,Santiago Morales,Ulises Giménez,416531,CA Sarmiento
Argentina,539832,Santiago Morales,Manuel Mónaco,263590,CA Sarmiento
Argentina,539832,Santiago Morales,Javier Burrai,36557,CA Sarmiento
Argentina,539832,Santiago Morales,Agustín Nadruz,44497,CA Sarmiento
Argentina,539832,Santiago Morales,Brandon Márquez,434159,CA Sarmiento
Argentina,539832,Santiago Morales,Yair Arismendi,95194,CA Sarmiento
Argentina,539832,Santiago Morales,Alexis Jonathan González,445270,CA Sarmiento
Argentina,539833,Mauro Martín Peinipil,Leonel Bucca,51912,CS Independiente Rivadavia
Argentina,539833,Mauro Martín Peinipil,Nicolas Bolcato,531637,CS Independiente Rivadavia
Argentina,539833,Mauro Martín Peinipil,Bautista Dadín,482906,CS Independiente Rivadavia
Argentina,539833,Mauro Martín Peinipil,Matías Salvo,553978,CS Independiente Rivadavia
Argentina,539833,Mauro Martín Peinipil,Emmanuel Gómez Riga,200016,CS Independiente Rivadavia
Argentina,539833,Mauro Martín Peinipil,Alessandro Riep,385843,CS Independiente Rivadavia
Argentina,539833,Mauro Martín Peinipil,Ramiro Macagno,51762,CS Independiente Rivadavia
Argentina,539833,Mauro Martín Peinipil,Luciano Sábato,541459,CS Independiente Rivadavia
Argentina,539833,Mauro Martín Peinipil,Juan Elordi,427493,CS Independiente Rivadavia
Argentina,539833,Mauro Martín Peinipil,Rodrigo Atencio,245629,CS Independiente Rivadavia
Argentina,539833,Mauro Martín Peinipil,Diego Crego,424475,CS Independiente Rivadavia
Argentina,540283,Agustín Nicolas Alaniz Sani,Lisandro Piñero,441299,CA Banfield
Argentina,540283,Agustín Nicolas Alaniz Sani,Favio Álvarez,25001,CA Banfield
Argentina,540283,Agustín Nicolas Alaniz Sani,Alexander Machado,43832,CA Banfield
Argentina,540283,Agustín Nicolas Alaniz Sani,Thomas Rodríguez,35756,CA Banfield
Argentina,540283,Agustín Nicolas Alaniz Sani,Matías Hernández,262949,CA Banfield
Argentina,540283,Agustín Nicolas Alaniz Sani,Ignacio Pais,103984,CA Banfield
Argentina,540283,Agustín Nicolas Alaniz Sani,Diego Rodríguez,28882,CA Banfield
Argentina,540283,Agustín Nicolas Alaniz Sani,Renzo Mariano Malanca,197105,CA Banfield
Argentina,540283,Agustín Nicolas Alaniz Sani,Lucas Palavecino,340191,CA Banfield
Argentina,540283,Agustín Nicolas Alaniz Sani,Lautaro Gómez,433256,CA Banfield
Argentina,540283,Agustín Nicolas Alaniz Sani,Facundo Sanguinetti,94960,CA Banfield
Argentina,540283,Agustín Nicolas Alaniz Sani,Jeremías Acosta,567042,CA Banfield
Argentina,540283,Agustín Nicolas Alaniz Sani,David Zalazar,196869,CA Banfield
Argentina,540283,Agustín Nicolas Alaniz Sani,Lautaro Cano,516871,CA Banfield
Argentina,540283,Agustín Nicolas Alaniz Sani,Lautaro Villegas,108747,CA Banfield
Argentina,540283,Agustín Nicolas Alaniz Sani,Nicolás Colazo,31996,CA Banfield
Argentina,540283,Agustín Nicolas Alaniz Sani,Tiziano Perrotta,482999,CA Banfield
Argentina,540283,Agustín Nicolas Alaniz Sani,Juan Luis Alfaro,418752,CA Banfield
Argentina,540283,Agustín Nicolas Alaniz Sani,Brandon Zacarias Oviedo,449880,CA Banfield
Argentina,540283,Agustín Nicolas Alaniz Sani,Danilo Arboleda,29090,CA Banfield
Argentina,540283,Agustín Nicolas Alaniz Sani,Gino Santilli,108739,CA Banfield
Argentina,540283,Agustín Nicolas Alaniz Sani,Neyder Moreno,27505,CA Banfield
Argentina,540283,Agustín Nicolas Alaniz Sani,S.Daniele,437536,CA Banfield
Argentina,540283,Agustín Nicolas Alaniz Sani,Marcos López,542090,CA Banfield
Argentina,540283,Agustín Nicolas Alaniz Sani,Federico Medina,423836,CA Banfield
Argentina,542832,Pedro Souto,Leonel Bucca,51912,CS Independiente Rivadavia
Argentina,542832,Pedro Souto,Nicolas Bolcato,531637,CS Independiente Rivadavia
Argentina,542832,Pedro Souto,Bautista Dadín,482906,CS Independiente Rivadavia
Argentina,542832,Pedro Souto,Matías Salvo,553978,CS Independiente Rivadavia
Argentina,542832,Pedro Souto,Emmanuel Gómez Riga,200016,CS Independiente Rivadavia
Argentina,542832,Pedro Souto,Alessandro Riep,385843,CS Independiente Rivadavia
Argentina,542832,Pedro Souto,Ramiro Macagno,51762,CS Independiente Rivadavia
Argentina,542832,Pedro Souto,Luciano Sábato,541459,CS Independiente Rivadavia
Argentina,542832,Pedro Souto,Juan Elordi,427493,CS Independiente Rivadavia
Argentina,542832,Pedro Souto,Rodrigo Atencio,245629,CS Independiente Rivadavia
Argentina,542832,Pedro Souto,Diego Crego,424475,CS Independiente Rivadavia
Argentina,586989,Paul Vicente Riveros Allende,Lisandro Piñero,441299,CA Banfield
Argentina,586989,Paul Vicente Riveros Allende,Favio Álvarez,25001,CA Banfield
Argentina,586989,Paul Vicente Riveros Allende,Alexander Machado,43832,CA Banfield
Argentina,586989,Paul Vicente Riveros Allende,Thomas Rodríguez,35756,CA Banfield
Argentina,586989,Paul Vicente Riveros Allende,Matías Hernández,262949,CA Banfield
Argentina,586989,Paul Vicente Riveros Allende,Ignacio Pais,103984,CA Banfield
Argentina,586989,Paul Vicente Riveros Allende,Diego Rodríguez,28882,CA Banfield
Argentina,586989,Paul Vicente Riveros Allende,Renzo Mariano Malanca,197105,CA Banfield
Argentina,586989,Paul Vicente Riveros Allende,Lucas Palavecino,340191,CA Banfield
Argentina,586989,Paul Vicente Riveros Allende,Lautaro Gómez,433256,CA Banfield
Argentina,586989,Paul Vicente Riveros Allende,Facundo Sanguinetti,94960,CA Banfield
Argentina,586989,Paul Vicente Riveros Allende,Jeremías Acosta,567042,CA Banfield
Argentina,586989,Paul Vicente Riveros Allende,David Zalazar,196869,CA Banfield
Argentina,586989,Paul Vicente Riveros Allende,Lautaro Cano,516871,CA Banfield
Argentina,586989,Paul Vicente Riveros Allende,Lautaro Villegas,108747,CA Banfield
Argentina,586989,Paul Vicente Riveros Allende,Nicolás Colazo,31996,CA Banfield
Argentina,586989,Paul Vicente Riveros Allende,Tiziano Perrotta,482999,CA Banfield
Argentina,586989,Paul Vicente Riveros Allende,Juan Luis Alfaro,418752,CA Banfield
Argentina,586989,Paul Vicente Riveros Allende,Brandon Zacarias Oviedo,449880,CA Banfield
Argentina,586989,Paul Vicente Riveros Allende,Danilo Arboleda,29090,CA Banfield
Argentina,586989,Paul Vicente Riveros Allende,Gino Santilli,108739,CA Banfield
Argentina,586989,Paul Vicente Riveros Allende,Neyder Moreno,27505,CA Banfield
Argentina,586989,Paul Vicente Riveros Allende,S.Daniele,437536,CA Banfield
Argentina,586989,Paul Vicente Riveros Allende,Marcos López,542090,CA Banfield
Argentina,586989,Paul Vicente Riveros Allende,Federico Medina,423836,CA Banfield
Argentina,676656,Luciano Geronimo  Rivera Flores,Lisandro Piñero,441299,CA Banfield
Argentina,676656,Luciano Geronimo  Rivera Flores,Favio Álvarez,25001,CA Banfield
Argentina,676656,Luciano Geronimo  Rivera Flores,Alexander Machado,43832,CA Banfield
Argentina,676656,Luciano Geronimo  Rivera Flores,Thomas Rodríguez,35756,CA Banfield
Argentina,676656,Luciano Geronimo  Rivera Flores,Matías Hernández,262949,CA Banfield
Argentina,676656,Luciano Geronimo  Rivera Flores,Ignacio Pais,103984,CA Banfield
Argentina,676656,Luciano Geronimo  Rivera Flores,Diego Rodríguez,28882,CA Banfield
Argentina,676656,Luciano Geronimo  Rivera Flores,Renzo Mariano Malanca,197105,CA Banfield
Argentina,676656,Luciano Geronimo  Rivera Flores,Lucas Palavecino,340191,CA Banfield
Argentina,676656,Luciano Geronimo  Rivera Flores,Lautaro Gómez,433256,CA Banfield
Argentina,676656,Luciano Geronimo  Rivera Flores,Facundo Sanguinetti,94960,CA Banfield
Argentina,676656,Luciano Geronimo  Rivera Flores,Jeremías Acosta,567042,CA Banfield
Argentina,676656,Luciano Geronimo  Rivera Flores,David Zalazar,196869,CA Banfield
Argentina,676656,Luciano Geronimo  Rivera Flores,Lautaro Cano,516871,CA Banfield
Argentina,676656,Luciano Geronimo  Rivera Flores,Lautaro Villegas,108747,CA Banfield
Argentina,676656,Luciano Geronimo  Rivera Flores,Nicolás Colazo,31996,CA Banfield
Argentina,676656,Luciano Geronimo  Rivera Flores,Tiziano Perrotta,482999,CA Banfield
Argentina,676656,Luciano Geronimo  Rivera Flores,Juan Luis Alfaro,418752,CA Banfield
Argentina,676656,Luciano Geronimo  Rivera Flores,Brandon Zacarias Oviedo,449880,CA Banfield
Argentina,676656,Luciano Geronimo  Rivera Flores,Danilo Arboleda,29090,CA Banfield
Argentina,676656,Luciano Geronimo  Rivera Flores,Gino Santilli,108739,CA Banfield
Argentina,676656,Luciano Geronimo  Rivera Flores,Neyder Moreno,27505,CA Banfield
Argentina,676656,Luciano Geronimo  Rivera Flores,S.Daniele,437536,CA Banfield
Argentina,676656,Luciano Geronimo  Rivera Flores,Marcos López,542090,CA Banfield
Argentina,676656,Luciano Geronimo  Rivera Flores,Federico Medina,423836,CA Banfield
Argentina,810451,Juan Martín Iribarren,Lisandro Piñero,441299,CA Banfield
Argentina,810451,Juan Martín Iribarren,Favio Álvarez,25001,CA Banfield
Argentina,810451,Juan Martín Iribarren,Alexander Machado,43832,CA Banfield
Argentina,810451,Juan Martín Iribarren,Thomas Rodríguez,35756,CA Banfield
Argentina,810451,Juan Martín Iribarren,Matías Hernández,262949,CA Banfield
Argentina,810451,Juan Martín Iribarren,Ignacio Pais,103984,CA Banfield
Argentina,810451,Juan Martín Iribarren,Diego Rodríguez,28882,CA Banfield
Argentina,810451,Juan Martín Iribarren,Renzo Mariano Malanca,197105,CA Banfield
Argentina,810451,Juan Martín Iribarren,Lucas Palavecino,340191,CA Banfield
Argentina,810451,Juan Martín Iribarren,Lautaro Gómez,433256,CA Banfield
Argentina,810451,Juan Martín Iribarren,Facundo Sanguinetti,94960,CA Banfield
Argentina,810451,Juan Martín Iribarren,Jeremías Acosta,567042,CA Banfield
Argentina,810451,Juan Martín Iribarren,David Zalazar,196869,CA Banfield
Argentina,810451,Juan Martín Iribarren,Lautaro Cano,516871,CA Banfield
Argentina,810451,Juan Martín Iribarren,Lautaro Villegas,108747,CA Banfield
Argentina,810451,Juan Martín Iribarren,Nicolás Colazo,31996,CA Banfield
Argentina,810451,Juan Martín Iribarren,Tiziano Perrotta,482999,CA Banfield
Argentina,810451,Juan Martín Iribarren,Juan Luis Alfaro,418752,CA Banfield
Argentina,810451,Juan Martín Iribarren,Brandon Zacarias Oviedo,449880,CA Banfield
Argentina,810451,Juan Martín Iribarren,Danilo Arboleda,29090,CA Banfield
Argentina,810451,Juan Martín Iribarren,Gino Santilli,108739,CA Banfield
Argentina,810451,Juan Martín Iribarren,Neyder Moreno,27505,CA Banfield
Argentina,810451,Juan Martín Iribarren,S.Daniele,437536,CA Banfield
Argentina,810451,Juan Martín Iribarren,Marcos López,542090,CA Banfield
Argentina,810451,Juan Martín Iribarren,Federico Medina,423836,CA Banfield
Argentina,812900,Román Agustín Gómez,Eros Mancuso,114013,Estudiantes de La Plata
Argentina,812900,Román Agustín Gómez,Fabricio Iacovich,249330,Estudiantes de La Plata
Argentina,812900,Román Agustín Gómez,Valente Pierani,416530,Estudiantes de La Plata
Argentina,812900,Román Agustín Gómez,Adolfo Gaich,28111,Estudiantes de La Plata
Argentina,812900,Román Agustín Gómez,Baltasar Rodríguez,245595,Estudiantes de La Plata
Argentina,812900,Román Agustín Gómez,Franco Ariel Domínguez Ávila,485824,Estudiantes de La Plata
Argentina,812900,Román Agustín Gómez,Tomás Palacios,215545,Estudiantes de La Plata
Argentina,812900,Román Agustín Gómez,Fabricio Pérez,443545,Estudiantes de La Plata
Argentina,812900,Román Agustín Gómez,Joaquín Correa,6822,Estudiantes de La Plata
Argentina,812900,Román Agustín Gómez,Fernando Muslera,5267,Estudiantes de La Plata
Argentina,812900,Román Agustín Gómez,Joaquín Pereyra,437987,Estudiantes de La Plata
Argentina,835349,Joel Godoy,Diego Churín,52055,CA Sarmiento
Argentina,835349,Joel Godoy,Thiago Santamaría,423735,CA Sarmiento
Argentina,835349,Joel Godoy,Jhon Rentería,473646,CA Sarmiento
Argentina,835349,Joel Godoy,Gastón Arturia,424466,CA Sarmiento
Argentina,835349,Joel Godoy,Juan Cabrera,112693,CA Sarmiento
Argentina,835349,Joel Godoy,Ulises Delgado,541265,CA Sarmiento
Argentina,835349,Joel Godoy,Iván Arboleda,32829,CA Sarmiento
Argentina,835349,Joel Godoy,Junior Marabel,87521,CA Sarmiento
Argentina,835349,Joel Godoy,Lucas Suárez,88056,CA Sarmiento
Argentina,835349,Joel Godoy,Facundo Alaggia,542089,CA Sarmiento
Argentina,835349,Joel Godoy,Agustín Seyral,432483,CA Sarmiento
Argentina,835349,Joel Godoy,Nicolás Pasquini,28259,CA Sarmiento
Argentina,835349,Joel Godoy,Thyago Ayala,401163,CA Sarmiento
Argentina,835349,Joel Godoy,Cristian Zabala,196879,CA Sarmiento
Argentina,835349,Joel Godoy,Ulises Giménez,416531,CA Sarmiento
Argentina,835349,Joel Godoy,Manuel Mónaco,263590,CA Sarmiento
Argentina,835349,Joel Godoy,Javier Burrai,36557,CA Sarmiento
Argentina,835349,Joel Godoy,Agustín Nadruz,44497,CA Sarmiento
Argentina,835349,Joel Godoy,Brandon Márquez,434159,CA Sarmiento
Argentina,835349,Joel Godoy,Yair Arismendi,95194,CA Sarmiento
Argentina,835349,Joel Godoy,Alexis Jonathan González,445270,CA Sarmiento
Brasil – Série A,3106,Enner Remberto Valencia Lastra,Benjamin Arhin,483102,SC Internacional
Brasil – Série A,3106,Enner Remberto Valencia Lastra,Anthoni,122909,SC Internacional
Brasil – Série A,3106,Enner Remberto Valencia Lastra,Alerrandro,25434,SC Internacional
Brasil – Série A,3106,Enner Remberto Valencia Lastra,João Bezerra,485407,SC Internacional
Brasil – Série A,3106,Enner Remberto Valencia Lastra,Calebe,44834,SC Internacional
Brasil – Série A,3106,Enner Remberto Valencia Lastra,Niclas Eliasson,9597,SC Internacional
Brasil – Série A,3106,Enner Remberto Valencia Lastra,Sergio Rochet,36710,SC Internacional
Brasil – Série A,3106,Enner Remberto Valencia Lastra,Antonio Sanabria,6880,SC Internacional
Brasil – Série A,3106,Enner Remberto Valencia Lastra,Allex,438338,SC Internacional
Brasil – Série A,3106,Enner Remberto Valencia Lastra,Guillermo Maripán,6855,SC Internacional
Brasil – Série A,3106,Enner Remberto Valencia Lastra,Matheus Cunha,171083,SC Internacional
Brasil – Série A,3106,Enner Remberto Valencia Lastra,Paulinho Paula,32126,SC Internacional
Brasil – Série A,3106,Enner Remberto Valencia Lastra,Bruno Tabata,11190,SC Internacional
Brasil – Série A,3106,Enner Remberto Valencia Lastra,Luiz Felipe,476391,SC Internacional
Brasil – Série A,3106,Enner Remberto Valencia Lastra,Rodrigo Villagra,33196,SC Internacional
Brasil – Série A,3106,Enner Remberto Valencia Lastra,Raykkonen,474977,SC Internacional
Brasil – Série A,4118,Guilherme Costa Marques,Thomazella,364769,Mirassol Futebol Clube
Brasil – Série A,4118,Guilherme Costa Marques,André Luis,18541,Mirassol Futebol Clube
Brasil – Série A,4118,Guilherme Costa Marques,Yuri Lara,232877,Mirassol Futebol Clube
Brasil – Série A,4118,Guilherme Costa Marques,Everton Galdino,189090,Mirassol Futebol Clube
Brasil – Série A,4118,Guilherme Costa Marques,Negueba,374158,Mirassol Futebol Clube
Brasil – Série A,4118,Guilherme Costa Marques,Carlos Eduardo,27046,Mirassol Futebol Clube
Brasil – Série A,4118,Guilherme Costa Marques,Edson Carioca,269841,Mirassol Futebol Clube
Brasil – Série A,4118,Guilherme Costa Marques,Lucas Oliveira,44576,Mirassol Futebol Clube
Brasil – Série A,4118,Guilherme Costa Marques,Bruno Santos,235298,Mirassol Futebol Clube
Brasil – Série A,4118,Guilherme Costa Marques,Shaylon,25724,Mirassol Futebol Clube
Brasil – Série A,4118,Guilherme Costa Marques,Victor Luis,29257,Mirassol Futebol Clube
Brasil – Série A,4118,Guilherme Costa Marques,Gustavo Cazonatti,189091,Mirassol Futebol Clube
Brasil – Série A,4118,Guilherme Costa Marques,Wallisson,199456,Mirassol Futebol Clube
Brasil – Série A,4118,Guilherme Costa Marques,Gabriel Pires,6597,Mirassol Futebol Clube
Brasil – Série A,4118,Guilherme Costa Marques,Gabriel Knesowitsch,345426,Mirassol Futebol Clube
Brasil – Série A,4118,Guilherme Costa Marques,Renato Marques,271468,Mirassol Futebol Clube
Brasil – Série A,4118,Guilherme Costa Marques,Uiliam Fogaça,44553,Mirassol Futebol Clube
Brasil – Série A,4118,Guilherme Costa Marques,Denilson,292259,Mirassol Futebol Clube
Brasil – Série A,4118,Guilherme Costa Marques,Japa,375740,Mirassol Futebol Clube
Brasil – Série A,4118,Guilherme Costa Marques,Fernandinho,122881,Mirassol Futebol Clube
Brasil – Série A,4118,Guilherme Costa Marques,Luizão,113567,Mirassol Futebol Clube
Brasil – Série A,4118,Guilherme Costa Marques,Walter,25503,Mirassol Futebol Clube
Brasil – Série A,4118,Guilherme Costa Marques,Igor Formiga,46380,Mirassol Futebol Clube
Brasil – Série A,4118,Guilherme Costa Marques,Elias,45659,Mirassol Futebol Clube
Brasil – Série A,4901,Jemerson de Jesus Nascimento,Thiago Beltrame,271557,Grêmio FB Porto Alegrense
Brasil – Série A,4901,Jemerson de Jesus Nascimento,Jovane Cabral,10598,Grêmio FB Porto Alegrense
Brasil – Série A,4901,Jemerson de Jesus Nascimento,Pedro Gabriel,462164,Grêmio FB Porto Alegrense
Brasil – Série A,4901,Jemerson de Jesus Nascimento,Tete,32900,Grêmio FB Porto Alegrense
Brasil – Série A,4901,Jemerson de Jesus Nascimento,José Enamorado,35046,Grêmio FB Porto Alegrense
Brasil – Série A,4901,Jemerson de Jesus Nascimento,Danilo Barbosa,10037,Grêmio FB Porto Alegrense
Brasil – Série A,4901,Jemerson de Jesus Nascimento,Gabriel Grando,112991,Grêmio FB Porto Alegrense
Brasil – Série A,4901,Jemerson de Jesus Nascimento,Filip Krovinovic,14535,Grêmio FB Porto Alegrense
Brasil – Série A,4901,Jemerson de Jesus Nascimento,Juan Nardoni,31117,Grêmio FB Porto Alegrense
Brasil – Série A,4901,Jemerson de Jesus Nascimento,Leonel Pérez,402166,Grêmio FB Porto Alegrense
Brasil – Série A,4901,Jemerson de Jesus Nascimento,Wéverton,25101,Grêmio FB Porto Alegrense
Brasil – Série A,4901,Jemerson de Jesus Nascimento,Gabriel Otavio Menegon,480115,Grêmio FB Porto Alegrense
Brasil – Série A,4901,Jemerson de Jesus Nascimento,Tiaguinho,451600,Grêmio FB Porto Alegrense
Brasil – Série A,4901,Jemerson de Jesus Nascimento,Jefinho,432121,Grêmio FB Porto Alegrense
Brasil – Série A,4901,Jemerson de Jesus Nascimento,Wallace dos Santos,435304,Grêmio FB Porto Alegrense
Brasil – Série A,4901,Jemerson de Jesus Nascimento,Fabián Balbuena,10290,Grêmio FB Porto Alegrense
Brasil – Série A,4901,Jemerson de Jesus Nascimento,Gabriel Mec,459703,Grêmio FB Porto Alegrense
Brasil – Série A,4901,Jemerson de Jesus Nascimento,Willian,3472,Grêmio FB Porto Alegrense
Brasil – Série A,4901,Jemerson de Jesus Nascimento,Viery,399440,Grêmio FB Porto Alegrense
Brasil – Série A,4901,Jemerson de Jesus Nascimento,Roger,510280,Grêmio FB Porto Alegrense
Brasil – Série A,4901,Jemerson de Jesus Nascimento,Luis Eduardo,459706,Grêmio FB Porto Alegrense
Brasil – Série A,4901,Jemerson de Jesus Nascimento,Miguel Monsalve,48796,Grêmio FB Porto Alegrense
Brasil – Série A,4901,Jemerson de Jesus Nascimento,Vitor Oliveira,471916,Grêmio FB Porto Alegrense
Brasil – Série A,4901,Jemerson de Jesus Nascimento,Bernardo Zortea,432117,Grêmio FB Porto Alegrense
Brasil – Série A,4901,Jemerson de Jesus Nascimento,Diego Caito,431520,Grêmio FB Porto Alegrense
Brasil – Série A,9563,Santiago Arias Naranjo,Kanu,30071,Esporte Clube Bahia
Brasil – Série A,9563,Santiago Arias Naranjo,Caio Suassuna,436013,Esporte Clube Bahia
Brasil – Série A,9563,Santiago Arias Naranjo,Kauê Furquim,478476,Esporte Clube Bahia
Brasil – Série A,9563,Santiago Arias Naranjo,Román Gómez,427206,Esporte Clube Bahia
Brasil – Série A,9563,Santiago Arias Naranjo,Ruan Pablo Barbosa Sousa,438228,Esporte Clube Bahia
Brasil – Série A,9563,Santiago Arias Naranjo,Zé Guilherme,392245,Esporte Clube Bahia
Brasil – Série A,9563,Santiago Arias Naranjo,Ronaldo,126653,Esporte Clube Bahia
Brasil – Série A,9563,Santiago Arias Naranjo,David Martins,431642,Esporte Clube Bahia
Brasil – Série A,9563,Santiago Arias Naranjo,Alejo Veliz,112971,Esporte Clube Bahia
Brasil – Série A,9563,Santiago Arias Naranjo,Dell,462833,Esporte Clube Bahia
Brasil – Série A,9563,Santiago Arias Naranjo,Luciano Juba,44131,Esporte Clube Bahia
Brasil – Série A,9563,Santiago Arias Naranjo,Léo Vieira,31525,Esporte Clube Bahia
Brasil – Série A,9563,Santiago Arias Naranjo,Erick Pulga,392955,Esporte Clube Bahia
Brasil – Série A,13079,Renzo Saravia,Fred,9904,Clube Atlético Mineiro
Brasil – Série A,13079,Renzo Saravia,Renan Lodi,26532,Clube Atlético Mineiro
Brasil – Série A,13079,Renzo Saravia,Reinier,29650,Clube Atlético Mineiro
Brasil – Série A,13079,Renzo Saravia,Kauã Pascini,457466,Clube Atlético Mineiro
Brasil – Série A,13079,Renzo Saravia,Vitão,443523,Clube Atlético Mineiro
Brasil – Série A,13079,Renzo Saravia,Angelo Preciado,37737,Clube Atlético Mineiro
Brasil – Série A,13079,Renzo Saravia,Mamady Cissé,476810,Clube Atlético Mineiro
Brasil – Série A,13079,Renzo Saravia,Cauã Soares,457969,Clube Atlético Mineiro
Brasil – Série A,13079,Renzo Saravia,Éverson,25531,Clube Atlético Mineiro
Brasil – Série A,13079,Renzo Saravia,Tomás Pérez,400538,Clube Atlético Mineiro
Brasil – Série A,13079,Renzo Saravia,Kevin Castaño,60138,Clube Atlético Mineiro
Brasil – Série A,13079,Renzo Saravia,Mateo Cassierra,15457,Clube Atlético Mineiro
Brasil – Série A,13079,Renzo Saravia,Alan Steve Minda García,123625,Clube Atlético Mineiro
Brasil – Série A,13079,Renzo Saravia,Gabriel Delfim,188419,Clube Atlético Mineiro
Brasil – Série A,15719,Agustín Maximiliano Rogel Paita,Benjamin Arhin,483102,SC Internacional
Brasil – Série A,15719,Agustín Maximiliano Rogel Paita,Anthoni,122909,SC Internacional
Brasil – Série A,15719,Agustín Maximiliano Rogel Paita,Alerrandro,25434,SC Internacional
Brasil – Série A,15719,Agustín Maximiliano Rogel Paita,João Bezerra,485407,SC Internacional
Brasil – Série A,15719,Agustín Maximiliano Rogel Paita,Calebe,44834,SC Internacional
Brasil – Série A,15719,Agustín Maximiliano Rogel Paita,Niclas Eliasson,9597,SC Internacional
Brasil – Série A,15719,Agustín Maximiliano Rogel Paita,Sergio Rochet,36710,SC Internacional
Brasil – Série A,15719,Agustín Maximiliano Rogel Paita,Antonio Sanabria,6880,SC Internacional
Brasil – Série A,15719,Agustín Maximiliano Rogel Paita,Allex,438338,SC Internacional
Brasil – Série A,15719,Agustín Maximiliano Rogel Paita,Guillermo Maripán,6855,SC Internacional
Brasil – Série A,15719,Agustín Maximiliano Rogel Paita,Matheus Cunha,171083,SC Internacional
Brasil – Série A,15719,Agustín Maximiliano Rogel Paita,Paulinho Paula,32126,SC Internacional
Brasil – Série A,15719,Agustín Maximiliano Rogel Paita,Bruno Tabata,11190,SC Internacional
Brasil – Série A,15719,Agustín Maximiliano Rogel Paita,Luiz Felipe,476391,SC Internacional
Brasil – Série A,15719,Agustín Maximiliano Rogel Paita,Rodrigo Villagra,33196,SC Internacional
Brasil – Série A,15719,Agustín Maximiliano Rogel Paita,Raykkonen,474977,SC Internacional
Brasil – Série A,16005,Ricardo Ryller Ribeiro Lino Silva,Lawan,437607,EC Vitória
Brasil – Série A,16005,Ricardo Ryller Ribeiro Lino Silva,Diego Tarzia,423689,EC Vitória
Brasil – Série A,16005,Ricardo Ryller Ribeiro Lino Silva,Renê,425309,EC Vitória
Brasil – Série A,16005,Ricardo Ryller Ribeiro Lino Silva,Edenilson,444870,EC Vitória
Brasil – Série A,16005,Ricardo Ryller Ribeiro Lino Silva,Zé Marcos,32623,EC Vitória
Brasil – Série A,16005,Ricardo Ryller Ribeiro Lino Silva,Alex Bruno,374999,EC Vitória
Brasil – Série A,16005,Ricardo Ryller Ribeiro Lino Silva,Zé Vitor,430892,EC Vitória
Brasil – Série A,16005,Ricardo Ryller Ribeiro Lino Silva,Mateus Silva,234115,EC Vitória
Brasil – Série A,16005,Ricardo Ryller Ribeiro Lino Silva,Fabri,44542,EC Vitória
Brasil – Série A,16005,Ricardo Ryller Ribeiro Lino Silva,Dudu,400657,EC Vitória
Brasil – Série A,16005,Ricardo Ryller Ribeiro Lino Silva,Baralhas,51842,EC Vitória
Brasil – Série A,16005,Ricardo Ryller Ribeiro Lino Silva,Zé Breno,438224,EC Vitória
Brasil – Série A,16005,Ricardo Ryller Ribeiro Lino Silva,Lucas Silva,24772,EC Vitória
Brasil – Série A,16005,Ricardo Ryller Ribeiro Lino Silva,Riccieli,30078,EC Vitória
Brasil – Série A,16005,Ricardo Ryller Ribeiro Lino Silva,Walace,8315,EC Vitória
Brasil – Série A,16126,Kaio Fernando da Silva Pantaleão,Lucas Villalba,101034,Botafogo de Futebol e Regatas
Brasil – Série A,16126,Kaio Fernando da Silva Pantaleão,Caio Roque,133429,Botafogo de Futebol e Regatas
Brasil – Série A,16126,Kaio Fernando da Silva Pantaleão,Jhoan Hernández,395152,Botafogo de Futebol e Regatas
Brasil – Série A,16126,Kaio Fernando da Silva Pantaleão,Gabriel Batista,32907,Botafogo de Futebol e Regatas
Brasil – Série A,16126,Kaio Fernando da Silva Pantaleão,Junior Santos,25174,Botafogo de Futebol e Regatas
Brasil – Série A,16126,Kaio Fernando da Silva Pantaleão,Domingos Andrade,149577,Botafogo de Futebol e Regatas
Brasil – Série A,16126,Kaio Fernando da Silva Pantaleão,Kadir Barría,526307,Botafogo de Futebol e Regatas
Brasil – Série A,16126,Kaio Fernando da Silva Pantaleão,Nathan Fernandes,396261,Botafogo de Futebol e Regatas
Brasil – Série A,16126,Kaio Fernando da Silva Pantaleão,Lucas Nascimento,474921,Botafogo de Futebol e Regatas
Brasil – Série A,16126,Kaio Fernando da Silva Pantaleão,Bastos,8192,Botafogo de Futebol e Regatas
Brasil – Série A,16126,Kaio Fernando da Silva Pantaleão,Cristian Medina,54150,Botafogo de Futebol e Regatas
Brasil – Série A,16126,Kaio Fernando da Silva Pantaleão,Paulinho,26944,Botafogo de Futebol e Regatas
Brasil – Série A,16126,Kaio Fernando da Silva Pantaleão,Warleson,43703,Botafogo de Futebol e Regatas
Brasil – Série A,16126,Kaio Fernando da Silva Pantaleão,Huguinho,474385,Botafogo de Futebol e Regatas
Brasil – Série A,16126,Kaio Fernando da Silva Pantaleão,Kauan Toledo,446829,Botafogo de Futebol e Regatas
Brasil – Série A,16126,Kaio Fernando da Silva Pantaleão,Léo Linck,61312,Botafogo de Futebol e Regatas
Brasil – Série A,16126,Kaio Fernando da Silva Pantaleão,Marquinhos,474386,Botafogo de Futebol e Regatas
Brasil – Série A,16126,Kaio Fernando da Silva Pantaleão,Lucas Monzón,43859,Botafogo de Futebol e Regatas
Brasil – Série A,16126,Kaio Fernando da Silva Pantaleão,Danilo,46451,Botafogo de Futebol e Regatas
Brasil – Série A,16126,Kaio Fernando da Silva Pantaleão,Ythallo,272484,Botafogo de Futebol e Regatas
Brasil – Série A,16126,Kaio Fernando da Silva Pantaleão,Gabriel Justino,440194,Botafogo de Futebol e Regatas
Brasil – Série A,16126,Kaio Fernando da Silva Pantaleão,Jordan Barrera,395663,Botafogo de Futebol e Regatas
Brasil – Série A,16209,Bruno Vinícius Souza Ramos,Benjamin Arhin,483102,SC Internacional
Brasil – Série A,16209,Bruno Vinícius Souza Ramos,Anthoni,122909,SC Internacional
Brasil – Série A,16209,Bruno Vinícius Souza Ramos,Alerrandro,25434,SC Internacional
Brasil – Série A,16209,Bruno Vinícius Souza Ramos,João Bezerra,485407,SC Internacional
Brasil – Série A,16209,Bruno Vinícius Souza Ramos,Calebe,44834,SC Internacional
Brasil – Série A,16209,Bruno Vinícius Souza Ramos,Niclas Eliasson,9597,SC Internacional
Brasil – Série A,16209,Bruno Vinícius Souza Ramos,Sergio Rochet,36710,SC Internacional
Brasil – Série A,16209,Bruno Vinícius Souza Ramos,Antonio Sanabria,6880,SC Internacional
Brasil – Série A,16209,Bruno Vinícius Souza Ramos,Allex,438338,SC Internacional
Brasil – Série A,16209,Bruno Vinícius Souza Ramos,Guillermo Maripán,6855,SC Internacional
Brasil – Série A,16209,Bruno Vinícius Souza Ramos,Matheus Cunha,171083,SC Internacional
Brasil – Série A,16209,Bruno Vinícius Souza Ramos,Paulinho Paula,32126,SC Internacional
Brasil – Série A,16209,Bruno Vinícius Souza Ramos,Bruno Tabata,11190,SC Internacional
Brasil – Série A,16209,Bruno Vinícius Souza Ramos,Luiz Felipe,476391,SC Internacional
Brasil – Série A,16209,Bruno Vinícius Souza Ramos,Rodrigo Villagra,33196,SC Internacional
Brasil – Série A,16209,Bruno Vinícius Souza Ramos,Raykkonen,474977,SC Internacional
Brasil – Série A,18230,Ángel Rodrigo Romero Villamayor,Kaio César,297731,Sport Club Corinthians Paulista
Brasil – Série A,18230,Ángel Rodrigo Romero Villamayor,Matheuzinho,45675,Sport Club Corinthians Paulista
Brasil – Série A,18230,Ángel Rodrigo Romero Villamayor,Kayke,399983,Sport Club Corinthians Paulista
Brasil – Série A,18230,Ángel Rodrigo Romero Villamayor,Charles,44119,Sport Club Corinthians Paulista
Brasil – Série A,18230,Ángel Rodrigo Romero Villamayor,Gabriel Paulista,6746,Sport Club Corinthians Paulista
Brasil – Série A,18230,Ángel Rodrigo Romero Villamayor,Jesse Lingard,3293,Sport Club Corinthians Paulista
Brasil – Série A,18230,Ángel Rodrigo Romero Villamayor,Allan,17183,Sport Club Corinthians Paulista
Brasil – Série A,18230,Ángel Rodrigo Romero Villamayor,Zakaria Labyad,8471,Sport Club Corinthians Paulista
Brasil – Série A,18230,Ángel Rodrigo Romero Villamayor,Kauê,271904,Sport Club Corinthians Paulista
Brasil – Série A,18230,Ángel Rodrigo Romero Villamayor,Pedro Milans,337481,Sport Club Corinthians Paulista
Brasil – Série A,18230,Ángel Rodrigo Romero Villamayor,Dieguinho,473731,Sport Club Corinthians Paulista
Brasil – Série A,18230,Ángel Rodrigo Romero Villamayor,André,439651,Sport Club Corinthians Paulista
Brasil – Série A,18230,Ángel Rodrigo Romero Villamayor,Hugo Souza,46607,Sport Club Corinthians Paulista
Brasil – Série A,18230,Ángel Rodrigo Romero Villamayor,Vitinho,25140,Sport Club Corinthians Paulista
Brasil – Série A,22159,Emerson Aparecido Leite de Souza Júnior,Lucas Paquetá,22600,CR Flamengo
Brasil – Série A,22159,Emerson Aparecido Leite de Souza Júnior,Agustín Rossi,28503,CR Flamengo
Brasil – Série A,22159,Emerson Aparecido Leite de Souza Júnior,Emerson Royal,23522,CR Flamengo
Brasil – Série A,22159,Emerson Aparecido Leite de Souza Júnior,Wallace Yan,423545,CR Flamengo
Brasil – Série A,22159,Emerson Aparecido Leite de Souza Júnior,Caio Joshua,472244,CR Flamengo
Brasil – Série A,22159,Emerson Aparecido Leite de Souza Júnior,Lorran,408492,CR Flamengo
Brasil – Série A,22159,Emerson Aparecido Leite de Souza Júnior,Johnny Góes,459194,CR Flamengo
Brasil – Série A,22159,Emerson Aparecido Leite de Souza Júnior,João Souza,416467,CR Flamengo
Brasil – Série A,25185,Talles Magno Bacelar Martins,Kaio César,297731,Sport Club Corinthians Paulista
Brasil – Série A,25185,Talles Magno Bacelar Martins,Matheuzinho,45675,Sport Club Corinthians Paulista
Brasil – Série A,25185,Talles Magno Bacelar Martins,Kayke,399983,Sport Club Corinthians Paulista
Brasil – Série A,25185,Talles Magno Bacelar Martins,Charles,44119,Sport Club Corinthians Paulista
Brasil – Série A,25185,Talles Magno Bacelar Martins,Gabriel Paulista,6746,Sport Club Corinthians Paulista
Brasil – Série A,25185,Talles Magno Bacelar Martins,Jesse Lingard,3293,Sport Club Corinthians Paulista
Brasil – Série A,25185,Talles Magno Bacelar Martins,Allan,17183,Sport Club Corinthians Paulista
Brasil – Série A,25185,Talles Magno Bacelar Martins,Zakaria Labyad,8471,Sport Club Corinthians Paulista
Brasil – Série A,25185,Talles Magno Bacelar Martins,Kauê,271904,Sport Club Corinthians Paulista
Brasil – Série A,25185,Talles Magno Bacelar Martins,Pedro Milans,337481,Sport Club Corinthians Paulista
Brasil – Série A,25185,Talles Magno Bacelar Martins,Dieguinho,473731,Sport Club Corinthians Paulista
Brasil – Série A,25185,Talles Magno Bacelar Martins,André,439651,Sport Club Corinthians Paulista
Brasil – Série A,25185,Talles Magno Bacelar Martins,Hugo Souza,46607,Sport Club Corinthians Paulista
Brasil – Série A,25185,Talles Magno Bacelar Martins,Vitinho,25140,Sport Club Corinthians Paulista
Brasil – Série A,25947,Gabriel Rafael Fuentes Gómez,Santiago Moreno,30824,Fluminense FC
Brasil – Série A,25947,Gabriel Rafael Fuentes Gómez,Rodrigo Castillo,367633,Fluminense FC
Brasil – Série A,25947,Gabriel Rafael Fuentes Gómez,Igor Rabello,25270,Fluminense FC
Brasil – Série A,25947,Gabriel Rafael Fuentes Gómez,Riquelme,451113,Fluminense FC
Brasil – Série A,25947,Gabriel Rafael Fuentes Gómez,Wesley Natã,474365,Fluminense FC
Brasil – Série A,25947,Gabriel Rafael Fuentes Gómez,Julián Millán,30597,Fluminense FC
Brasil – Série A,25947,Gabriel Rafael Fuentes Gómez,Ganso,6714,Fluminense FC
Brasil – Série A,25947,Gabriel Rafael Fuentes Gómez,Julio Fidelis,410029,Fluminense FC
Brasil – Série A,25947,Gabriel Rafael Fuentes Gómez,Otávio,4444,Fluminense FC
Brasil – Série A,26318,Franco Sebastián Cristaldo,Thiago Beltrame,271557,Grêmio FB Porto Alegrense
Brasil – Série A,26318,Franco Sebastián Cristaldo,Jovane Cabral,10598,Grêmio FB Porto Alegrense
Brasil – Série A,26318,Franco Sebastián Cristaldo,Pedro Gabriel,462164,Grêmio FB Porto Alegrense
Brasil – Série A,26318,Franco Sebastián Cristaldo,Tete,32900,Grêmio FB Porto Alegrense
Brasil – Série A,26318,Franco Sebastián Cristaldo,José Enamorado,35046,Grêmio FB Porto Alegrense
Brasil – Série A,26318,Franco Sebastián Cristaldo,Danilo Barbosa,10037,Grêmio FB Porto Alegrense
Brasil – Série A,26318,Franco Sebastián Cristaldo,Gabriel Grando,112991,Grêmio FB Porto Alegrense
Brasil – Série A,26318,Franco Sebastián Cristaldo,Filip Krovinovic,14535,Grêmio FB Porto Alegrense
Brasil – Série A,26318,Franco Sebastián Cristaldo,Juan Nardoni,31117,Grêmio FB Porto Alegrense
Brasil – Série A,26318,Franco Sebastián Cristaldo,Leonel Pérez,402166,Grêmio FB Porto Alegrense
Brasil – Série A,26318,Franco Sebastián Cristaldo,Wéverton,25101,Grêmio FB Porto Alegrense
Brasil – Série A,26318,Franco Sebastián Cristaldo,Gabriel Otavio Menegon,480115,Grêmio FB Porto Alegrense
Brasil – Série A,26318,Franco Sebastián Cristaldo,Tiaguinho,451600,Grêmio FB Porto Alegrense
Brasil – Série A,26318,Franco Sebastián Cristaldo,Jefinho,432121,Grêmio FB Porto Alegrense
Brasil – Série A,26318,Franco Sebastián Cristaldo,Wallace dos Santos,435304,Grêmio FB Porto Alegrense
Brasil – Série A,26318,Franco Sebastián Cristaldo,Fabián Balbuena,10290,Grêmio FB Porto Alegrense
Brasil – Série A,26318,Franco Sebastián Cristaldo,Gabriel Mec,459703,Grêmio FB Porto Alegrense
Brasil – Série A,26318,Franco Sebastián Cristaldo,Willian,3472,Grêmio FB Porto Alegrense
Brasil – Série A,26318,Franco Sebastián Cristaldo,Viery,399440,Grêmio FB Porto Alegrense
Brasil – Série A,26318,Franco Sebastián Cristaldo,Roger,510280,Grêmio FB Porto Alegrense
Brasil – Série A,26318,Franco Sebastián Cristaldo,Luis Eduardo,459706,Grêmio FB Porto Alegrense
Brasil – Série A,26318,Franco Sebastián Cristaldo,Miguel Monsalve,48796,Grêmio FB Porto Alegrense
Brasil – Série A,26318,Franco Sebastián Cristaldo,Vitor Oliveira,471916,Grêmio FB Porto Alegrense
Brasil – Série A,26318,Franco Sebastián Cristaldo,Bernardo Zortea,432117,Grêmio FB Porto Alegrense
Brasil – Série A,26318,Franco Sebastián Cristaldo,Diego Caito,431520,Grêmio FB Porto Alegrense
Brasil – Série A,26491,Aníbal Ismael Moreno,Heittor Vinicius da Silva Nunes,480057,Sociedade Esportiva Palmeiras
Brasil – Série A,26491,Aníbal Ismael Moreno,Marcelo Lomba,25106,Sociedade Esportiva Palmeiras
Brasil – Série A,26491,Aníbal Ismael Moreno,Carlos Miguel,283750,Sociedade Esportiva Palmeiras
Brasil – Série A,26491,Aníbal Ismael Moreno,Riquelme Fillipi,416461,Sociedade Esportiva Palmeiras
Brasil – Série A,26491,Aníbal Ismael Moreno,Bruno Rodrigues,122804,Sociedade Esportiva Palmeiras
Brasil – Série A,26491,Aníbal Ismael Moreno,Arthur Gabriel,437710,Sociedade Esportiva Palmeiras
Brasil – Série A,26491,Aníbal Ismael Moreno,Luighi,416459,Sociedade Esportiva Palmeiras
Brasil – Série A,26491,Aníbal Ismael Moreno,Larson,430711,Sociedade Esportiva Palmeiras
Brasil – Série A,26491,Aníbal Ismael Moreno,Paulinho,13310,Sociedade Esportiva Palmeiras
Brasil – Série A,26491,Aníbal Ismael Moreno,Allan,437706,Sociedade Esportiva Palmeiras
Brasil – Série A,26491,Aníbal Ismael Moreno,Benedetti,436642,Sociedade Esportiva Palmeiras
Brasil – Série A,26517,Óscar David Romero Villamayor,Benjamin Arhin,483102,SC Internacional
Brasil – Série A,26517,Óscar David Romero Villamayor,Anthoni,122909,SC Internacional
Brasil – Série A,26517,Óscar David Romero Villamayor,Alerrandro,25434,SC Internacional
Brasil – Série A,26517,Óscar David Romero Villamayor,João Bezerra,485407,SC Internacional
Brasil – Série A,26517,Óscar David Romero Villamayor,Calebe,44834,SC Internacional
Brasil – Série A,26517,Óscar David Romero Villamayor,Niclas Eliasson,9597,SC Internacional
Brasil – Série A,26517,Óscar David Romero Villamayor,Sergio Rochet,36710,SC Internacional
Brasil – Série A,26517,Óscar David Romero Villamayor,Antonio Sanabria,6880,SC Internacional
Brasil – Série A,26517,Óscar David Romero Villamayor,Allex,438338,SC Internacional
Brasil – Série A,26517,Óscar David Romero Villamayor,Guillermo Maripán,6855,SC Internacional
Brasil – Série A,26517,Óscar David Romero Villamayor,Matheus Cunha,171083,SC Internacional
Brasil – Série A,26517,Óscar David Romero Villamayor,Paulinho Paula,32126,SC Internacional
Brasil – Série A,26517,Óscar David Romero Villamayor,Bruno Tabata,11190,SC Internacional
Brasil – Série A,26517,Óscar David Romero Villamayor,Luiz Felipe,476391,SC Internacional
Brasil – Série A,26517,Óscar David Romero Villamayor,Rodrigo Villagra,33196,SC Internacional
Brasil – Série A,26517,Óscar David Romero Villamayor,Raykkonen,474977,SC Internacional
Brasil – Série A,27741,Manoel Messias Silva Carvalho,Santiago Moreno,30824,Fluminense FC
Brasil – Série A,27741,Manoel Messias Silva Carvalho,Rodrigo Castillo,367633,Fluminense FC
Brasil – Série A,27741,Manoel Messias Silva Carvalho,Igor Rabello,25270,Fluminense FC
Brasil – Série A,27741,Manoel Messias Silva Carvalho,Riquelme,451113,Fluminense FC
Brasil – Série A,27741,Manoel Messias Silva Carvalho,Wesley Natã,474365,Fluminense FC
Brasil – Série A,27741,Manoel Messias Silva Carvalho,Julián Millán,30597,Fluminense FC
Brasil – Série A,27741,Manoel Messias Silva Carvalho,Ganso,6714,Fluminense FC
Brasil – Série A,27741,Manoel Messias Silva Carvalho,Julio Fidelis,410029,Fluminense FC
Brasil – Série A,27741,Manoel Messias Silva Carvalho,Otávio,4444,Fluminense FC
Brasil – Série A,28242,Gregore de Magalhães da Silva,Lucas Villalba,101034,Botafogo de Futebol e Regatas
Brasil – Série A,28242,Gregore de Magalhães da Silva,Caio Roque,133429,Botafogo de Futebol e Regatas
Brasil – Série A,28242,Gregore de Magalhães da Silva,Jhoan Hernández,395152,Botafogo de Futebol e Regatas
Brasil – Série A,28242,Gregore de Magalhães da Silva,Gabriel Batista,32907,Botafogo de Futebol e Regatas
Brasil – Série A,28242,Gregore de Magalhães da Silva,Junior Santos,25174,Botafogo de Futebol e Regatas
Brasil – Série A,28242,Gregore de Magalhães da Silva,Domingos Andrade,149577,Botafogo de Futebol e Regatas
Brasil – Série A,28242,Gregore de Magalhães da Silva,Kadir Barría,526307,Botafogo de Futebol e Regatas
Brasil – Série A,28242,Gregore de Magalhães da Silva,Nathan Fernandes,396261,Botafogo de Futebol e Regatas
Brasil – Série A,28242,Gregore de Magalhães da Silva,Lucas Nascimento,474921,Botafogo de Futebol e Regatas
Brasil – Série A,28242,Gregore de Magalhães da Silva,Bastos,8192,Botafogo de Futebol e Regatas
Brasil – Série A,28242,Gregore de Magalhães da Silva,Cristian Medina,54150,Botafogo de Futebol e Regatas
Brasil – Série A,28242,Gregore de Magalhães da Silva,Paulinho,26944,Botafogo de Futebol e Regatas
Brasil – Série A,28242,Gregore de Magalhães da Silva,Warleson,43703,Botafogo de Futebol e Regatas
Brasil – Série A,28242,Gregore de Magalhães da Silva,Huguinho,474385,Botafogo de Futebol e Regatas
Brasil – Série A,28242,Gregore de Magalhães da Silva,Kauan Toledo,446829,Botafogo de Futebol e Regatas
Brasil – Série A,28242,Gregore de Magalhães da Silva,Léo Linck,61312,Botafogo de Futebol e Regatas
Brasil – Série A,28242,Gregore de Magalhães da Silva,Marquinhos,474386,Botafogo de Futebol e Regatas
Brasil – Série A,28242,Gregore de Magalhães da Silva,Lucas Monzón,43859,Botafogo de Futebol e Regatas
Brasil – Série A,28242,Gregore de Magalhães da Silva,Danilo,46451,Botafogo de Futebol e Regatas
Brasil – Série A,28242,Gregore de Magalhães da Silva,Ythallo,272484,Botafogo de Futebol e Regatas
Brasil – Série A,28242,Gregore de Magalhães da Silva,Gabriel Justino,440194,Botafogo de Futebol e Regatas
Brasil – Série A,28242,Gregore de Magalhães da Silva,Jordan Barrera,395663,Botafogo de Futebol e Regatas
Brasil – Série A,28315,Aldemir dos Santos Ferreira,Nicolas Bosshardt,487861,São Paulo FC
Brasil – Série A,28315,Aldemir dos Santos Ferreira,Felipe Negrucci,271908,São Paulo FC
Brasil – Série A,28315,Aldemir dos Santos Ferreira,Domingos Duarte,23807,São Paulo FC
Brasil – Série A,28315,Aldemir dos Santos Ferreira,Aurélio Buta,23658,São Paulo FC
Brasil – Série A,28315,Aldemir dos Santos Ferreira,Lucas Moura,3745,São Paulo FC
Brasil – Série A,28315,Aldemir dos Santos Ferreira,Ryan Francisco,437152,São Paulo FC
Brasil – Série A,28315,Aldemir dos Santos Ferreira,Matheus Dória,4418,São Paulo FC
Brasil – Série A,28315,Aldemir dos Santos Ferreira,Djhordney,475217,São Paulo FC
Brasil – Série A,28315,Aldemir dos Santos Ferreira,Gustavo Santana,475214,São Paulo FC
Brasil – Série A,28315,Aldemir dos Santos Ferreira,Tetê,475216,São Paulo FC
Brasil – Série A,28315,Aldemir dos Santos Ferreira,Pedro Ferreira,460274,São Paulo FC
Brasil – Série A,28315,Aldemir dos Santos Ferreira,Ferreirinha,32497,São Paulo FC
Brasil – Série A,28315,Aldemir dos Santos Ferreira,Jonathan Calleri,6930,São Paulo FC
Brasil – Série A,28315,Aldemir dos Santos Ferreira,Danielzinho,235383,São Paulo FC
Brasil – Série A,28315,Aldemir dos Santos Ferreira,Luis Osorio,475215,São Paulo FC
Brasil – Série A,28315,Aldemir dos Santos Ferreira,Hugo Leonardo,437145,São Paulo FC
Brasil – Série A,28337,Raphael Cavalcante Veiga,Heittor Vinicius da Silva Nunes,480057,Sociedade Esportiva Palmeiras
Brasil – Série A,28337,Raphael Cavalcante Veiga,Marcelo Lomba,25106,Sociedade Esportiva Palmeiras
Brasil – Série A,28337,Raphael Cavalcante Veiga,Carlos Miguel,283750,Sociedade Esportiva Palmeiras
Brasil – Série A,28337,Raphael Cavalcante Veiga,Riquelme Fillipi,416461,Sociedade Esportiva Palmeiras
Brasil – Série A,28337,Raphael Cavalcante Veiga,Bruno Rodrigues,122804,Sociedade Esportiva Palmeiras
Brasil – Série A,28337,Raphael Cavalcante Veiga,Arthur Gabriel,437710,Sociedade Esportiva Palmeiras
Brasil – Série A,28337,Raphael Cavalcante Veiga,Luighi,416459,Sociedade Esportiva Palmeiras
Brasil – Série A,28337,Raphael Cavalcante Veiga,Larson,430711,Sociedade Esportiva Palmeiras
Brasil – Série A,28337,Raphael Cavalcante Veiga,Paulinho,13310,Sociedade Esportiva Palmeiras
Brasil – Série A,28337,Raphael Cavalcante Veiga,Allan,437706,Sociedade Esportiva Palmeiras
Brasil – Série A,28337,Raphael Cavalcante Veiga,Benedetti,436642,Sociedade Esportiva Palmeiras
Brasil – Série A,28518,Fausto Mariano Vera,Fred,9904,Clube Atlético Mineiro
Brasil – Série A,28518,Fausto Mariano Vera,Renan Lodi,26532,Clube Atlético Mineiro
Brasil – Série A,28518,Fausto Mariano Vera,Reinier,29650,Clube Atlético Mineiro
Brasil – Série A,28518,Fausto Mariano Vera,Kauã Pascini,457466,Clube Atlético Mineiro
Brasil – Série A,28518,Fausto Mariano Vera,Vitão,443523,Clube Atlético Mineiro
Brasil – Série A,28518,Fausto Mariano Vera,Angelo Preciado,37737,Clube Atlético Mineiro
Brasil – Série A,28518,Fausto Mariano Vera,Mamady Cissé,476810,Clube Atlético Mineiro
Brasil – Série A,28518,Fausto Mariano Vera,Cauã Soares,457969,Clube Atlético Mineiro
Brasil – Série A,28518,Fausto Mariano Vera,Éverson,25531,Clube Atlético Mineiro
Brasil – Série A,28518,Fausto Mariano Vera,Tomás Pérez,400538,Clube Atlético Mineiro
Brasil – Série A,28518,Fausto Mariano Vera,Kevin Castaño,60138,Clube Atlético Mineiro
Brasil – Série A,28518,Fausto Mariano Vera,Mateo Cassierra,15457,Clube Atlético Mineiro
Brasil – Série A,28518,Fausto Mariano Vera,Alan Steve Minda García,123625,Clube Atlético Mineiro
Brasil – Série A,28518,Fausto Mariano Vera,Gabriel Delfim,188419,Clube Atlético Mineiro
Brasil – Série A,31642,Michael Richard Delgado de Oliveira,Lucas Paquetá,22600,CR Flamengo
Brasil – Série A,31642,Michael Richard Delgado de Oliveira,Agustín Rossi,28503,CR Flamengo
Brasil – Série A,31642,Michael Richard Delgado de Oliveira,Emerson Royal,23522,CR Flamengo
Brasil – Série A,31642,Michael Richard Delgado de Oliveira,Wallace Yan,423545,CR Flamengo
Brasil – Série A,31642,Michael Richard Delgado de Oliveira,Caio Joshua,472244,CR Flamengo
Brasil – Série A,31642,Michael Richard Delgado de Oliveira,Lorran,408492,CR Flamengo
Brasil – Série A,31642,Michael Richard Delgado de Oliveira,Johnny Góes,459194,CR Flamengo
Brasil – Série A,31642,Michael Richard Delgado de Oliveira,João Souza,416467,CR Flamengo
Brasil – Série A,31683,José Marcos Alves Luis,Lawan,437607,EC Vitória
Brasil – Série A,31683,José Marcos Alves Luis,Diego Tarzia,423689,EC Vitória
Brasil – Série A,31683,José Marcos Alves Luis,Renê,425309,EC Vitória
Brasil – Série A,31683,José Marcos Alves Luis,Edenilson,444870,EC Vitória
Brasil – Série A,31683,José Marcos Alves Luis,Zé Marcos,32623,EC Vitória
Brasil – Série A,31683,José Marcos Alves Luis,Alex Bruno,374999,EC Vitória
Brasil – Série A,31683,José Marcos Alves Luis,Zé Vitor,430892,EC Vitória
Brasil – Série A,31683,José Marcos Alves Luis,Mateus Silva,234115,EC Vitória
Brasil – Série A,31683,José Marcos Alves Luis,Fabri,44542,EC Vitória
Brasil – Série A,31683,José Marcos Alves Luis,Dudu,400657,EC Vitória
Brasil – Série A,31683,José Marcos Alves Luis,Baralhas,51842,EC Vitória
Brasil – Série A,31683,José Marcos Alves Luis,Zé Breno,438224,EC Vitória
Brasil – Série A,31683,José Marcos Alves Luis,Lucas Silva,24772,EC Vitória
Brasil – Série A,31683,José Marcos Alves Luis,Riccieli,30078,EC Vitória
Brasil – Série A,31683,José Marcos Alves Luis,Walace,8315,EC Vitória
Brasil – Série A,31778,Lucas Esteves Souza,Thiago Beltrame,271557,Grêmio FB Porto Alegrense
Brasil – Série A,31778,Lucas Esteves Souza,Jovane Cabral,10598,Grêmio FB Porto Alegrense
Brasil – Série A,31778,Lucas Esteves Souza,Pedro Gabriel,462164,Grêmio FB Porto Alegrense
Brasil – Série A,31778,Lucas Esteves Souza,Tete,32900,Grêmio FB Porto Alegrense
Brasil – Série A,31778,Lucas Esteves Souza,José Enamorado,35046,Grêmio FB Porto Alegrense
Brasil – Série A,31778,Lucas Esteves Souza,Danilo Barbosa,10037,Grêmio FB Porto Alegrense
Brasil – Série A,31778,Lucas Esteves Souza,Gabriel Grando,112991,Grêmio FB Porto Alegrense
Brasil – Série A,31778,Lucas Esteves Souza,Filip Krovinovic,14535,Grêmio FB Porto Alegrense
Brasil – Série A,31778,Lucas Esteves Souza,Juan Nardoni,31117,Grêmio FB Porto Alegrense
Brasil – Série A,31778,Lucas Esteves Souza,Leonel Pérez,402166,Grêmio FB Porto Alegrense
Brasil – Série A,31778,Lucas Esteves Souza,Wéverton,25101,Grêmio FB Porto Alegrense
Brasil – Série A,31778,Lucas Esteves Souza,Gabriel Otavio Menegon,480115,Grêmio FB Porto Alegrense
Brasil – Série A,31778,Lucas Esteves Souza,Tiaguinho,451600,Grêmio FB Porto Alegrense
Brasil – Série A,31778,Lucas Esteves Souza,Jefinho,432121,Grêmio FB Porto Alegrense
Brasil – Série A,31778,Lucas Esteves Souza,Wallace dos Santos,435304,Grêmio FB Porto Alegrense
Brasil – Série A,31778,Lucas Esteves Souza,Fabián Balbuena,10290,Grêmio FB Porto Alegrense
Brasil – Série A,31778,Lucas Esteves Souza,Gabriel Mec,459703,Grêmio FB Porto Alegrense
Brasil – Série A,31778,Lucas Esteves Souza,Willian,3472,Grêmio FB Porto Alegrense
Brasil – Série A,31778,Lucas Esteves Souza,Viery,399440,Grêmio FB Porto Alegrense
Brasil – Série A,31778,Lucas Esteves Souza,Roger,510280,Grêmio FB Porto Alegrense
Brasil – Série A,31778,Lucas Esteves Souza,Luis Eduardo,459706,Grêmio FB Porto Alegrense
Brasil – Série A,31778,Lucas Esteves Souza,Miguel Monsalve,48796,Grêmio FB Porto Alegrense
Brasil – Série A,31778,Lucas Esteves Souza,Vitor Oliveira,471916,Grêmio FB Porto Alegrense
Brasil – Série A,31778,Lucas Esteves Souza,Bernardo Zortea,432117,Grêmio FB Porto Alegrense
Brasil – Série A,31778,Lucas Esteves Souza,Diego Caito,431520,Grêmio FB Porto Alegrense
Brasil – Série A,32811,José Ivaldo Almeida Silva,Nadson,483182,Santos Futebol Clube
Brasil – Série A,32811,José Ivaldo Almeida Silva,Robson Junior,470630,Santos Futebol Clube
Brasil – Série A,32811,José Ivaldo Almeida Silva,Davi Fernandes,522693,Santos Futebol Clube
Brasil – Série A,32811,José Ivaldo Almeida Silva,João Ananias,470626,Santos Futebol Clube
Brasil – Série A,32811,José Ivaldo Almeida Silva,Christian Oliva,31931,Santos Futebol Clube
Brasil – Série A,32811,José Ivaldo Almeida Silva,Gustavinho,433961,Santos Futebol Clube
Brasil – Série A,32811,José Ivaldo Almeida Silva,Miguelito,336796,Santos Futebol Clube
Brasil – Série A,32811,José Ivaldo Almeida Silva,Mateus Xavier,433963,Santos Futebol Clube
Brasil – Série A,32811,José Ivaldo Almeida Silva,Gabriel Barbosa,25147,Santos Futebol Clube
Brasil – Série A,32811,José Ivaldo Almeida Silva,Rafael Gonzaga,479252,Santos Futebol Clube
Brasil – Série A,32811,José Ivaldo Almeida Silva,Gustavo Rubén Caballero González,216087,Santos Futebol Clube
Brasil – Série A,32811,José Ivaldo Almeida Silva,Thaciano,25251,Santos Futebol Clube
Brasil – Série A,32811,José Ivaldo Almeida Silva,Lucas Verissimo,25098,Santos Futebol Clube
Brasil – Série A,32811,José Ivaldo Almeida Silva,Gabriel Brazão,33043,Santos Futebol Clube
Brasil – Série A,32811,José Ivaldo Almeida Silva,Samuel Pierre,483179,Santos Futebol Clube
Brasil – Série A,32811,José Ivaldo Almeida Silva,Fernando Pradella,483190,Santos Futebol Clube
Brasil – Série A,32811,José Ivaldo Almeida Silva,Moises,232285,Santos Futebol Clube
Brasil – Série A,32811,José Ivaldo Almeida Silva,Vinicius Lira,433957,Santos Futebol Clube
Brasil – Série A,32811,José Ivaldo Almeida Silva,Zé Ivaldo,41414,Santos Futebol Clube
Brasil – Série A,32818,Lucas Braga Ribeiro,Lawan,437607,EC Vitória
Brasil – Série A,32818,Lucas Braga Ribeiro,Diego Tarzia,423689,EC Vitória
Brasil – Série A,32818,Lucas Braga Ribeiro,Renê,425309,EC Vitória
Brasil – Série A,32818,Lucas Braga Ribeiro,Edenilson,444870,EC Vitória
Brasil – Série A,32818,Lucas Braga Ribeiro,Zé Marcos,32623,EC Vitória
Brasil – Série A,32818,Lucas Braga Ribeiro,Alex Bruno,374999,EC Vitória
Brasil – Série A,32818,Lucas Braga Ribeiro,Zé Vitor,430892,EC Vitória
Brasil – Série A,32818,Lucas Braga Ribeiro,Mateus Silva,234115,EC Vitória
Brasil – Série A,32818,Lucas Braga Ribeiro,Fabri,44542,EC Vitória
Brasil – Série A,32818,Lucas Braga Ribeiro,Dudu,400657,EC Vitória
Brasil – Série A,32818,Lucas Braga Ribeiro,Baralhas,51842,EC Vitória
Brasil – Série A,32818,Lucas Braga Ribeiro,Zé Breno,438224,EC Vitória
Brasil – Série A,32818,Lucas Braga Ribeiro,Lucas Silva,24772,EC Vitória
Brasil – Série A,32818,Lucas Braga Ribeiro,Riccieli,30078,EC Vitória
Brasil – Série A,32818,Lucas Braga Ribeiro,Walace,8315,EC Vitória
Brasil – Série A,32838,Marcos da Silva França,Santiago Moreno,30824,Fluminense FC
Brasil – Série A,32838,Marcos da Silva França,Rodrigo Castillo,367633,Fluminense FC
Brasil – Série A,32838,Marcos da Silva França,Igor Rabello,25270,Fluminense FC
Brasil – Série A,32838,Marcos da Silva França,Riquelme,451113,Fluminense FC
Brasil – Série A,32838,Marcos da Silva França,Wesley Natã,474365,Fluminense FC
Brasil – Série A,32838,Marcos da Silva França,Julián Millán,30597,Fluminense FC
Brasil – Série A,32838,Marcos da Silva França,Ganso,6714,Fluminense FC
Brasil – Série A,32838,Marcos da Silva França,Julio Fidelis,410029,Fluminense FC
Brasil – Série A,32838,Marcos da Silva França,Otávio,4444,Fluminense FC
Brasil – Série A,32850,Luciano Batista da Silva Junior,Kanu,30071,Esporte Clube Bahia
Brasil – Série A,32850,Luciano Batista da Silva Junior,Caio Suassuna,436013,Esporte Clube Bahia
Brasil – Série A,32850,Luciano Batista da Silva Junior,Kauê Furquim,478476,Esporte Clube Bahia
Brasil – Série A,32850,Luciano Batista da Silva Junior,Román Gómez,427206,Esporte Clube Bahia
Brasil – Série A,32850,Luciano Batista da Silva Junior,Ruan Pablo Barbosa Sousa,438228,Esporte Clube Bahia
Brasil – Série A,32850,Luciano Batista da Silva Junior,Zé Guilherme,392245,Esporte Clube Bahia
Brasil – Série A,32850,Luciano Batista da Silva Junior,Ronaldo,126653,Esporte Clube Bahia
Brasil – Série A,32850,Luciano Batista da Silva Junior,David Martins,431642,Esporte Clube Bahia
Brasil – Série A,32850,Luciano Batista da Silva Junior,Alejo Veliz,112971,Esporte Clube Bahia
Brasil – Série A,32850,Luciano Batista da Silva Junior,Dell,462833,Esporte Clube Bahia
Brasil – Série A,32850,Luciano Batista da Silva Junior,Luciano Juba,44131,Esporte Clube Bahia
Brasil – Série A,32850,Luciano Batista da Silva Junior,Léo Vieira,31525,Esporte Clube Bahia
Brasil – Série A,32850,Luciano Batista da Silva Junior,Erick Pulga,392955,Esporte Clube Bahia
Brasil – Série A,32875,Gabriel Santana Pinto,Thomazella,364769,Mirassol Futebol Clube
Brasil – Série A,32875,Gabriel Santana Pinto,André Luis,18541,Mirassol Futebol Clube
Brasil – Série A,32875,Gabriel Santana Pinto,Yuri Lara,232877,Mirassol Futebol Clube
Brasil – Série A,32875,Gabriel Santana Pinto,Everton Galdino,189090,Mirassol Futebol Clube
Brasil – Série A,32875,Gabriel Santana Pinto,Negueba,374158,Mirassol Futebol Clube
Brasil – Série A,32875,Gabriel Santana Pinto,Carlos Eduardo,27046,Mirassol Futebol Clube
Brasil – Série A,32875,Gabriel Santana Pinto,Edson Carioca,269841,Mirassol Futebol Clube
Brasil – Série A,32875,Gabriel Santana Pinto,Lucas Oliveira,44576,Mirassol Futebol Clube
Brasil – Série A,32875,Gabriel Santana Pinto,Bruno Santos,235298,Mirassol Futebol Clube
Brasil – Série A,32875,Gabriel Santana Pinto,Shaylon,25724,Mirassol Futebol Clube
Brasil – Série A,32875,Gabriel Santana Pinto,Victor Luis,29257,Mirassol Futebol Clube
Brasil – Série A,32875,Gabriel Santana Pinto,Gustavo Cazonatti,189091,Mirassol Futebol Clube
Brasil – Série A,32875,Gabriel Santana Pinto,Wallisson,199456,Mirassol Futebol Clube
Brasil – Série A,32875,Gabriel Santana Pinto,Gabriel Pires,6597,Mirassol Futebol Clube
Brasil – Série A,32875,Gabriel Santana Pinto,Gabriel Knesowitsch,345426,Mirassol Futebol Clube
Brasil – Série A,32875,Gabriel Santana Pinto,Renato Marques,271468,Mirassol Futebol Clube
Brasil – Série A,32875,Gabriel Santana Pinto,Uiliam Fogaça,44553,Mirassol Futebol Clube
Brasil – Série A,32875,Gabriel Santana Pinto,Denilson,292259,Mirassol Futebol Clube
Brasil – Série A,32875,Gabriel Santana Pinto,Japa,375740,Mirassol Futebol Clube
Brasil – Série A,32875,Gabriel Santana Pinto,Fernandinho,122881,Mirassol Futebol Clube
Brasil – Série A,32875,Gabriel Santana Pinto,Luizão,113567,Mirassol Futebol Clube
Brasil – Série A,32875,Gabriel Santana Pinto,Walter,25503,Mirassol Futebol Clube
Brasil – Série A,32875,Gabriel Santana Pinto,Igor Formiga,46380,Mirassol Futebol Clube
Brasil – Série A,32875,Gabriel Santana Pinto,Elias,45659,Mirassol Futebol Clube
Brasil – Série A,32979,Richard Ríos Montoya,Heittor Vinicius da Silva Nunes,480057,Sociedade Esportiva Palmeiras
Brasil – Série A,32979,Richard Ríos Montoya,Marcelo Lomba,25106,Sociedade Esportiva Palmeiras
Brasil – Série A,32979,Richard Ríos Montoya,Carlos Miguel,283750,Sociedade Esportiva Palmeiras
Brasil – Série A,32979,Richard Ríos Montoya,Riquelme Fillipi,416461,Sociedade Esportiva Palmeiras
Brasil – Série A,32979,Richard Ríos Montoya,Bruno Rodrigues,122804,Sociedade Esportiva Palmeiras
Brasil – Série A,32979,Richard Ríos Montoya,Arthur Gabriel,437710,Sociedade Esportiva Palmeiras
Brasil – Série A,32979,Richard Ríos Montoya,Luighi,416459,Sociedade Esportiva Palmeiras
Brasil – Série A,32979,Richard Ríos Montoya,Larson,430711,Sociedade Esportiva Palmeiras
Brasil – Série A,32979,Richard Ríos Montoya,Paulinho,13310,Sociedade Esportiva Palmeiras
Brasil – Série A,32979,Richard Ríos Montoya,Allan,437706,Sociedade Esportiva Palmeiras
Brasil – Série A,32979,Richard Ríos Montoya,Benedetti,436642,Sociedade Esportiva Palmeiras
Brasil – Série A,32997,Igor Jesus Maciel Da Cruz,Lucas Villalba,101034,Botafogo de Futebol e Regatas
Brasil – Série A,32997,Igor Jesus Maciel Da Cruz,Caio Roque,133429,Botafogo de Futebol e Regatas
Brasil – Série A,32997,Igor Jesus Maciel Da Cruz,Jhoan Hernández,395152,Botafogo de Futebol e Regatas
Brasil – Série A,32997,Igor Jesus Maciel Da Cruz,Gabriel Batista,32907,Botafogo de Futebol e Regatas
Brasil – Série A,32997,Igor Jesus Maciel Da Cruz,Junior Santos,25174,Botafogo de Futebol e Regatas
Brasil – Série A,32997,Igor Jesus Maciel Da Cruz,Domingos Andrade,149577,Botafogo de Futebol e Regatas
Brasil – Série A,32997,Igor Jesus Maciel Da Cruz,Kadir Barría,526307,Botafogo de Futebol e Regatas
Brasil – Série A,32997,Igor Jesus Maciel Da Cruz,Nathan Fernandes,396261,Botafogo de Futebol e Regatas
Brasil – Série A,32997,Igor Jesus Maciel Da Cruz,Lucas Nascimento,474921,Botafogo de Futebol e Regatas
Brasil – Série A,32997,Igor Jesus Maciel Da Cruz,Bastos,8192,Botafogo de Futebol e Regatas
Brasil – Série A,32997,Igor Jesus Maciel Da Cruz,Cristian Medina,54150,Botafogo de Futebol e Regatas
Brasil – Série A,32997,Igor Jesus Maciel Da Cruz,Paulinho,26944,Botafogo de Futebol e Regatas
Brasil – Série A,32997,Igor Jesus Maciel Da Cruz,Warleson,43703,Botafogo de Futebol e Regatas
Brasil – Série A,32997,Igor Jesus Maciel Da Cruz,Huguinho,474385,Botafogo de Futebol e Regatas
Brasil – Série A,32997,Igor Jesus Maciel Da Cruz,Kauan Toledo,446829,Botafogo de Futebol e Regatas
Brasil – Série A,32997,Igor Jesus Maciel Da Cruz,Léo Linck,61312,Botafogo de Futebol e Regatas
Brasil – Série A,32997,Igor Jesus Maciel Da Cruz,Marquinhos,474386,Botafogo de Futebol e Regatas
Brasil – Série A,32997,Igor Jesus Maciel Da Cruz,Lucas Monzón,43859,Botafogo de Futebol e Regatas
Brasil – Série A,32997,Igor Jesus Maciel Da Cruz,Danilo,46451,Botafogo de Futebol e Regatas
Brasil – Série A,32997,Igor Jesus Maciel Da Cruz,Ythallo,272484,Botafogo de Futebol e Regatas
Brasil – Série A,32997,Igor Jesus Maciel Da Cruz,Gabriel Justino,440194,Botafogo de Futebol e Regatas
Brasil – Série A,32997,Igor Jesus Maciel Da Cruz,Jordan Barrera,395663,Botafogo de Futebol e Regatas
Brasil – Série A,34294,Facundo Daniel Torres Pérez,Heittor Vinicius da Silva Nunes,480057,Sociedade Esportiva Palmeiras
Brasil – Série A,34294,Facundo Daniel Torres Pérez,Marcelo Lomba,25106,Sociedade Esportiva Palmeiras
Brasil – Série A,34294,Facundo Daniel Torres Pérez,Carlos Miguel,283750,Sociedade Esportiva Palmeiras
Brasil – Série A,34294,Facundo Daniel Torres Pérez,Riquelme Fillipi,416461,Sociedade Esportiva Palmeiras
Brasil – Série A,34294,Facundo Daniel Torres Pérez,Bruno Rodrigues,122804,Sociedade Esportiva Palmeiras
Brasil – Série A,34294,Facundo Daniel Torres Pérez,Arthur Gabriel,437710,Sociedade Esportiva Palmeiras
Brasil – Série A,34294,Facundo Daniel Torres Pérez,Luighi,416459,Sociedade Esportiva Palmeiras
Brasil – Série A,34294,Facundo Daniel Torres Pérez,Larson,430711,Sociedade Esportiva Palmeiras
Brasil – Série A,34294,Facundo Daniel Torres Pérez,Paulinho,13310,Sociedade Esportiva Palmeiras
Brasil – Série A,34294,Facundo Daniel Torres Pérez,Allan,437706,Sociedade Esportiva Palmeiras
Brasil – Série A,34294,Facundo Daniel Torres Pérez,Benedetti,436642,Sociedade Esportiva Palmeiras
Brasil – Série A,35858,Guilherme Lopes de Almeida,Davi Gomes,460435,Red Bull Bragantino
Brasil – Série A,35858,Guilherme Lopes de Almeida,Rodriguinho,276863,Red Bull Bragantino
Brasil – Série A,35858,Guilherme Lopes de Almeida,Tiago Volpi,25348,Red Bull Bragantino
Brasil – Série A,35858,Guilherme Lopes de Almeida,Cleiton,27138,Red Bull Bragantino
Brasil – Série A,35858,Guilherme Lopes de Almeida,Fabinho,113294,Red Bull Bragantino
Brasil – Série A,35858,Guilherme Lopes de Almeida,Marcelinho Braz,394513,Red Bull Bragantino
Brasil – Série A,35858,Guilherme Lopes de Almeida,Jhuan,480054,Red Bull Bragantino
Brasil – Série A,35858,Guilherme Lopes de Almeida,Yuri Alves,433430,Red Bull Bragantino
Brasil – Série A,35858,Guilherme Lopes de Almeida,Cauê,430051,Red Bull Bragantino
Brasil – Série A,35858,Guilherme Lopes de Almeida,Eduardo Sasha,25092,Red Bull Bragantino
Brasil – Série A,35858,Guilherme Lopes de Almeida,Ryan Tavares,457802,Red Bull Bragantino
Brasil – Série A,36125,Francisco da Costa Aragão,Thomazella,364769,Mirassol Futebol Clube
Brasil – Série A,36125,Francisco da Costa Aragão,André Luis,18541,Mirassol Futebol Clube
Brasil – Série A,36125,Francisco da Costa Aragão,Yuri Lara,232877,Mirassol Futebol Clube
Brasil – Série A,36125,Francisco da Costa Aragão,Everton Galdino,189090,Mirassol Futebol Clube
Brasil – Série A,36125,Francisco da Costa Aragão,Negueba,374158,Mirassol Futebol Clube
Brasil – Série A,36125,Francisco da Costa Aragão,Carlos Eduardo,27046,Mirassol Futebol Clube
Brasil – Série A,36125,Francisco da Costa Aragão,Edson Carioca,269841,Mirassol Futebol Clube
Brasil – Série A,36125,Francisco da Costa Aragão,Lucas Oliveira,44576,Mirassol Futebol Clube
Brasil – Série A,36125,Francisco da Costa Aragão,Bruno Santos,235298,Mirassol Futebol Clube
Brasil – Série A,36125,Francisco da Costa Aragão,Shaylon,25724,Mirassol Futebol Clube
Brasil – Série A,36125,Francisco da Costa Aragão,Victor Luis,29257,Mirassol Futebol Clube
Brasil – Série A,36125,Francisco da Costa Aragão,Gustavo Cazonatti,189091,Mirassol Futebol Clube
Brasil – Série A,36125,Francisco da Costa Aragão,Wallisson,199456,Mirassol Futebol Clube
Brasil – Série A,36125,Francisco da Costa Aragão,Gabriel Pires,6597,Mirassol Futebol Clube
Brasil – Série A,36125,Francisco da Costa Aragão,Gabriel Knesowitsch,345426,Mirassol Futebol Clube
Brasil – Série A,36125,Francisco da Costa Aragão,Renato Marques,271468,Mirassol Futebol Clube
Brasil – Série A,36125,Francisco da Costa Aragão,Uiliam Fogaça,44553,Mirassol Futebol Clube
Brasil – Série A,36125,Francisco da Costa Aragão,Denilson,292259,Mirassol Futebol Clube
Brasil – Série A,36125,Francisco da Costa Aragão,Japa,375740,Mirassol Futebol Clube
Brasil – Série A,36125,Francisco da Costa Aragão,Fernandinho,122881,Mirassol Futebol Clube
Brasil – Série A,36125,Francisco da Costa Aragão,Luizão,113567,Mirassol Futebol Clube
Brasil – Série A,36125,Francisco da Costa Aragão,Walter,25503,Mirassol Futebol Clube
Brasil – Série A,36125,Francisco da Costa Aragão,Igor Formiga,46380,Mirassol Futebol Clube
Brasil – Série A,36125,Francisco da Costa Aragão,Elias,45659,Mirassol Futebol Clube
Brasil – Série A,36469,José Andrés Martínez Torres,Kaio César,297731,Sport Club Corinthians Paulista
Brasil – Série A,36469,José Andrés Martínez Torres,Matheuzinho,45675,Sport Club Corinthians Paulista
Brasil – Série A,36469,José Andrés Martínez Torres,Kayke,399983,Sport Club Corinthians Paulista
Brasil – Série A,36469,José Andrés Martínez Torres,Charles,44119,Sport Club Corinthians Paulista
Brasil – Série A,36469,José Andrés Martínez Torres,Gabriel Paulista,6746,Sport Club Corinthians Paulista
Brasil – Série A,36469,José Andrés Martínez Torres,Jesse Lingard,3293,Sport Club Corinthians Paulista
Brasil – Série A,36469,José Andrés Martínez Torres,Allan,17183,Sport Club Corinthians Paulista
Brasil – Série A,36469,José Andrés Martínez Torres,Zakaria Labyad,8471,Sport Club Corinthians Paulista
Brasil – Série A,36469,José Andrés Martínez Torres,Kauê,271904,Sport Club Corinthians Paulista
Brasil – Série A,36469,José Andrés Martínez Torres,Pedro Milans,337481,Sport Club Corinthians Paulista
Brasil – Série A,36469,José Andrés Martínez Torres,Dieguinho,473731,Sport Club Corinthians Paulista
Brasil – Série A,36469,José Andrés Martínez Torres,André,439651,Sport Club Corinthians Paulista
Brasil – Série A,36469,José Andrés Martínez Torres,Hugo Souza,46607,Sport Club Corinthians Paulista
Brasil – Série A,36469,José Andrés Martínez Torres,Vitinho,25140,Sport Club Corinthians Paulista
Brasil – Série A,38842,Guzmán Rodríguez Ferrari,Davi Gomes,460435,Red Bull Bragantino
Brasil – Série A,38842,Guzmán Rodríguez Ferrari,Rodriguinho,276863,Red Bull Bragantino
Brasil – Série A,38842,Guzmán Rodríguez Ferrari,Tiago Volpi,25348,Red Bull Bragantino
Brasil – Série A,38842,Guzmán Rodríguez Ferrari,Cleiton,27138,Red Bull Bragantino
Brasil – Série A,38842,Guzmán Rodríguez Ferrari,Fabinho,113294,Red Bull Bragantino
Brasil – Série A,38842,Guzmán Rodríguez Ferrari,Marcelinho Braz,394513,Red Bull Bragantino
Brasil – Série A,38842,Guzmán Rodríguez Ferrari,Jhuan,480054,Red Bull Bragantino
Brasil – Série A,38842,Guzmán Rodríguez Ferrari,Yuri Alves,433430,Red Bull Bragantino
Brasil – Série A,38842,Guzmán Rodríguez Ferrari,Cauê,430051,Red Bull Bragantino
Brasil – Série A,38842,Guzmán Rodríguez Ferrari,Eduardo Sasha,25092,Red Bull Bragantino
Brasil – Série A,38842,Guzmán Rodríguez Ferrari,Ryan Tavares,457802,Red Bull Bragantino
Brasil – Série A,53115,Micael Dos Santos Silva,Heittor Vinicius da Silva Nunes,480057,Sociedade Esportiva Palmeiras
Brasil – Série A,53115,Micael Dos Santos Silva,Marcelo Lomba,25106,Sociedade Esportiva Palmeiras
Brasil – Série A,53115,Micael Dos Santos Silva,Carlos Miguel,283750,Sociedade Esportiva Palmeiras
Brasil – Série A,53115,Micael Dos Santos Silva,Riquelme Fillipi,416461,Sociedade Esportiva Palmeiras
Brasil – Série A,53115,Micael Dos Santos Silva,Bruno Rodrigues,122804,Sociedade Esportiva Palmeiras
Brasil – Série A,53115,Micael Dos Santos Silva,Arthur Gabriel,437710,Sociedade Esportiva Palmeiras
Brasil – Série A,53115,Micael Dos Santos Silva,Luighi,416459,Sociedade Esportiva Palmeiras
Brasil – Série A,53115,Micael Dos Santos Silva,Larson,430711,Sociedade Esportiva Palmeiras
Brasil – Série A,53115,Micael Dos Santos Silva,Paulinho,13310,Sociedade Esportiva Palmeiras
Brasil – Série A,53115,Micael Dos Santos Silva,Allan,437706,Sociedade Esportiva Palmeiras
Brasil – Série A,53115,Micael Dos Santos Silva,Benedetti,436642,Sociedade Esportiva Palmeiras
Brasil – Série A,72919,Guilherme Augusto Vieira dos Santos,Nadson,483182,Santos Futebol Clube
Brasil – Série A,72919,Guilherme Augusto Vieira dos Santos,Robson Junior,470630,Santos Futebol Clube
Brasil – Série A,72919,Guilherme Augusto Vieira dos Santos,Davi Fernandes,522693,Santos Futebol Clube
Brasil – Série A,72919,Guilherme Augusto Vieira dos Santos,João Ananias,470626,Santos Futebol Clube
Brasil – Série A,72919,Guilherme Augusto Vieira dos Santos,Christian Oliva,31931,Santos Futebol Clube
Brasil – Série A,72919,Guilherme Augusto Vieira dos Santos,Gustavinho,433961,Santos Futebol Clube
Brasil – Série A,72919,Guilherme Augusto Vieira dos Santos,Miguelito,336796,Santos Futebol Clube
Brasil – Série A,72919,Guilherme Augusto Vieira dos Santos,Mateus Xavier,433963,Santos Futebol Clube
Brasil – Série A,72919,Guilherme Augusto Vieira dos Santos,Gabriel Barbosa,25147,Santos Futebol Clube
Brasil – Série A,72919,Guilherme Augusto Vieira dos Santos,Rafael Gonzaga,479252,Santos Futebol Clube
Brasil – Série A,72919,Guilherme Augusto Vieira dos Santos,Gustavo Rubén Caballero González,216087,Santos Futebol Clube
Brasil – Série A,72919,Guilherme Augusto Vieira dos Santos,Thaciano,25251,Santos Futebol Clube
Brasil – Série A,72919,Guilherme Augusto Vieira dos Santos,Lucas Verissimo,25098,Santos Futebol Clube
Brasil – Série A,72919,Guilherme Augusto Vieira dos Santos,Gabriel Brazão,33043,Santos Futebol Clube
Brasil – Série A,72919,Guilherme Augusto Vieira dos Santos,Samuel Pierre,483179,Santos Futebol Clube
Brasil – Série A,72919,Guilherme Augusto Vieira dos Santos,Fernando Pradella,483190,Santos Futebol Clube
Brasil – Série A,72919,Guilherme Augusto Vieira dos Santos,Moises,232285,Santos Futebol Clube
Brasil – Série A,72919,Guilherme Augusto Vieira dos Santos,Vinicius Lira,433957,Santos Futebol Clube
Brasil – Série A,72919,Guilherme Augusto Vieira dos Santos,Zé Ivaldo,41414,Santos Futebol Clube
Brasil – Série A,82406,Wesley Vinícius França Lima,Lucas Paquetá,22600,CR Flamengo
Brasil – Série A,82406,Wesley Vinícius França Lima,Agustín Rossi,28503,CR Flamengo
Brasil – Série A,82406,Wesley Vinícius França Lima,Emerson Royal,23522,CR Flamengo
Brasil – Série A,82406,Wesley Vinícius França Lima,Wallace Yan,423545,CR Flamengo
Brasil – Série A,82406,Wesley Vinícius França Lima,Caio Joshua,472244,CR Flamengo
Brasil – Série A,82406,Wesley Vinícius França Lima,Lorran,408492,CR Flamengo
Brasil – Série A,82406,Wesley Vinícius França Lima,Johnny Góes,459194,CR Flamengo
Brasil – Série A,82406,Wesley Vinícius França Lima,João Souza,416467,CR Flamengo
Brasil – Série A,145076,Hugo Ferreira de Farias,Kaio César,297731,Sport Club Corinthians Paulista
Brasil – Série A,145076,Hugo Ferreira de Farias,Matheuzinho,45675,Sport Club Corinthians Paulista
Brasil – Série A,145076,Hugo Ferreira de Farias,Kayke,399983,Sport Club Corinthians Paulista
Brasil – Série A,145076,Hugo Ferreira de Farias,Charles,44119,Sport Club Corinthians Paulista
Brasil – Série A,145076,Hugo Ferreira de Farias,Gabriel Paulista,6746,Sport Club Corinthians Paulista
Brasil – Série A,145076,Hugo Ferreira de Farias,Jesse Lingard,3293,Sport Club Corinthians Paulista
Brasil – Série A,145076,Hugo Ferreira de Farias,Allan,17183,Sport Club Corinthians Paulista
Brasil – Série A,145076,Hugo Ferreira de Farias,Zakaria Labyad,8471,Sport Club Corinthians Paulista
Brasil – Série A,145076,Hugo Ferreira de Farias,Kauê,271904,Sport Club Corinthians Paulista
Brasil – Série A,145076,Hugo Ferreira de Farias,Pedro Milans,337481,Sport Club Corinthians Paulista
Brasil – Série A,145076,Hugo Ferreira de Farias,Dieguinho,473731,Sport Club Corinthians Paulista
Brasil – Série A,145076,Hugo Ferreira de Farias,André,439651,Sport Club Corinthians Paulista
Brasil – Série A,145076,Hugo Ferreira de Farias,Hugo Souza,46607,Sport Club Corinthians Paulista
Brasil – Série A,145076,Hugo Ferreira de Farias,Vitinho,25140,Sport Club Corinthians Paulista
Brasil – Série A,165454,David Ricardo Loiola da Silva,Lucas Villalba,101034,Botafogo de Futebol e Regatas
Brasil – Série A,165454,David Ricardo Loiola da Silva,Caio Roque,133429,Botafogo de Futebol e Regatas
Brasil – Série A,165454,David Ricardo Loiola da Silva,Jhoan Hernández,395152,Botafogo de Futebol e Regatas
Brasil – Série A,165454,David Ricardo Loiola da Silva,Gabriel Batista,32907,Botafogo de Futebol e Regatas
Brasil – Série A,165454,David Ricardo Loiola da Silva,Junior Santos,25174,Botafogo de Futebol e Regatas
Brasil – Série A,165454,David Ricardo Loiola da Silva,Domingos Andrade,149577,Botafogo de Futebol e Regatas
Brasil – Série A,165454,David Ricardo Loiola da Silva,Kadir Barría,526307,Botafogo de Futebol e Regatas
Brasil – Série A,165454,David Ricardo Loiola da Silva,Nathan Fernandes,396261,Botafogo de Futebol e Regatas
Brasil – Série A,165454,David Ricardo Loiola da Silva,Lucas Nascimento,474921,Botafogo de Futebol e Regatas
Brasil – Série A,165454,David Ricardo Loiola da Silva,Bastos,8192,Botafogo de Futebol e Regatas
Brasil – Série A,165454,David Ricardo Loiola da Silva,Cristian Medina,54150,Botafogo de Futebol e Regatas
Brasil – Série A,165454,David Ricardo Loiola da Silva,Paulinho,26944,Botafogo de Futebol e Regatas
Brasil – Série A,165454,David Ricardo Loiola da Silva,Warleson,43703,Botafogo de Futebol e Regatas
Brasil – Série A,165454,David Ricardo Loiola da Silva,Huguinho,474385,Botafogo de Futebol e Regatas
Brasil – Série A,165454,David Ricardo Loiola da Silva,Kauan Toledo,446829,Botafogo de Futebol e Regatas
Brasil – Série A,165454,David Ricardo Loiola da Silva,Léo Linck,61312,Botafogo de Futebol e Regatas
Brasil – Série A,165454,David Ricardo Loiola da Silva,Marquinhos,474386,Botafogo de Futebol e Regatas
Brasil – Série A,165454,David Ricardo Loiola da Silva,Lucas Monzón,43859,Botafogo de Futebol e Regatas
Brasil – Série A,165454,David Ricardo Loiola da Silva,Danilo,46451,Botafogo de Futebol e Regatas
Brasil – Série A,165454,David Ricardo Loiola da Silva,Ythallo,272484,Botafogo de Futebol e Regatas
Brasil – Série A,165454,David Ricardo Loiola da Silva,Gabriel Justino,440194,Botafogo de Futebol e Regatas
Brasil – Série A,165454,David Ricardo Loiola da Silva,Jordan Barrera,395663,Botafogo de Futebol e Regatas
Brasil – Série A,166327,Jefferson Ruan Pereira dos Santos,Lucas Villalba,101034,Botafogo de Futebol e Regatas
Brasil – Série A,166327,Jefferson Ruan Pereira dos Santos,Caio Roque,133429,Botafogo de Futebol e Regatas
Brasil – Série A,166327,Jefferson Ruan Pereira dos Santos,Jhoan Hernández,395152,Botafogo de Futebol e Regatas
Brasil – Série A,166327,Jefferson Ruan Pereira dos Santos,Gabriel Batista,32907,Botafogo de Futebol e Regatas
Brasil – Série A,166327,Jefferson Ruan Pereira dos Santos,Junior Santos,25174,Botafogo de Futebol e Regatas
Brasil – Série A,166327,Jefferson Ruan Pereira dos Santos,Domingos Andrade,149577,Botafogo de Futebol e Regatas
Brasil – Série A,166327,Jefferson Ruan Pereira dos Santos,Kadir Barría,526307,Botafogo de Futebol e Regatas
Brasil – Série A,166327,Jefferson Ruan Pereira dos Santos,Nathan Fernandes,396261,Botafogo de Futebol e Regatas
Brasil – Série A,166327,Jefferson Ruan Pereira dos Santos,Lucas Nascimento,474921,Botafogo de Futebol e Regatas
Brasil – Série A,166327,Jefferson Ruan Pereira dos Santos,Bastos,8192,Botafogo de Futebol e Regatas
Brasil – Série A,166327,Jefferson Ruan Pereira dos Santos,Cristian Medina,54150,Botafogo de Futebol e Regatas
Brasil – Série A,166327,Jefferson Ruan Pereira dos Santos,Paulinho,26944,Botafogo de Futebol e Regatas
Brasil – Série A,166327,Jefferson Ruan Pereira dos Santos,Warleson,43703,Botafogo de Futebol e Regatas
Brasil – Série A,166327,Jefferson Ruan Pereira dos Santos,Huguinho,474385,Botafogo de Futebol e Regatas
Brasil – Série A,166327,Jefferson Ruan Pereira dos Santos,Kauan Toledo,446829,Botafogo de Futebol e Regatas
Brasil – Série A,166327,Jefferson Ruan Pereira dos Santos,Léo Linck,61312,Botafogo de Futebol e Regatas
Brasil – Série A,166327,Jefferson Ruan Pereira dos Santos,Marquinhos,474386,Botafogo de Futebol e Regatas
Brasil – Série A,166327,Jefferson Ruan Pereira dos Santos,Lucas Monzón,43859,Botafogo de Futebol e Regatas
Brasil – Série A,166327,Jefferson Ruan Pereira dos Santos,Danilo,46451,Botafogo de Futebol e Regatas
Brasil – Série A,166327,Jefferson Ruan Pereira dos Santos,Ythallo,272484,Botafogo de Futebol e Regatas
Brasil – Série A,166327,Jefferson Ruan Pereira dos Santos,Gabriel Justino,440194,Botafogo de Futebol e Regatas
Brasil – Série A,166327,Jefferson Ruan Pereira dos Santos,Jordan Barrera,395663,Botafogo de Futebol e Regatas
Brasil – Série A,170909,Rodrigo Huendra Almeida Mendonça,Nicolas Bosshardt,487861,São Paulo FC
Brasil – Série A,170909,Rodrigo Huendra Almeida Mendonça,Felipe Negrucci,271908,São Paulo FC
Brasil – Série A,170909,Rodrigo Huendra Almeida Mendonça,Domingos Duarte,23807,São Paulo FC
Brasil – Série A,170909,Rodrigo Huendra Almeida Mendonça,Aurélio Buta,23658,São Paulo FC
Brasil – Série A,170909,Rodrigo Huendra Almeida Mendonça,Lucas Moura,3745,São Paulo FC
Brasil – Série A,170909,Rodrigo Huendra Almeida Mendonça,Ryan Francisco,437152,São Paulo FC
Brasil – Série A,170909,Rodrigo Huendra Almeida Mendonça,Matheus Dória,4418,São Paulo FC
Brasil – Série A,170909,Rodrigo Huendra Almeida Mendonça,Djhordney,475217,São Paulo FC
Brasil – Série A,170909,Rodrigo Huendra Almeida Mendonça,Gustavo Santana,475214,São Paulo FC
Brasil – Série A,170909,Rodrigo Huendra Almeida Mendonça,Tetê,475216,São Paulo FC
Brasil – Série A,170909,Rodrigo Huendra Almeida Mendonça,Pedro Ferreira,460274,São Paulo FC
Brasil – Série A,170909,Rodrigo Huendra Almeida Mendonça,Ferreirinha,32497,São Paulo FC
Brasil – Série A,170909,Rodrigo Huendra Almeida Mendonça,Jonathan Calleri,6930,São Paulo FC
Brasil – Série A,170909,Rodrigo Huendra Almeida Mendonça,Danielzinho,235383,São Paulo FC
Brasil – Série A,170909,Rodrigo Huendra Almeida Mendonça,Luis Osorio,475215,São Paulo FC
Brasil – Série A,170909,Rodrigo Huendra Almeida Mendonça,Hugo Leonardo,437145,São Paulo FC
Brasil – Série A,172964,Daniel de Oliveira Sertanejo,Thomazella,364769,Mirassol Futebol Clube
Brasil – Série A,172964,Daniel de Oliveira Sertanejo,André Luis,18541,Mirassol Futebol Clube
Brasil – Série A,172964,Daniel de Oliveira Sertanejo,Yuri Lara,232877,Mirassol Futebol Clube
Brasil – Série A,172964,Daniel de Oliveira Sertanejo,Everton Galdino,189090,Mirassol Futebol Clube
Brasil – Série A,172964,Daniel de Oliveira Sertanejo,Negueba,374158,Mirassol Futebol Clube
Brasil – Série A,172964,Daniel de Oliveira Sertanejo,Carlos Eduardo,27046,Mirassol Futebol Clube
Brasil – Série A,172964,Daniel de Oliveira Sertanejo,Edson Carioca,269841,Mirassol Futebol Clube
Brasil – Série A,172964,Daniel de Oliveira Sertanejo,Lucas Oliveira,44576,Mirassol Futebol Clube
Brasil – Série A,172964,Daniel de Oliveira Sertanejo,Bruno Santos,235298,Mirassol Futebol Clube
Brasil – Série A,172964,Daniel de Oliveira Sertanejo,Shaylon,25724,Mirassol Futebol Clube
Brasil – Série A,172964,Daniel de Oliveira Sertanejo,Victor Luis,29257,Mirassol Futebol Clube
Brasil – Série A,172964,Daniel de Oliveira Sertanejo,Gustavo Cazonatti,189091,Mirassol Futebol Clube
Brasil – Série A,172964,Daniel de Oliveira Sertanejo,Wallisson,199456,Mirassol Futebol Clube
Brasil – Série A,172964,Daniel de Oliveira Sertanejo,Gabriel Pires,6597,Mirassol Futebol Clube
Brasil – Série A,172964,Daniel de Oliveira Sertanejo,Gabriel Knesowitsch,345426,Mirassol Futebol Clube
Brasil – Série A,172964,Daniel de Oliveira Sertanejo,Renato Marques,271468,Mirassol Futebol Clube
Brasil – Série A,172964,Daniel de Oliveira Sertanejo,Uiliam Fogaça,44553,Mirassol Futebol Clube
Brasil – Série A,172964,Daniel de Oliveira Sertanejo,Denilson,292259,Mirassol Futebol Clube
Brasil – Série A,172964,Daniel de Oliveira Sertanejo,Japa,375740,Mirassol Futebol Clube
Brasil – Série A,172964,Daniel de Oliveira Sertanejo,Fernandinho,122881,Mirassol Futebol Clube
Brasil – Série A,172964,Daniel de Oliveira Sertanejo,Luizão,113567,Mirassol Futebol Clube
Brasil – Série A,172964,Daniel de Oliveira Sertanejo,Walter,25503,Mirassol Futebol Clube
Brasil – Série A,172964,Daniel de Oliveira Sertanejo,Igor Formiga,46380,Mirassol Futebol Clube
Brasil – Série A,172964,Daniel de Oliveira Sertanejo,Elias,45659,Mirassol Futebol Clube
Brasil – Série A,177116,Jair Paula da Cunha Filho,Lucas Villalba,101034,Botafogo de Futebol e Regatas
Brasil – Série A,177116,Jair Paula da Cunha Filho,Caio Roque,133429,Botafogo de Futebol e Regatas
Brasil – Série A,177116,Jair Paula da Cunha Filho,Jhoan Hernández,395152,Botafogo de Futebol e Regatas
Brasil – Série A,177116,Jair Paula da Cunha Filho,Gabriel Batista,32907,Botafogo de Futebol e Regatas
Brasil – Série A,177116,Jair Paula da Cunha Filho,Junior Santos,25174,Botafogo de Futebol e Regatas
Brasil – Série A,177116,Jair Paula da Cunha Filho,Domingos Andrade,149577,Botafogo de Futebol e Regatas
Brasil – Série A,177116,Jair Paula da Cunha Filho,Kadir Barría,526307,Botafogo de Futebol e Regatas
Brasil – Série A,177116,Jair Paula da Cunha Filho,Nathan Fernandes,396261,Botafogo de Futebol e Regatas
Brasil – Série A,177116,Jair Paula da Cunha Filho,Lucas Nascimento,474921,Botafogo de Futebol e Regatas
Brasil – Série A,177116,Jair Paula da Cunha Filho,Bastos,8192,Botafogo de Futebol e Regatas
Brasil – Série A,177116,Jair Paula da Cunha Filho,Cristian Medina,54150,Botafogo de Futebol e Regatas
Brasil – Série A,177116,Jair Paula da Cunha Filho,Paulinho,26944,Botafogo de Futebol e Regatas
Brasil – Série A,177116,Jair Paula da Cunha Filho,Warleson,43703,Botafogo de Futebol e Regatas
Brasil – Série A,177116,Jair Paula da Cunha Filho,Huguinho,474385,Botafogo de Futebol e Regatas
Brasil – Série A,177116,Jair Paula da Cunha Filho,Kauan Toledo,446829,Botafogo de Futebol e Regatas
Brasil – Série A,177116,Jair Paula da Cunha Filho,Léo Linck,61312,Botafogo de Futebol e Regatas
Brasil – Série A,177116,Jair Paula da Cunha Filho,Marquinhos,474386,Botafogo de Futebol e Regatas
Brasil – Série A,177116,Jair Paula da Cunha Filho,Lucas Monzón,43859,Botafogo de Futebol e Regatas
Brasil – Série A,177116,Jair Paula da Cunha Filho,Danilo,46451,Botafogo de Futebol e Regatas
Brasil – Série A,177116,Jair Paula da Cunha Filho,Ythallo,272484,Botafogo de Futebol e Regatas
Brasil – Série A,177116,Jair Paula da Cunha Filho,Gabriel Justino,440194,Botafogo de Futebol e Regatas
Brasil – Série A,177116,Jair Paula da Cunha Filho,Jordan Barrera,395663,Botafogo de Futebol e Regatas
Brasil – Série A,439421,Rayan Vitor Simplício Rocha,JV Fonseca,447442,CR Vasco da Gama
Brasil – Série A,439421,Rayan Vitor Simplício Rocha,Facundo Colidio,32477,CR Vasco da Gama
Brasil – Série A,439421,Rayan Vitor Simplício Rocha,GB,437595,CR Vasco da Gama
Brasil – Série A,439421,Rayan Vitor Simplício Rocha,Thiago Mendes,3680,CR Vasco da Gama
Brasil – Série A,439421,Rayan Vitor Simplício Rocha,Alan Saldivia,275886,CR Vasco da Gama
Brasil – Série A,439421,Rayan Vitor Simplício Rocha,Santiago Sosa,32270,CR Vasco da Gama
Brasil – Série A,439421,Rayan Vitor Simplício Rocha,Lukas Zuccarello,447435,CR Vasco da Gama
Brasil – Série A,439421,Rayan Vitor Simplício Rocha,Johan Rojas,189420,CR Vasco da Gama
Brasil – Série A,439421,Rayan Vitor Simplício Rocha,JP,430861,CR Vasco da Gama
Brasil – Série A,439421,Rayan Vitor Simplício Rocha,Claudio Spinelli,27881,CR Vasco da Gama
Brasil – Série A,439421,Rayan Vitor Simplício Rocha,Bruno Lopes,436780,CR Vasco da Gama
Brasil – Série A,439421,Rayan Vitor Simplício Rocha,Andrey Fernandes,477692,CR Vasco da Gama
Brasil – Série A,439421,Rayan Vitor Simplício Rocha,Riquelme Avellar,447433,CR Vasco da Gama
Brasil – Série A,439421,Rayan Vitor Simplício Rocha,Léo Jardim,10582,CR Vasco da Gama
Brasil – Série A,439421,Rayan Vitor Simplício Rocha,Marino Hinestroza,54428,CR Vasco da Gama
Brasil – Série A,439421,Rayan Vitor Simplício Rocha,Ramon Barros,475665,CR Vasco da Gama
Brasil – Série A,439421,Rayan Vitor Simplício Rocha,Adson,120104,CR Vasco da Gama
Brasil – Série A,439421,Rayan Vitor Simplício Rocha,Brenner,25412,CR Vasco da Gama
Brasil – Série A,439489,Ryan Gustavo de Lima,Kaio César,297731,Sport Club Corinthians Paulista
Brasil – Série A,439489,Ryan Gustavo de Lima,Matheuzinho,45675,Sport Club Corinthians Paulista
Brasil – Série A,439489,Ryan Gustavo de Lima,Kayke,399983,Sport Club Corinthians Paulista
Brasil – Série A,439489,Ryan Gustavo de Lima,Charles,44119,Sport Club Corinthians Paulista
Brasil – Série A,439489,Ryan Gustavo de Lima,Gabriel Paulista,6746,Sport Club Corinthians Paulista
Brasil – Série A,439489,Ryan Gustavo de Lima,Jesse Lingard,3293,Sport Club Corinthians Paulista
Brasil – Série A,439489,Ryan Gustavo de Lima,Allan,17183,Sport Club Corinthians Paulista
Brasil – Série A,439489,Ryan Gustavo de Lima,Zakaria Labyad,8471,Sport Club Corinthians Paulista
Brasil – Série A,439489,Ryan Gustavo de Lima,Kauê,271904,Sport Club Corinthians Paulista
Brasil – Série A,439489,Ryan Gustavo de Lima,Pedro Milans,337481,Sport Club Corinthians Paulista
Brasil – Série A,439489,Ryan Gustavo de Lima,Dieguinho,473731,Sport Club Corinthians Paulista
Brasil – Série A,439489,Ryan Gustavo de Lima,André,439651,Sport Club Corinthians Paulista
Brasil – Série A,439489,Ryan Gustavo de Lima,Hugo Souza,46607,Sport Club Corinthians Paulista
Brasil – Série A,439489,Ryan Gustavo de Lima,Vitinho,25140,Sport Club Corinthians Paulista
Brasil – Série A,531342,Pablo Ezequiel Vegetti Pfaffen,JV Fonseca,447442,CR Vasco da Gama
Brasil – Série A,531342,Pablo Ezequiel Vegetti Pfaffen,Facundo Colidio,32477,CR Vasco da Gama
Brasil – Série A,531342,Pablo Ezequiel Vegetti Pfaffen,GB,437595,CR Vasco da Gama
Brasil – Série A,531342,Pablo Ezequiel Vegetti Pfaffen,Thiago Mendes,3680,CR Vasco da Gama
Brasil – Série A,531342,Pablo Ezequiel Vegetti Pfaffen,Alan Saldivia,275886,CR Vasco da Gama
Brasil – Série A,531342,Pablo Ezequiel Vegetti Pfaffen,Santiago Sosa,32270,CR Vasco da Gama
Brasil – Série A,531342,Pablo Ezequiel Vegetti Pfaffen,Lukas Zuccarello,447435,CR Vasco da Gama
Brasil – Série A,531342,Pablo Ezequiel Vegetti Pfaffen,Johan Rojas,189420,CR Vasco da Gama
Brasil – Série A,531342,Pablo Ezequiel Vegetti Pfaffen,JP,430861,CR Vasco da Gama
Brasil – Série A,531342,Pablo Ezequiel Vegetti Pfaffen,Claudio Spinelli,27881,CR Vasco da Gama
Brasil – Série A,531342,Pablo Ezequiel Vegetti Pfaffen,Bruno Lopes,436780,CR Vasco da Gama
Brasil – Série A,531342,Pablo Ezequiel Vegetti Pfaffen,Andrey Fernandes,477692,CR Vasco da Gama
Brasil – Série A,531342,Pablo Ezequiel Vegetti Pfaffen,Riquelme Avellar,447433,CR Vasco da Gama
Brasil – Série A,531342,Pablo Ezequiel Vegetti Pfaffen,Léo Jardim,10582,CR Vasco da Gama
Brasil – Série A,531342,Pablo Ezequiel Vegetti Pfaffen,Marino Hinestroza,54428,CR Vasco da Gama
Brasil – Série A,531342,Pablo Ezequiel Vegetti Pfaffen,Ramon Barros,475665,CR Vasco da Gama
Brasil – Série A,531342,Pablo Ezequiel Vegetti Pfaffen,Adson,120104,CR Vasco da Gama
Brasil – Série A,531342,Pablo Ezequiel Vegetti Pfaffen,Brenner,25412,CR Vasco da Gama
Brasil – Série A,620543,Deivid Washington de Souza Eugênio,Nadson,483182,Santos Futebol Clube
Brasil – Série A,620543,Deivid Washington de Souza Eugênio,Robson Junior,470630,Santos Futebol Clube
Brasil – Série A,620543,Deivid Washington de Souza Eugênio,Davi Fernandes,522693,Santos Futebol Clube
Brasil – Série A,620543,Deivid Washington de Souza Eugênio,João Ananias,470626,Santos Futebol Clube
Brasil – Série A,620543,Deivid Washington de Souza Eugênio,Christian Oliva,31931,Santos Futebol Clube
Brasil – Série A,620543,Deivid Washington de Souza Eugênio,Gustavinho,433961,Santos Futebol Clube
Brasil – Série A,620543,Deivid Washington de Souza Eugênio,Miguelito,336796,Santos Futebol Clube
Brasil – Série A,620543,Deivid Washington de Souza Eugênio,Mateus Xavier,433963,Santos Futebol Clube
Brasil – Série A,620543,Deivid Washington de Souza Eugênio,Gabriel Barbosa,25147,Santos Futebol Clube
Brasil – Série A,620543,Deivid Washington de Souza Eugênio,Rafael Gonzaga,479252,Santos Futebol Clube
Brasil – Série A,620543,Deivid Washington de Souza Eugênio,Gustavo Rubén Caballero González,216087,Santos Futebol Clube
Brasil – Série A,620543,Deivid Washington de Souza Eugênio,Thaciano,25251,Santos Futebol Clube
Brasil – Série A,620543,Deivid Washington de Souza Eugênio,Lucas Verissimo,25098,Santos Futebol Clube
Brasil – Série A,620543,Deivid Washington de Souza Eugênio,Gabriel Brazão,33043,Santos Futebol Clube
Brasil – Série A,620543,Deivid Washington de Souza Eugênio,Samuel Pierre,483179,Santos Futebol Clube
Brasil – Série A,620543,Deivid Washington de Souza Eugênio,Fernando Pradella,483190,Santos Futebol Clube
Brasil – Série A,620543,Deivid Washington de Souza Eugênio,Moises,232285,Santos Futebol Clube
Brasil – Série A,620543,Deivid Washington de Souza Eugênio,Vinicius Lira,433957,Santos Futebol Clube
Brasil – Série A,620543,Deivid Washington de Souza Eugênio,Zé Ivaldo,41414,Santos Futebol Clube
Brasil – Série A,631808,Erick Da Costa Farias,Kanu,30071,Esporte Clube Bahia
Brasil – Série A,631808,Erick Da Costa Farias,Caio Suassuna,436013,Esporte Clube Bahia
Brasil – Série A,631808,Erick Da Costa Farias,Kauê Furquim,478476,Esporte Clube Bahia
Brasil – Série A,631808,Erick Da Costa Farias,Román Gómez,427206,Esporte Clube Bahia
Brasil – Série A,631808,Erick Da Costa Farias,Ruan Pablo Barbosa Sousa,438228,Esporte Clube Bahia
Brasil – Série A,631808,Erick Da Costa Farias,Zé Guilherme,392245,Esporte Clube Bahia
Brasil – Série A,631808,Erick Da Costa Farias,Ronaldo,126653,Esporte Clube Bahia
Brasil – Série A,631808,Erick Da Costa Farias,David Martins,431642,Esporte Clube Bahia
Brasil – Série A,631808,Erick Da Costa Farias,Alejo Veliz,112971,Esporte Clube Bahia
Brasil – Série A,631808,Erick Da Costa Farias,Dell,462833,Esporte Clube Bahia
Brasil – Série A,631808,Erick Da Costa Farias,Luciano Juba,44131,Esporte Clube Bahia
Brasil – Série A,631808,Erick Da Costa Farias,Léo Vieira,31525,Esporte Clube Bahia
Brasil – Série A,631808,Erick Da Costa Farias,Erick Pulga,392955,Esporte Clube Bahia
Brasil – Série A,632559,Luiz Henrique Soares Firmino,Thomazella,364769,Mirassol Futebol Clube
Brasil – Série A,632559,Luiz Henrique Soares Firmino,André Luis,18541,Mirassol Futebol Clube
Brasil – Série A,632559,Luiz Henrique Soares Firmino,Yuri Lara,232877,Mirassol Futebol Clube
Brasil – Série A,632559,Luiz Henrique Soares Firmino,Everton Galdino,189090,Mirassol Futebol Clube
Brasil – Série A,632559,Luiz Henrique Soares Firmino,Negueba,374158,Mirassol Futebol Clube
Brasil – Série A,632559,Luiz Henrique Soares Firmino,Carlos Eduardo,27046,Mirassol Futebol Clube
Brasil – Série A,632559,Luiz Henrique Soares Firmino,Edson Carioca,269841,Mirassol Futebol Clube
Brasil – Série A,632559,Luiz Henrique Soares Firmino,Lucas Oliveira,44576,Mirassol Futebol Clube
Brasil – Série A,632559,Luiz Henrique Soares Firmino,Bruno Santos,235298,Mirassol Futebol Clube
Brasil – Série A,632559,Luiz Henrique Soares Firmino,Shaylon,25724,Mirassol Futebol Clube
Brasil – Série A,632559,Luiz Henrique Soares Firmino,Victor Luis,29257,Mirassol Futebol Clube
Brasil – Série A,632559,Luiz Henrique Soares Firmino,Gustavo Cazonatti,189091,Mirassol Futebol Clube
Brasil – Série A,632559,Luiz Henrique Soares Firmino,Wallisson,199456,Mirassol Futebol Clube
Brasil – Série A,632559,Luiz Henrique Soares Firmino,Gabriel Pires,6597,Mirassol Futebol Clube
Brasil – Série A,632559,Luiz Henrique Soares Firmino,Gabriel Knesowitsch,345426,Mirassol Futebol Clube
Brasil – Série A,632559,Luiz Henrique Soares Firmino,Renato Marques,271468,Mirassol Futebol Clube
Brasil – Série A,632559,Luiz Henrique Soares Firmino,Uiliam Fogaça,44553,Mirassol Futebol Clube
Brasil – Série A,632559,Luiz Henrique Soares Firmino,Denilson,292259,Mirassol Futebol Clube
Brasil – Série A,632559,Luiz Henrique Soares Firmino,Japa,375740,Mirassol Futebol Clube
Brasil – Série A,632559,Luiz Henrique Soares Firmino,Fernandinho,122881,Mirassol Futebol Clube
Brasil – Série A,632559,Luiz Henrique Soares Firmino,Luizão,113567,Mirassol Futebol Clube
Brasil – Série A,632559,Luiz Henrique Soares Firmino,Walter,25503,Mirassol Futebol Clube
Brasil – Série A,632559,Luiz Henrique Soares Firmino,Igor Formiga,46380,Mirassol Futebol Clube
Brasil – Série A,632559,Luiz Henrique Soares Firmino,Elias,45659,Mirassol Futebol Clube
Brasil – Série A,735695,Clayton Sampaio Pereira,Benjamin Arhin,483102,SC Internacional
Brasil – Série A,735695,Clayton Sampaio Pereira,Anthoni,122909,SC Internacional
Brasil – Série A,735695,Clayton Sampaio Pereira,Alerrandro,25434,SC Internacional
Brasil – Série A,735695,Clayton Sampaio Pereira,João Bezerra,485407,SC Internacional
Brasil – Série A,735695,Clayton Sampaio Pereira,Calebe,44834,SC Internacional
Brasil – Série A,735695,Clayton Sampaio Pereira,Niclas Eliasson,9597,SC Internacional
Brasil – Série A,735695,Clayton Sampaio Pereira,Sergio Rochet,36710,SC Internacional
Brasil – Série A,735695,Clayton Sampaio Pereira,Antonio Sanabria,6880,SC Internacional
Brasil – Série A,735695,Clayton Sampaio Pereira,Allex,438338,SC Internacional
Brasil – Série A,735695,Clayton Sampaio Pereira,Guillermo Maripán,6855,SC Internacional
Brasil – Série A,735695,Clayton Sampaio Pereira,Matheus Cunha,171083,SC Internacional
Brasil – Série A,735695,Clayton Sampaio Pereira,Paulinho Paula,32126,SC Internacional
Brasil – Série A,735695,Clayton Sampaio Pereira,Bruno Tabata,11190,SC Internacional
Brasil – Série A,735695,Clayton Sampaio Pereira,Luiz Felipe,476391,SC Internacional
Brasil – Série A,735695,Clayton Sampaio Pereira,Rodrigo Villagra,33196,SC Internacional
Brasil – Série A,735695,Clayton Sampaio Pereira,Raykkonen,474977,SC Internacional
Brasil – Série A,799289,Estevão William Almeida de Oliveira Gonçalves,Heittor Vinicius da Silva Nunes,480057,Sociedade Esportiva Palmeiras
Brasil – Série A,799289,Estevão William Almeida de Oliveira Gonçalves,Marcelo Lomba,25106,Sociedade Esportiva Palmeiras
Brasil – Série A,799289,Estevão William Almeida de Oliveira Gonçalves,Carlos Miguel,283750,Sociedade Esportiva Palmeiras
Brasil – Série A,799289,Estevão William Almeida de Oliveira Gonçalves,Riquelme Fillipi,416461,Sociedade Esportiva Palmeiras
Brasil – Série A,799289,Estevão William Almeida de Oliveira Gonçalves,Bruno Rodrigues,122804,Sociedade Esportiva Palmeiras
Brasil – Série A,799289,Estevão William Almeida de Oliveira Gonçalves,Arthur Gabriel,437710,Sociedade Esportiva Palmeiras
Brasil – Série A,799289,Estevão William Almeida de Oliveira Gonçalves,Luighi,416459,Sociedade Esportiva Palmeiras
Brasil – Série A,799289,Estevão William Almeida de Oliveira Gonçalves,Larson,430711,Sociedade Esportiva Palmeiras
Brasil – Série A,799289,Estevão William Almeida de Oliveira Gonçalves,Paulinho,13310,Sociedade Esportiva Palmeiras
Brasil – Série A,799289,Estevão William Almeida de Oliveira Gonçalves,Allan,437706,Sociedade Esportiva Palmeiras
Brasil – Série A,799289,Estevão William Almeida de Oliveira Gonçalves,Benedetti,436642,Sociedade Esportiva Palmeiras
Brasil – Série A,815983,Ricardo Mathias da Silva,Benjamin Arhin,483102,SC Internacional
Brasil – Série A,815983,Ricardo Mathias da Silva,Anthoni,122909,SC Internacional
Brasil – Série A,815983,Ricardo Mathias da Silva,Alerrandro,25434,SC Internacional
Brasil – Série A,815983,Ricardo Mathias da Silva,João Bezerra,485407,SC Internacional
Brasil – Série A,815983,Ricardo Mathias da Silva,Calebe,44834,SC Internacional
Brasil – Série A,815983,Ricardo Mathias da Silva,Niclas Eliasson,9597,SC Internacional
Brasil – Série A,815983,Ricardo Mathias da Silva,Sergio Rochet,36710,SC Internacional
Brasil – Série A,815983,Ricardo Mathias da Silva,Antonio Sanabria,6880,SC Internacional
Brasil – Série A,815983,Ricardo Mathias da Silva,Allex,438338,SC Internacional
Brasil – Série A,815983,Ricardo Mathias da Silva,Guillermo Maripán,6855,SC Internacional
Brasil – Série A,815983,Ricardo Mathias da Silva,Matheus Cunha,171083,SC Internacional
Brasil – Série A,815983,Ricardo Mathias da Silva,Paulinho Paula,32126,SC Internacional
Brasil – Série A,815983,Ricardo Mathias da Silva,Bruno Tabata,11190,SC Internacional
Brasil – Série A,815983,Ricardo Mathias da Silva,Luiz Felipe,476391,SC Internacional
Brasil – Série A,815983,Ricardo Mathias da Silva,Rodrigo Villagra,33196,SC Internacional
Brasil – Série A,815983,Ricardo Mathias da Silva,Raykkonen,474977,SC Internacional
Brasil – Série A,832939,Alysson Edward Franco da Rocha,Thiago Beltrame,271557,Grêmio FB Porto Alegrense
Brasil – Série A,832939,Alysson Edward Franco da Rocha,Jovane Cabral,10598,Grêmio FB Porto Alegrense
Brasil – Série A,832939,Alysson Edward Franco da Rocha,Pedro Gabriel,462164,Grêmio FB Porto Alegrense
Brasil – Série A,832939,Alysson Edward Franco da Rocha,Tete,32900,Grêmio FB Porto Alegrense
Brasil – Série A,832939,Alysson Edward Franco da Rocha,José Enamorado,35046,Grêmio FB Porto Alegrense
Brasil – Série A,832939,Alysson Edward Franco da Rocha,Danilo Barbosa,10037,Grêmio FB Porto Alegrense
Brasil – Série A,832939,Alysson Edward Franco da Rocha,Gabriel Grando,112991,Grêmio FB Porto Alegrense
Brasil – Série A,832939,Alysson Edward Franco da Rocha,Filip Krovinovic,14535,Grêmio FB Porto Alegrense
Brasil – Série A,832939,Alysson Edward Franco da Rocha,Juan Nardoni,31117,Grêmio FB Porto Alegrense
Brasil – Série A,832939,Alysson Edward Franco da Rocha,Leonel Pérez,402166,Grêmio FB Porto Alegrense
Brasil – Série A,832939,Alysson Edward Franco da Rocha,Wéverton,25101,Grêmio FB Porto Alegrense
Brasil – Série A,832939,Alysson Edward Franco da Rocha,Gabriel Otavio Menegon,480115,Grêmio FB Porto Alegrense
Brasil – Série A,832939,Alysson Edward Franco da Rocha,Tiaguinho,451600,Grêmio FB Porto Alegrense
Brasil – Série A,832939,Alysson Edward Franco da Rocha,Jefinho,432121,Grêmio FB Porto Alegrense
Brasil – Série A,832939,Alysson Edward Franco da Rocha,Wallace dos Santos,435304,Grêmio FB Porto Alegrense
Brasil – Série A,832939,Alysson Edward Franco da Rocha,Fabián Balbuena,10290,Grêmio FB Porto Alegrense
Brasil – Série A,832939,Alysson Edward Franco da Rocha,Gabriel Mec,459703,Grêmio FB Porto Alegrense
Brasil – Série A,832939,Alysson Edward Franco da Rocha,Willian,3472,Grêmio FB Porto Alegrense
Brasil – Série A,832939,Alysson Edward Franco da Rocha,Viery,399440,Grêmio FB Porto Alegrense
Brasil – Série A,832939,Alysson Edward Franco da Rocha,Roger,510280,Grêmio FB Porto Alegrense
Brasil – Série A,832939,Alysson Edward Franco da Rocha,Luis Eduardo,459706,Grêmio FB Porto Alegrense
Brasil – Série A,832939,Alysson Edward Franco da Rocha,Miguel Monsalve,48796,Grêmio FB Porto Alegrense
Brasil – Série A,832939,Alysson Edward Franco da Rocha,Vitor Oliveira,471916,Grêmio FB Porto Alegrense
Brasil – Série A,832939,Alysson Edward Franco da Rocha,Bernardo Zortea,432117,Grêmio FB Porto Alegrense
Brasil – Série A,832939,Alysson Edward Franco da Rocha,Diego Caito,431520,Grêmio FB Porto Alegrense
Brasil – Série A,833936,Igor Eduardo Schlemper,Thiago Beltrame,271557,Grêmio FB Porto Alegrense
Brasil – Série A,833936,Igor Eduardo Schlemper,Jovane Cabral,10598,Grêmio FB Porto Alegrense
Brasil – Série A,833936,Igor Eduardo Schlemper,Pedro Gabriel,462164,Grêmio FB Porto Alegrense
Brasil – Série A,833936,Igor Eduardo Schlemper,Tete,32900,Grêmio FB Porto Alegrense
Brasil – Série A,833936,Igor Eduardo Schlemper,José Enamorado,35046,Grêmio FB Porto Alegrense
Brasil – Série A,833936,Igor Eduardo Schlemper,Danilo Barbosa,10037,Grêmio FB Porto Alegrense
Brasil – Série A,833936,Igor Eduardo Schlemper,Gabriel Grando,112991,Grêmio FB Porto Alegrense
Brasil – Série A,833936,Igor Eduardo Schlemper,Filip Krovinovic,14535,Grêmio FB Porto Alegrense
Brasil – Série A,833936,Igor Eduardo Schlemper,Juan Nardoni,31117,Grêmio FB Porto Alegrense
Brasil – Série A,833936,Igor Eduardo Schlemper,Leonel Pérez,402166,Grêmio FB Porto Alegrense
Brasil – Série A,833936,Igor Eduardo Schlemper,Wéverton,25101,Grêmio FB Porto Alegrense
Brasil – Série A,833936,Igor Eduardo Schlemper,Gabriel Otavio Menegon,480115,Grêmio FB Porto Alegrense
Brasil – Série A,833936,Igor Eduardo Schlemper,Tiaguinho,451600,Grêmio FB Porto Alegrense
Brasil – Série A,833936,Igor Eduardo Schlemper,Jefinho,432121,Grêmio FB Porto Alegrense
Brasil – Série A,833936,Igor Eduardo Schlemper,Wallace dos Santos,435304,Grêmio FB Porto Alegrense
Brasil – Série A,833936,Igor Eduardo Schlemper,Fabián Balbuena,10290,Grêmio FB Porto Alegrense
Brasil – Série A,833936,Igor Eduardo Schlemper,Gabriel Mec,459703,Grêmio FB Porto Alegrense
Brasil – Série A,833936,Igor Eduardo Schlemper,Willian,3472,Grêmio FB Porto Alegrense
Brasil – Série A,833936,Igor Eduardo Schlemper,Viery,399440,Grêmio FB Porto Alegrense
Brasil – Série A,833936,Igor Eduardo Schlemper,Roger,510280,Grêmio FB Porto Alegrense
Brasil – Série A,833936,Igor Eduardo Schlemper,Luis Eduardo,459706,Grêmio FB Porto Alegrense
Brasil – Série A,833936,Igor Eduardo Schlemper,Miguel Monsalve,48796,Grêmio FB Porto Alegrense
Brasil – Série A,833936,Igor Eduardo Schlemper,Vitor Oliveira,471916,Grêmio FB Porto Alegrense
Brasil – Série A,833936,Igor Eduardo Schlemper,Bernardo Zortea,432117,Grêmio FB Porto Alegrense
Brasil – Série A,833936,Igor Eduardo Schlemper,Diego Caito,431520,Grêmio FB Porto Alegrense
Brasil – Série A,835814,Tiago Souza de Jesus Carvalho,Kanu,30071,Esporte Clube Bahia
Brasil – Série A,835814,Tiago Souza de Jesus Carvalho,Caio Suassuna,436013,Esporte Clube Bahia
Brasil – Série A,835814,Tiago Souza de Jesus Carvalho,Kauê Furquim,478476,Esporte Clube Bahia
Brasil – Série A,835814,Tiago Souza de Jesus Carvalho,Román Gómez,427206,Esporte Clube Bahia
Brasil – Série A,835814,Tiago Souza de Jesus Carvalho,Ruan Pablo Barbosa Sousa,438228,Esporte Clube Bahia
Brasil – Série A,835814,Tiago Souza de Jesus Carvalho,Zé Guilherme,392245,Esporte Clube Bahia
Brasil – Série A,835814,Tiago Souza de Jesus Carvalho,Ronaldo,126653,Esporte Clube Bahia
Brasil – Série A,835814,Tiago Souza de Jesus Carvalho,David Martins,431642,Esporte Clube Bahia
Brasil – Série A,835814,Tiago Souza de Jesus Carvalho,Alejo Veliz,112971,Esporte Clube Bahia
Brasil – Série A,835814,Tiago Souza de Jesus Carvalho,Dell,462833,Esporte Clube Bahia
Brasil – Série A,835814,Tiago Souza de Jesus Carvalho,Luciano Juba,44131,Esporte Clube Bahia
Brasil – Série A,835814,Tiago Souza de Jesus Carvalho,Léo Vieira,31525,Esporte Clube Bahia
Brasil – Série A,835814,Tiago Souza de Jesus Carvalho,Erick Pulga,392955,Esporte Clube Bahia
Brasil – Série A,970626,Lucas dos Santos Ferreira,Nicolas Bosshardt,487861,São Paulo FC
Brasil – Série A,970626,Lucas dos Santos Ferreira,Felipe Negrucci,271908,São Paulo FC
Brasil – Série A,970626,Lucas dos Santos Ferreira,Domingos Duarte,23807,São Paulo FC
Brasil – Série A,970626,Lucas dos Santos Ferreira,Aurélio Buta,23658,São Paulo FC
Brasil – Série A,970626,Lucas dos Santos Ferreira,Lucas Moura,3745,São Paulo FC
Brasil – Série A,970626,Lucas dos Santos Ferreira,Ryan Francisco,437152,São Paulo FC
Brasil – Série A,970626,Lucas dos Santos Ferreira,Matheus Dória,4418,São Paulo FC
Brasil – Série A,970626,Lucas dos Santos Ferreira,Djhordney,475217,São Paulo FC
Brasil – Série A,970626,Lucas dos Santos Ferreira,Gustavo Santana,475214,São Paulo FC
Brasil – Série A,970626,Lucas dos Santos Ferreira,Tetê,475216,São Paulo FC
Brasil – Série A,970626,Lucas dos Santos Ferreira,Pedro Ferreira,460274,São Paulo FC
Brasil – Série A,970626,Lucas dos Santos Ferreira,Ferreirinha,32497,São Paulo FC
Brasil – Série A,970626,Lucas dos Santos Ferreira,Jonathan Calleri,6930,São Paulo FC
Brasil – Série A,970626,Lucas dos Santos Ferreira,Danielzinho,235383,São Paulo FC
Brasil – Série A,970626,Lucas dos Santos Ferreira,Luis Osorio,475215,São Paulo FC
Brasil – Série A,970626,Lucas dos Santos Ferreira,Hugo Leonardo,437145,São Paulo FC
Brasil – Série A,985116,Matheus Alves Nascimento,Nicolas Bosshardt,487861,São Paulo FC
Brasil – Série A,985116,Matheus Alves Nascimento,Felipe Negrucci,271908,São Paulo FC
Brasil – Série A,985116,Matheus Alves Nascimento,Domingos Duarte,23807,São Paulo FC
Brasil – Série A,985116,Matheus Alves Nascimento,Aurélio Buta,23658,São Paulo FC
Brasil – Série A,985116,Matheus Alves Nascimento,Lucas Moura,3745,São Paulo FC
Brasil – Série A,985116,Matheus Alves Nascimento,Ryan Francisco,437152,São Paulo FC
Brasil – Série A,985116,Matheus Alves Nascimento,Matheus Dória,4418,São Paulo FC
Brasil – Série A,985116,Matheus Alves Nascimento,Djhordney,475217,São Paulo FC
Brasil – Série A,985116,Matheus Alves Nascimento,Gustavo Santana,475214,São Paulo FC
Brasil – Série A,985116,Matheus Alves Nascimento,Tetê,475216,São Paulo FC
Brasil – Série A,985116,Matheus Alves Nascimento,Pedro Ferreira,460274,São Paulo FC
Brasil – Série A,985116,Matheus Alves Nascimento,Ferreirinha,32497,São Paulo FC
Brasil – Série A,985116,Matheus Alves Nascimento,Jonathan Calleri,6930,São Paulo FC
Brasil – Série A,985116,Matheus Alves Nascimento,Danielzinho,235383,São Paulo FC
Brasil – Série A,985116,Matheus Alves Nascimento,Luis Osorio,475215,São Paulo FC
Brasil – Série A,985116,Matheus Alves Nascimento,Hugo Leonardo,437145,São Paulo FC
Brasil – Série A,997330,Maykon Kesley de Jesus Ramalho,Lawan,437607,EC Vitória
Brasil – Série A,997330,Maykon Kesley de Jesus Ramalho,Diego Tarzia,423689,EC Vitória
Brasil – Série A,997330,Maykon Kesley de Jesus Ramalho,Renê,425309,EC Vitória
Brasil – Série A,997330,Maykon Kesley de Jesus Ramalho,Edenilson,444870,EC Vitória
Brasil – Série A,997330,Maykon Kesley de Jesus Ramalho,Zé Marcos,32623,EC Vitória
Brasil – Série A,997330,Maykon Kesley de Jesus Ramalho,Alex Bruno,374999,EC Vitória
Brasil – Série A,997330,Maykon Kesley de Jesus Ramalho,Zé Vitor,430892,EC Vitória
Brasil – Série A,997330,Maykon Kesley de Jesus Ramalho,Mateus Silva,234115,EC Vitória
Brasil – Série A,997330,Maykon Kesley de Jesus Ramalho,Fabri,44542,EC Vitória
Brasil – Série A,997330,Maykon Kesley de Jesus Ramalho,Dudu,400657,EC Vitória
Brasil – Série A,997330,Maykon Kesley de Jesus Ramalho,Baralhas,51842,EC Vitória
Brasil – Série A,997330,Maykon Kesley de Jesus Ramalho,Zé Breno,438224,EC Vitória
Brasil – Série A,997330,Maykon Kesley de Jesus Ramalho,Lucas Silva,24772,EC Vitória
Brasil – Série A,997330,Maykon Kesley de Jesus Ramalho,Riccieli,30078,EC Vitória
Brasil – Série A,997330,Maykon Kesley de Jesus Ramalho,Walace,8315,EC Vitória
Colombia,11823,Éder Fabián Álvarez Balanta,Juan Aponzá,475524,América de Cali
Colombia,11823,Éder Fabián Álvarez Balanta,Tomás Ángel,82606,América de Cali
Colombia,11823,Éder Fabián Álvarez Balanta,Yeison Guzmán,27493,América de Cali
Colombia,11823,Éder Fabián Álvarez Balanta,Dany Rosero,27230,América de Cali
Colombia,11823,Éder Fabián Álvarez Balanta,Daniel Valencia,44745,América de Cali
Colombia,11823,Éder Fabián Álvarez Balanta,Luis Quiñones,26332,América de Cali
Colombia,11823,Éder Fabián Álvarez Balanta,Juan Montoya,483665,América de Cali
Colombia,11823,Éder Fabián Álvarez Balanta,Adrián Ramos,24324,América de Cali
Colombia,11823,Éder Fabián Álvarez Balanta,Edson Tortolero,113283,América de Cali
Colombia,11823,Éder Fabián Álvarez Balanta,Kevin Angulo,474102,América de Cali
Colombia,11823,Éder Fabián Álvarez Balanta,Nicolás Hernández,27471,América de Cali
Colombia,11823,Éder Fabián Álvarez Balanta,Brayan Correa,413088,América de Cali
Colombia,11823,Éder Fabián Álvarez Balanta,Luis Mina,437530,América de Cali
Colombia,11823,Éder Fabián Álvarez Balanta,Camilo Amú,531049,América de Cali
Colombia,11823,Éder Fabián Álvarez Balanta,Yhormar Hurtado,27419,América de Cali
Colombia,11823,Éder Fabián Álvarez Balanta,Darwin Machís,11501,América de Cali
Colombia,11823,Éder Fabián Álvarez Balanta,Jorge Soto,36907,América de Cali
Colombia,11823,Éder Fabián Álvarez Balanta,Jhordy Camacho,541531,América de Cali
Colombia,15760,Andrés Fabián Ponce Núñez,Keyson Quinto,565134,CA Bucaramanga
Colombia,15760,Andrés Fabián Ponce Núñez,Emerson Batalla,36904,CA Bucaramanga
Colombia,15760,Andrés Fabián Ponce Núñez,Luis Vásquez,35481,CA Bucaramanga
Colombia,15760,Andrés Fabián Ponce Núñez,Brandon Caicedo,402704,CA Bucaramanga
Colombia,15760,Andrés Fabián Ponce Núñez,Cristopher Fiermarín,37749,CA Bucaramanga
Colombia,15760,Andrés Fabián Ponce Núñez,Felix Charrupí,379516,CA Bucaramanga
Colombia,15760,Andrés Fabián Ponce Núñez,Nilson Castrillón,27177,CA Bucaramanga
Colombia,15760,Andrés Fabián Ponce Núñez,Aldair Quintana,27587,CA Bucaramanga
Colombia,15760,Andrés Fabián Ponce Núñez,Martín Rea,44893,CA Bucaramanga
Colombia,15760,Andrés Fabián Ponce Núñez,Gleyfer Medina,485276,CA Bucaramanga
Colombia,15760,Andrés Fabián Ponce Núñez,Adrián Murillo,524201,CA Bucaramanga
Colombia,17945,Román Rubilio Castillo Álvarez,Calderon A.,528792,Deportivo Pereira
Colombia,17945,Román Rubilio Castillo Álvarez,Javier Mena,388278,Deportivo Pereira
Colombia,17945,Román Rubilio Castillo Álvarez,Ánderson Plata,28684,Deportivo Pereira
Colombia,17945,Román Rubilio Castillo Álvarez,Sebastián Urrea,438675,Deportivo Pereira
Colombia,17945,Román Rubilio Castillo Álvarez,Miguel Aguirre,530366,Deportivo Pereira
Colombia,17945,Román Rubilio Castillo Álvarez,Danilo Ortíz,32008,Deportivo Pereira
Colombia,17945,Román Rubilio Castillo Álvarez,Juan Urrea,549758,Deportivo Pereira
Colombia,17945,Román Rubilio Castillo Álvarez,Fabio Delgado,100897,Deportivo Pereira
Colombia,17945,Román Rubilio Castillo Álvarez,Jhon Montoya,530371,Deportivo Pereira
Colombia,17945,Román Rubilio Castillo Álvarez,Yimy Gómez,36906,Deportivo Pereira
Colombia,17945,Román Rubilio Castillo Álvarez,Felipe Mosquera,249295,Deportivo Pereira
Colombia,17945,Román Rubilio Castillo Álvarez,Juan Morales,549759,Deportivo Pereira
Colombia,17945,Román Rubilio Castillo Álvarez,Nicolas Rengifo,423012,Deportivo Pereira
Colombia,17945,Román Rubilio Castillo Álvarez,Tobias Bovone,425720,Deportivo Pereira
Colombia,17945,Román Rubilio Castillo Álvarez,Jorge Eliécer Martínez Mosquera,484466,Deportivo Pereira
Colombia,17945,Román Rubilio Castillo Álvarez,Jared Rodriguez,530372,Deportivo Pereira
Colombia,17945,Román Rubilio Castillo Álvarez,Juan Betancourth,404759,Deportivo Pereira
Colombia,17945,Román Rubilio Castillo Álvarez,Matías Patiño,549307,Deportivo Pereira
Colombia,17945,Román Rubilio Castillo Álvarez,Richard Rentería,27229,Deportivo Pereira
Colombia,17945,Román Rubilio Castillo Álvarez,Josseph Mosquera,530373,Deportivo Pereira
Colombia,17945,Román Rubilio Castillo Álvarez,Ederson Moreno,36151,Deportivo Pereira
Colombia,17945,Román Rubilio Castillo Álvarez,Miguel Palacios,449481,Deportivo Pereira
Colombia,17945,Román Rubilio Castillo Álvarez,Sebastián Acosta,79575,Deportivo Pereira
Colombia,17945,Román Rubilio Castillo Álvarez,Luis Moreno,541008,Deportivo Pereira
Colombia,17945,Román Rubilio Castillo Álvarez,Santiago Alzate,530370,Deportivo Pereira
Colombia,17945,Román Rubilio Castillo Álvarez,Manuel Díaz,550290,Deportivo Pereira
Colombia,23437,Yerson Candelo Miranda,Juan Aponzá,475524,América de Cali
Colombia,23437,Yerson Candelo Miranda,Tomás Ángel,82606,América de Cali
Colombia,23437,Yerson Candelo Miranda,Yeison Guzmán,27493,América de Cali
Colombia,23437,Yerson Candelo Miranda,Dany Rosero,27230,América de Cali
Colombia,23437,Yerson Candelo Miranda,Daniel Valencia,44745,América de Cali
Colombia,23437,Yerson Candelo Miranda,Luis Quiñones,26332,América de Cali
Colombia,23437,Yerson Candelo Miranda,Juan Montoya,483665,América de Cali
Colombia,23437,Yerson Candelo Miranda,Adrián Ramos,24324,América de Cali
Colombia,23437,Yerson Candelo Miranda,Edson Tortolero,113283,América de Cali
Colombia,23437,Yerson Candelo Miranda,Kevin Angulo,474102,América de Cali
Colombia,23437,Yerson Candelo Miranda,Nicolás Hernández,27471,América de Cali
Colombia,23437,Yerson Candelo Miranda,Brayan Correa,413088,América de Cali
Colombia,23437,Yerson Candelo Miranda,Luis Mina,437530,América de Cali
Colombia,23437,Yerson Candelo Miranda,Camilo Amú,531049,América de Cali
Colombia,23437,Yerson Candelo Miranda,Yhormar Hurtado,27419,América de Cali
Colombia,23437,Yerson Candelo Miranda,Darwin Machís,11501,América de Cali
Colombia,23437,Yerson Candelo Miranda,Jorge Soto,36907,América de Cali
Colombia,23437,Yerson Candelo Miranda,Jhordy Camacho,541531,América de Cali
Colombia,25953,Mender García Torres,Enzo Larrosa,52972,Independiente Medellin
Colombia,25953,Mender García Torres,Juan Viveros,478757,Independiente Medellin
Colombia,25953,Mender García Torres,John Montaño,401170,Independiente Medellin
Colombia,25953,Mender García Torres,Hayen Palacios,49707,Independiente Medellin
Colombia,25953,Mender García Torres,Marlon Balanta,541990,Independiente Medellin
Colombia,25953,Mender García Torres,Jhan Mena,480776,Independiente Medellin
Colombia,25953,Mender García Torres,Gerónimo Mancilla Vidal,482883,Independiente Medellin
Colombia,25953,Mender García Torres,Juan José Córdoba Zapata,159450,Independiente Medellin
Colombia,25953,Mender García Torres,Nivaldo Erazo,567190,Independiente Medellin
Colombia,25953,Mender García Torres,Málcom Palacios,395929,Independiente Medellin
Colombia,25953,Mender García Torres,Andrés Dávila,407412,Independiente Medellin
Colombia,25953,Mender García Torres,Keiner Klinger,566594,Independiente Medellin
Colombia,25953,Mender García Torres,Agustín Martegani,112696,Independiente Medellin
Colombia,25953,Mender García Torres,Alfonso Simarra,131527,Independiente Medellin
Colombia,25953,Mender García Torres,Nezareth Segura,476616,Independiente Medellin
Colombia,25953,Mender García Torres,Salvador Ichazo,22271,Independiente Medellin
Colombia,25953,Mender García Torres,Frank Fabra,28893,Independiente Medellin
Colombia,25953,Mender García Torres,Eder Chaux,27275,Independiente Medellin
Colombia,25953,Mender García Torres,Jeison Medina,27645,Independiente Medellin
Colombia,25953,Mender García Torres,Luis Piedrahita,546052,Independiente Medellin
Colombia,25953,Mender García Torres,John Banguera,546050,Independiente Medellin
Colombia,25953,Mender García Torres,Alan Valdelamar,546053,Independiente Medellin
Colombia,27118,Hárold Santiago  Mosquera Caicedo,Cristhian Portocarrero,571596,Independiente Santa Fe
Colombia,27118,Hárold Santiago  Mosquera Caicedo,M.Cuesta Palacios,483805,Independiente Santa Fe
Colombia,27118,Hárold Santiago  Mosquera Caicedo,Nahuel Bustos,28634,Independiente Santa Fe
Colombia,27118,Hárold Santiago  Mosquera Caicedo,Weimar Asprilla,52299,Independiente Santa Fe
Colombia,27118,Hárold Santiago  Mosquera Caicedo,Kevin Balanta,27354,Independiente Santa Fe
Colombia,27118,Hárold Santiago  Mosquera Caicedo,Emerson Rivaldo Rodríguez Valois,49788,Independiente Santa Fe
Colombia,27118,Hárold Santiago  Mosquera Caicedo,Kilian Toscano,277520,Independiente Santa Fe
Colombia,27118,Hárold Santiago  Mosquera Caicedo,Maximiliano Lovera,29196,Independiente Santa Fe
Colombia,27118,Hárold Santiago  Mosquera Caicedo,Jáder Obrian,27431,Independiente Santa Fe
Colombia,27118,Hárold Santiago  Mosquera Caicedo,Franco Fagúndez,140320,Independiente Santa Fe
Colombia,28379,Rodrigo Julián Holgado,Juan Aponzá,475524,América de Cali
Colombia,28379,Rodrigo Julián Holgado,Tomás Ángel,82606,América de Cali
Colombia,28379,Rodrigo Julián Holgado,Yeison Guzmán,27493,América de Cali
Colombia,28379,Rodrigo Julián Holgado,Dany Rosero,27230,América de Cali
Colombia,28379,Rodrigo Julián Holgado,Daniel Valencia,44745,América de Cali
Colombia,28379,Rodrigo Julián Holgado,Luis Quiñones,26332,América de Cali
Colombia,28379,Rodrigo Julián Holgado,Juan Montoya,483665,América de Cali
Colombia,28379,Rodrigo Julián Holgado,Adrián Ramos,24324,América de Cali
Colombia,28379,Rodrigo Julián Holgado,Edson Tortolero,113283,América de Cali
Colombia,28379,Rodrigo Julián Holgado,Kevin Angulo,474102,América de Cali
Colombia,28379,Rodrigo Julián Holgado,Nicolás Hernández,27471,América de Cali
Colombia,28379,Rodrigo Julián Holgado,Brayan Correa,413088,América de Cali
Colombia,28379,Rodrigo Julián Holgado,Luis Mina,437530,América de Cali
Colombia,28379,Rodrigo Julián Holgado,Camilo Amú,531049,América de Cali
Colombia,28379,Rodrigo Julián Holgado,Yhormar Hurtado,27419,América de Cali
Colombia,28379,Rodrigo Julián Holgado,Darwin Machís,11501,América de Cali
Colombia,28379,Rodrigo Julián Holgado,Jorge Soto,36907,América de Cali
Colombia,28379,Rodrigo Julián Holgado,Jhordy Camacho,541531,América de Cali
Colombia,31141,Ángelo José Rodríguez Henry,Cristhian Portocarrero,571596,Independiente Santa Fe
Colombia,31141,Ángelo José Rodríguez Henry,M.Cuesta Palacios,483805,Independiente Santa Fe
Colombia,31141,Ángelo José Rodríguez Henry,Nahuel Bustos,28634,Independiente Santa Fe
Colombia,31141,Ángelo José Rodríguez Henry,Weimar Asprilla,52299,Independiente Santa Fe
Colombia,31141,Ángelo José Rodríguez Henry,Kevin Balanta,27354,Independiente Santa Fe
Colombia,31141,Ángelo José Rodríguez Henry,Emerson Rivaldo Rodríguez Valois,49788,Independiente Santa Fe
Colombia,31141,Ángelo José Rodríguez Henry,Kilian Toscano,277520,Independiente Santa Fe
Colombia,31141,Ángelo José Rodríguez Henry,Maximiliano Lovera,29196,Independiente Santa Fe
Colombia,31141,Ángelo José Rodríguez Henry,Jáder Obrian,27431,Independiente Santa Fe
Colombia,31141,Ángelo José Rodríguez Henry,Franco Fagúndez,140320,Independiente Santa Fe
Colombia,34356,Camilo Damián Cándido Aquino,Néider Parra,541580,Club Atlético Nacional
Colombia,34356,Camilo Damián Cándido Aquino,César Haydar,28938,Club Atlético Nacional
Colombia,34356,Camilo Damián Cándido Aquino,Cristian Arango,10853,Club Atlético Nacional
Colombia,34356,Camilo Damián Cándido Aquino,Nicolás Rodríguez,423126,Club Atlético Nacional
Colombia,34356,Camilo Damián Cándido Aquino,Matias Quiroz,479799,Club Atlético Nacional
Colombia,34356,Camilo Damián Cándido Aquino,David Ospina,4276,Club Atlético Nacional
Colombia,34356,Camilo Damián Cándido Aquino,Franco Armani,6312,Club Atlético Nacional
Colombia,34356,Camilo Damián Cándido Aquino,Andres Bernal,479796,Club Atlético Nacional
Colombia,34356,Camilo Damián Cándido Aquino,Milton Casco,28264,Club Atlético Nacional
Colombia,34356,Camilo Damián Cándido Aquino,Ian Poveda,39105,Club Atlético Nacional
Colombia,34356,Camilo Damián Cándido Aquino,Eduard Bello,35785,Club Atlético Nacional
Colombia,34356,Camilo Damián Cándido Aquino,Kevin Perez,558859,Club Atlético Nacional
Colombia,34356,Camilo Damián Cándido Aquino,Kevin Cataño,540512,Club Atlético Nacional
Colombia,34356,Camilo Damián Cándido Aquino,Robinson García,546713,Club Atlético Nacional
Colombia,34356,Camilo Damián Cándido Aquino,Xavi Rios,543057,Club Atlético Nacional
Colombia,34356,Camilo Damián Cándido Aquino,Harlen Castillo,37574,Club Atlético Nacional
Colombia,34427,Marino Hinestroza Angulo,Néider Parra,541580,Club Atlético Nacional
Colombia,34427,Marino Hinestroza Angulo,César Haydar,28938,Club Atlético Nacional
Colombia,34427,Marino Hinestroza Angulo,Cristian Arango,10853,Club Atlético Nacional
Colombia,34427,Marino Hinestroza Angulo,Nicolás Rodríguez,423126,Club Atlético Nacional
Colombia,34427,Marino Hinestroza Angulo,Matias Quiroz,479799,Club Atlético Nacional
Colombia,34427,Marino Hinestroza Angulo,David Ospina,4276,Club Atlético Nacional
Colombia,34427,Marino Hinestroza Angulo,Franco Armani,6312,Club Atlético Nacional
Colombia,34427,Marino Hinestroza Angulo,Andres Bernal,479796,Club Atlético Nacional
Colombia,34427,Marino Hinestroza Angulo,Milton Casco,28264,Club Atlético Nacional
Colombia,34427,Marino Hinestroza Angulo,Ian Poveda,39105,Club Atlético Nacional
Colombia,34427,Marino Hinestroza Angulo,Eduard Bello,35785,Club Atlético Nacional
Colombia,34427,Marino Hinestroza Angulo,Kevin Perez,558859,Club Atlético Nacional
Colombia,34427,Marino Hinestroza Angulo,Kevin Cataño,540512,Club Atlético Nacional
Colombia,34427,Marino Hinestroza Angulo,Robinson García,546713,Club Atlético Nacional
Colombia,34427,Marino Hinestroza Angulo,Xavi Rios,543057,Club Atlético Nacional
Colombia,34427,Marino Hinestroza Angulo,Harlen Castillo,37574,Club Atlético Nacional
Colombia,34827,Fabián Andrés Castillo Sánchez,Daniel Giraldo,27385,Deportivo Cali
Colombia,34827,Fabián Andrés Castillo Sánchez,Eduard Bello,35785,Deportivo Cali
Colombia,34827,Fabián Andrés Castillo Sánchez,Emanuel Reynoso,27855,Deportivo Cali
Colombia,34827,Fabián Andrés Castillo Sánchez,Juan Dinenno,27235,Deportivo Cali
Colombia,34827,Fabián Andrés Castillo Sánchez,Keimer Sandoval,441464,Deportivo Cali
Colombia,34827,Fabián Andrés Castillo Sánchez,Pedro Gallese,5528,Deportivo Cali
Colombia,34827,Fabián Andrés Castillo Sánchez,Miguel Correa,479805,Deportivo Cali
Colombia,34827,Fabián Andrés Castillo Sánchez,Fernando Álvarez,131187,Deportivo Cali
Colombia,34827,Fabián Andrés Castillo Sánchez,Nicolás Benedetti,27356,Deportivo Cali
Colombia,34827,Fabián Andrés Castillo Sánchez,Alexis Manyoma,186930,Deportivo Cali
Colombia,34827,Fabián Andrés Castillo Sánchez,Alejandro Rodríguez,94936,Deportivo Cali
Colombia,34827,Fabián Andrés Castillo Sánchez,Juan Manuel Arango,418919,Deportivo Cali
Colombia,34827,Fabián Andrés Castillo Sánchez,Juan José Montoya Tamayo,493776,Deportivo Cali
Colombia,34827,Fabián Andrés Castillo Sánchez,Gustavo Cuéllar,25384,Deportivo Cali
Colombia,34827,Fabián Andrés Castillo Sánchez,Jean Galindo,446729,Deportivo Cali
Colombia,34827,Fabián Andrés Castillo Sánchez,Javier Mena,388278,Deportivo Cali
Colombia,35668,Luis Alejandro Paz Mulato,Juan Aponzá,475524,América de Cali
Colombia,35668,Luis Alejandro Paz Mulato,Tomás Ángel,82606,América de Cali
Colombia,35668,Luis Alejandro Paz Mulato,Yeison Guzmán,27493,América de Cali
Colombia,35668,Luis Alejandro Paz Mulato,Dany Rosero,27230,América de Cali
Colombia,35668,Luis Alejandro Paz Mulato,Daniel Valencia,44745,América de Cali
Colombia,35668,Luis Alejandro Paz Mulato,Luis Quiñones,26332,América de Cali
Colombia,35668,Luis Alejandro Paz Mulato,Juan Montoya,483665,América de Cali
Colombia,35668,Luis Alejandro Paz Mulato,Adrián Ramos,24324,América de Cali
Colombia,35668,Luis Alejandro Paz Mulato,Edson Tortolero,113283,América de Cali
Colombia,35668,Luis Alejandro Paz Mulato,Kevin Angulo,474102,América de Cali
Colombia,35668,Luis Alejandro Paz Mulato,Nicolás Hernández,27471,América de Cali
Colombia,35668,Luis Alejandro Paz Mulato,Brayan Correa,413088,América de Cali
Colombia,35668,Luis Alejandro Paz Mulato,Luis Mina,437530,América de Cali
Colombia,35668,Luis Alejandro Paz Mulato,Camilo Amú,531049,América de Cali
Colombia,35668,Luis Alejandro Paz Mulato,Yhormar Hurtado,27419,América de Cali
Colombia,35668,Luis Alejandro Paz Mulato,Darwin Machís,11501,América de Cali
Colombia,35668,Luis Alejandro Paz Mulato,Jorge Soto,36907,América de Cali
Colombia,35668,Luis Alejandro Paz Mulato,Jhordy Camacho,541531,América de Cali
Colombia,35671,Duván Andrés Vergara Hernández,Juan Aponzá,475524,América de Cali
Colombia,35671,Duván Andrés Vergara Hernández,Tomás Ángel,82606,América de Cali
Colombia,35671,Duván Andrés Vergara Hernández,Yeison Guzmán,27493,América de Cali
Colombia,35671,Duván Andrés Vergara Hernández,Dany Rosero,27230,América de Cali
Colombia,35671,Duván Andrés Vergara Hernández,Daniel Valencia,44745,América de Cali
Colombia,35671,Duván Andrés Vergara Hernández,Luis Quiñones,26332,América de Cali
Colombia,35671,Duván Andrés Vergara Hernández,Juan Montoya,483665,América de Cali
Colombia,35671,Duván Andrés Vergara Hernández,Adrián Ramos,24324,América de Cali
Colombia,35671,Duván Andrés Vergara Hernández,Edson Tortolero,113283,América de Cali
Colombia,35671,Duván Andrés Vergara Hernández,Kevin Angulo,474102,América de Cali
Colombia,35671,Duván Andrés Vergara Hernández,Nicolás Hernández,27471,América de Cali
Colombia,35671,Duván Andrés Vergara Hernández,Brayan Correa,413088,América de Cali
Colombia,35671,Duván Andrés Vergara Hernández,Luis Mina,437530,América de Cali
Colombia,35671,Duván Andrés Vergara Hernández,Camilo Amú,531049,América de Cali
Colombia,35671,Duván Andrés Vergara Hernández,Yhormar Hurtado,27419,América de Cali
Colombia,35671,Duván Andrés Vergara Hernández,Darwin Machís,11501,América de Cali
Colombia,35671,Duván Andrés Vergara Hernández,Jorge Soto,36907,América de Cali
Colombia,35671,Duván Andrés Vergara Hernández,Jhordy Camacho,541531,América de Cali
Colombia,35708,Michael Jhon Ander Rangel Valencia,Kevin Caicedo,540898,Club Llaneros SA
Colombia,35708,Michael Jhon Ander Rangel Valencia,Juan Loaiza,344236,Club Llaneros SA
Colombia,35708,Michael Jhon Ander Rangel Valencia,Julian Beltran,527593,Club Llaneros SA
Colombia,35708,Michael Jhon Ander Rangel Valencia,Edwin Laszo,83191,Club Llaneros SA
Colombia,35708,Michael Jhon Ander Rangel Valencia,Emilio Pardo,567029,Club Llaneros SA
Colombia,35708,Michael Jhon Ander Rangel Valencia,Juan Montoya,438044,Club Llaneros SA
Colombia,35708,Michael Jhon Ander Rangel Valencia,Yorleys Mena,35270,Club Llaneros SA
Colombia,35708,Michael Jhon Ander Rangel Valencia,Daniel Quiñones,28715,Club Llaneros SA
Colombia,35708,Michael Jhon Ander Rangel Valencia,R.Romaña Garavito,462563,Club Llaneros SA
Colombia,35708,Michael Jhon Ander Rangel Valencia,Jhon Vásquez,27415,Club Llaneros SA
Colombia,35708,Michael Jhon Ander Rangel Valencia,Kevin Rincón,522939,Club Llaneros SA
Colombia,35708,Michael Jhon Ander Rangel Valencia,Alejandro Moralez,29076,Club Llaneros SA
Colombia,35708,Michael Jhon Ander Rangel Valencia,Dennys Quintero,95866,Club Llaneros SA
Colombia,35708,Michael Jhon Ander Rangel Valencia,Jimmy Medranda,15945,Club Llaneros SA
Colombia,35708,Michael Jhon Ander Rangel Valencia,Juan Pertuz,426884,Club Llaneros SA
Colombia,35708,Michael Jhon Ander Rangel Valencia,Néider Ospina,404791,Club Llaneros SA
Colombia,35708,Michael Jhon Ander Rangel Valencia,Jhonier Blanco,82711,Club Llaneros SA
Colombia,35708,Michael Jhon Ander Rangel Valencia,Miguel Ortega,33371,Club Llaneros SA
Colombia,35708,Michael Jhon Ander Rangel Valencia,B.Chury Jiménez,465530,Club Llaneros SA
Colombia,35717,Luis Daniel González Cova,Jean Carlos Pestaña,27585,Club Deportivo Junior FC
Colombia,35717,Luis Daniel González Cova,Harold Rivera,28812,Club Deportivo Junior FC
Colombia,35717,Luis Daniel González Cova,Déiber Caicedo,27212,Club Deportivo Junior FC
Colombia,35717,Luis Daniel González Cova,Mauro Silveira,36501,Club Deportivo Junior FC
Colombia,35717,Luis Daniel González Cova,Jefersson Martínez,27507,Club Deportivo Junior FC
Colombia,35717,Luis Daniel González Cova,Lucas Monzón,43859,Club Deportivo Junior FC
Colombia,35717,Luis Daniel González Cova,José Munive,567245,Club Deportivo Junior FC
Colombia,35717,Luis Daniel González Cova,Pablo Ortiz,48283,Club Deportivo Junior FC
Colombia,35717,Luis Daniel González Cova,Luis Muriel,6334,Club Deportivo Junior FC
Colombia,35717,Luis Daniel González Cova,Andrés Shmalbach,547801,Club Deportivo Junior FC
Colombia,35717,Luis Daniel González Cova,Dilan Villarreal,541204,Club Deportivo Junior FC
Colombia,35717,Luis Daniel González Cova,Daniel Socarras,547382,Club Deportivo Junior FC
Colombia,35717,Luis Daniel González Cova,Joel Canchimbo,440436,Club Deportivo Junior FC
Colombia,35725,Estéfano Arango González,Oscar Caicedo,542038,Boyacá Chicó
Colombia,35725,Estéfano Arango González,Isaac Camargo,186789,Boyacá Chicó
Colombia,35725,Estéfano Arango González,Estiven Andrés Sarria Olano,149350,Boyacá Chicó
Colombia,35725,Estéfano Arango González,David Agudelo,50784,Boyacá Chicó
Colombia,35725,Estéfano Arango González,Jesus Chara,541530,Boyacá Chicó
Colombia,35725,Estéfano Arango González,Santiago Mera,233068,Boyacá Chicó
Colombia,35725,Estéfano Arango González,Branndon Zapata,530433,Boyacá Chicó
Colombia,35725,Estéfano Arango González,Mateo Gomez,542585,Boyacá Chicó
Colombia,35725,Estéfano Arango González,Julian Castillo,541106,Boyacá Chicó
Colombia,35725,Estéfano Arango González,Jhonier Alomía,541681,Boyacá Chicó
Colombia,35725,Estéfano Arango González,Junior Carlos Palacios,117067,Boyacá Chicó
Colombia,35725,Estéfano Arango González,Cristian Blanco,29996,Boyacá Chicó
Colombia,35725,Estéfano Arango González,Rogerio Caicedo,37485,Boyacá Chicó
Colombia,35725,Estéfano Arango González,Jaime Diaz,188434,Boyacá Chicó
Colombia,35725,Estéfano Arango González,Sebastián Viveros Lopez,438096,Boyacá Chicó
Colombia,35725,Estéfano Arango González,Jacobo Pimentel,37478,Boyacá Chicó
Colombia,35725,Estéfano Arango González,Yaliston Martínez,130270,Boyacá Chicó
Colombia,35725,Estéfano Arango González,Ítalo Montaño,512334,Boyacá Chicó
Colombia,35725,Estéfano Arango González,Jeison David Mena Victoria,484465,Boyacá Chicó
Colombia,35725,Estéfano Arango González,Alejandro Maya,578762,Boyacá Chicó
Colombia,35725,Estéfano Arango González,Felipe Cifuentes,422979,Boyacá Chicó
Colombia,35725,Estéfano Arango González,Jhonny Jordán,425033,Boyacá Chicó
Colombia,35725,Estéfano Arango González,Nicolás Valencia,524514,Boyacá Chicó
Colombia,35725,Estéfano Arango González,Sebastián Palma,51932,Boyacá Chicó
Colombia,35725,Estéfano Arango González,Darío Denis,36479,Boyacá Chicó
Colombia,35725,Estéfano Arango González,Faiber Arroyo,542584,Boyacá Chicó
Colombia,35727,Vladimir Javier Hernández Rivero,Oscar Caicedo,542038,Boyacá Chicó
Colombia,35727,Vladimir Javier Hernández Rivero,Isaac Camargo,186789,Boyacá Chicó
Colombia,35727,Vladimir Javier Hernández Rivero,Estiven Andrés Sarria Olano,149350,Boyacá Chicó
Colombia,35727,Vladimir Javier Hernández Rivero,David Agudelo,50784,Boyacá Chicó
Colombia,35727,Vladimir Javier Hernández Rivero,Jesus Chara,541530,Boyacá Chicó
Colombia,35727,Vladimir Javier Hernández Rivero,Santiago Mera,233068,Boyacá Chicó
Colombia,35727,Vladimir Javier Hernández Rivero,Branndon Zapata,530433,Boyacá Chicó
Colombia,35727,Vladimir Javier Hernández Rivero,Mateo Gomez,542585,Boyacá Chicó
Colombia,35727,Vladimir Javier Hernández Rivero,Julian Castillo,541106,Boyacá Chicó
Colombia,35727,Vladimir Javier Hernández Rivero,Jhonier Alomía,541681,Boyacá Chicó
Colombia,35727,Vladimir Javier Hernández Rivero,Junior Carlos Palacios,117067,Boyacá Chicó
Colombia,35727,Vladimir Javier Hernández Rivero,Cristian Blanco,29996,Boyacá Chicó
Colombia,35727,Vladimir Javier Hernández Rivero,Rogerio Caicedo,37485,Boyacá Chicó
Colombia,35727,Vladimir Javier Hernández Rivero,Jaime Diaz,188434,Boyacá Chicó
Colombia,35727,Vladimir Javier Hernández Rivero,Sebastián Viveros Lopez,438096,Boyacá Chicó
Colombia,35727,Vladimir Javier Hernández Rivero,Jacobo Pimentel,37478,Boyacá Chicó
Colombia,35727,Vladimir Javier Hernández Rivero,Yaliston Martínez,130270,Boyacá Chicó
Colombia,35727,Vladimir Javier Hernández Rivero,Ítalo Montaño,512334,Boyacá Chicó
Colombia,35727,Vladimir Javier Hernández Rivero,Jeison David Mena Victoria,484465,Boyacá Chicó
Colombia,35727,Vladimir Javier Hernández Rivero,Alejandro Maya,578762,Boyacá Chicó
Colombia,35727,Vladimir Javier Hernández Rivero,Felipe Cifuentes,422979,Boyacá Chicó
Colombia,35727,Vladimir Javier Hernández Rivero,Jhonny Jordán,425033,Boyacá Chicó
Colombia,35727,Vladimir Javier Hernández Rivero,Nicolás Valencia,524514,Boyacá Chicó
Colombia,35727,Vladimir Javier Hernández Rivero,Sebastián Palma,51932,Boyacá Chicó
Colombia,35727,Vladimir Javier Hernández Rivero,Darío Denis,36479,Boyacá Chicó
Colombia,35727,Vladimir Javier Hernández Rivero,Faiber Arroyo,542584,Boyacá Chicó
Colombia,35729,Jarlan Junior Barrera Escalona,Daniel Giraldo,27385,Deportivo Cali
Colombia,35729,Jarlan Junior Barrera Escalona,Eduard Bello,35785,Deportivo Cali
Colombia,35729,Jarlan Junior Barrera Escalona,Emanuel Reynoso,27855,Deportivo Cali
Colombia,35729,Jarlan Junior Barrera Escalona,Juan Dinenno,27235,Deportivo Cali
Colombia,35729,Jarlan Junior Barrera Escalona,Keimer Sandoval,441464,Deportivo Cali
Colombia,35729,Jarlan Junior Barrera Escalona,Pedro Gallese,5528,Deportivo Cali
Colombia,35729,Jarlan Junior Barrera Escalona,Miguel Correa,479805,Deportivo Cali
Colombia,35729,Jarlan Junior Barrera Escalona,Fernando Álvarez,131187,Deportivo Cali
Colombia,35729,Jarlan Junior Barrera Escalona,Nicolás Benedetti,27356,Deportivo Cali
Colombia,35729,Jarlan Junior Barrera Escalona,Alexis Manyoma,186930,Deportivo Cali
Colombia,35729,Jarlan Junior Barrera Escalona,Alejandro Rodríguez,94936,Deportivo Cali
Colombia,35729,Jarlan Junior Barrera Escalona,Juan Manuel Arango,418919,Deportivo Cali
Colombia,35729,Jarlan Junior Barrera Escalona,Juan José Montoya Tamayo,493776,Deportivo Cali
Colombia,35729,Jarlan Junior Barrera Escalona,Gustavo Cuéllar,25384,Deportivo Cali
Colombia,35729,Jarlan Junior Barrera Escalona,Jean Galindo,446729,Deportivo Cali
Colombia,35729,Jarlan Junior Barrera Escalona,Javier Mena,388278,Deportivo Cali
Colombia,35729,Jarlan Junior Barrera Escalona,Enzo Larrosa,52972,Independiente Medellin
Colombia,35729,Jarlan Junior Barrera Escalona,Juan Viveros,478757,Independiente Medellin
Colombia,35729,Jarlan Junior Barrera Escalona,John Montaño,401170,Independiente Medellin
Colombia,35729,Jarlan Junior Barrera Escalona,Hayen Palacios,49707,Independiente Medellin
Colombia,35729,Jarlan Junior Barrera Escalona,Marlon Balanta,541990,Independiente Medellin
Colombia,35729,Jarlan Junior Barrera Escalona,Jhan Mena,480776,Independiente Medellin
Colombia,35729,Jarlan Junior Barrera Escalona,Gerónimo Mancilla Vidal,482883,Independiente Medellin
Colombia,35729,Jarlan Junior Barrera Escalona,Juan José Córdoba Zapata,159450,Independiente Medellin
Colombia,35729,Jarlan Junior Barrera Escalona,Nivaldo Erazo,567190,Independiente Medellin
Colombia,35729,Jarlan Junior Barrera Escalona,Málcom Palacios,395929,Independiente Medellin
Colombia,35729,Jarlan Junior Barrera Escalona,Andrés Dávila,407412,Independiente Medellin
Colombia,35729,Jarlan Junior Barrera Escalona,Keiner Klinger,566594,Independiente Medellin
Colombia,35729,Jarlan Junior Barrera Escalona,Agustín Martegani,112696,Independiente Medellin
Colombia,35729,Jarlan Junior Barrera Escalona,Alfonso Simarra,131527,Independiente Medellin
Colombia,35729,Jarlan Junior Barrera Escalona,Nezareth Segura,476616,Independiente Medellin
Colombia,35729,Jarlan Junior Barrera Escalona,Salvador Ichazo,22271,Independiente Medellin
Colombia,35729,Jarlan Junior Barrera Escalona,Frank Fabra,28893,Independiente Medellin
Colombia,35729,Jarlan Junior Barrera Escalona,Eder Chaux,27275,Independiente Medellin
Colombia,35729,Jarlan Junior Barrera Escalona,Jeison Medina,27645,Independiente Medellin
Colombia,35729,Jarlan Junior Barrera Escalona,Luis Piedrahita,546052,Independiente Medellin
Colombia,35729,Jarlan Junior Barrera Escalona,John Banguera,546050,Independiente Medellin
Colombia,35729,Jarlan Junior Barrera Escalona,Alan Valdelamar,546053,Independiente Medellin
Colombia,35733,Felipe Jaramillo Velásquez,Frank Martínez,541807,AD Pasto
Colombia,35733,Felipe Jaramillo Velásquez,Yeison Tolosa,32499,AD Pasto
Colombia,35733,Felipe Jaramillo Velásquez,Luther Rueda,441622,AD Pasto
Colombia,35733,Felipe Jaramillo Velásquez,Heiler Moreno,548313,AD Pasto
Colombia,35733,Felipe Jaramillo Velásquez,Andrés Ibargüen,26401,AD Pasto
Colombia,35733,Felipe Jaramillo Velásquez,Ederson Cabezas,130889,AD Pasto
Colombia,35733,Felipe Jaramillo Velásquez,Jonathan Perlaza,208679,AD Pasto
Colombia,35733,Felipe Jaramillo Velásquez,P.Preciado,485520,AD Pasto
Colombia,35733,Felipe Jaramillo Velásquez,Mateo Garavito,130634,AD Pasto
Colombia,35733,Felipe Jaramillo Velásquez,Enrique Serje,27176,AD Pasto
Colombia,35733,Felipe Jaramillo Velásquez,Matías Pisano,28713,AD Pasto
Colombia,35733,Felipe Jaramillo Velásquez,Geovanni Banguera,27378,AD Pasto
Colombia,35733,Felipe Jaramillo Velásquez,Iago Herrerín,6662,AD Pasto
Colombia,35733,Felipe Jaramillo Velásquez,Hervin Goyes,484088,AD Pasto
Colombia,35784,Yeison Stiven Gordillo Vargas,Daniel Giraldo,27385,Deportivo Cali
Colombia,35784,Yeison Stiven Gordillo Vargas,Eduard Bello,35785,Deportivo Cali
Colombia,35784,Yeison Stiven Gordillo Vargas,Emanuel Reynoso,27855,Deportivo Cali
Colombia,35784,Yeison Stiven Gordillo Vargas,Juan Dinenno,27235,Deportivo Cali
Colombia,35784,Yeison Stiven Gordillo Vargas,Keimer Sandoval,441464,Deportivo Cali
Colombia,35784,Yeison Stiven Gordillo Vargas,Pedro Gallese,5528,Deportivo Cali
Colombia,35784,Yeison Stiven Gordillo Vargas,Miguel Correa,479805,Deportivo Cali
Colombia,35784,Yeison Stiven Gordillo Vargas,Fernando Álvarez,131187,Deportivo Cali
Colombia,35784,Yeison Stiven Gordillo Vargas,Nicolás Benedetti,27356,Deportivo Cali
Colombia,35784,Yeison Stiven Gordillo Vargas,Alexis Manyoma,186930,Deportivo Cali
Colombia,35784,Yeison Stiven Gordillo Vargas,Alejandro Rodríguez,94936,Deportivo Cali
Colombia,35784,Yeison Stiven Gordillo Vargas,Juan Manuel Arango,418919,Deportivo Cali
Colombia,35784,Yeison Stiven Gordillo Vargas,Juan José Montoya Tamayo,493776,Deportivo Cali
Colombia,35784,Yeison Stiven Gordillo Vargas,Gustavo Cuéllar,25384,Deportivo Cali
Colombia,35784,Yeison Stiven Gordillo Vargas,Jean Galindo,446729,Deportivo Cali
Colombia,35784,Yeison Stiven Gordillo Vargas,Javier Mena,388278,Deportivo Cali
Colombia,35794,Alejandro García Castillo,Rafael Acuña,545407,Once Caldas
Colombia,35794,Alejandro García Castillo,Jader Quiñónes,130638,Once Caldas
Colombia,35794,Alejandro García Castillo,Joan Parra,49738,Once Caldas
Colombia,35794,Alejandro García Castillo,Andrés Roa,27931,Once Caldas
Colombia,35794,Alejandro García Castillo,Helieyker Guzman,548893,Once Caldas
Colombia,35809,Jonathan Herrera Baquero,Oscar Caicedo,542038,Boyacá Chicó
Colombia,35809,Jonathan Herrera Baquero,Isaac Camargo,186789,Boyacá Chicó
Colombia,35809,Jonathan Herrera Baquero,Estiven Andrés Sarria Olano,149350,Boyacá Chicó
Colombia,35809,Jonathan Herrera Baquero,David Agudelo,50784,Boyacá Chicó
Colombia,35809,Jonathan Herrera Baquero,Jesus Chara,541530,Boyacá Chicó
Colombia,35809,Jonathan Herrera Baquero,Santiago Mera,233068,Boyacá Chicó
Colombia,35809,Jonathan Herrera Baquero,Branndon Zapata,530433,Boyacá Chicó
Colombia,35809,Jonathan Herrera Baquero,Mateo Gomez,542585,Boyacá Chicó
Colombia,35809,Jonathan Herrera Baquero,Julian Castillo,541106,Boyacá Chicó
Colombia,35809,Jonathan Herrera Baquero,Jhonier Alomía,541681,Boyacá Chicó
Colombia,35809,Jonathan Herrera Baquero,Junior Carlos Palacios,117067,Boyacá Chicó
Colombia,35809,Jonathan Herrera Baquero,Cristian Blanco,29996,Boyacá Chicó
Colombia,35809,Jonathan Herrera Baquero,Rogerio Caicedo,37485,Boyacá Chicó
Colombia,35809,Jonathan Herrera Baquero,Jaime Diaz,188434,Boyacá Chicó
Colombia,35809,Jonathan Herrera Baquero,Sebastián Viveros Lopez,438096,Boyacá Chicó
Colombia,35809,Jonathan Herrera Baquero,Jacobo Pimentel,37478,Boyacá Chicó
Colombia,35809,Jonathan Herrera Baquero,Yaliston Martínez,130270,Boyacá Chicó
Colombia,35809,Jonathan Herrera Baquero,Ítalo Montaño,512334,Boyacá Chicó
Colombia,35809,Jonathan Herrera Baquero,Jeison David Mena Victoria,484465,Boyacá Chicó
Colombia,35809,Jonathan Herrera Baquero,Alejandro Maya,578762,Boyacá Chicó
Colombia,35809,Jonathan Herrera Baquero,Felipe Cifuentes,422979,Boyacá Chicó
Colombia,35809,Jonathan Herrera Baquero,Jhonny Jordán,425033,Boyacá Chicó
Colombia,35809,Jonathan Herrera Baquero,Nicolás Valencia,524514,Boyacá Chicó
Colombia,35809,Jonathan Herrera Baquero,Sebastián Palma,51932,Boyacá Chicó
Colombia,35809,Jonathan Herrera Baquero,Darío Denis,36479,Boyacá Chicó
Colombia,35809,Jonathan Herrera Baquero,Faiber Arroyo,542584,Boyacá Chicó
Colombia,35826,Delvin José Alfonzo Briceño,Leonai,43829,Millonarios FC
Colombia,35826,Delvin José Alfonzo Briceño,Rodrigo Ureña,34556,Millonarios FC
Colombia,35826,Delvin José Alfonzo Briceño,Christopher Martín,486309,Millonarios FC
Colombia,35826,Delvin José Alfonzo Briceño,Brayan Sandoval,432337,Millonarios FC
Colombia,35826,Delvin José Alfonzo Briceño,Jorge Hurtado,261627,Millonarios FC
Colombia,35826,Delvin José Alfonzo Briceño,Sebastián Viveros del Castillo,485369,Millonarios FC
Colombia,35826,Delvin José Alfonzo Briceño,Javier Burrai,36557,Millonarios FC
Colombia,35826,Delvin José Alfonzo Briceño,Stiven Barreiro,29597,Millonarios FC
Colombia,35826,Delvin José Alfonzo Briceño,David Silva,27062,Millonarios FC
Colombia,35826,Delvin José Alfonzo Briceño,Mateo García,186788,Millonarios FC
Colombia,35826,Delvin José Alfonzo Briceño,Diego Novoa,27278,Millonarios FC
Colombia,35826,Delvin José Alfonzo Briceño,Rodrigo Contreras,26260,Millonarios FC
Colombia,35826,Delvin José Alfonzo Briceño,Edgar Elizalde,35444,Millonarios FC
Colombia,35826,Delvin José Alfonzo Briceño,Carlos Sarabia,445189,Millonarios FC
Colombia,35826,Delvin José Alfonzo Briceño,Guillermo de Amores,45215,Millonarios FC
Colombia,35826,Delvin José Alfonzo Briceño,Jhon Meléndez,407507,Rionegro Aguilas
Colombia,35826,Delvin José Alfonzo Briceño,Juan Roa,186783,Rionegro Aguilas
Colombia,35826,Delvin José Alfonzo Briceño,Fabián Charales,365336,Rionegro Aguilas
Colombia,35826,Delvin José Alfonzo Briceño,Andrés Álvarez,502743,Rionegro Aguilas
Colombia,35826,Delvin José Alfonzo Briceño,Andrés Carreño,370237,Rionegro Aguilas
Colombia,35826,Delvin José Alfonzo Briceño,Antony Vásquez,136101,Rionegro Aguilas
Colombia,35826,Delvin José Alfonzo Briceño,Junior Noguera,139954,Rionegro Aguilas
Colombia,35826,Delvin José Alfonzo Briceño,John Jairo Ontaneda Campos,204050,Rionegro Aguilas
Colombia,35826,Delvin José Alfonzo Briceño,Jorge Soto,36907,Rionegro Aguilas
Colombia,35826,Delvin José Alfonzo Briceño,Carlos Londoño,542059,Rionegro Aguilas
Colombia,35826,Delvin José Alfonzo Briceño,Andrés Ricaurte,27290,Rionegro Aguilas
Colombia,35826,Delvin José Alfonzo Briceño,Jorge Rivaldo,483804,Rionegro Aguilas
Colombia,35826,Delvin José Alfonzo Briceño,Alberto Higgins,540906,Rionegro Aguilas
Colombia,35826,Delvin José Alfonzo Briceño,Juan Avalo,186378,Rionegro Aguilas
Colombia,35826,Delvin José Alfonzo Briceño,Iván Arboleda,32829,Rionegro Aguilas
Colombia,35826,Delvin José Alfonzo Briceño,Royner Benítez,367600,Rionegro Aguilas
Colombia,35838,José David Enamorado Gómez,Jean Carlos Pestaña,27585,Club Deportivo Junior FC
Colombia,35838,José David Enamorado Gómez,Harold Rivera,28812,Club Deportivo Junior FC
Colombia,35838,José David Enamorado Gómez,Déiber Caicedo,27212,Club Deportivo Junior FC
Colombia,35838,José David Enamorado Gómez,Mauro Silveira,36501,Club Deportivo Junior FC
Colombia,35838,José David Enamorado Gómez,Jefersson Martínez,27507,Club Deportivo Junior FC
Colombia,35838,José David Enamorado Gómez,Lucas Monzón,43859,Club Deportivo Junior FC
Colombia,35838,José David Enamorado Gómez,José Munive,567245,Club Deportivo Junior FC
Colombia,35838,José David Enamorado Gómez,Pablo Ortiz,48283,Club Deportivo Junior FC
Colombia,35838,José David Enamorado Gómez,Luis Muriel,6334,Club Deportivo Junior FC
Colombia,35838,José David Enamorado Gómez,Andrés Shmalbach,547801,Club Deportivo Junior FC
Colombia,35838,José David Enamorado Gómez,Dilan Villarreal,541204,Club Deportivo Junior FC
Colombia,35838,José David Enamorado Gómez,Daniel Socarras,547382,Club Deportivo Junior FC
Colombia,35838,José David Enamorado Gómez,Joel Canchimbo,440436,Club Deportivo Junior FC
Colombia,37047,Yhorman David Hurtado Torres,Yhormar Hurtado,27419,Deportes Tolima
Colombia,37047,Yhorman David Hurtado Torres,Néifer Sánchez,542721,Deportes Tolima
Colombia,37047,Yhorman David Hurtado Torres,Michael Martínez,486479,Deportes Tolima
Colombia,37047,Yhorman David Hurtado Torres,Santiago Joven,548784,Deportes Tolima
Colombia,37047,Yhorman David Hurtado Torres,Shean Barbosa,391737,Deportes Tolima
Colombia,37047,Yhorman David Hurtado Torres,Sergio Aguayo,422617,Deportes Tolima
Colombia,37047,Yhorman David Hurtado Torres,Daniel Pedrozo,261625,Deportes Tolima
Colombia,37047,Yhorman David Hurtado Torres,Luis Marquinez,130729,Deportes Tolima
Colombia,37047,Yhorman David Hurtado Torres,Yimar Parra,522359,Deportes Tolima
Colombia,37047,Yhorman David Hurtado Torres,Yordan Osorio,10337,Deportes Tolima
Colombia,37047,Yhorman David Hurtado Torres,Jorge Hurtado,261627,Deportes Tolima
Colombia,37047,Yhorman David Hurtado Torres,Neto Volpi,27391,Deportes Tolima
Colombia,37047,Yhorman David Hurtado Torres,Élan Ricardo,391769,Deportes Tolima
Colombia,37047,Yhorman David Hurtado Torres,Miguel Ortega,33371,Deportes Tolima
Colombia,37047,Yhorman David Hurtado Torres,Victor Manuel Reyes Clavijo,464348,Deportes Tolima
Colombia,37047,Yhorman David Hurtado Torres,Erik Alvarez,546445,Deportes Tolima
Colombia,37047,Yhorman David Hurtado Torres,Yoimar Moreno,526115,Deportes Tolima
Colombia,37076,Juan Pablo Vargas Campos,Leonai,43829,Millonarios FC
Colombia,37076,Juan Pablo Vargas Campos,Rodrigo Ureña,34556,Millonarios FC
Colombia,37076,Juan Pablo Vargas Campos,Christopher Martín,486309,Millonarios FC
Colombia,37076,Juan Pablo Vargas Campos,Brayan Sandoval,432337,Millonarios FC
Colombia,37076,Juan Pablo Vargas Campos,Jorge Hurtado,261627,Millonarios FC
Colombia,37076,Juan Pablo Vargas Campos,Sebastián Viveros del Castillo,485369,Millonarios FC
Colombia,37076,Juan Pablo Vargas Campos,Javier Burrai,36557,Millonarios FC
Colombia,37076,Juan Pablo Vargas Campos,Stiven Barreiro,29597,Millonarios FC
Colombia,37076,Juan Pablo Vargas Campos,David Silva,27062,Millonarios FC
Colombia,37076,Juan Pablo Vargas Campos,Mateo García,186788,Millonarios FC
Colombia,37076,Juan Pablo Vargas Campos,Diego Novoa,27278,Millonarios FC
Colombia,37076,Juan Pablo Vargas Campos,Rodrigo Contreras,26260,Millonarios FC
Colombia,37076,Juan Pablo Vargas Campos,Edgar Elizalde,35444,Millonarios FC
Colombia,37076,Juan Pablo Vargas Campos,Carlos Sarabia,445189,Millonarios FC
Colombia,37076,Juan Pablo Vargas Campos,Guillermo de Amores,45215,Millonarios FC
Colombia,37079,Elvis Yohan Perlaza Lara,Cristhian Portocarrero,571596,Independiente Santa Fe
Colombia,37079,Elvis Yohan Perlaza Lara,M.Cuesta Palacios,483805,Independiente Santa Fe
Colombia,37079,Elvis Yohan Perlaza Lara,Nahuel Bustos,28634,Independiente Santa Fe
Colombia,37079,Elvis Yohan Perlaza Lara,Weimar Asprilla,52299,Independiente Santa Fe
Colombia,37079,Elvis Yohan Perlaza Lara,Kevin Balanta,27354,Independiente Santa Fe
Colombia,37079,Elvis Yohan Perlaza Lara,Emerson Rivaldo Rodríguez Valois,49788,Independiente Santa Fe
Colombia,37079,Elvis Yohan Perlaza Lara,Kilian Toscano,277520,Independiente Santa Fe
Colombia,37079,Elvis Yohan Perlaza Lara,Maximiliano Lovera,29196,Independiente Santa Fe
Colombia,37079,Elvis Yohan Perlaza Lara,Jáder Obrian,27431,Independiente Santa Fe
Colombia,37079,Elvis Yohan Perlaza Lara,Franco Fagúndez,140320,Independiente Santa Fe
Colombia,38154,Daniel Eduardo Bocanegra Ortíz,Juan Aponzá,475524,América de Cali
Colombia,38154,Daniel Eduardo Bocanegra Ortíz,Tomás Ángel,82606,América de Cali
Colombia,38154,Daniel Eduardo Bocanegra Ortíz,Yeison Guzmán,27493,América de Cali
Colombia,38154,Daniel Eduardo Bocanegra Ortíz,Dany Rosero,27230,América de Cali
Colombia,38154,Daniel Eduardo Bocanegra Ortíz,Daniel Valencia,44745,América de Cali
Colombia,38154,Daniel Eduardo Bocanegra Ortíz,Luis Quiñones,26332,América de Cali
Colombia,38154,Daniel Eduardo Bocanegra Ortíz,Juan Montoya,483665,América de Cali
Colombia,38154,Daniel Eduardo Bocanegra Ortíz,Adrián Ramos,24324,América de Cali
Colombia,38154,Daniel Eduardo Bocanegra Ortíz,Edson Tortolero,113283,América de Cali
Colombia,38154,Daniel Eduardo Bocanegra Ortíz,Kevin Angulo,474102,América de Cali
Colombia,38154,Daniel Eduardo Bocanegra Ortíz,Nicolás Hernández,27471,América de Cali
Colombia,38154,Daniel Eduardo Bocanegra Ortíz,Brayan Correa,413088,América de Cali
Colombia,38154,Daniel Eduardo Bocanegra Ortíz,Luis Mina,437530,América de Cali
Colombia,38154,Daniel Eduardo Bocanegra Ortíz,Camilo Amú,531049,América de Cali
Colombia,38154,Daniel Eduardo Bocanegra Ortíz,Yhormar Hurtado,27419,América de Cali
Colombia,38154,Daniel Eduardo Bocanegra Ortíz,Darwin Machís,11501,América de Cali
Colombia,38154,Daniel Eduardo Bocanegra Ortíz,Jorge Soto,36907,América de Cali
Colombia,38154,Daniel Eduardo Bocanegra Ortíz,Jhordy Camacho,541531,América de Cali
Colombia,38236,Billy Vladimir Arce Mina,Néider Parra,541580,Club Atlético Nacional
Colombia,38236,Billy Vladimir Arce Mina,César Haydar,28938,Club Atlético Nacional
Colombia,38236,Billy Vladimir Arce Mina,Cristian Arango,10853,Club Atlético Nacional
Colombia,38236,Billy Vladimir Arce Mina,Nicolás Rodríguez,423126,Club Atlético Nacional
Colombia,38236,Billy Vladimir Arce Mina,Matias Quiroz,479799,Club Atlético Nacional
Colombia,38236,Billy Vladimir Arce Mina,David Ospina,4276,Club Atlético Nacional
Colombia,38236,Billy Vladimir Arce Mina,Franco Armani,6312,Club Atlético Nacional
Colombia,38236,Billy Vladimir Arce Mina,Andres Bernal,479796,Club Atlético Nacional
Colombia,38236,Billy Vladimir Arce Mina,Milton Casco,28264,Club Atlético Nacional
Colombia,38236,Billy Vladimir Arce Mina,Ian Poveda,39105,Club Atlético Nacional
Colombia,38236,Billy Vladimir Arce Mina,Eduard Bello,35785,Club Atlético Nacional
Colombia,38236,Billy Vladimir Arce Mina,Kevin Perez,558859,Club Atlético Nacional
Colombia,38236,Billy Vladimir Arce Mina,Kevin Cataño,540512,Club Atlético Nacional
Colombia,38236,Billy Vladimir Arce Mina,Robinson García,546713,Club Atlético Nacional
Colombia,38236,Billy Vladimir Arce Mina,Xavi Rios,543057,Club Atlético Nacional
Colombia,38236,Billy Vladimir Arce Mina,Harlen Castillo,37574,Club Atlético Nacional
Colombia,38238,Luis Alberto Caicedo Medina,Frank Martínez,541807,AD Pasto
Colombia,38238,Luis Alberto Caicedo Medina,Yeison Tolosa,32499,AD Pasto
Colombia,38238,Luis Alberto Caicedo Medina,Luther Rueda,441622,AD Pasto
Colombia,38238,Luis Alberto Caicedo Medina,Heiler Moreno,548313,AD Pasto
Colombia,38238,Luis Alberto Caicedo Medina,Andrés Ibargüen,26401,AD Pasto
Colombia,38238,Luis Alberto Caicedo Medina,Ederson Cabezas,130889,AD Pasto
Colombia,38238,Luis Alberto Caicedo Medina,Jonathan Perlaza,208679,AD Pasto
Colombia,38238,Luis Alberto Caicedo Medina,P.Preciado,485520,AD Pasto
Colombia,38238,Luis Alberto Caicedo Medina,Mateo Garavito,130634,AD Pasto
Colombia,38238,Luis Alberto Caicedo Medina,Enrique Serje,27176,AD Pasto
Colombia,38238,Luis Alberto Caicedo Medina,Matías Pisano,28713,AD Pasto
Colombia,38238,Luis Alberto Caicedo Medina,Geovanni Banguera,27378,AD Pasto
Colombia,38238,Luis Alberto Caicedo Medina,Iago Herrerín,6662,AD Pasto
Colombia,38238,Luis Alberto Caicedo Medina,Hervin Goyes,484088,AD Pasto
Colombia,38272,Javier Arley Reina Calvo,Daniel Giraldo,27385,Deportivo Cali
Colombia,38272,Javier Arley Reina Calvo,Eduard Bello,35785,Deportivo Cali
Colombia,38272,Javier Arley Reina Calvo,Emanuel Reynoso,27855,Deportivo Cali
Colombia,38272,Javier Arley Reina Calvo,Juan Dinenno,27235,Deportivo Cali
Colombia,38272,Javier Arley Reina Calvo,Keimer Sandoval,441464,Deportivo Cali
Colombia,38272,Javier Arley Reina Calvo,Pedro Gallese,5528,Deportivo Cali
Colombia,38272,Javier Arley Reina Calvo,Miguel Correa,479805,Deportivo Cali
Colombia,38272,Javier Arley Reina Calvo,Fernando Álvarez,131187,Deportivo Cali
Colombia,38272,Javier Arley Reina Calvo,Nicolás Benedetti,27356,Deportivo Cali
Colombia,38272,Javier Arley Reina Calvo,Alexis Manyoma,186930,Deportivo Cali
Colombia,38272,Javier Arley Reina Calvo,Alejandro Rodríguez,94936,Deportivo Cali
Colombia,38272,Javier Arley Reina Calvo,Juan Manuel Arango,418919,Deportivo Cali
Colombia,38272,Javier Arley Reina Calvo,Juan José Montoya Tamayo,493776,Deportivo Cali
Colombia,38272,Javier Arley Reina Calvo,Gustavo Cuéllar,25384,Deportivo Cali
Colombia,38272,Javier Arley Reina Calvo,Jean Galindo,446729,Deportivo Cali
Colombia,38272,Javier Arley Reina Calvo,Javier Mena,388278,Deportivo Cali
Colombia,38452,Guzmán Corujo Bríccola,Daniel Giraldo,27385,Deportivo Cali
Colombia,38452,Guzmán Corujo Bríccola,Eduard Bello,35785,Deportivo Cali
Colombia,38452,Guzmán Corujo Bríccola,Emanuel Reynoso,27855,Deportivo Cali
Colombia,38452,Guzmán Corujo Bríccola,Juan Dinenno,27235,Deportivo Cali
Colombia,38452,Guzmán Corujo Bríccola,Keimer Sandoval,441464,Deportivo Cali
Colombia,38452,Guzmán Corujo Bríccola,Pedro Gallese,5528,Deportivo Cali
Colombia,38452,Guzmán Corujo Bríccola,Miguel Correa,479805,Deportivo Cali
Colombia,38452,Guzmán Corujo Bríccola,Fernando Álvarez,131187,Deportivo Cali
Colombia,38452,Guzmán Corujo Bríccola,Nicolás Benedetti,27356,Deportivo Cali
Colombia,38452,Guzmán Corujo Bríccola,Alexis Manyoma,186930,Deportivo Cali
Colombia,38452,Guzmán Corujo Bríccola,Alejandro Rodríguez,94936,Deportivo Cali
Colombia,38452,Guzmán Corujo Bríccola,Juan Manuel Arango,418919,Deportivo Cali
Colombia,38452,Guzmán Corujo Bríccola,Juan José Montoya Tamayo,493776,Deportivo Cali
Colombia,38452,Guzmán Corujo Bríccola,Gustavo Cuéllar,25384,Deportivo Cali
Colombia,38452,Guzmán Corujo Bríccola,Jean Galindo,446729,Deportivo Cali
Colombia,38452,Guzmán Corujo Bríccola,Javier Mena,388278,Deportivo Cali
Colombia,38658,Víctor Hugo Dorrego Coito,Rafael Acuña,545407,Once Caldas
Colombia,38658,Víctor Hugo Dorrego Coito,Jader Quiñónes,130638,Once Caldas
Colombia,38658,Víctor Hugo Dorrego Coito,Joan Parra,49738,Once Caldas
Colombia,38658,Víctor Hugo Dorrego Coito,Andrés Roa,27931,Once Caldas
Colombia,38658,Víctor Hugo Dorrego Coito,Helieyker Guzman,548893,Once Caldas
Colombia,38968,Juan Miguel Ojeda Gauto,Oscar Caicedo,542038,Boyacá Chicó
Colombia,38968,Juan Miguel Ojeda Gauto,Isaac Camargo,186789,Boyacá Chicó
Colombia,38968,Juan Miguel Ojeda Gauto,Estiven Andrés Sarria Olano,149350,Boyacá Chicó
Colombia,38968,Juan Miguel Ojeda Gauto,David Agudelo,50784,Boyacá Chicó
Colombia,38968,Juan Miguel Ojeda Gauto,Jesus Chara,541530,Boyacá Chicó
Colombia,38968,Juan Miguel Ojeda Gauto,Santiago Mera,233068,Boyacá Chicó
Colombia,38968,Juan Miguel Ojeda Gauto,Branndon Zapata,530433,Boyacá Chicó
Colombia,38968,Juan Miguel Ojeda Gauto,Mateo Gomez,542585,Boyacá Chicó
Colombia,38968,Juan Miguel Ojeda Gauto,Julian Castillo,541106,Boyacá Chicó
Colombia,38968,Juan Miguel Ojeda Gauto,Jhonier Alomía,541681,Boyacá Chicó
Colombia,38968,Juan Miguel Ojeda Gauto,Junior Carlos Palacios,117067,Boyacá Chicó
Colombia,38968,Juan Miguel Ojeda Gauto,Cristian Blanco,29996,Boyacá Chicó
Colombia,38968,Juan Miguel Ojeda Gauto,Rogerio Caicedo,37485,Boyacá Chicó
Colombia,38968,Juan Miguel Ojeda Gauto,Jaime Diaz,188434,Boyacá Chicó
Colombia,38968,Juan Miguel Ojeda Gauto,Sebastián Viveros Lopez,438096,Boyacá Chicó
Colombia,38968,Juan Miguel Ojeda Gauto,Jacobo Pimentel,37478,Boyacá Chicó
Colombia,38968,Juan Miguel Ojeda Gauto,Yaliston Martínez,130270,Boyacá Chicó
Colombia,38968,Juan Miguel Ojeda Gauto,Ítalo Montaño,512334,Boyacá Chicó
Colombia,38968,Juan Miguel Ojeda Gauto,Jeison David Mena Victoria,484465,Boyacá Chicó
Colombia,38968,Juan Miguel Ojeda Gauto,Alejandro Maya,578762,Boyacá Chicó
Colombia,38968,Juan Miguel Ojeda Gauto,Felipe Cifuentes,422979,Boyacá Chicó
Colombia,38968,Juan Miguel Ojeda Gauto,Jhonny Jordán,425033,Boyacá Chicó
Colombia,38968,Juan Miguel Ojeda Gauto,Nicolás Valencia,524514,Boyacá Chicó
Colombia,38968,Juan Miguel Ojeda Gauto,Sebastián Palma,51932,Boyacá Chicó
Colombia,38968,Juan Miguel Ojeda Gauto,Darío Denis,36479,Boyacá Chicó
Colombia,38968,Juan Miguel Ojeda Gauto,Faiber Arroyo,542584,Boyacá Chicó
Colombia,39258,Juan Carlos Pereira Díaz,Leonai,43829,Millonarios FC
Colombia,39258,Juan Carlos Pereira Díaz,Rodrigo Ureña,34556,Millonarios FC
Colombia,39258,Juan Carlos Pereira Díaz,Christopher Martín,486309,Millonarios FC
Colombia,39258,Juan Carlos Pereira Díaz,Brayan Sandoval,432337,Millonarios FC
Colombia,39258,Juan Carlos Pereira Díaz,Jorge Hurtado,261627,Millonarios FC
Colombia,39258,Juan Carlos Pereira Díaz,Sebastián Viveros del Castillo,485369,Millonarios FC
Colombia,39258,Juan Carlos Pereira Díaz,Javier Burrai,36557,Millonarios FC
Colombia,39258,Juan Carlos Pereira Díaz,Stiven Barreiro,29597,Millonarios FC
Colombia,39258,Juan Carlos Pereira Díaz,David Silva,27062,Millonarios FC
Colombia,39258,Juan Carlos Pereira Díaz,Mateo García,186788,Millonarios FC
Colombia,39258,Juan Carlos Pereira Díaz,Diego Novoa,27278,Millonarios FC
Colombia,39258,Juan Carlos Pereira Díaz,Rodrigo Contreras,26260,Millonarios FC
Colombia,39258,Juan Carlos Pereira Díaz,Edgar Elizalde,35444,Millonarios FC
Colombia,39258,Juan Carlos Pereira Díaz,Carlos Sarabia,445189,Millonarios FC
Colombia,39258,Juan Carlos Pereira Díaz,Guillermo de Amores,45215,Millonarios FC
Colombia,43464,Gustavo Adrián Ramírez Rojas,Yhormar Hurtado,27419,Deportes Tolima
Colombia,43464,Gustavo Adrián Ramírez Rojas,Néifer Sánchez,542721,Deportes Tolima
Colombia,43464,Gustavo Adrián Ramírez Rojas,Michael Martínez,486479,Deportes Tolima
Colombia,43464,Gustavo Adrián Ramírez Rojas,Santiago Joven,548784,Deportes Tolima
Colombia,43464,Gustavo Adrián Ramírez Rojas,Shean Barbosa,391737,Deportes Tolima
Colombia,43464,Gustavo Adrián Ramírez Rojas,Sergio Aguayo,422617,Deportes Tolima
Colombia,43464,Gustavo Adrián Ramírez Rojas,Daniel Pedrozo,261625,Deportes Tolima
Colombia,43464,Gustavo Adrián Ramírez Rojas,Luis Marquinez,130729,Deportes Tolima
Colombia,43464,Gustavo Adrián Ramírez Rojas,Yimar Parra,522359,Deportes Tolima
Colombia,43464,Gustavo Adrián Ramírez Rojas,Yordan Osorio,10337,Deportes Tolima
Colombia,43464,Gustavo Adrián Ramírez Rojas,Jorge Hurtado,261627,Deportes Tolima
Colombia,43464,Gustavo Adrián Ramírez Rojas,Neto Volpi,27391,Deportes Tolima
Colombia,43464,Gustavo Adrián Ramírez Rojas,Élan Ricardo,391769,Deportes Tolima
Colombia,43464,Gustavo Adrián Ramírez Rojas,Miguel Ortega,33371,Deportes Tolima
Colombia,43464,Gustavo Adrián Ramírez Rojas,Victor Manuel Reyes Clavijo,464348,Deportes Tolima
Colombia,43464,Gustavo Adrián Ramírez Rojas,Erik Alvarez,546445,Deportes Tolima
Colombia,43464,Gustavo Adrián Ramírez Rojas,Yoimar Moreno,526115,Deportes Tolima
Colombia,43547,David Andrés Camacho Valencia,Julio Cuero,541997,Fortaleza CEIF FC
Colombia,43547,David Andrés Camacho Valencia,Jhonier Blanco,82711,Fortaleza CEIF FC
Colombia,43547,David Andrés Camacho Valencia,Ítalo Montaño,512334,Fortaleza CEIF FC
Colombia,43547,David Andrés Camacho Valencia,Cristian Orozco,479256,Fortaleza CEIF FC
Colombia,43547,David Andrés Camacho Valencia,Miguel Pernía,381627,Fortaleza CEIF FC
Colombia,43547,David Andrés Camacho Valencia,Miguel Silva,45096,Fortaleza CEIF FC
Colombia,43547,David Andrés Camacho Valencia,Jhon Velásquez,27379,Fortaleza CEIF FC
Colombia,43547,David Andrés Camacho Valencia,Richardson Rivas,540897,Fortaleza CEIF FC
Colombia,43547,David Andrés Camacho Valencia,Jhon Martínez,441295,Fortaleza CEIF FC
Colombia,43547,David Andrés Camacho Valencia,Michael Barragán,425034,Fortaleza CEIF FC
Colombia,43547,David Andrés Camacho Valencia,Sebastián Herrera,36614,Fortaleza CEIF FC
Colombia,43547,David Andrés Camacho Valencia,Williams Barlasina,53520,Fortaleza CEIF FC
Colombia,43547,David Andrés Camacho Valencia,Jhon Jairo Solís Vélez,390348,Fortaleza CEIF FC
Colombia,43547,David Andrés Camacho Valencia,Juan Camilo Castillo Andrade,120758,Fortaleza CEIF FC
Colombia,43547,David Andrés Camacho Valencia,Teun Wilke,147964,Fortaleza CEIF FC
Colombia,43547,David Andrés Camacho Valencia,Cristian Santander,366014,Fortaleza CEIF FC
Colombia,43547,David Andrés Camacho Valencia,Jhoiner Salas,423506,Fortaleza CEIF FC
Colombia,43547,David Andrés Camacho Valencia,Franco Pulicastro,425008,Fortaleza CEIF FC
Colombia,43547,David Andrés Camacho Valencia,Jeferson Medina,433661,Fortaleza CEIF FC
Colombia,43547,David Andrés Camacho Valencia,Andy Batioja,444227,Fortaleza CEIF FC
Colombia,43547,David Andrés Camacho Valencia,E.Rico,482809,Fortaleza CEIF FC
Colombia,43547,David Andrés Camacho Valencia,Santiago Vivas,530361,Fortaleza CEIF FC
Colombia,43547,David Andrés Camacho Valencia,Joan Valverde,541009,Fortaleza CEIF FC
Colombia,43547,David Andrés Camacho Valencia,Brandón Andrés Mejía Fajardo,1169634,Fortaleza CEIF FC
Colombia,43547,David Andrés Camacho Valencia,Jhon Sebastian Palacios Sanchez,482811,Fortaleza CEIF FC
Colombia,43547,David Andrés Camacho Valencia,Andrés Amaya,27599,Fortaleza CEIF FC
Colombia,43722,Enzo Joaquin Sosa Romañuk,Cristhian Portocarrero,571596,Independiente Santa Fe
Colombia,43722,Enzo Joaquin Sosa Romañuk,M.Cuesta Palacios,483805,Independiente Santa Fe
Colombia,43722,Enzo Joaquin Sosa Romañuk,Nahuel Bustos,28634,Independiente Santa Fe
Colombia,43722,Enzo Joaquin Sosa Romañuk,Weimar Asprilla,52299,Independiente Santa Fe
Colombia,43722,Enzo Joaquin Sosa Romañuk,Kevin Balanta,27354,Independiente Santa Fe
Colombia,43722,Enzo Joaquin Sosa Romañuk,Emerson Rivaldo Rodríguez Valois,49788,Independiente Santa Fe
Colombia,43722,Enzo Joaquin Sosa Romañuk,Kilian Toscano,277520,Independiente Santa Fe
Colombia,43722,Enzo Joaquin Sosa Romañuk,Maximiliano Lovera,29196,Independiente Santa Fe
Colombia,43722,Enzo Joaquin Sosa Romañuk,Jáder Obrian,27431,Independiente Santa Fe
Colombia,43722,Enzo Joaquin Sosa Romañuk,Franco Fagúndez,140320,Independiente Santa Fe
Colombia,43800,Auli Alexander Oliveros Estrada,Jhon Meléndez,407507,Rionegro Aguilas
Colombia,43800,Auli Alexander Oliveros Estrada,Juan Roa,186783,Rionegro Aguilas
Colombia,43800,Auli Alexander Oliveros Estrada,Fabián Charales,365336,Rionegro Aguilas
Colombia,43800,Auli Alexander Oliveros Estrada,Andrés Álvarez,502743,Rionegro Aguilas
Colombia,43800,Auli Alexander Oliveros Estrada,Andrés Carreño,370237,Rionegro Aguilas
Colombia,43800,Auli Alexander Oliveros Estrada,Antony Vásquez,136101,Rionegro Aguilas
Colombia,43800,Auli Alexander Oliveros Estrada,Junior Noguera,139954,Rionegro Aguilas
Colombia,43800,Auli Alexander Oliveros Estrada,John Jairo Ontaneda Campos,204050,Rionegro Aguilas
Colombia,43800,Auli Alexander Oliveros Estrada,Jorge Soto,36907,Rionegro Aguilas
Colombia,43800,Auli Alexander Oliveros Estrada,Carlos Londoño,542059,Rionegro Aguilas
Colombia,43800,Auli Alexander Oliveros Estrada,Andrés Ricaurte,27290,Rionegro Aguilas
Colombia,43800,Auli Alexander Oliveros Estrada,Jorge Rivaldo,483804,Rionegro Aguilas
Colombia,43800,Auli Alexander Oliveros Estrada,Alberto Higgins,540906,Rionegro Aguilas
Colombia,43800,Auli Alexander Oliveros Estrada,Juan Avalo,186378,Rionegro Aguilas
Colombia,43800,Auli Alexander Oliveros Estrada,Iván Arboleda,32829,Rionegro Aguilas
Colombia,43800,Auli Alexander Oliveros Estrada,Royner Benítez,367600,Rionegro Aguilas
Colombia,43829,Neyder Stiven Moreno Betancur,Keyson Quinto,565134,CA Bucaramanga
Colombia,43829,Neyder Stiven Moreno Betancur,Emerson Batalla,36904,CA Bucaramanga
Colombia,43829,Neyder Stiven Moreno Betancur,Luis Vásquez,35481,CA Bucaramanga
Colombia,43829,Neyder Stiven Moreno Betancur,Brandon Caicedo,402704,CA Bucaramanga
Colombia,43829,Neyder Stiven Moreno Betancur,Cristopher Fiermarín,37749,CA Bucaramanga
Colombia,43829,Neyder Stiven Moreno Betancur,Felix Charrupí,379516,CA Bucaramanga
Colombia,43829,Neyder Stiven Moreno Betancur,Nilson Castrillón,27177,CA Bucaramanga
Colombia,43829,Neyder Stiven Moreno Betancur,Aldair Quintana,27587,CA Bucaramanga
Colombia,43829,Neyder Stiven Moreno Betancur,Martín Rea,44893,CA Bucaramanga
Colombia,43829,Neyder Stiven Moreno Betancur,Gleyfer Medina,485276,CA Bucaramanga
Colombia,43829,Neyder Stiven Moreno Betancur,Adrián Murillo,524201,CA Bucaramanga
Colombia,43976,Adrián Estacio Peña,Calderon A.,528792,Deportivo Pereira
Colombia,43976,Adrián Estacio Peña,Javier Mena,388278,Deportivo Pereira
Colombia,43976,Adrián Estacio Peña,Ánderson Plata,28684,Deportivo Pereira
Colombia,43976,Adrián Estacio Peña,Sebastián Urrea,438675,Deportivo Pereira
Colombia,43976,Adrián Estacio Peña,Miguel Aguirre,530366,Deportivo Pereira
Colombia,43976,Adrián Estacio Peña,Danilo Ortíz,32008,Deportivo Pereira
Colombia,43976,Adrián Estacio Peña,Juan Urrea,549758,Deportivo Pereira
Colombia,43976,Adrián Estacio Peña,Fabio Delgado,100897,Deportivo Pereira
Colombia,43976,Adrián Estacio Peña,Jhon Montoya,530371,Deportivo Pereira
Colombia,43976,Adrián Estacio Peña,Yimy Gómez,36906,Deportivo Pereira
Colombia,43976,Adrián Estacio Peña,Felipe Mosquera,249295,Deportivo Pereira
Colombia,43976,Adrián Estacio Peña,Juan Morales,549759,Deportivo Pereira
Colombia,43976,Adrián Estacio Peña,Nicolas Rengifo,423012,Deportivo Pereira
Colombia,43976,Adrián Estacio Peña,Tobias Bovone,425720,Deportivo Pereira
Colombia,43976,Adrián Estacio Peña,Jorge Eliécer Martínez Mosquera,484466,Deportivo Pereira
Colombia,43976,Adrián Estacio Peña,Jared Rodriguez,530372,Deportivo Pereira
Colombia,43976,Adrián Estacio Peña,Juan Betancourth,404759,Deportivo Pereira
Colombia,43976,Adrián Estacio Peña,Matías Patiño,549307,Deportivo Pereira
Colombia,43976,Adrián Estacio Peña,Richard Rentería,27229,Deportivo Pereira
Colombia,43976,Adrián Estacio Peña,Josseph Mosquera,530373,Deportivo Pereira
Colombia,43976,Adrián Estacio Peña,Ederson Moreno,36151,Deportivo Pereira
Colombia,43976,Adrián Estacio Peña,Miguel Palacios,449481,Deportivo Pereira
Colombia,43976,Adrián Estacio Peña,Sebastián Acosta,79575,Deportivo Pereira
Colombia,43976,Adrián Estacio Peña,Luis Moreno,541008,Deportivo Pereira
Colombia,43976,Adrián Estacio Peña,Santiago Alzate,530370,Deportivo Pereira
Colombia,43976,Adrián Estacio Peña,Manuel Díaz,550290,Deportivo Pereira
Colombia,43985,José Abad Cuenú Rodríguez,Jean Carlos Pestaña,27585,Club Deportivo Junior FC
Colombia,43985,José Abad Cuenú Rodríguez,Harold Rivera,28812,Club Deportivo Junior FC
Colombia,43985,José Abad Cuenú Rodríguez,Déiber Caicedo,27212,Club Deportivo Junior FC
Colombia,43985,José Abad Cuenú Rodríguez,Mauro Silveira,36501,Club Deportivo Junior FC
Colombia,43985,José Abad Cuenú Rodríguez,Jefersson Martínez,27507,Club Deportivo Junior FC
Colombia,43985,José Abad Cuenú Rodríguez,Lucas Monzón,43859,Club Deportivo Junior FC
Colombia,43985,José Abad Cuenú Rodríguez,José Munive,567245,Club Deportivo Junior FC
Colombia,43985,José Abad Cuenú Rodríguez,Pablo Ortiz,48283,Club Deportivo Junior FC
Colombia,43985,José Abad Cuenú Rodríguez,Luis Muriel,6334,Club Deportivo Junior FC
Colombia,43985,José Abad Cuenú Rodríguez,Andrés Shmalbach,547801,Club Deportivo Junior FC
Colombia,43985,José Abad Cuenú Rodríguez,Dilan Villarreal,541204,Club Deportivo Junior FC
Colombia,43985,José Abad Cuenú Rodríguez,Daniel Socarras,547382,Club Deportivo Junior FC
Colombia,43985,José Abad Cuenú Rodríguez,Joel Canchimbo,440436,Club Deportivo Junior FC
Colombia,44406,Nicolás Fernando Morínigo Torres,Frank Martínez,541807,AD Pasto
Colombia,44406,Nicolás Fernando Morínigo Torres,Yeison Tolosa,32499,AD Pasto
Colombia,44406,Nicolás Fernando Morínigo Torres,Luther Rueda,441622,AD Pasto
Colombia,44406,Nicolás Fernando Morínigo Torres,Heiler Moreno,548313,AD Pasto
Colombia,44406,Nicolás Fernando Morínigo Torres,Andrés Ibargüen,26401,AD Pasto
Colombia,44406,Nicolás Fernando Morínigo Torres,Ederson Cabezas,130889,AD Pasto
Colombia,44406,Nicolás Fernando Morínigo Torres,Jonathan Perlaza,208679,AD Pasto
Colombia,44406,Nicolás Fernando Morínigo Torres,P.Preciado,485520,AD Pasto
Colombia,44406,Nicolás Fernando Morínigo Torres,Mateo Garavito,130634,AD Pasto
Colombia,44406,Nicolás Fernando Morínigo Torres,Enrique Serje,27176,AD Pasto
Colombia,44406,Nicolás Fernando Morínigo Torres,Matías Pisano,28713,AD Pasto
Colombia,44406,Nicolás Fernando Morínigo Torres,Geovanni Banguera,27378,AD Pasto
Colombia,44406,Nicolás Fernando Morínigo Torres,Iago Herrerín,6662,AD Pasto
Colombia,44406,Nicolás Fernando Morínigo Torres,Hervin Goyes,484088,AD Pasto
Colombia,58462,Johan Steven Bocanegra Mora,Oscar Caicedo,542038,Boyacá Chicó
Colombia,58462,Johan Steven Bocanegra Mora,Isaac Camargo,186789,Boyacá Chicó
Colombia,58462,Johan Steven Bocanegra Mora,Estiven Andrés Sarria Olano,149350,Boyacá Chicó
Colombia,58462,Johan Steven Bocanegra Mora,David Agudelo,50784,Boyacá Chicó
Colombia,58462,Johan Steven Bocanegra Mora,Jesus Chara,541530,Boyacá Chicó
Colombia,58462,Johan Steven Bocanegra Mora,Santiago Mera,233068,Boyacá Chicó
Colombia,58462,Johan Steven Bocanegra Mora,Branndon Zapata,530433,Boyacá Chicó
Colombia,58462,Johan Steven Bocanegra Mora,Mateo Gomez,542585,Boyacá Chicó
Colombia,58462,Johan Steven Bocanegra Mora,Julian Castillo,541106,Boyacá Chicó
Colombia,58462,Johan Steven Bocanegra Mora,Jhonier Alomía,541681,Boyacá Chicó
Colombia,58462,Johan Steven Bocanegra Mora,Junior Carlos Palacios,117067,Boyacá Chicó
Colombia,58462,Johan Steven Bocanegra Mora,Cristian Blanco,29996,Boyacá Chicó
Colombia,58462,Johan Steven Bocanegra Mora,Rogerio Caicedo,37485,Boyacá Chicó
Colombia,58462,Johan Steven Bocanegra Mora,Jaime Diaz,188434,Boyacá Chicó
Colombia,58462,Johan Steven Bocanegra Mora,Sebastián Viveros Lopez,438096,Boyacá Chicó
Colombia,58462,Johan Steven Bocanegra Mora,Jacobo Pimentel,37478,Boyacá Chicó
Colombia,58462,Johan Steven Bocanegra Mora,Yaliston Martínez,130270,Boyacá Chicó
Colombia,58462,Johan Steven Bocanegra Mora,Ítalo Montaño,512334,Boyacá Chicó
Colombia,58462,Johan Steven Bocanegra Mora,Jeison David Mena Victoria,484465,Boyacá Chicó
Colombia,58462,Johan Steven Bocanegra Mora,Alejandro Maya,578762,Boyacá Chicó
Colombia,58462,Johan Steven Bocanegra Mora,Felipe Cifuentes,422979,Boyacá Chicó
Colombia,58462,Johan Steven Bocanegra Mora,Jhonny Jordán,425033,Boyacá Chicó
Colombia,58462,Johan Steven Bocanegra Mora,Nicolás Valencia,524514,Boyacá Chicó
Colombia,58462,Johan Steven Bocanegra Mora,Sebastián Palma,51932,Boyacá Chicó
Colombia,58462,Johan Steven Bocanegra Mora,Darío Denis,36479,Boyacá Chicó
Colombia,58462,Johan Steven Bocanegra Mora,Faiber Arroyo,542584,Boyacá Chicó
Colombia,59692,Erik Maximiliano Bodencer,Kevin Caicedo,540898,Club Llaneros SA
Colombia,59692,Erik Maximiliano Bodencer,Juan Loaiza,344236,Club Llaneros SA
Colombia,59692,Erik Maximiliano Bodencer,Julian Beltran,527593,Club Llaneros SA
Colombia,59692,Erik Maximiliano Bodencer,Edwin Laszo,83191,Club Llaneros SA
Colombia,59692,Erik Maximiliano Bodencer,Emilio Pardo,567029,Club Llaneros SA
Colombia,59692,Erik Maximiliano Bodencer,Juan Montoya,438044,Club Llaneros SA
Colombia,59692,Erik Maximiliano Bodencer,Yorleys Mena,35270,Club Llaneros SA
Colombia,59692,Erik Maximiliano Bodencer,Daniel Quiñones,28715,Club Llaneros SA
Colombia,59692,Erik Maximiliano Bodencer,R.Romaña Garavito,462563,Club Llaneros SA
Colombia,59692,Erik Maximiliano Bodencer,Jhon Vásquez,27415,Club Llaneros SA
Colombia,59692,Erik Maximiliano Bodencer,Kevin Rincón,522939,Club Llaneros SA
Colombia,59692,Erik Maximiliano Bodencer,Alejandro Moralez,29076,Club Llaneros SA
Colombia,59692,Erik Maximiliano Bodencer,Dennys Quintero,95866,Club Llaneros SA
Colombia,59692,Erik Maximiliano Bodencer,Jimmy Medranda,15945,Club Llaneros SA
Colombia,59692,Erik Maximiliano Bodencer,Juan Pertuz,426884,Club Llaneros SA
Colombia,59692,Erik Maximiliano Bodencer,Néider Ospina,404791,Club Llaneros SA
Colombia,59692,Erik Maximiliano Bodencer,Jhonier Blanco,82711,Club Llaneros SA
Colombia,59692,Erik Maximiliano Bodencer,Miguel Ortega,33371,Club Llaneros SA
Colombia,59692,Erik Maximiliano Bodencer,B.Chury Jiménez,465530,Club Llaneros SA
Colombia,66371,Jhon Alexander Palacios Santos,Enzo Larrosa,52972,Independiente Medellin
Colombia,66371,Jhon Alexander Palacios Santos,Juan Viveros,478757,Independiente Medellin
Colombia,66371,Jhon Alexander Palacios Santos,John Montaño,401170,Independiente Medellin
Colombia,66371,Jhon Alexander Palacios Santos,Hayen Palacios,49707,Independiente Medellin
Colombia,66371,Jhon Alexander Palacios Santos,Marlon Balanta,541990,Independiente Medellin
Colombia,66371,Jhon Alexander Palacios Santos,Jhan Mena,480776,Independiente Medellin
Colombia,66371,Jhon Alexander Palacios Santos,Gerónimo Mancilla Vidal,482883,Independiente Medellin
Colombia,66371,Jhon Alexander Palacios Santos,Juan José Córdoba Zapata,159450,Independiente Medellin
Colombia,66371,Jhon Alexander Palacios Santos,Nivaldo Erazo,567190,Independiente Medellin
Colombia,66371,Jhon Alexander Palacios Santos,Málcom Palacios,395929,Independiente Medellin
Colombia,66371,Jhon Alexander Palacios Santos,Andrés Dávila,407412,Independiente Medellin
Colombia,66371,Jhon Alexander Palacios Santos,Keiner Klinger,566594,Independiente Medellin
Colombia,66371,Jhon Alexander Palacios Santos,Agustín Martegani,112696,Independiente Medellin
Colombia,66371,Jhon Alexander Palacios Santos,Alfonso Simarra,131527,Independiente Medellin
Colombia,66371,Jhon Alexander Palacios Santos,Nezareth Segura,476616,Independiente Medellin
Colombia,66371,Jhon Alexander Palacios Santos,Salvador Ichazo,22271,Independiente Medellin
Colombia,66371,Jhon Alexander Palacios Santos,Frank Fabra,28893,Independiente Medellin
Colombia,66371,Jhon Alexander Palacios Santos,Eder Chaux,27275,Independiente Medellin
Colombia,66371,Jhon Alexander Palacios Santos,Jeison Medina,27645,Independiente Medellin
Colombia,66371,Jhon Alexander Palacios Santos,Luis Piedrahita,546052,Independiente Medellin
Colombia,66371,Jhon Alexander Palacios Santos,John Banguera,546050,Independiente Medellin
Colombia,66371,Jhon Alexander Palacios Santos,Alan Valdelamar,546053,Independiente Medellin
Colombia,66392,José David Ampudia Perea,Oscar Caicedo,542038,Boyacá Chicó
Colombia,66392,José David Ampudia Perea,Isaac Camargo,186789,Boyacá Chicó
Colombia,66392,José David Ampudia Perea,Estiven Andrés Sarria Olano,149350,Boyacá Chicó
Colombia,66392,José David Ampudia Perea,David Agudelo,50784,Boyacá Chicó
Colombia,66392,José David Ampudia Perea,Jesus Chara,541530,Boyacá Chicó
Colombia,66392,José David Ampudia Perea,Santiago Mera,233068,Boyacá Chicó
Colombia,66392,José David Ampudia Perea,Branndon Zapata,530433,Boyacá Chicó
Colombia,66392,José David Ampudia Perea,Mateo Gomez,542585,Boyacá Chicó
Colombia,66392,José David Ampudia Perea,Julian Castillo,541106,Boyacá Chicó
Colombia,66392,José David Ampudia Perea,Jhonier Alomía,541681,Boyacá Chicó
Colombia,66392,José David Ampudia Perea,Junior Carlos Palacios,117067,Boyacá Chicó
Colombia,66392,José David Ampudia Perea,Cristian Blanco,29996,Boyacá Chicó
Colombia,66392,José David Ampudia Perea,Rogerio Caicedo,37485,Boyacá Chicó
Colombia,66392,José David Ampudia Perea,Jaime Diaz,188434,Boyacá Chicó
Colombia,66392,José David Ampudia Perea,Sebastián Viveros Lopez,438096,Boyacá Chicó
Colombia,66392,José David Ampudia Perea,Jacobo Pimentel,37478,Boyacá Chicó
Colombia,66392,José David Ampudia Perea,Yaliston Martínez,130270,Boyacá Chicó
Colombia,66392,José David Ampudia Perea,Ítalo Montaño,512334,Boyacá Chicó
Colombia,66392,José David Ampudia Perea,Jeison David Mena Victoria,484465,Boyacá Chicó
Colombia,66392,José David Ampudia Perea,Alejandro Maya,578762,Boyacá Chicó
Colombia,66392,José David Ampudia Perea,Felipe Cifuentes,422979,Boyacá Chicó
Colombia,66392,José David Ampudia Perea,Jhonny Jordán,425033,Boyacá Chicó
Colombia,66392,José David Ampudia Perea,Nicolás Valencia,524514,Boyacá Chicó
Colombia,66392,José David Ampudia Perea,Sebastián Palma,51932,Boyacá Chicó
Colombia,66392,José David Ampudia Perea,Darío Denis,36479,Boyacá Chicó
Colombia,66392,José David Ampudia Perea,Faiber Arroyo,542584,Boyacá Chicó
Colombia,66398,Jhon Fredy Salazar Valencia,Jean Carlos Pestaña,27585,Club Deportivo Junior FC
Colombia,66398,Jhon Fredy Salazar Valencia,Harold Rivera,28812,Club Deportivo Junior FC
Colombia,66398,Jhon Fredy Salazar Valencia,Déiber Caicedo,27212,Club Deportivo Junior FC
Colombia,66398,Jhon Fredy Salazar Valencia,Mauro Silveira,36501,Club Deportivo Junior FC
Colombia,66398,Jhon Fredy Salazar Valencia,Jefersson Martínez,27507,Club Deportivo Junior FC
Colombia,66398,Jhon Fredy Salazar Valencia,Lucas Monzón,43859,Club Deportivo Junior FC
Colombia,66398,Jhon Fredy Salazar Valencia,José Munive,567245,Club Deportivo Junior FC
Colombia,66398,Jhon Fredy Salazar Valencia,Pablo Ortiz,48283,Club Deportivo Junior FC
Colombia,66398,Jhon Fredy Salazar Valencia,Luis Muriel,6334,Club Deportivo Junior FC
Colombia,66398,Jhon Fredy Salazar Valencia,Andrés Shmalbach,547801,Club Deportivo Junior FC
Colombia,66398,Jhon Fredy Salazar Valencia,Dilan Villarreal,541204,Club Deportivo Junior FC
Colombia,66398,Jhon Fredy Salazar Valencia,Daniel Socarras,547382,Club Deportivo Junior FC
Colombia,66398,Jhon Fredy Salazar Valencia,Joel Canchimbo,440436,Club Deportivo Junior FC
Colombia,66398,Jhon Fredy Salazar Valencia,Jhon Meléndez,407507,Rionegro Aguilas
Colombia,66398,Jhon Fredy Salazar Valencia,Juan Roa,186783,Rionegro Aguilas
Colombia,66398,Jhon Fredy Salazar Valencia,Fabián Charales,365336,Rionegro Aguilas
Colombia,66398,Jhon Fredy Salazar Valencia,Andrés Álvarez,502743,Rionegro Aguilas
Colombia,66398,Jhon Fredy Salazar Valencia,Andrés Carreño,370237,Rionegro Aguilas
Colombia,66398,Jhon Fredy Salazar Valencia,Antony Vásquez,136101,Rionegro Aguilas
Colombia,66398,Jhon Fredy Salazar Valencia,Junior Noguera,139954,Rionegro Aguilas
Colombia,66398,Jhon Fredy Salazar Valencia,John Jairo Ontaneda Campos,204050,Rionegro Aguilas
Colombia,66398,Jhon Fredy Salazar Valencia,Jorge Soto,36907,Rionegro Aguilas
Colombia,66398,Jhon Fredy Salazar Valencia,Carlos Londoño,542059,Rionegro Aguilas
Colombia,66398,Jhon Fredy Salazar Valencia,Andrés Ricaurte,27290,Rionegro Aguilas
Colombia,66398,Jhon Fredy Salazar Valencia,Jorge Rivaldo,483804,Rionegro Aguilas
Colombia,66398,Jhon Fredy Salazar Valencia,Alberto Higgins,540906,Rionegro Aguilas
Colombia,66398,Jhon Fredy Salazar Valencia,Juan Avalo,186378,Rionegro Aguilas
Colombia,66398,Jhon Fredy Salazar Valencia,Iván Arboleda,32829,Rionegro Aguilas
Colombia,66398,Jhon Fredy Salazar Valencia,Royner Benítez,367600,Rionegro Aguilas
Colombia,66407,Cristian Darío Barrios Puerta,Juan Aponzá,475524,América de Cali
Colombia,66407,Cristian Darío Barrios Puerta,Tomás Ángel,82606,América de Cali
Colombia,66407,Cristian Darío Barrios Puerta,Yeison Guzmán,27493,América de Cali
Colombia,66407,Cristian Darío Barrios Puerta,Dany Rosero,27230,América de Cali
Colombia,66407,Cristian Darío Barrios Puerta,Daniel Valencia,44745,América de Cali
Colombia,66407,Cristian Darío Barrios Puerta,Luis Quiñones,26332,América de Cali
Colombia,66407,Cristian Darío Barrios Puerta,Juan Montoya,483665,América de Cali
Colombia,66407,Cristian Darío Barrios Puerta,Adrián Ramos,24324,América de Cali
Colombia,66407,Cristian Darío Barrios Puerta,Edson Tortolero,113283,América de Cali
Colombia,66407,Cristian Darío Barrios Puerta,Kevin Angulo,474102,América de Cali
Colombia,66407,Cristian Darío Barrios Puerta,Nicolás Hernández,27471,América de Cali
Colombia,66407,Cristian Darío Barrios Puerta,Brayan Correa,413088,América de Cali
Colombia,66407,Cristian Darío Barrios Puerta,Luis Mina,437530,América de Cali
Colombia,66407,Cristian Darío Barrios Puerta,Camilo Amú,531049,América de Cali
Colombia,66407,Cristian Darío Barrios Puerta,Yhormar Hurtado,27419,América de Cali
Colombia,66407,Cristian Darío Barrios Puerta,Darwin Machís,11501,América de Cali
Colombia,66407,Cristian Darío Barrios Puerta,Jorge Soto,36907,América de Cali
Colombia,66407,Cristian Darío Barrios Puerta,Jhordy Camacho,541531,América de Cali
Colombia,66442,Kevin Alexander Palacios Salazar,Leonai,43829,Millonarios FC
Colombia,66442,Kevin Alexander Palacios Salazar,Rodrigo Ureña,34556,Millonarios FC
Colombia,66442,Kevin Alexander Palacios Salazar,Christopher Martín,486309,Millonarios FC
Colombia,66442,Kevin Alexander Palacios Salazar,Brayan Sandoval,432337,Millonarios FC
Colombia,66442,Kevin Alexander Palacios Salazar,Jorge Hurtado,261627,Millonarios FC
Colombia,66442,Kevin Alexander Palacios Salazar,Sebastián Viveros del Castillo,485369,Millonarios FC
Colombia,66442,Kevin Alexander Palacios Salazar,Javier Burrai,36557,Millonarios FC
Colombia,66442,Kevin Alexander Palacios Salazar,Stiven Barreiro,29597,Millonarios FC
Colombia,66442,Kevin Alexander Palacios Salazar,David Silva,27062,Millonarios FC
Colombia,66442,Kevin Alexander Palacios Salazar,Mateo García,186788,Millonarios FC
Colombia,66442,Kevin Alexander Palacios Salazar,Diego Novoa,27278,Millonarios FC
Colombia,66442,Kevin Alexander Palacios Salazar,Rodrigo Contreras,26260,Millonarios FC
Colombia,66442,Kevin Alexander Palacios Salazar,Edgar Elizalde,35444,Millonarios FC
Colombia,66442,Kevin Alexander Palacios Salazar,Carlos Sarabia,445189,Millonarios FC
Colombia,66442,Kevin Alexander Palacios Salazar,Guillermo de Amores,45215,Millonarios FC
Colombia,66449,Brayan Léon Muñiz,Enzo Larrosa,52972,Independiente Medellin
Colombia,66449,Brayan Léon Muñiz,Juan Viveros,478757,Independiente Medellin
Colombia,66449,Brayan Léon Muñiz,John Montaño,401170,Independiente Medellin
Colombia,66449,Brayan Léon Muñiz,Hayen Palacios,49707,Independiente Medellin
Colombia,66449,Brayan Léon Muñiz,Marlon Balanta,541990,Independiente Medellin
Colombia,66449,Brayan Léon Muñiz,Jhan Mena,480776,Independiente Medellin
Colombia,66449,Brayan Léon Muñiz,Gerónimo Mancilla Vidal,482883,Independiente Medellin
Colombia,66449,Brayan Léon Muñiz,Juan José Córdoba Zapata,159450,Independiente Medellin
Colombia,66449,Brayan Léon Muñiz,Nivaldo Erazo,567190,Independiente Medellin
Colombia,66449,Brayan Léon Muñiz,Málcom Palacios,395929,Independiente Medellin
Colombia,66449,Brayan Léon Muñiz,Andrés Dávila,407412,Independiente Medellin
Colombia,66449,Brayan Léon Muñiz,Keiner Klinger,566594,Independiente Medellin
Colombia,66449,Brayan Léon Muñiz,Agustín Martegani,112696,Independiente Medellin
Colombia,66449,Brayan Léon Muñiz,Alfonso Simarra,131527,Independiente Medellin
Colombia,66449,Brayan Léon Muñiz,Nezareth Segura,476616,Independiente Medellin
Colombia,66449,Brayan Léon Muñiz,Salvador Ichazo,22271,Independiente Medellin
Colombia,66449,Brayan Léon Muñiz,Frank Fabra,28893,Independiente Medellin
Colombia,66449,Brayan Léon Muñiz,Eder Chaux,27275,Independiente Medellin
Colombia,66449,Brayan Léon Muñiz,Jeison Medina,27645,Independiente Medellin
Colombia,66449,Brayan Léon Muñiz,Luis Piedrahita,546052,Independiente Medellin
Colombia,66449,Brayan Léon Muñiz,John Banguera,546050,Independiente Medellin
Colombia,66449,Brayan Léon Muñiz,Alan Valdelamar,546053,Independiente Medellin
Colombia,66466,Yeferson Andrés Rodallega Paz,Enzo Larrosa,52972,Independiente Medellin
Colombia,66466,Yeferson Andrés Rodallega Paz,Juan Viveros,478757,Independiente Medellin
Colombia,66466,Yeferson Andrés Rodallega Paz,John Montaño,401170,Independiente Medellin
Colombia,66466,Yeferson Andrés Rodallega Paz,Hayen Palacios,49707,Independiente Medellin
Colombia,66466,Yeferson Andrés Rodallega Paz,Marlon Balanta,541990,Independiente Medellin
Colombia,66466,Yeferson Andrés Rodallega Paz,Jhan Mena,480776,Independiente Medellin
Colombia,66466,Yeferson Andrés Rodallega Paz,Gerónimo Mancilla Vidal,482883,Independiente Medellin
Colombia,66466,Yeferson Andrés Rodallega Paz,Juan José Córdoba Zapata,159450,Independiente Medellin
Colombia,66466,Yeferson Andrés Rodallega Paz,Nivaldo Erazo,567190,Independiente Medellin
Colombia,66466,Yeferson Andrés Rodallega Paz,Málcom Palacios,395929,Independiente Medellin
Colombia,66466,Yeferson Andrés Rodallega Paz,Andrés Dávila,407412,Independiente Medellin
Colombia,66466,Yeferson Andrés Rodallega Paz,Keiner Klinger,566594,Independiente Medellin
Colombia,66466,Yeferson Andrés Rodallega Paz,Agustín Martegani,112696,Independiente Medellin
Colombia,66466,Yeferson Andrés Rodallega Paz,Alfonso Simarra,131527,Independiente Medellin
Colombia,66466,Yeferson Andrés Rodallega Paz,Nezareth Segura,476616,Independiente Medellin
Colombia,66466,Yeferson Andrés Rodallega Paz,Salvador Ichazo,22271,Independiente Medellin
Colombia,66466,Yeferson Andrés Rodallega Paz,Frank Fabra,28893,Independiente Medellin
Colombia,66466,Yeferson Andrés Rodallega Paz,Eder Chaux,27275,Independiente Medellin
Colombia,66466,Yeferson Andrés Rodallega Paz,Jeison Medina,27645,Independiente Medellin
Colombia,66466,Yeferson Andrés Rodallega Paz,Luis Piedrahita,546052,Independiente Medellin
Colombia,66466,Yeferson Andrés Rodallega Paz,John Banguera,546050,Independiente Medellin
Colombia,66466,Yeferson Andrés Rodallega Paz,Alan Valdelamar,546053,Independiente Medellin
Colombia,66489,Geovan Jarit Montes Melo,Kevin Caicedo,540898,Club Llaneros SA
Colombia,66489,Geovan Jarit Montes Melo,Juan Loaiza,344236,Club Llaneros SA
Colombia,66489,Geovan Jarit Montes Melo,Julian Beltran,527593,Club Llaneros SA
Colombia,66489,Geovan Jarit Montes Melo,Edwin Laszo,83191,Club Llaneros SA
Colombia,66489,Geovan Jarit Montes Melo,Emilio Pardo,567029,Club Llaneros SA
Colombia,66489,Geovan Jarit Montes Melo,Juan Montoya,438044,Club Llaneros SA
Colombia,66489,Geovan Jarit Montes Melo,Yorleys Mena,35270,Club Llaneros SA
Colombia,66489,Geovan Jarit Montes Melo,Daniel Quiñones,28715,Club Llaneros SA
Colombia,66489,Geovan Jarit Montes Melo,R.Romaña Garavito,462563,Club Llaneros SA
Colombia,66489,Geovan Jarit Montes Melo,Jhon Vásquez,27415,Club Llaneros SA
Colombia,66489,Geovan Jarit Montes Melo,Kevin Rincón,522939,Club Llaneros SA
Colombia,66489,Geovan Jarit Montes Melo,Alejandro Moralez,29076,Club Llaneros SA
Colombia,66489,Geovan Jarit Montes Melo,Dennys Quintero,95866,Club Llaneros SA
Colombia,66489,Geovan Jarit Montes Melo,Jimmy Medranda,15945,Club Llaneros SA
Colombia,66489,Geovan Jarit Montes Melo,Juan Pertuz,426884,Club Llaneros SA
Colombia,66489,Geovan Jarit Montes Melo,Néider Ospina,404791,Club Llaneros SA
Colombia,66489,Geovan Jarit Montes Melo,Jhonier Blanco,82711,Club Llaneros SA
Colombia,66489,Geovan Jarit Montes Melo,Miguel Ortega,33371,Club Llaneros SA
Colombia,66489,Geovan Jarit Montes Melo,B.Chury Jiménez,465530,Club Llaneros SA
Colombia,66522,Jhostín Farney Medranda Minota,Calderon A.,528792,Deportivo Pereira
Colombia,66522,Jhostín Farney Medranda Minota,Javier Mena,388278,Deportivo Pereira
Colombia,66522,Jhostín Farney Medranda Minota,Ánderson Plata,28684,Deportivo Pereira
Colombia,66522,Jhostín Farney Medranda Minota,Sebastián Urrea,438675,Deportivo Pereira
Colombia,66522,Jhostín Farney Medranda Minota,Miguel Aguirre,530366,Deportivo Pereira
Colombia,66522,Jhostín Farney Medranda Minota,Danilo Ortíz,32008,Deportivo Pereira
Colombia,66522,Jhostín Farney Medranda Minota,Juan Urrea,549758,Deportivo Pereira
Colombia,66522,Jhostín Farney Medranda Minota,Fabio Delgado,100897,Deportivo Pereira
Colombia,66522,Jhostín Farney Medranda Minota,Jhon Montoya,530371,Deportivo Pereira
Colombia,66522,Jhostín Farney Medranda Minota,Yimy Gómez,36906,Deportivo Pereira
Colombia,66522,Jhostín Farney Medranda Minota,Felipe Mosquera,249295,Deportivo Pereira
Colombia,66522,Jhostín Farney Medranda Minota,Juan Morales,549759,Deportivo Pereira
Colombia,66522,Jhostín Farney Medranda Minota,Nicolas Rengifo,423012,Deportivo Pereira
Colombia,66522,Jhostín Farney Medranda Minota,Tobias Bovone,425720,Deportivo Pereira
Colombia,66522,Jhostín Farney Medranda Minota,Jorge Eliécer Martínez Mosquera,484466,Deportivo Pereira
Colombia,66522,Jhostín Farney Medranda Minota,Jared Rodriguez,530372,Deportivo Pereira
Colombia,66522,Jhostín Farney Medranda Minota,Juan Betancourth,404759,Deportivo Pereira
Colombia,66522,Jhostín Farney Medranda Minota,Matías Patiño,549307,Deportivo Pereira
Colombia,66522,Jhostín Farney Medranda Minota,Richard Rentería,27229,Deportivo Pereira
Colombia,66522,Jhostín Farney Medranda Minota,Josseph Mosquera,530373,Deportivo Pereira
Colombia,66522,Jhostín Farney Medranda Minota,Ederson Moreno,36151,Deportivo Pereira
Colombia,66522,Jhostín Farney Medranda Minota,Miguel Palacios,449481,Deportivo Pereira
Colombia,66522,Jhostín Farney Medranda Minota,Sebastián Acosta,79575,Deportivo Pereira
Colombia,66522,Jhostín Farney Medranda Minota,Luis Moreno,541008,Deportivo Pereira
Colombia,66522,Jhostín Farney Medranda Minota,Santiago Alzate,530370,Deportivo Pereira
Colombia,66522,Jhostín Farney Medranda Minota,Manuel Díaz,550290,Deportivo Pereira
Colombia,66529,Jhon Emerson Córdoba Mosquera,Leonai,43829,Millonarios FC
Colombia,66529,Jhon Emerson Córdoba Mosquera,Rodrigo Ureña,34556,Millonarios FC
Colombia,66529,Jhon Emerson Córdoba Mosquera,Christopher Martín,486309,Millonarios FC
Colombia,66529,Jhon Emerson Córdoba Mosquera,Brayan Sandoval,432337,Millonarios FC
Colombia,66529,Jhon Emerson Córdoba Mosquera,Jorge Hurtado,261627,Millonarios FC
Colombia,66529,Jhon Emerson Córdoba Mosquera,Sebastián Viveros del Castillo,485369,Millonarios FC
Colombia,66529,Jhon Emerson Córdoba Mosquera,Javier Burrai,36557,Millonarios FC
Colombia,66529,Jhon Emerson Córdoba Mosquera,Stiven Barreiro,29597,Millonarios FC
Colombia,66529,Jhon Emerson Córdoba Mosquera,David Silva,27062,Millonarios FC
Colombia,66529,Jhon Emerson Córdoba Mosquera,Mateo García,186788,Millonarios FC
Colombia,66529,Jhon Emerson Córdoba Mosquera,Diego Novoa,27278,Millonarios FC
Colombia,66529,Jhon Emerson Córdoba Mosquera,Rodrigo Contreras,26260,Millonarios FC
Colombia,66529,Jhon Emerson Córdoba Mosquera,Edgar Elizalde,35444,Millonarios FC
Colombia,66529,Jhon Emerson Córdoba Mosquera,Carlos Sarabia,445189,Millonarios FC
Colombia,66529,Jhon Emerson Córdoba Mosquera,Guillermo de Amores,45215,Millonarios FC
Colombia,69589,Santiago Giordana,Leonai,43829,Millonarios FC
Colombia,69589,Santiago Giordana,Rodrigo Ureña,34556,Millonarios FC
Colombia,69589,Santiago Giordana,Christopher Martín,486309,Millonarios FC
Colombia,69589,Santiago Giordana,Brayan Sandoval,432337,Millonarios FC
Colombia,69589,Santiago Giordana,Jorge Hurtado,261627,Millonarios FC
Colombia,69589,Santiago Giordana,Sebastián Viveros del Castillo,485369,Millonarios FC
Colombia,69589,Santiago Giordana,Javier Burrai,36557,Millonarios FC
Colombia,69589,Santiago Giordana,Stiven Barreiro,29597,Millonarios FC
Colombia,69589,Santiago Giordana,David Silva,27062,Millonarios FC
Colombia,69589,Santiago Giordana,Mateo García,186788,Millonarios FC
Colombia,69589,Santiago Giordana,Diego Novoa,27278,Millonarios FC
Colombia,69589,Santiago Giordana,Rodrigo Contreras,26260,Millonarios FC
Colombia,69589,Santiago Giordana,Edgar Elizalde,35444,Millonarios FC
Colombia,69589,Santiago Giordana,Carlos Sarabia,445189,Millonarios FC
Colombia,69589,Santiago Giordana,Guillermo de Amores,45215,Millonarios FC
Colombia,70992,Juan Felipe Aguirre Tabares,Néider Parra,541580,Club Atlético Nacional
Colombia,70992,Juan Felipe Aguirre Tabares,César Haydar,28938,Club Atlético Nacional
Colombia,70992,Juan Felipe Aguirre Tabares,Cristian Arango,10853,Club Atlético Nacional
Colombia,70992,Juan Felipe Aguirre Tabares,Nicolás Rodríguez,423126,Club Atlético Nacional
Colombia,70992,Juan Felipe Aguirre Tabares,Matias Quiroz,479799,Club Atlético Nacional
Colombia,70992,Juan Felipe Aguirre Tabares,David Ospina,4276,Club Atlético Nacional
Colombia,70992,Juan Felipe Aguirre Tabares,Franco Armani,6312,Club Atlético Nacional
Colombia,70992,Juan Felipe Aguirre Tabares,Andres Bernal,479796,Club Atlético Nacional
Colombia,70992,Juan Felipe Aguirre Tabares,Milton Casco,28264,Club Atlético Nacional
Colombia,70992,Juan Felipe Aguirre Tabares,Ian Poveda,39105,Club Atlético Nacional
Colombia,70992,Juan Felipe Aguirre Tabares,Eduard Bello,35785,Club Atlético Nacional
Colombia,70992,Juan Felipe Aguirre Tabares,Kevin Perez,558859,Club Atlético Nacional
Colombia,70992,Juan Felipe Aguirre Tabares,Kevin Cataño,540512,Club Atlético Nacional
Colombia,70992,Juan Felipe Aguirre Tabares,Robinson García,546713,Club Atlético Nacional
Colombia,70992,Juan Felipe Aguirre Tabares,Xavi Rios,543057,Club Atlético Nacional
Colombia,70992,Juan Felipe Aguirre Tabares,Harlen Castillo,37574,Club Atlético Nacional
Colombia,73306,Edgard Enrique Camargo Rodríguez,Oscar Caicedo,542038,Boyacá Chicó
Colombia,73306,Edgard Enrique Camargo Rodríguez,Isaac Camargo,186789,Boyacá Chicó
Colombia,73306,Edgard Enrique Camargo Rodríguez,Estiven Andrés Sarria Olano,149350,Boyacá Chicó
Colombia,73306,Edgard Enrique Camargo Rodríguez,David Agudelo,50784,Boyacá Chicó
Colombia,73306,Edgard Enrique Camargo Rodríguez,Jesus Chara,541530,Boyacá Chicó
Colombia,73306,Edgard Enrique Camargo Rodríguez,Santiago Mera,233068,Boyacá Chicó
Colombia,73306,Edgard Enrique Camargo Rodríguez,Branndon Zapata,530433,Boyacá Chicó
Colombia,73306,Edgard Enrique Camargo Rodríguez,Mateo Gomez,542585,Boyacá Chicó
Colombia,73306,Edgard Enrique Camargo Rodríguez,Julian Castillo,541106,Boyacá Chicó
Colombia,73306,Edgard Enrique Camargo Rodríguez,Jhonier Alomía,541681,Boyacá Chicó
Colombia,73306,Edgard Enrique Camargo Rodríguez,Junior Carlos Palacios,117067,Boyacá Chicó
Colombia,73306,Edgard Enrique Camargo Rodríguez,Cristian Blanco,29996,Boyacá Chicó
Colombia,73306,Edgard Enrique Camargo Rodríguez,Rogerio Caicedo,37485,Boyacá Chicó
Colombia,73306,Edgard Enrique Camargo Rodríguez,Jaime Diaz,188434,Boyacá Chicó
Colombia,73306,Edgard Enrique Camargo Rodríguez,Sebastián Viveros Lopez,438096,Boyacá Chicó
Colombia,73306,Edgard Enrique Camargo Rodríguez,Jacobo Pimentel,37478,Boyacá Chicó
Colombia,73306,Edgard Enrique Camargo Rodríguez,Yaliston Martínez,130270,Boyacá Chicó
Colombia,73306,Edgard Enrique Camargo Rodríguez,Ítalo Montaño,512334,Boyacá Chicó
Colombia,73306,Edgard Enrique Camargo Rodríguez,Jeison David Mena Victoria,484465,Boyacá Chicó
Colombia,73306,Edgard Enrique Camargo Rodríguez,Alejandro Maya,578762,Boyacá Chicó
Colombia,73306,Edgard Enrique Camargo Rodríguez,Felipe Cifuentes,422979,Boyacá Chicó
Colombia,73306,Edgard Enrique Camargo Rodríguez,Jhonny Jordán,425033,Boyacá Chicó
Colombia,73306,Edgard Enrique Camargo Rodríguez,Nicolás Valencia,524514,Boyacá Chicó
Colombia,73306,Edgard Enrique Camargo Rodríguez,Sebastián Palma,51932,Boyacá Chicó
Colombia,73306,Edgard Enrique Camargo Rodríguez,Darío Denis,36479,Boyacá Chicó
Colombia,73306,Edgard Enrique Camargo Rodríguez,Faiber Arroyo,542584,Boyacá Chicó
Colombia,88448,Juan José Vásquez Angola,Kevin Caicedo,540898,Club Llaneros SA
Colombia,88448,Juan José Vásquez Angola,Juan Loaiza,344236,Club Llaneros SA
Colombia,88448,Juan José Vásquez Angola,Julian Beltran,527593,Club Llaneros SA
Colombia,88448,Juan José Vásquez Angola,Edwin Laszo,83191,Club Llaneros SA
Colombia,88448,Juan José Vásquez Angola,Emilio Pardo,567029,Club Llaneros SA
Colombia,88448,Juan José Vásquez Angola,Juan Montoya,438044,Club Llaneros SA
Colombia,88448,Juan José Vásquez Angola,Yorleys Mena,35270,Club Llaneros SA
Colombia,88448,Juan José Vásquez Angola,Daniel Quiñones,28715,Club Llaneros SA
Colombia,88448,Juan José Vásquez Angola,R.Romaña Garavito,462563,Club Llaneros SA
Colombia,88448,Juan José Vásquez Angola,Jhon Vásquez,27415,Club Llaneros SA
Colombia,88448,Juan José Vásquez Angola,Kevin Rincón,522939,Club Llaneros SA
Colombia,88448,Juan José Vásquez Angola,Alejandro Moralez,29076,Club Llaneros SA
Colombia,88448,Juan José Vásquez Angola,Dennys Quintero,95866,Club Llaneros SA
Colombia,88448,Juan José Vásquez Angola,Jimmy Medranda,15945,Club Llaneros SA
Colombia,88448,Juan José Vásquez Angola,Juan Pertuz,426884,Club Llaneros SA
Colombia,88448,Juan José Vásquez Angola,Néider Ospina,404791,Club Llaneros SA
Colombia,88448,Juan José Vásquez Angola,Jhonier Blanco,82711,Club Llaneros SA
Colombia,88448,Juan José Vásquez Angola,Miguel Ortega,33371,Club Llaneros SA
Colombia,88448,Juan José Vásquez Angola,B.Chury Jiménez,465530,Club Llaneros SA
Colombia,115041,Kevin Stuar Riascos Segura,Oscar Caicedo,542038,Boyacá Chicó
Colombia,115041,Kevin Stuar Riascos Segura,Isaac Camargo,186789,Boyacá Chicó
Colombia,115041,Kevin Stuar Riascos Segura,Estiven Andrés Sarria Olano,149350,Boyacá Chicó
Colombia,115041,Kevin Stuar Riascos Segura,David Agudelo,50784,Boyacá Chicó
Colombia,115041,Kevin Stuar Riascos Segura,Jesus Chara,541530,Boyacá Chicó
Colombia,115041,Kevin Stuar Riascos Segura,Santiago Mera,233068,Boyacá Chicó
Colombia,115041,Kevin Stuar Riascos Segura,Branndon Zapata,530433,Boyacá Chicó
Colombia,115041,Kevin Stuar Riascos Segura,Mateo Gomez,542585,Boyacá Chicó
Colombia,115041,Kevin Stuar Riascos Segura,Julian Castillo,541106,Boyacá Chicó
Colombia,115041,Kevin Stuar Riascos Segura,Jhonier Alomía,541681,Boyacá Chicó
Colombia,115041,Kevin Stuar Riascos Segura,Junior Carlos Palacios,117067,Boyacá Chicó
Colombia,115041,Kevin Stuar Riascos Segura,Cristian Blanco,29996,Boyacá Chicó
Colombia,115041,Kevin Stuar Riascos Segura,Rogerio Caicedo,37485,Boyacá Chicó
Colombia,115041,Kevin Stuar Riascos Segura,Jaime Diaz,188434,Boyacá Chicó
Colombia,115041,Kevin Stuar Riascos Segura,Sebastián Viveros Lopez,438096,Boyacá Chicó
Colombia,115041,Kevin Stuar Riascos Segura,Jacobo Pimentel,37478,Boyacá Chicó
Colombia,115041,Kevin Stuar Riascos Segura,Yaliston Martínez,130270,Boyacá Chicó
Colombia,115041,Kevin Stuar Riascos Segura,Ítalo Montaño,512334,Boyacá Chicó
Colombia,115041,Kevin Stuar Riascos Segura,Jeison David Mena Victoria,484465,Boyacá Chicó
Colombia,115041,Kevin Stuar Riascos Segura,Alejandro Maya,578762,Boyacá Chicó
Colombia,115041,Kevin Stuar Riascos Segura,Felipe Cifuentes,422979,Boyacá Chicó
Colombia,115041,Kevin Stuar Riascos Segura,Jhonny Jordán,425033,Boyacá Chicó
Colombia,115041,Kevin Stuar Riascos Segura,Nicolás Valencia,524514,Boyacá Chicó
Colombia,115041,Kevin Stuar Riascos Segura,Sebastián Palma,51932,Boyacá Chicó
Colombia,115041,Kevin Stuar Riascos Segura,Darío Denis,36479,Boyacá Chicó
Colombia,115041,Kevin Stuar Riascos Segura,Faiber Arroyo,542584,Boyacá Chicó
Colombia,115590,Emiliano Rodríguez Rosales,Daniel Giraldo,27385,Deportivo Cali
Colombia,115590,Emiliano Rodríguez Rosales,Eduard Bello,35785,Deportivo Cali
Colombia,115590,Emiliano Rodríguez Rosales,Emanuel Reynoso,27855,Deportivo Cali
Colombia,115590,Emiliano Rodríguez Rosales,Juan Dinenno,27235,Deportivo Cali
Colombia,115590,Emiliano Rodríguez Rosales,Keimer Sandoval,441464,Deportivo Cali
Colombia,115590,Emiliano Rodríguez Rosales,Pedro Gallese,5528,Deportivo Cali
Colombia,115590,Emiliano Rodríguez Rosales,Miguel Correa,479805,Deportivo Cali
Colombia,115590,Emiliano Rodríguez Rosales,Fernando Álvarez,131187,Deportivo Cali
Colombia,115590,Emiliano Rodríguez Rosales,Nicolás Benedetti,27356,Deportivo Cali
Colombia,115590,Emiliano Rodríguez Rosales,Alexis Manyoma,186930,Deportivo Cali
Colombia,115590,Emiliano Rodríguez Rosales,Alejandro Rodríguez,94936,Deportivo Cali
Colombia,115590,Emiliano Rodríguez Rosales,Juan Manuel Arango,418919,Deportivo Cali
Colombia,115590,Emiliano Rodríguez Rosales,Juan José Montoya Tamayo,493776,Deportivo Cali
Colombia,115590,Emiliano Rodríguez Rosales,Gustavo Cuéllar,25384,Deportivo Cali
Colombia,115590,Emiliano Rodríguez Rosales,Jean Galindo,446729,Deportivo Cali
Colombia,115590,Emiliano Rodríguez Rosales,Javier Mena,388278,Deportivo Cali
Colombia,117899,Jaison Eli Mina Chará,Kevin Caicedo,540898,Club Llaneros SA
Colombia,117899,Jaison Eli Mina Chará,Juan Loaiza,344236,Club Llaneros SA
Colombia,117899,Jaison Eli Mina Chará,Julian Beltran,527593,Club Llaneros SA
Colombia,117899,Jaison Eli Mina Chará,Edwin Laszo,83191,Club Llaneros SA
Colombia,117899,Jaison Eli Mina Chará,Emilio Pardo,567029,Club Llaneros SA
Colombia,117899,Jaison Eli Mina Chará,Juan Montoya,438044,Club Llaneros SA
Colombia,117899,Jaison Eli Mina Chará,Yorleys Mena,35270,Club Llaneros SA
Colombia,117899,Jaison Eli Mina Chará,Daniel Quiñones,28715,Club Llaneros SA
Colombia,117899,Jaison Eli Mina Chará,R.Romaña Garavito,462563,Club Llaneros SA
Colombia,117899,Jaison Eli Mina Chará,Jhon Vásquez,27415,Club Llaneros SA
Colombia,117899,Jaison Eli Mina Chará,Kevin Rincón,522939,Club Llaneros SA
Colombia,117899,Jaison Eli Mina Chará,Alejandro Moralez,29076,Club Llaneros SA
Colombia,117899,Jaison Eli Mina Chará,Dennys Quintero,95866,Club Llaneros SA
Colombia,117899,Jaison Eli Mina Chará,Jimmy Medranda,15945,Club Llaneros SA
Colombia,117899,Jaison Eli Mina Chará,Juan Pertuz,426884,Club Llaneros SA
Colombia,117899,Jaison Eli Mina Chará,Néider Ospina,404791,Club Llaneros SA
Colombia,117899,Jaison Eli Mina Chará,Jhonier Blanco,82711,Club Llaneros SA
Colombia,117899,Jaison Eli Mina Chará,Miguel Ortega,33371,Club Llaneros SA
Colombia,117899,Jaison Eli Mina Chará,B.Chury Jiménez,465530,Club Llaneros SA
Colombia,117904,Kener Julián Valencia Chará,Kevin Caicedo,540898,Club Llaneros SA
Colombia,117904,Kener Julián Valencia Chará,Juan Loaiza,344236,Club Llaneros SA
Colombia,117904,Kener Julián Valencia Chará,Julian Beltran,527593,Club Llaneros SA
Colombia,117904,Kener Julián Valencia Chará,Edwin Laszo,83191,Club Llaneros SA
Colombia,117904,Kener Julián Valencia Chará,Emilio Pardo,567029,Club Llaneros SA
Colombia,117904,Kener Julián Valencia Chará,Juan Montoya,438044,Club Llaneros SA
Colombia,117904,Kener Julián Valencia Chará,Yorleys Mena,35270,Club Llaneros SA
Colombia,117904,Kener Julián Valencia Chará,Daniel Quiñones,28715,Club Llaneros SA
Colombia,117904,Kener Julián Valencia Chará,R.Romaña Garavito,462563,Club Llaneros SA
Colombia,117904,Kener Julián Valencia Chará,Jhon Vásquez,27415,Club Llaneros SA
Colombia,117904,Kener Julián Valencia Chará,Kevin Rincón,522939,Club Llaneros SA
Colombia,117904,Kener Julián Valencia Chará,Alejandro Moralez,29076,Club Llaneros SA
Colombia,117904,Kener Julián Valencia Chará,Dennys Quintero,95866,Club Llaneros SA
Colombia,117904,Kener Julián Valencia Chará,Jimmy Medranda,15945,Club Llaneros SA
Colombia,117904,Kener Julián Valencia Chará,Juan Pertuz,426884,Club Llaneros SA
Colombia,117904,Kener Julián Valencia Chará,Néider Ospina,404791,Club Llaneros SA
Colombia,117904,Kener Julián Valencia Chará,Jhonier Blanco,82711,Club Llaneros SA
Colombia,117904,Kener Julián Valencia Chará,Miguel Ortega,33371,Club Llaneros SA
Colombia,117904,Kener Julián Valencia Chará,B.Chury Jiménez,465530,Club Llaneros SA
Colombia,117911,Roberto Carlos Hinojosa Marín,Kevin Caicedo,540898,Club Llaneros SA
Colombia,117911,Roberto Carlos Hinojosa Marín,Juan Loaiza,344236,Club Llaneros SA
Colombia,117911,Roberto Carlos Hinojosa Marín,Julian Beltran,527593,Club Llaneros SA
Colombia,117911,Roberto Carlos Hinojosa Marín,Edwin Laszo,83191,Club Llaneros SA
Colombia,117911,Roberto Carlos Hinojosa Marín,Emilio Pardo,567029,Club Llaneros SA
Colombia,117911,Roberto Carlos Hinojosa Marín,Juan Montoya,438044,Club Llaneros SA
Colombia,117911,Roberto Carlos Hinojosa Marín,Yorleys Mena,35270,Club Llaneros SA
Colombia,117911,Roberto Carlos Hinojosa Marín,Daniel Quiñones,28715,Club Llaneros SA
Colombia,117911,Roberto Carlos Hinojosa Marín,R.Romaña Garavito,462563,Club Llaneros SA
Colombia,117911,Roberto Carlos Hinojosa Marín,Jhon Vásquez,27415,Club Llaneros SA
Colombia,117911,Roberto Carlos Hinojosa Marín,Kevin Rincón,522939,Club Llaneros SA
Colombia,117911,Roberto Carlos Hinojosa Marín,Alejandro Moralez,29076,Club Llaneros SA
Colombia,117911,Roberto Carlos Hinojosa Marín,Dennys Quintero,95866,Club Llaneros SA
Colombia,117911,Roberto Carlos Hinojosa Marín,Jimmy Medranda,15945,Club Llaneros SA
Colombia,117911,Roberto Carlos Hinojosa Marín,Juan Pertuz,426884,Club Llaneros SA
Colombia,117911,Roberto Carlos Hinojosa Marín,Néider Ospina,404791,Club Llaneros SA
Colombia,117911,Roberto Carlos Hinojosa Marín,Jhonier Blanco,82711,Club Llaneros SA
Colombia,117911,Roberto Carlos Hinojosa Marín,Miguel Ortega,33371,Club Llaneros SA
Colombia,117911,Roberto Carlos Hinojosa Marín,B.Chury Jiménez,465530,Club Llaneros SA
Colombia,123995,Brayan Stiven Medina Hurtado,Juan Aponzá,475524,América de Cali
Colombia,123995,Brayan Stiven Medina Hurtado,Tomás Ángel,82606,América de Cali
Colombia,123995,Brayan Stiven Medina Hurtado,Yeison Guzmán,27493,América de Cali
Colombia,123995,Brayan Stiven Medina Hurtado,Dany Rosero,27230,América de Cali
Colombia,123995,Brayan Stiven Medina Hurtado,Daniel Valencia,44745,América de Cali
Colombia,123995,Brayan Stiven Medina Hurtado,Luis Quiñones,26332,América de Cali
Colombia,123995,Brayan Stiven Medina Hurtado,Juan Montoya,483665,América de Cali
Colombia,123995,Brayan Stiven Medina Hurtado,Adrián Ramos,24324,América de Cali
Colombia,123995,Brayan Stiven Medina Hurtado,Edson Tortolero,113283,América de Cali
Colombia,123995,Brayan Stiven Medina Hurtado,Kevin Angulo,474102,América de Cali
Colombia,123995,Brayan Stiven Medina Hurtado,Nicolás Hernández,27471,América de Cali
Colombia,123995,Brayan Stiven Medina Hurtado,Brayan Correa,413088,América de Cali
Colombia,123995,Brayan Stiven Medina Hurtado,Luis Mina,437530,América de Cali
Colombia,123995,Brayan Stiven Medina Hurtado,Camilo Amú,531049,América de Cali
Colombia,123995,Brayan Stiven Medina Hurtado,Yhormar Hurtado,27419,América de Cali
Colombia,123995,Brayan Stiven Medina Hurtado,Darwin Machís,11501,América de Cali
Colombia,123995,Brayan Stiven Medina Hurtado,Jorge Soto,36907,América de Cali
Colombia,123995,Brayan Stiven Medina Hurtado,Jhordy Camacho,541531,América de Cali
Colombia,126669,Jean Carlos Colorado Sánchez,Daniel Giraldo,27385,Deportivo Cali
Colombia,126669,Jean Carlos Colorado Sánchez,Eduard Bello,35785,Deportivo Cali
Colombia,126669,Jean Carlos Colorado Sánchez,Emanuel Reynoso,27855,Deportivo Cali
Colombia,126669,Jean Carlos Colorado Sánchez,Juan Dinenno,27235,Deportivo Cali
Colombia,126669,Jean Carlos Colorado Sánchez,Keimer Sandoval,441464,Deportivo Cali
Colombia,126669,Jean Carlos Colorado Sánchez,Pedro Gallese,5528,Deportivo Cali
Colombia,126669,Jean Carlos Colorado Sánchez,Miguel Correa,479805,Deportivo Cali
Colombia,126669,Jean Carlos Colorado Sánchez,Fernando Álvarez,131187,Deportivo Cali
Colombia,126669,Jean Carlos Colorado Sánchez,Nicolás Benedetti,27356,Deportivo Cali
Colombia,126669,Jean Carlos Colorado Sánchez,Alexis Manyoma,186930,Deportivo Cali
Colombia,126669,Jean Carlos Colorado Sánchez,Alejandro Rodríguez,94936,Deportivo Cali
Colombia,126669,Jean Carlos Colorado Sánchez,Juan Manuel Arango,418919,Deportivo Cali
Colombia,126669,Jean Carlos Colorado Sánchez,Juan José Montoya Tamayo,493776,Deportivo Cali
Colombia,126669,Jean Carlos Colorado Sánchez,Gustavo Cuéllar,25384,Deportivo Cali
Colombia,126669,Jean Carlos Colorado Sánchez,Jean Galindo,446729,Deportivo Cali
Colombia,126669,Jean Carlos Colorado Sánchez,Javier Mena,388278,Deportivo Cali
Colombia,129992,Luis Alejandro Ramos Leiva,Juan Aponzá,475524,América de Cali
Colombia,129992,Luis Alejandro Ramos Leiva,Tomás Ángel,82606,América de Cali
Colombia,129992,Luis Alejandro Ramos Leiva,Yeison Guzmán,27493,América de Cali
Colombia,129992,Luis Alejandro Ramos Leiva,Dany Rosero,27230,América de Cali
Colombia,129992,Luis Alejandro Ramos Leiva,Daniel Valencia,44745,América de Cali
Colombia,129992,Luis Alejandro Ramos Leiva,Luis Quiñones,26332,América de Cali
Colombia,129992,Luis Alejandro Ramos Leiva,Juan Montoya,483665,América de Cali
Colombia,129992,Luis Alejandro Ramos Leiva,Adrián Ramos,24324,América de Cali
Colombia,129992,Luis Alejandro Ramos Leiva,Edson Tortolero,113283,América de Cali
Colombia,129992,Luis Alejandro Ramos Leiva,Kevin Angulo,474102,América de Cali
Colombia,129992,Luis Alejandro Ramos Leiva,Nicolás Hernández,27471,América de Cali
Colombia,129992,Luis Alejandro Ramos Leiva,Brayan Correa,413088,América de Cali
Colombia,129992,Luis Alejandro Ramos Leiva,Luis Mina,437530,América de Cali
Colombia,129992,Luis Alejandro Ramos Leiva,Camilo Amú,531049,América de Cali
Colombia,129992,Luis Alejandro Ramos Leiva,Yhormar Hurtado,27419,América de Cali
Colombia,129992,Luis Alejandro Ramos Leiva,Darwin Machís,11501,América de Cali
Colombia,129992,Luis Alejandro Ramos Leiva,Jorge Soto,36907,América de Cali
Colombia,129992,Luis Alejandro Ramos Leiva,Jhordy Camacho,541531,América de Cali
Colombia,178742,Gianfranco Peña Aponzá,Calderon A.,528792,Deportivo Pereira
Colombia,178742,Gianfranco Peña Aponzá,Javier Mena,388278,Deportivo Pereira
Colombia,178742,Gianfranco Peña Aponzá,Ánderson Plata,28684,Deportivo Pereira
Colombia,178742,Gianfranco Peña Aponzá,Sebastián Urrea,438675,Deportivo Pereira
Colombia,178742,Gianfranco Peña Aponzá,Miguel Aguirre,530366,Deportivo Pereira
Colombia,178742,Gianfranco Peña Aponzá,Danilo Ortíz,32008,Deportivo Pereira
Colombia,178742,Gianfranco Peña Aponzá,Juan Urrea,549758,Deportivo Pereira
Colombia,178742,Gianfranco Peña Aponzá,Fabio Delgado,100897,Deportivo Pereira
Colombia,178742,Gianfranco Peña Aponzá,Jhon Montoya,530371,Deportivo Pereira
Colombia,178742,Gianfranco Peña Aponzá,Yimy Gómez,36906,Deportivo Pereira
Colombia,178742,Gianfranco Peña Aponzá,Felipe Mosquera,249295,Deportivo Pereira
Colombia,178742,Gianfranco Peña Aponzá,Juan Morales,549759,Deportivo Pereira
Colombia,178742,Gianfranco Peña Aponzá,Nicolas Rengifo,423012,Deportivo Pereira
Colombia,178742,Gianfranco Peña Aponzá,Tobias Bovone,425720,Deportivo Pereira
Colombia,178742,Gianfranco Peña Aponzá,Jorge Eliécer Martínez Mosquera,484466,Deportivo Pereira
Colombia,178742,Gianfranco Peña Aponzá,Jared Rodriguez,530372,Deportivo Pereira
Colombia,178742,Gianfranco Peña Aponzá,Juan Betancourth,404759,Deportivo Pereira
Colombia,178742,Gianfranco Peña Aponzá,Matías Patiño,549307,Deportivo Pereira
Colombia,178742,Gianfranco Peña Aponzá,Richard Rentería,27229,Deportivo Pereira
Colombia,178742,Gianfranco Peña Aponzá,Josseph Mosquera,530373,Deportivo Pereira
Colombia,178742,Gianfranco Peña Aponzá,Ederson Moreno,36151,Deportivo Pereira
Colombia,178742,Gianfranco Peña Aponzá,Miguel Palacios,449481,Deportivo Pereira
Colombia,178742,Gianfranco Peña Aponzá,Sebastián Acosta,79575,Deportivo Pereira
Colombia,178742,Gianfranco Peña Aponzá,Luis Moreno,541008,Deportivo Pereira
Colombia,178742,Gianfranco Peña Aponzá,Santiago Alzate,530370,Deportivo Pereira
Colombia,178742,Gianfranco Peña Aponzá,Manuel Díaz,550290,Deportivo Pereira
Colombia,301503,Jhon Jaider Vélez Carey,Jean Carlos Pestaña,27585,Club Deportivo Junior FC
Colombia,301503,Jhon Jaider Vélez Carey,Harold Rivera,28812,Club Deportivo Junior FC
Colombia,301503,Jhon Jaider Vélez Carey,Déiber Caicedo,27212,Club Deportivo Junior FC
Colombia,301503,Jhon Jaider Vélez Carey,Mauro Silveira,36501,Club Deportivo Junior FC
Colombia,301503,Jhon Jaider Vélez Carey,Jefersson Martínez,27507,Club Deportivo Junior FC
Colombia,301503,Jhon Jaider Vélez Carey,Lucas Monzón,43859,Club Deportivo Junior FC
Colombia,301503,Jhon Jaider Vélez Carey,José Munive,567245,Club Deportivo Junior FC
Colombia,301503,Jhon Jaider Vélez Carey,Pablo Ortiz,48283,Club Deportivo Junior FC
Colombia,301503,Jhon Jaider Vélez Carey,Luis Muriel,6334,Club Deportivo Junior FC
Colombia,301503,Jhon Jaider Vélez Carey,Andrés Shmalbach,547801,Club Deportivo Junior FC
Colombia,301503,Jhon Jaider Vélez Carey,Dilan Villarreal,541204,Club Deportivo Junior FC
Colombia,301503,Jhon Jaider Vélez Carey,Daniel Socarras,547382,Club Deportivo Junior FC
Colombia,301503,Jhon Jaider Vélez Carey,Joel Canchimbo,440436,Club Deportivo Junior FC
Colombia,424928,Mauricio  Gonzalez Carabal,Yhormar Hurtado,27419,Deportes Tolima
Colombia,424928,Mauricio  Gonzalez Carabal,Néifer Sánchez,542721,Deportes Tolima
Colombia,424928,Mauricio  Gonzalez Carabal,Michael Martínez,486479,Deportes Tolima
Colombia,424928,Mauricio  Gonzalez Carabal,Santiago Joven,548784,Deportes Tolima
Colombia,424928,Mauricio  Gonzalez Carabal,Shean Barbosa,391737,Deportes Tolima
Colombia,424928,Mauricio  Gonzalez Carabal,Sergio Aguayo,422617,Deportes Tolima
Colombia,424928,Mauricio  Gonzalez Carabal,Daniel Pedrozo,261625,Deportes Tolima
Colombia,424928,Mauricio  Gonzalez Carabal,Luis Marquinez,130729,Deportes Tolima
Colombia,424928,Mauricio  Gonzalez Carabal,Yimar Parra,522359,Deportes Tolima
Colombia,424928,Mauricio  Gonzalez Carabal,Yordan Osorio,10337,Deportes Tolima
Colombia,424928,Mauricio  Gonzalez Carabal,Jorge Hurtado,261627,Deportes Tolima
Colombia,424928,Mauricio  Gonzalez Carabal,Neto Volpi,27391,Deportes Tolima
Colombia,424928,Mauricio  Gonzalez Carabal,Élan Ricardo,391769,Deportes Tolima
Colombia,424928,Mauricio  Gonzalez Carabal,Miguel Ortega,33371,Deportes Tolima
Colombia,424928,Mauricio  Gonzalez Carabal,Victor Manuel Reyes Clavijo,464348,Deportes Tolima
Colombia,424928,Mauricio  Gonzalez Carabal,Erik Alvarez,546445,Deportes Tolima
Colombia,424928,Mauricio  Gonzalez Carabal,Yoimar Moreno,526115,Deportes Tolima
Colombia,525233,Gonzalo Lencina,Yhormar Hurtado,27419,Deportes Tolima
Colombia,525233,Gonzalo Lencina,Néifer Sánchez,542721,Deportes Tolima
Colombia,525233,Gonzalo Lencina,Michael Martínez,486479,Deportes Tolima
Colombia,525233,Gonzalo Lencina,Santiago Joven,548784,Deportes Tolima
Colombia,525233,Gonzalo Lencina,Shean Barbosa,391737,Deportes Tolima
Colombia,525233,Gonzalo Lencina,Sergio Aguayo,422617,Deportes Tolima
Colombia,525233,Gonzalo Lencina,Daniel Pedrozo,261625,Deportes Tolima
Colombia,525233,Gonzalo Lencina,Luis Marquinez,130729,Deportes Tolima
Colombia,525233,Gonzalo Lencina,Yimar Parra,522359,Deportes Tolima
Colombia,525233,Gonzalo Lencina,Yordan Osorio,10337,Deportes Tolima
Colombia,525233,Gonzalo Lencina,Jorge Hurtado,261627,Deportes Tolima
Colombia,525233,Gonzalo Lencina,Neto Volpi,27391,Deportes Tolima
Colombia,525233,Gonzalo Lencina,Élan Ricardo,391769,Deportes Tolima
Colombia,525233,Gonzalo Lencina,Miguel Ortega,33371,Deportes Tolima
Colombia,525233,Gonzalo Lencina,Victor Manuel Reyes Clavijo,464348,Deportes Tolima
Colombia,525233,Gonzalo Lencina,Erik Alvarez,546445,Deportes Tolima
Colombia,525233,Gonzalo Lencina,Yoimar Moreno,526115,Deportes Tolima
Colombia,526730,Brayan Stiven Carabali Bonilla,Frank Martínez,541807,AD Pasto
Colombia,526730,Brayan Stiven Carabali Bonilla,Yeison Tolosa,32499,AD Pasto
Colombia,526730,Brayan Stiven Carabali Bonilla,Luther Rueda,441622,AD Pasto
Colombia,526730,Brayan Stiven Carabali Bonilla,Heiler Moreno,548313,AD Pasto
Colombia,526730,Brayan Stiven Carabali Bonilla,Andrés Ibargüen,26401,AD Pasto
Colombia,526730,Brayan Stiven Carabali Bonilla,Ederson Cabezas,130889,AD Pasto
Colombia,526730,Brayan Stiven Carabali Bonilla,Jonathan Perlaza,208679,AD Pasto
Colombia,526730,Brayan Stiven Carabali Bonilla,P.Preciado,485520,AD Pasto
Colombia,526730,Brayan Stiven Carabali Bonilla,Mateo Garavito,130634,AD Pasto
Colombia,526730,Brayan Stiven Carabali Bonilla,Enrique Serje,27176,AD Pasto
Colombia,526730,Brayan Stiven Carabali Bonilla,Matías Pisano,28713,AD Pasto
Colombia,526730,Brayan Stiven Carabali Bonilla,Geovanni Banguera,27378,AD Pasto
Colombia,526730,Brayan Stiven Carabali Bonilla,Iago Herrerín,6662,AD Pasto
Colombia,526730,Brayan Stiven Carabali Bonilla,Hervin Goyes,484088,AD Pasto
Colombia,531855,Joseph Nicolás Árevalo Chaparro,Leonai,43829,Millonarios FC
Colombia,531855,Joseph Nicolás Árevalo Chaparro,Rodrigo Ureña,34556,Millonarios FC
Colombia,531855,Joseph Nicolás Árevalo Chaparro,Christopher Martín,486309,Millonarios FC
Colombia,531855,Joseph Nicolás Árevalo Chaparro,Brayan Sandoval,432337,Millonarios FC
Colombia,531855,Joseph Nicolás Árevalo Chaparro,Jorge Hurtado,261627,Millonarios FC
Colombia,531855,Joseph Nicolás Árevalo Chaparro,Sebastián Viveros del Castillo,485369,Millonarios FC
Colombia,531855,Joseph Nicolás Árevalo Chaparro,Javier Burrai,36557,Millonarios FC
Colombia,531855,Joseph Nicolás Árevalo Chaparro,Stiven Barreiro,29597,Millonarios FC
Colombia,531855,Joseph Nicolás Árevalo Chaparro,David Silva,27062,Millonarios FC
Colombia,531855,Joseph Nicolás Árevalo Chaparro,Mateo García,186788,Millonarios FC
Colombia,531855,Joseph Nicolás Árevalo Chaparro,Diego Novoa,27278,Millonarios FC
Colombia,531855,Joseph Nicolás Árevalo Chaparro,Rodrigo Contreras,26260,Millonarios FC
Colombia,531855,Joseph Nicolás Árevalo Chaparro,Edgar Elizalde,35444,Millonarios FC
Colombia,531855,Joseph Nicolás Árevalo Chaparro,Carlos Sarabia,445189,Millonarios FC
Colombia,531855,Joseph Nicolás Árevalo Chaparro,Guillermo de Amores,45215,Millonarios FC
Colombia,569394,Freddy Espinal Espinal Valverde,Frank Martínez,541807,AD Pasto
Colombia,569394,Freddy Espinal Espinal Valverde,Yeison Tolosa,32499,AD Pasto
Colombia,569394,Freddy Espinal Espinal Valverde,Luther Rueda,441622,AD Pasto
Colombia,569394,Freddy Espinal Espinal Valverde,Heiler Moreno,548313,AD Pasto
Colombia,569394,Freddy Espinal Espinal Valverde,Andrés Ibargüen,26401,AD Pasto
Colombia,569394,Freddy Espinal Espinal Valverde,Ederson Cabezas,130889,AD Pasto
Colombia,569394,Freddy Espinal Espinal Valverde,Jonathan Perlaza,208679,AD Pasto
Colombia,569394,Freddy Espinal Espinal Valverde,P.Preciado,485520,AD Pasto
Colombia,569394,Freddy Espinal Espinal Valverde,Mateo Garavito,130634,AD Pasto
Colombia,569394,Freddy Espinal Espinal Valverde,Enrique Serje,27176,AD Pasto
Colombia,569394,Freddy Espinal Espinal Valverde,Matías Pisano,28713,AD Pasto
Colombia,569394,Freddy Espinal Espinal Valverde,Geovanni Banguera,27378,AD Pasto
Colombia,569394,Freddy Espinal Espinal Valverde,Iago Herrerín,6662,AD Pasto
Colombia,569394,Freddy Espinal Espinal Valverde,Hervin Goyes,484088,AD Pasto
Colombia,569394,Freddy Espinal Espinal Valverde,Kevin Caicedo,540898,Club Llaneros SA
Colombia,569394,Freddy Espinal Espinal Valverde,Juan Loaiza,344236,Club Llaneros SA
Colombia,569394,Freddy Espinal Espinal Valverde,Julian Beltran,527593,Club Llaneros SA
Colombia,569394,Freddy Espinal Espinal Valverde,Edwin Laszo,83191,Club Llaneros SA
Colombia,569394,Freddy Espinal Espinal Valverde,Emilio Pardo,567029,Club Llaneros SA
Colombia,569394,Freddy Espinal Espinal Valverde,Juan Montoya,438044,Club Llaneros SA
Colombia,569394,Freddy Espinal Espinal Valverde,Yorleys Mena,35270,Club Llaneros SA
Colombia,569394,Freddy Espinal Espinal Valverde,Daniel Quiñones,28715,Club Llaneros SA
Colombia,569394,Freddy Espinal Espinal Valverde,R.Romaña Garavito,462563,Club Llaneros SA
Colombia,569394,Freddy Espinal Espinal Valverde,Jhon Vásquez,27415,Club Llaneros SA
Colombia,569394,Freddy Espinal Espinal Valverde,Kevin Rincón,522939,Club Llaneros SA
Colombia,569394,Freddy Espinal Espinal Valverde,Alejandro Moralez,29076,Club Llaneros SA
Colombia,569394,Freddy Espinal Espinal Valverde,Dennys Quintero,95866,Club Llaneros SA
Colombia,569394,Freddy Espinal Espinal Valverde,Jimmy Medranda,15945,Club Llaneros SA
Colombia,569394,Freddy Espinal Espinal Valverde,Juan Pertuz,426884,Club Llaneros SA
Colombia,569394,Freddy Espinal Espinal Valverde,Néider Ospina,404791,Club Llaneros SA
Colombia,569394,Freddy Espinal Espinal Valverde,Jhonier Blanco,82711,Club Llaneros SA
Colombia,569394,Freddy Espinal Espinal Valverde,Miguel Ortega,33371,Club Llaneros SA
Colombia,569394,Freddy Espinal Espinal Valverde,B.Chury Jiménez,465530,Club Llaneros SA
Colombia,570603,Kevin Santiago Cortés Díaz,Oscar Caicedo,542038,Boyacá Chicó
Colombia,570603,Kevin Santiago Cortés Díaz,Isaac Camargo,186789,Boyacá Chicó
Colombia,570603,Kevin Santiago Cortés Díaz,Estiven Andrés Sarria Olano,149350,Boyacá Chicó
Colombia,570603,Kevin Santiago Cortés Díaz,David Agudelo,50784,Boyacá Chicó
Colombia,570603,Kevin Santiago Cortés Díaz,Jesus Chara,541530,Boyacá Chicó
Colombia,570603,Kevin Santiago Cortés Díaz,Santiago Mera,233068,Boyacá Chicó
Colombia,570603,Kevin Santiago Cortés Díaz,Branndon Zapata,530433,Boyacá Chicó
Colombia,570603,Kevin Santiago Cortés Díaz,Mateo Gomez,542585,Boyacá Chicó
Colombia,570603,Kevin Santiago Cortés Díaz,Julian Castillo,541106,Boyacá Chicó
Colombia,570603,Kevin Santiago Cortés Díaz,Jhonier Alomía,541681,Boyacá Chicó
Colombia,570603,Kevin Santiago Cortés Díaz,Junior Carlos Palacios,117067,Boyacá Chicó
Colombia,570603,Kevin Santiago Cortés Díaz,Cristian Blanco,29996,Boyacá Chicó
Colombia,570603,Kevin Santiago Cortés Díaz,Rogerio Caicedo,37485,Boyacá Chicó
Colombia,570603,Kevin Santiago Cortés Díaz,Jaime Diaz,188434,Boyacá Chicó
Colombia,570603,Kevin Santiago Cortés Díaz,Sebastián Viveros Lopez,438096,Boyacá Chicó
Colombia,570603,Kevin Santiago Cortés Díaz,Jacobo Pimentel,37478,Boyacá Chicó
Colombia,570603,Kevin Santiago Cortés Díaz,Yaliston Martínez,130270,Boyacá Chicó
Colombia,570603,Kevin Santiago Cortés Díaz,Ítalo Montaño,512334,Boyacá Chicó
Colombia,570603,Kevin Santiago Cortés Díaz,Jeison David Mena Victoria,484465,Boyacá Chicó
Colombia,570603,Kevin Santiago Cortés Díaz,Alejandro Maya,578762,Boyacá Chicó
Colombia,570603,Kevin Santiago Cortés Díaz,Felipe Cifuentes,422979,Boyacá Chicó
Colombia,570603,Kevin Santiago Cortés Díaz,Jhonny Jordán,425033,Boyacá Chicó
Colombia,570603,Kevin Santiago Cortés Díaz,Nicolás Valencia,524514,Boyacá Chicó
Colombia,570603,Kevin Santiago Cortés Díaz,Sebastián Palma,51932,Boyacá Chicó
Colombia,570603,Kevin Santiago Cortés Díaz,Darío Denis,36479,Boyacá Chicó
Colombia,570603,Kevin Santiago Cortés Díaz,Faiber Arroyo,542584,Boyacá Chicó
Colombia,591643,Juan David Arizala Micolta,Enzo Larrosa,52972,Independiente Medellin
Colombia,591643,Juan David Arizala Micolta,Juan Viveros,478757,Independiente Medellin
Colombia,591643,Juan David Arizala Micolta,John Montaño,401170,Independiente Medellin
Colombia,591643,Juan David Arizala Micolta,Hayen Palacios,49707,Independiente Medellin
Colombia,591643,Juan David Arizala Micolta,Marlon Balanta,541990,Independiente Medellin
Colombia,591643,Juan David Arizala Micolta,Jhan Mena,480776,Independiente Medellin
Colombia,591643,Juan David Arizala Micolta,Gerónimo Mancilla Vidal,482883,Independiente Medellin
Colombia,591643,Juan David Arizala Micolta,Juan José Córdoba Zapata,159450,Independiente Medellin
Colombia,591643,Juan David Arizala Micolta,Nivaldo Erazo,567190,Independiente Medellin
Colombia,591643,Juan David Arizala Micolta,Málcom Palacios,395929,Independiente Medellin
Colombia,591643,Juan David Arizala Micolta,Andrés Dávila,407412,Independiente Medellin
Colombia,591643,Juan David Arizala Micolta,Keiner Klinger,566594,Independiente Medellin
Colombia,591643,Juan David Arizala Micolta,Agustín Martegani,112696,Independiente Medellin
Colombia,591643,Juan David Arizala Micolta,Alfonso Simarra,131527,Independiente Medellin
Colombia,591643,Juan David Arizala Micolta,Nezareth Segura,476616,Independiente Medellin
Colombia,591643,Juan David Arizala Micolta,Salvador Ichazo,22271,Independiente Medellin
Colombia,591643,Juan David Arizala Micolta,Frank Fabra,28893,Independiente Medellin
Colombia,591643,Juan David Arizala Micolta,Eder Chaux,27275,Independiente Medellin
Colombia,591643,Juan David Arizala Micolta,Jeison Medina,27645,Independiente Medellin
Colombia,591643,Juan David Arizala Micolta,Luis Piedrahita,546052,Independiente Medellin
Colombia,591643,Juan David Arizala Micolta,John Banguera,546050,Independiente Medellin
Colombia,591643,Juan David Arizala Micolta,Alan Valdelamar,546053,Independiente Medellin
Colombia,607105,Yael Andrés López Fuentes,Oscar Caicedo,542038,Boyacá Chicó
Colombia,607105,Yael Andrés López Fuentes,Isaac Camargo,186789,Boyacá Chicó
Colombia,607105,Yael Andrés López Fuentes,Estiven Andrés Sarria Olano,149350,Boyacá Chicó
Colombia,607105,Yael Andrés López Fuentes,David Agudelo,50784,Boyacá Chicó
Colombia,607105,Yael Andrés López Fuentes,Jesus Chara,541530,Boyacá Chicó
Colombia,607105,Yael Andrés López Fuentes,Santiago Mera,233068,Boyacá Chicó
Colombia,607105,Yael Andrés López Fuentes,Branndon Zapata,530433,Boyacá Chicó
Colombia,607105,Yael Andrés López Fuentes,Mateo Gomez,542585,Boyacá Chicó
Colombia,607105,Yael Andrés López Fuentes,Julian Castillo,541106,Boyacá Chicó
Colombia,607105,Yael Andrés López Fuentes,Jhonier Alomía,541681,Boyacá Chicó
Colombia,607105,Yael Andrés López Fuentes,Junior Carlos Palacios,117067,Boyacá Chicó
Colombia,607105,Yael Andrés López Fuentes,Cristian Blanco,29996,Boyacá Chicó
Colombia,607105,Yael Andrés López Fuentes,Rogerio Caicedo,37485,Boyacá Chicó
Colombia,607105,Yael Andrés López Fuentes,Jaime Diaz,188434,Boyacá Chicó
Colombia,607105,Yael Andrés López Fuentes,Sebastián Viveros Lopez,438096,Boyacá Chicó
Colombia,607105,Yael Andrés López Fuentes,Jacobo Pimentel,37478,Boyacá Chicó
Colombia,607105,Yael Andrés López Fuentes,Yaliston Martínez,130270,Boyacá Chicó
Colombia,607105,Yael Andrés López Fuentes,Ítalo Montaño,512334,Boyacá Chicó
Colombia,607105,Yael Andrés López Fuentes,Jeison David Mena Victoria,484465,Boyacá Chicó
Colombia,607105,Yael Andrés López Fuentes,Alejandro Maya,578762,Boyacá Chicó
Colombia,607105,Yael Andrés López Fuentes,Felipe Cifuentes,422979,Boyacá Chicó
Colombia,607105,Yael Andrés López Fuentes,Jhonny Jordán,425033,Boyacá Chicó
Colombia,607105,Yael Andrés López Fuentes,Nicolás Valencia,524514,Boyacá Chicó
Colombia,607105,Yael Andrés López Fuentes,Sebastián Palma,51932,Boyacá Chicó
Colombia,607105,Yael Andrés López Fuentes,Darío Denis,36479,Boyacá Chicó
Colombia,607105,Yael Andrés López Fuentes,Faiber Arroyo,542584,Boyacá Chicó
Colombia,659480,Jordan Andres Barrera Herrera,Jean Carlos Pestaña,27585,Club Deportivo Junior FC
Colombia,659480,Jordan Andres Barrera Herrera,Harold Rivera,28812,Club Deportivo Junior FC
Colombia,659480,Jordan Andres Barrera Herrera,Déiber Caicedo,27212,Club Deportivo Junior FC
Colombia,659480,Jordan Andres Barrera Herrera,Mauro Silveira,36501,Club Deportivo Junior FC
Colombia,659480,Jordan Andres Barrera Herrera,Jefersson Martínez,27507,Club Deportivo Junior FC
Colombia,659480,Jordan Andres Barrera Herrera,Lucas Monzón,43859,Club Deportivo Junior FC
Colombia,659480,Jordan Andres Barrera Herrera,José Munive,567245,Club Deportivo Junior FC
Colombia,659480,Jordan Andres Barrera Herrera,Pablo Ortiz,48283,Club Deportivo Junior FC
Colombia,659480,Jordan Andres Barrera Herrera,Luis Muriel,6334,Club Deportivo Junior FC
Colombia,659480,Jordan Andres Barrera Herrera,Andrés Shmalbach,547801,Club Deportivo Junior FC
Colombia,659480,Jordan Andres Barrera Herrera,Dilan Villarreal,541204,Club Deportivo Junior FC
Colombia,659480,Jordan Andres Barrera Herrera,Daniel Socarras,547382,Club Deportivo Junior FC
Colombia,659480,Jordan Andres Barrera Herrera,Joel Canchimbo,440436,Club Deportivo Junior FC
Colombia,705126,Kevin Stiven Viveros Rodallega,Néider Parra,541580,Club Atlético Nacional
Colombia,705126,Kevin Stiven Viveros Rodallega,César Haydar,28938,Club Atlético Nacional
Colombia,705126,Kevin Stiven Viveros Rodallega,Cristian Arango,10853,Club Atlético Nacional
Colombia,705126,Kevin Stiven Viveros Rodallega,Nicolás Rodríguez,423126,Club Atlético Nacional
Colombia,705126,Kevin Stiven Viveros Rodallega,Matias Quiroz,479799,Club Atlético Nacional
Colombia,705126,Kevin Stiven Viveros Rodallega,David Ospina,4276,Club Atlético Nacional
Colombia,705126,Kevin Stiven Viveros Rodallega,Franco Armani,6312,Club Atlético Nacional
Colombia,705126,Kevin Stiven Viveros Rodallega,Andres Bernal,479796,Club Atlético Nacional
Colombia,705126,Kevin Stiven Viveros Rodallega,Milton Casco,28264,Club Atlético Nacional
Colombia,705126,Kevin Stiven Viveros Rodallega,Ian Poveda,39105,Club Atlético Nacional
Colombia,705126,Kevin Stiven Viveros Rodallega,Eduard Bello,35785,Club Atlético Nacional
Colombia,705126,Kevin Stiven Viveros Rodallega,Kevin Perez,558859,Club Atlético Nacional
Colombia,705126,Kevin Stiven Viveros Rodallega,Kevin Cataño,540512,Club Atlético Nacional
Colombia,705126,Kevin Stiven Viveros Rodallega,Robinson García,546713,Club Atlético Nacional
Colombia,705126,Kevin Stiven Viveros Rodallega,Xavi Rios,543057,Club Atlético Nacional
Colombia,705126,Kevin Stiven Viveros Rodallega,Harlen Castillo,37574,Club Atlético Nacional
Colombia,707641,Yeferson Moreno Mosquera,Jean Carlos Pestaña,27585,Club Deportivo Junior FC
Colombia,707641,Yeferson Moreno Mosquera,Harold Rivera,28812,Club Deportivo Junior FC
Colombia,707641,Yeferson Moreno Mosquera,Déiber Caicedo,27212,Club Deportivo Junior FC
Colombia,707641,Yeferson Moreno Mosquera,Mauro Silveira,36501,Club Deportivo Junior FC
Colombia,707641,Yeferson Moreno Mosquera,Jefersson Martínez,27507,Club Deportivo Junior FC
Colombia,707641,Yeferson Moreno Mosquera,Lucas Monzón,43859,Club Deportivo Junior FC
Colombia,707641,Yeferson Moreno Mosquera,José Munive,567245,Club Deportivo Junior FC
Colombia,707641,Yeferson Moreno Mosquera,Pablo Ortiz,48283,Club Deportivo Junior FC
Colombia,707641,Yeferson Moreno Mosquera,Luis Muriel,6334,Club Deportivo Junior FC
Colombia,707641,Yeferson Moreno Mosquera,Andrés Shmalbach,547801,Club Deportivo Junior FC
Colombia,707641,Yeferson Moreno Mosquera,Dilan Villarreal,541204,Club Deportivo Junior FC
Colombia,707641,Yeferson Moreno Mosquera,Daniel Socarras,547382,Club Deportivo Junior FC
Colombia,707641,Yeferson Moreno Mosquera,Joel Canchimbo,440436,Club Deportivo Junior FC
Colombia,731057,Jorge Duván Mosquera Campaña,Kevin Caicedo,540898,Club Llaneros SA
Colombia,731057,Jorge Duván Mosquera Campaña,Juan Loaiza,344236,Club Llaneros SA
Colombia,731057,Jorge Duván Mosquera Campaña,Julian Beltran,527593,Club Llaneros SA
Colombia,731057,Jorge Duván Mosquera Campaña,Edwin Laszo,83191,Club Llaneros SA
Colombia,731057,Jorge Duván Mosquera Campaña,Emilio Pardo,567029,Club Llaneros SA
Colombia,731057,Jorge Duván Mosquera Campaña,Juan Montoya,438044,Club Llaneros SA
Colombia,731057,Jorge Duván Mosquera Campaña,Yorleys Mena,35270,Club Llaneros SA
Colombia,731057,Jorge Duván Mosquera Campaña,Daniel Quiñones,28715,Club Llaneros SA
Colombia,731057,Jorge Duván Mosquera Campaña,R.Romaña Garavito,462563,Club Llaneros SA
Colombia,731057,Jorge Duván Mosquera Campaña,Jhon Vásquez,27415,Club Llaneros SA
Colombia,731057,Jorge Duván Mosquera Campaña,Kevin Rincón,522939,Club Llaneros SA
Colombia,731057,Jorge Duván Mosquera Campaña,Alejandro Moralez,29076,Club Llaneros SA
Colombia,731057,Jorge Duván Mosquera Campaña,Dennys Quintero,95866,Club Llaneros SA
Colombia,731057,Jorge Duván Mosquera Campaña,Jimmy Medranda,15945,Club Llaneros SA
Colombia,731057,Jorge Duván Mosquera Campaña,Juan Pertuz,426884,Club Llaneros SA
Colombia,731057,Jorge Duván Mosquera Campaña,Néider Ospina,404791,Club Llaneros SA
Colombia,731057,Jorge Duván Mosquera Campaña,Jhonier Blanco,82711,Club Llaneros SA
Colombia,731057,Jorge Duván Mosquera Campaña,Miguel Ortega,33371,Club Llaneros SA
Colombia,731057,Jorge Duván Mosquera Campaña,B.Chury Jiménez,465530,Club Llaneros SA
Colombia,732817,John Wilmar Arango Monsalve,Oscar Caicedo,542038,Boyacá Chicó
Colombia,732817,John Wilmar Arango Monsalve,Isaac Camargo,186789,Boyacá Chicó
Colombia,732817,John Wilmar Arango Monsalve,Estiven Andrés Sarria Olano,149350,Boyacá Chicó
Colombia,732817,John Wilmar Arango Monsalve,David Agudelo,50784,Boyacá Chicó
Colombia,732817,John Wilmar Arango Monsalve,Jesus Chara,541530,Boyacá Chicó
Colombia,732817,John Wilmar Arango Monsalve,Santiago Mera,233068,Boyacá Chicó
Colombia,732817,John Wilmar Arango Monsalve,Branndon Zapata,530433,Boyacá Chicó
Colombia,732817,John Wilmar Arango Monsalve,Mateo Gomez,542585,Boyacá Chicó
Colombia,732817,John Wilmar Arango Monsalve,Julian Castillo,541106,Boyacá Chicó
Colombia,732817,John Wilmar Arango Monsalve,Jhonier Alomía,541681,Boyacá Chicó
Colombia,732817,John Wilmar Arango Monsalve,Junior Carlos Palacios,117067,Boyacá Chicó
Colombia,732817,John Wilmar Arango Monsalve,Cristian Blanco,29996,Boyacá Chicó
Colombia,732817,John Wilmar Arango Monsalve,Rogerio Caicedo,37485,Boyacá Chicó
Colombia,732817,John Wilmar Arango Monsalve,Jaime Diaz,188434,Boyacá Chicó
Colombia,732817,John Wilmar Arango Monsalve,Sebastián Viveros Lopez,438096,Boyacá Chicó
Colombia,732817,John Wilmar Arango Monsalve,Jacobo Pimentel,37478,Boyacá Chicó
Colombia,732817,John Wilmar Arango Monsalve,Yaliston Martínez,130270,Boyacá Chicó
Colombia,732817,John Wilmar Arango Monsalve,Ítalo Montaño,512334,Boyacá Chicó
Colombia,732817,John Wilmar Arango Monsalve,Jeison David Mena Victoria,484465,Boyacá Chicó
Colombia,732817,John Wilmar Arango Monsalve,Alejandro Maya,578762,Boyacá Chicó
Colombia,732817,John Wilmar Arango Monsalve,Felipe Cifuentes,422979,Boyacá Chicó
Colombia,732817,John Wilmar Arango Monsalve,Jhonny Jordán,425033,Boyacá Chicó
Colombia,732817,John Wilmar Arango Monsalve,Nicolás Valencia,524514,Boyacá Chicó
Colombia,732817,John Wilmar Arango Monsalve,Sebastián Palma,51932,Boyacá Chicó
Colombia,732817,John Wilmar Arango Monsalve,Darío Denis,36479,Boyacá Chicó
Colombia,732817,John Wilmar Arango Monsalve,Faiber Arroyo,542584,Boyacá Chicó
Colombia,750212,John Wenceslao Melendez Murillo,Cristhian Portocarrero,571596,Independiente Santa Fe
Colombia,750212,John Wenceslao Melendez Murillo,M.Cuesta Palacios,483805,Independiente Santa Fe
Colombia,750212,John Wenceslao Melendez Murillo,Nahuel Bustos,28634,Independiente Santa Fe
Colombia,750212,John Wenceslao Melendez Murillo,Weimar Asprilla,52299,Independiente Santa Fe
Colombia,750212,John Wenceslao Melendez Murillo,Kevin Balanta,27354,Independiente Santa Fe
Colombia,750212,John Wenceslao Melendez Murillo,Emerson Rivaldo Rodríguez Valois,49788,Independiente Santa Fe
Colombia,750212,John Wenceslao Melendez Murillo,Kilian Toscano,277520,Independiente Santa Fe
Colombia,750212,John Wenceslao Melendez Murillo,Maximiliano Lovera,29196,Independiente Santa Fe
Colombia,750212,John Wenceslao Melendez Murillo,Jáder Obrian,27431,Independiente Santa Fe
Colombia,750212,John Wenceslao Melendez Murillo,Franco Fagúndez,140320,Independiente Santa Fe
Colombia,773289,Bayron David Duarte Duarte,Keyson Quinto,565134,CA Bucaramanga
Colombia,773289,Bayron David Duarte Duarte,Emerson Batalla,36904,CA Bucaramanga
Colombia,773289,Bayron David Duarte Duarte,Luis Vásquez,35481,CA Bucaramanga
Colombia,773289,Bayron David Duarte Duarte,Brandon Caicedo,402704,CA Bucaramanga
Colombia,773289,Bayron David Duarte Duarte,Cristopher Fiermarín,37749,CA Bucaramanga
Colombia,773289,Bayron David Duarte Duarte,Felix Charrupí,379516,CA Bucaramanga
Colombia,773289,Bayron David Duarte Duarte,Nilson Castrillón,27177,CA Bucaramanga
Colombia,773289,Bayron David Duarte Duarte,Aldair Quintana,27587,CA Bucaramanga
Colombia,773289,Bayron David Duarte Duarte,Martín Rea,44893,CA Bucaramanga
Colombia,773289,Bayron David Duarte Duarte,Gleyfer Medina,485276,CA Bucaramanga
Colombia,773289,Bayron David Duarte Duarte,Adrián Murillo,524201,CA Bucaramanga
Colombia,796858,Tomas David Molina Guzman,Cristhian Portocarrero,571596,Independiente Santa Fe
Colombia,796858,Tomas David Molina Guzman,M.Cuesta Palacios,483805,Independiente Santa Fe
Colombia,796858,Tomas David Molina Guzman,Nahuel Bustos,28634,Independiente Santa Fe
Colombia,796858,Tomas David Molina Guzman,Weimar Asprilla,52299,Independiente Santa Fe
Colombia,796858,Tomas David Molina Guzman,Kevin Balanta,27354,Independiente Santa Fe
Colombia,796858,Tomas David Molina Guzman,Emerson Rivaldo Rodríguez Valois,49788,Independiente Santa Fe
Colombia,796858,Tomas David Molina Guzman,Kilian Toscano,277520,Independiente Santa Fe
Colombia,796858,Tomas David Molina Guzman,Maximiliano Lovera,29196,Independiente Santa Fe
Colombia,796858,Tomas David Molina Guzman,Jáder Obrian,27431,Independiente Santa Fe
Colombia,796858,Tomas David Molina Guzman,Franco Fagúndez,140320,Independiente Santa Fe
Colombia,797078,Emilio Aristizabal Chavarriaga,Julio Cuero,541997,Fortaleza CEIF FC
Colombia,797078,Emilio Aristizabal Chavarriaga,Jhonier Blanco,82711,Fortaleza CEIF FC
Colombia,797078,Emilio Aristizabal Chavarriaga,Ítalo Montaño,512334,Fortaleza CEIF FC
Colombia,797078,Emilio Aristizabal Chavarriaga,Cristian Orozco,479256,Fortaleza CEIF FC
Colombia,797078,Emilio Aristizabal Chavarriaga,Miguel Pernía,381627,Fortaleza CEIF FC
Colombia,797078,Emilio Aristizabal Chavarriaga,Miguel Silva,45096,Fortaleza CEIF FC
Colombia,797078,Emilio Aristizabal Chavarriaga,Jhon Velásquez,27379,Fortaleza CEIF FC
Colombia,797078,Emilio Aristizabal Chavarriaga,Richardson Rivas,540897,Fortaleza CEIF FC
Colombia,797078,Emilio Aristizabal Chavarriaga,Jhon Martínez,441295,Fortaleza CEIF FC
Colombia,797078,Emilio Aristizabal Chavarriaga,Michael Barragán,425034,Fortaleza CEIF FC
Colombia,797078,Emilio Aristizabal Chavarriaga,Sebastián Herrera,36614,Fortaleza CEIF FC
Colombia,797078,Emilio Aristizabal Chavarriaga,Williams Barlasina,53520,Fortaleza CEIF FC
Colombia,797078,Emilio Aristizabal Chavarriaga,Jhon Jairo Solís Vélez,390348,Fortaleza CEIF FC
Colombia,797078,Emilio Aristizabal Chavarriaga,Juan Camilo Castillo Andrade,120758,Fortaleza CEIF FC
Colombia,797078,Emilio Aristizabal Chavarriaga,Teun Wilke,147964,Fortaleza CEIF FC
Colombia,797078,Emilio Aristizabal Chavarriaga,Cristian Santander,366014,Fortaleza CEIF FC
Colombia,797078,Emilio Aristizabal Chavarriaga,Jhoiner Salas,423506,Fortaleza CEIF FC
Colombia,797078,Emilio Aristizabal Chavarriaga,Franco Pulicastro,425008,Fortaleza CEIF FC
Colombia,797078,Emilio Aristizabal Chavarriaga,Jeferson Medina,433661,Fortaleza CEIF FC
Colombia,797078,Emilio Aristizabal Chavarriaga,Andy Batioja,444227,Fortaleza CEIF FC
Colombia,797078,Emilio Aristizabal Chavarriaga,E.Rico,482809,Fortaleza CEIF FC
Colombia,797078,Emilio Aristizabal Chavarriaga,Santiago Vivas,530361,Fortaleza CEIF FC
Colombia,797078,Emilio Aristizabal Chavarriaga,Joan Valverde,541009,Fortaleza CEIF FC
Colombia,797078,Emilio Aristizabal Chavarriaga,Brandón Andrés Mejía Fajardo,1169634,Fortaleza CEIF FC
Colombia,797078,Emilio Aristizabal Chavarriaga,Jhon Sebastian Palacios Sanchez,482811,Fortaleza CEIF FC
Colombia,797078,Emilio Aristizabal Chavarriaga,Andrés Amaya,27599,Fortaleza CEIF FC
Colombia,809181,Anderson Mojica Palacios,Kevin Caicedo,540898,Club Llaneros SA
Colombia,809181,Anderson Mojica Palacios,Juan Loaiza,344236,Club Llaneros SA
Colombia,809181,Anderson Mojica Palacios,Julian Beltran,527593,Club Llaneros SA
Colombia,809181,Anderson Mojica Palacios,Edwin Laszo,83191,Club Llaneros SA
Colombia,809181,Anderson Mojica Palacios,Emilio Pardo,567029,Club Llaneros SA
Colombia,809181,Anderson Mojica Palacios,Juan Montoya,438044,Club Llaneros SA
Colombia,809181,Anderson Mojica Palacios,Yorleys Mena,35270,Club Llaneros SA
Colombia,809181,Anderson Mojica Palacios,Daniel Quiñones,28715,Club Llaneros SA
Colombia,809181,Anderson Mojica Palacios,R.Romaña Garavito,462563,Club Llaneros SA
Colombia,809181,Anderson Mojica Palacios,Jhon Vásquez,27415,Club Llaneros SA
Colombia,809181,Anderson Mojica Palacios,Kevin Rincón,522939,Club Llaneros SA
Colombia,809181,Anderson Mojica Palacios,Alejandro Moralez,29076,Club Llaneros SA
Colombia,809181,Anderson Mojica Palacios,Dennys Quintero,95866,Club Llaneros SA
Colombia,809181,Anderson Mojica Palacios,Jimmy Medranda,15945,Club Llaneros SA
Colombia,809181,Anderson Mojica Palacios,Juan Pertuz,426884,Club Llaneros SA
Colombia,809181,Anderson Mojica Palacios,Néider Ospina,404791,Club Llaneros SA
Colombia,809181,Anderson Mojica Palacios,Jhonier Blanco,82711,Club Llaneros SA
Colombia,809181,Anderson Mojica Palacios,Miguel Ortega,33371,Club Llaneros SA
Colombia,809181,Anderson Mojica Palacios,B.Chury Jiménez,465530,Club Llaneros SA
Colombia,809300,Sebastián Navarro Otalora,Juan Aponzá,475524,América de Cali
Colombia,809300,Sebastián Navarro Otalora,Tomás Ángel,82606,América de Cali
Colombia,809300,Sebastián Navarro Otalora,Yeison Guzmán,27493,América de Cali
Colombia,809300,Sebastián Navarro Otalora,Dany Rosero,27230,América de Cali
Colombia,809300,Sebastián Navarro Otalora,Daniel Valencia,44745,América de Cali
Colombia,809300,Sebastián Navarro Otalora,Luis Quiñones,26332,América de Cali
Colombia,809300,Sebastián Navarro Otalora,Juan Montoya,483665,América de Cali
Colombia,809300,Sebastián Navarro Otalora,Adrián Ramos,24324,América de Cali
Colombia,809300,Sebastián Navarro Otalora,Edson Tortolero,113283,América de Cali
Colombia,809300,Sebastián Navarro Otalora,Kevin Angulo,474102,América de Cali
Colombia,809300,Sebastián Navarro Otalora,Nicolás Hernández,27471,América de Cali
Colombia,809300,Sebastián Navarro Otalora,Brayan Correa,413088,América de Cali
Colombia,809300,Sebastián Navarro Otalora,Luis Mina,437530,América de Cali
Colombia,809300,Sebastián Navarro Otalora,Camilo Amú,531049,América de Cali
Colombia,809300,Sebastián Navarro Otalora,Yhormar Hurtado,27419,América de Cali
Colombia,809300,Sebastián Navarro Otalora,Darwin Machís,11501,América de Cali
Colombia,809300,Sebastián Navarro Otalora,Jorge Soto,36907,América de Cali
Colombia,809300,Sebastián Navarro Otalora,Jhordy Camacho,541531,América de Cali
Colombia,809894,Andrés Alarcón Mendoza,Frank Martínez,541807,AD Pasto
Colombia,809894,Andrés Alarcón Mendoza,Yeison Tolosa,32499,AD Pasto
Colombia,809894,Andrés Alarcón Mendoza,Luther Rueda,441622,AD Pasto
Colombia,809894,Andrés Alarcón Mendoza,Heiler Moreno,548313,AD Pasto
Colombia,809894,Andrés Alarcón Mendoza,Andrés Ibargüen,26401,AD Pasto
Colombia,809894,Andrés Alarcón Mendoza,Ederson Cabezas,130889,AD Pasto
Colombia,809894,Andrés Alarcón Mendoza,Jonathan Perlaza,208679,AD Pasto
Colombia,809894,Andrés Alarcón Mendoza,P.Preciado,485520,AD Pasto
Colombia,809894,Andrés Alarcón Mendoza,Mateo Garavito,130634,AD Pasto
Colombia,809894,Andrés Alarcón Mendoza,Enrique Serje,27176,AD Pasto
Colombia,809894,Andrés Alarcón Mendoza,Matías Pisano,28713,AD Pasto
Colombia,809894,Andrés Alarcón Mendoza,Geovanni Banguera,27378,AD Pasto
Colombia,809894,Andrés Alarcón Mendoza,Iago Herrerín,6662,AD Pasto
Colombia,809894,Andrés Alarcón Mendoza,Hervin Goyes,484088,AD Pasto
Colombia,811185,Samy Jr. Merheg Enciso,Calderon A.,528792,Deportivo Pereira
Colombia,811185,Samy Jr. Merheg Enciso,Javier Mena,388278,Deportivo Pereira
Colombia,811185,Samy Jr. Merheg Enciso,Ánderson Plata,28684,Deportivo Pereira
Colombia,811185,Samy Jr. Merheg Enciso,Sebastián Urrea,438675,Deportivo Pereira
Colombia,811185,Samy Jr. Merheg Enciso,Miguel Aguirre,530366,Deportivo Pereira
Colombia,811185,Samy Jr. Merheg Enciso,Danilo Ortíz,32008,Deportivo Pereira
Colombia,811185,Samy Jr. Merheg Enciso,Juan Urrea,549758,Deportivo Pereira
Colombia,811185,Samy Jr. Merheg Enciso,Fabio Delgado,100897,Deportivo Pereira
Colombia,811185,Samy Jr. Merheg Enciso,Jhon Montoya,530371,Deportivo Pereira
Colombia,811185,Samy Jr. Merheg Enciso,Yimy Gómez,36906,Deportivo Pereira
Colombia,811185,Samy Jr. Merheg Enciso,Felipe Mosquera,249295,Deportivo Pereira
Colombia,811185,Samy Jr. Merheg Enciso,Juan Morales,549759,Deportivo Pereira
Colombia,811185,Samy Jr. Merheg Enciso,Nicolas Rengifo,423012,Deportivo Pereira
Colombia,811185,Samy Jr. Merheg Enciso,Tobias Bovone,425720,Deportivo Pereira
Colombia,811185,Samy Jr. Merheg Enciso,Jorge Eliécer Martínez Mosquera,484466,Deportivo Pereira
Colombia,811185,Samy Jr. Merheg Enciso,Jared Rodriguez,530372,Deportivo Pereira
Colombia,811185,Samy Jr. Merheg Enciso,Juan Betancourth,404759,Deportivo Pereira
Colombia,811185,Samy Jr. Merheg Enciso,Matías Patiño,549307,Deportivo Pereira
Colombia,811185,Samy Jr. Merheg Enciso,Richard Rentería,27229,Deportivo Pereira
Colombia,811185,Samy Jr. Merheg Enciso,Josseph Mosquera,530373,Deportivo Pereira
Colombia,811185,Samy Jr. Merheg Enciso,Ederson Moreno,36151,Deportivo Pereira
Colombia,811185,Samy Jr. Merheg Enciso,Miguel Palacios,449481,Deportivo Pereira
Colombia,811185,Samy Jr. Merheg Enciso,Sebastián Acosta,79575,Deportivo Pereira
Colombia,811185,Samy Jr. Merheg Enciso,Luis Moreno,541008,Deportivo Pereira
Colombia,811185,Samy Jr. Merheg Enciso,Santiago Alzate,530370,Deportivo Pereira
Colombia,811185,Samy Jr. Merheg Enciso,Manuel Díaz,550290,Deportivo Pereira
Colombia,969271,Royer Alejandro Caicedo Gonzalez,Néider Parra,541580,Club Atlético Nacional
Colombia,969271,Royer Alejandro Caicedo Gonzalez,César Haydar,28938,Club Atlético Nacional
Colombia,969271,Royer Alejandro Caicedo Gonzalez,Cristian Arango,10853,Club Atlético Nacional
Colombia,969271,Royer Alejandro Caicedo Gonzalez,Nicolás Rodríguez,423126,Club Atlético Nacional
Colombia,969271,Royer Alejandro Caicedo Gonzalez,Matias Quiroz,479799,Club Atlético Nacional
Colombia,969271,Royer Alejandro Caicedo Gonzalez,David Ospina,4276,Club Atlético Nacional
Colombia,969271,Royer Alejandro Caicedo Gonzalez,Franco Armani,6312,Club Atlético Nacional
Colombia,969271,Royer Alejandro Caicedo Gonzalez,Andres Bernal,479796,Club Atlético Nacional
Colombia,969271,Royer Alejandro Caicedo Gonzalez,Milton Casco,28264,Club Atlético Nacional
Colombia,969271,Royer Alejandro Caicedo Gonzalez,Ian Poveda,39105,Club Atlético Nacional
Colombia,969271,Royer Alejandro Caicedo Gonzalez,Eduard Bello,35785,Club Atlético Nacional
Colombia,969271,Royer Alejandro Caicedo Gonzalez,Kevin Perez,558859,Club Atlético Nacional
Colombia,969271,Royer Alejandro Caicedo Gonzalez,Kevin Cataño,540512,Club Atlético Nacional
Colombia,969271,Royer Alejandro Caicedo Gonzalez,Robinson García,546713,Club Atlético Nacional
Colombia,969271,Royer Alejandro Caicedo Gonzalez,Xavi Rios,543057,Club Atlético Nacional
Colombia,969271,Royer Alejandro Caicedo Gonzalez,Harlen Castillo,37574,Club Atlético Nacional
Colombia,998676,Cristian Camilo Valencia Cifuentes,Kevin Caicedo,540898,Club Llaneros SA
Colombia,998676,Cristian Camilo Valencia Cifuentes,Juan Loaiza,344236,Club Llaneros SA
Colombia,998676,Cristian Camilo Valencia Cifuentes,Julian Beltran,527593,Club Llaneros SA
Colombia,998676,Cristian Camilo Valencia Cifuentes,Edwin Laszo,83191,Club Llaneros SA
Colombia,998676,Cristian Camilo Valencia Cifuentes,Emilio Pardo,567029,Club Llaneros SA
Colombia,998676,Cristian Camilo Valencia Cifuentes,Juan Montoya,438044,Club Llaneros SA
Colombia,998676,Cristian Camilo Valencia Cifuentes,Yorleys Mena,35270,Club Llaneros SA
Colombia,998676,Cristian Camilo Valencia Cifuentes,Daniel Quiñones,28715,Club Llaneros SA
Colombia,998676,Cristian Camilo Valencia Cifuentes,R.Romaña Garavito,462563,Club Llaneros SA
Colombia,998676,Cristian Camilo Valencia Cifuentes,Jhon Vásquez,27415,Club Llaneros SA
Colombia,998676,Cristian Camilo Valencia Cifuentes,Kevin Rincón,522939,Club Llaneros SA
Colombia,998676,Cristian Camilo Valencia Cifuentes,Alejandro Moralez,29076,Club Llaneros SA
Colombia,998676,Cristian Camilo Valencia Cifuentes,Dennys Quintero,95866,Club Llaneros SA
Colombia,998676,Cristian Camilo Valencia Cifuentes,Jimmy Medranda,15945,Club Llaneros SA
Colombia,998676,Cristian Camilo Valencia Cifuentes,Juan Pertuz,426884,Club Llaneros SA
Colombia,998676,Cristian Camilo Valencia Cifuentes,Néider Ospina,404791,Club Llaneros SA
Colombia,998676,Cristian Camilo Valencia Cifuentes,Jhonier Blanco,82711,Club Llaneros SA
Colombia,998676,Cristian Camilo Valencia Cifuentes,Miguel Ortega,33371,Club Llaneros SA
Colombia,998676,Cristian Camilo Valencia Cifuentes,B.Chury Jiménez,465530,Club Llaneros SA
Colombia,998683,Andrés Domingo López Pérez,Kevin Caicedo,540898,Club Llaneros SA
Colombia,998683,Andrés Domingo López Pérez,Juan Loaiza,344236,Club Llaneros SA
Colombia,998683,Andrés Domingo López Pérez,Julian Beltran,527593,Club Llaneros SA
Colombia,998683,Andrés Domingo López Pérez,Edwin Laszo,83191,Club Llaneros SA
Colombia,998683,Andrés Domingo López Pérez,Emilio Pardo,567029,Club Llaneros SA
Colombia,998683,Andrés Domingo López Pérez,Juan Montoya,438044,Club Llaneros SA
Colombia,998683,Andrés Domingo López Pérez,Yorleys Mena,35270,Club Llaneros SA
Colombia,998683,Andrés Domingo López Pérez,Daniel Quiñones,28715,Club Llaneros SA
Colombia,998683,Andrés Domingo López Pérez,R.Romaña Garavito,462563,Club Llaneros SA
Colombia,998683,Andrés Domingo López Pérez,Jhon Vásquez,27415,Club Llaneros SA
Colombia,998683,Andrés Domingo López Pérez,Kevin Rincón,522939,Club Llaneros SA
Colombia,998683,Andrés Domingo López Pérez,Alejandro Moralez,29076,Club Llaneros SA
Colombia,998683,Andrés Domingo López Pérez,Dennys Quintero,95866,Club Llaneros SA
Colombia,998683,Andrés Domingo López Pérez,Jimmy Medranda,15945,Club Llaneros SA
Colombia,998683,Andrés Domingo López Pérez,Juan Pertuz,426884,Club Llaneros SA
Colombia,998683,Andrés Domingo López Pérez,Néider Ospina,404791,Club Llaneros SA
Colombia,998683,Andrés Domingo López Pérez,Jhonier Blanco,82711,Club Llaneros SA
Colombia,998683,Andrés Domingo López Pérez,Miguel Ortega,33371,Club Llaneros SA
Colombia,998683,Andrés Domingo López Pérez,B.Chury Jiménez,465530,Club Llaneros SA
Colombia,998691,Oscar Orlando Vega Herrera,Kevin Caicedo,540898,Club Llaneros SA
Colombia,998691,Oscar Orlando Vega Herrera,Juan Loaiza,344236,Club Llaneros SA
Colombia,998691,Oscar Orlando Vega Herrera,Julian Beltran,527593,Club Llaneros SA
Colombia,998691,Oscar Orlando Vega Herrera,Edwin Laszo,83191,Club Llaneros SA
Colombia,998691,Oscar Orlando Vega Herrera,Emilio Pardo,567029,Club Llaneros SA
Colombia,998691,Oscar Orlando Vega Herrera,Juan Montoya,438044,Club Llaneros SA
Colombia,998691,Oscar Orlando Vega Herrera,Yorleys Mena,35270,Club Llaneros SA
Colombia,998691,Oscar Orlando Vega Herrera,Daniel Quiñones,28715,Club Llaneros SA
Colombia,998691,Oscar Orlando Vega Herrera,R.Romaña Garavito,462563,Club Llaneros SA
Colombia,998691,Oscar Orlando Vega Herrera,Jhon Vásquez,27415,Club Llaneros SA
Colombia,998691,Oscar Orlando Vega Herrera,Kevin Rincón,522939,Club Llaneros SA
Colombia,998691,Oscar Orlando Vega Herrera,Alejandro Moralez,29076,Club Llaneros SA
Colombia,998691,Oscar Orlando Vega Herrera,Dennys Quintero,95866,Club Llaneros SA
Colombia,998691,Oscar Orlando Vega Herrera,Jimmy Medranda,15945,Club Llaneros SA
Colombia,998691,Oscar Orlando Vega Herrera,Juan Pertuz,426884,Club Llaneros SA
Colombia,998691,Oscar Orlando Vega Herrera,Néider Ospina,404791,Club Llaneros SA
Colombia,998691,Oscar Orlando Vega Herrera,Jhonier Blanco,82711,Club Llaneros SA
Colombia,998691,Oscar Orlando Vega Herrera,Miguel Ortega,33371,Club Llaneros SA
Colombia,998691,Oscar Orlando Vega Herrera,B.Chury Jiménez,465530,Club Llaneros SA
Colombia,999616,Elian Osvaldo Peralta Villamayor,Oscar Caicedo,542038,Boyacá Chicó
Colombia,999616,Elian Osvaldo Peralta Villamayor,Isaac Camargo,186789,Boyacá Chicó
Colombia,999616,Elian Osvaldo Peralta Villamayor,Estiven Andrés Sarria Olano,149350,Boyacá Chicó
Colombia,999616,Elian Osvaldo Peralta Villamayor,David Agudelo,50784,Boyacá Chicó
Colombia,999616,Elian Osvaldo Peralta Villamayor,Jesus Chara,541530,Boyacá Chicó
Colombia,999616,Elian Osvaldo Peralta Villamayor,Santiago Mera,233068,Boyacá Chicó
Colombia,999616,Elian Osvaldo Peralta Villamayor,Branndon Zapata,530433,Boyacá Chicó
Colombia,999616,Elian Osvaldo Peralta Villamayor,Mateo Gomez,542585,Boyacá Chicó
Colombia,999616,Elian Osvaldo Peralta Villamayor,Julian Castillo,541106,Boyacá Chicó
Colombia,999616,Elian Osvaldo Peralta Villamayor,Jhonier Alomía,541681,Boyacá Chicó
Colombia,999616,Elian Osvaldo Peralta Villamayor,Junior Carlos Palacios,117067,Boyacá Chicó
Colombia,999616,Elian Osvaldo Peralta Villamayor,Cristian Blanco,29996,Boyacá Chicó
Colombia,999616,Elian Osvaldo Peralta Villamayor,Rogerio Caicedo,37485,Boyacá Chicó
Colombia,999616,Elian Osvaldo Peralta Villamayor,Jaime Diaz,188434,Boyacá Chicó
Colombia,999616,Elian Osvaldo Peralta Villamayor,Sebastián Viveros Lopez,438096,Boyacá Chicó
Colombia,999616,Elian Osvaldo Peralta Villamayor,Jacobo Pimentel,37478,Boyacá Chicó
Colombia,999616,Elian Osvaldo Peralta Villamayor,Yaliston Martínez,130270,Boyacá Chicó
Colombia,999616,Elian Osvaldo Peralta Villamayor,Ítalo Montaño,512334,Boyacá Chicó
Colombia,999616,Elian Osvaldo Peralta Villamayor,Jeison David Mena Victoria,484465,Boyacá Chicó
Colombia,999616,Elian Osvaldo Peralta Villamayor,Alejandro Maya,578762,Boyacá Chicó
Colombia,999616,Elian Osvaldo Peralta Villamayor,Felipe Cifuentes,422979,Boyacá Chicó
Colombia,999616,Elian Osvaldo Peralta Villamayor,Jhonny Jordán,425033,Boyacá Chicó
Colombia,999616,Elian Osvaldo Peralta Villamayor,Nicolás Valencia,524514,Boyacá Chicó
Colombia,999616,Elian Osvaldo Peralta Villamayor,Sebastián Palma,51932,Boyacá Chicó
Colombia,999616,Elian Osvaldo Peralta Villamayor,Darío Denis,36479,Boyacá Chicó
Colombia,999616,Elian Osvaldo Peralta Villamayor,Faiber Arroyo,542584,Boyacá Chicó
Colombia,1001834,Neiser Villarreal,Leonai,43829,Millonarios FC
Colombia,1001834,Neiser Villarreal,Rodrigo Ureña,34556,Millonarios FC
Colombia,1001834,Neiser Villarreal,Christopher Martín,486309,Millonarios FC
Colombia,1001834,Neiser Villarreal,Brayan Sandoval,432337,Millonarios FC
Colombia,1001834,Neiser Villarreal,Jorge Hurtado,261627,Millonarios FC
Colombia,1001834,Neiser Villarreal,Sebastián Viveros del Castillo,485369,Millonarios FC
Colombia,1001834,Neiser Villarreal,Javier Burrai,36557,Millonarios FC
Colombia,1001834,Neiser Villarreal,Stiven Barreiro,29597,Millonarios FC
Colombia,1001834,Neiser Villarreal,David Silva,27062,Millonarios FC
Colombia,1001834,Neiser Villarreal,Mateo García,186788,Millonarios FC
Colombia,1001834,Neiser Villarreal,Diego Novoa,27278,Millonarios FC
Colombia,1001834,Neiser Villarreal,Rodrigo Contreras,26260,Millonarios FC
Colombia,1001834,Neiser Villarreal,Edgar Elizalde,35444,Millonarios FC
Colombia,1001834,Neiser Villarreal,Carlos Sarabia,445189,Millonarios FC
Colombia,1001834,Neiser Villarreal,Guillermo de Amores,45215,Millonarios FC
Colombia,1018184,Yoshan Stiven Valois Murillo,Frank Martínez,541807,AD Pasto
Colombia,1018184,Yoshan Stiven Valois Murillo,Yeison Tolosa,32499,AD Pasto
Colombia,1018184,Yoshan Stiven Valois Murillo,Luther Rueda,441622,AD Pasto
Colombia,1018184,Yoshan Stiven Valois Murillo,Heiler Moreno,548313,AD Pasto
Colombia,1018184,Yoshan Stiven Valois Murillo,Andrés Ibargüen,26401,AD Pasto
Colombia,1018184,Yoshan Stiven Valois Murillo,Ederson Cabezas,130889,AD Pasto
Colombia,1018184,Yoshan Stiven Valois Murillo,Jonathan Perlaza,208679,AD Pasto
Colombia,1018184,Yoshan Stiven Valois Murillo,P.Preciado,485520,AD Pasto
Colombia,1018184,Yoshan Stiven Valois Murillo,Mateo Garavito,130634,AD Pasto
Colombia,1018184,Yoshan Stiven Valois Murillo,Enrique Serje,27176,AD Pasto
Colombia,1018184,Yoshan Stiven Valois Murillo,Matías Pisano,28713,AD Pasto
Colombia,1018184,Yoshan Stiven Valois Murillo,Geovanni Banguera,27378,AD Pasto
Colombia,1018184,Yoshan Stiven Valois Murillo,Iago Herrerín,6662,AD Pasto
Colombia,1018184,Yoshan Stiven Valois Murillo,Hervin Goyes,484088,AD Pasto
Colombia,1018339,Frank Matias Salas Loboa,Oscar Caicedo,542038,Boyacá Chicó
Colombia,1018339,Frank Matias Salas Loboa,Isaac Camargo,186789,Boyacá Chicó
Colombia,1018339,Frank Matias Salas Loboa,Estiven Andrés Sarria Olano,149350,Boyacá Chicó
Colombia,1018339,Frank Matias Salas Loboa,David Agudelo,50784,Boyacá Chicó
Colombia,1018339,Frank Matias Salas Loboa,Jesus Chara,541530,Boyacá Chicó
Colombia,1018339,Frank Matias Salas Loboa,Santiago Mera,233068,Boyacá Chicó
Colombia,1018339,Frank Matias Salas Loboa,Branndon Zapata,530433,Boyacá Chicó
Colombia,1018339,Frank Matias Salas Loboa,Mateo Gomez,542585,Boyacá Chicó
Colombia,1018339,Frank Matias Salas Loboa,Julian Castillo,541106,Boyacá Chicó
Colombia,1018339,Frank Matias Salas Loboa,Jhonier Alomía,541681,Boyacá Chicó
Colombia,1018339,Frank Matias Salas Loboa,Junior Carlos Palacios,117067,Boyacá Chicó
Colombia,1018339,Frank Matias Salas Loboa,Cristian Blanco,29996,Boyacá Chicó
Colombia,1018339,Frank Matias Salas Loboa,Rogerio Caicedo,37485,Boyacá Chicó
Colombia,1018339,Frank Matias Salas Loboa,Jaime Diaz,188434,Boyacá Chicó
Colombia,1018339,Frank Matias Salas Loboa,Sebastián Viveros Lopez,438096,Boyacá Chicó
Colombia,1018339,Frank Matias Salas Loboa,Jacobo Pimentel,37478,Boyacá Chicó
Colombia,1018339,Frank Matias Salas Loboa,Yaliston Martínez,130270,Boyacá Chicó
Colombia,1018339,Frank Matias Salas Loboa,Ítalo Montaño,512334,Boyacá Chicó
Colombia,1018339,Frank Matias Salas Loboa,Jeison David Mena Victoria,484465,Boyacá Chicó
Colombia,1018339,Frank Matias Salas Loboa,Alejandro Maya,578762,Boyacá Chicó
Colombia,1018339,Frank Matias Salas Loboa,Felipe Cifuentes,422979,Boyacá Chicó
Colombia,1018339,Frank Matias Salas Loboa,Jhonny Jordán,425033,Boyacá Chicó
Colombia,1018339,Frank Matias Salas Loboa,Nicolás Valencia,524514,Boyacá Chicó
Colombia,1018339,Frank Matias Salas Loboa,Sebastián Palma,51932,Boyacá Chicó
Colombia,1018339,Frank Matias Salas Loboa,Darío Denis,36479,Boyacá Chicó
Colombia,1018339,Frank Matias Salas Loboa,Faiber Arroyo,542584,Boyacá Chicó
Colombia,1022305,Samuel Martín Díaz,Leonai,43829,Millonarios FC
Colombia,1022305,Samuel Martín Díaz,Rodrigo Ureña,34556,Millonarios FC
Colombia,1022305,Samuel Martín Díaz,Christopher Martín,486309,Millonarios FC
Colombia,1022305,Samuel Martín Díaz,Brayan Sandoval,432337,Millonarios FC
Colombia,1022305,Samuel Martín Díaz,Jorge Hurtado,261627,Millonarios FC
Colombia,1022305,Samuel Martín Díaz,Sebastián Viveros del Castillo,485369,Millonarios FC
Colombia,1022305,Samuel Martín Díaz,Javier Burrai,36557,Millonarios FC
Colombia,1022305,Samuel Martín Díaz,Stiven Barreiro,29597,Millonarios FC
Colombia,1022305,Samuel Martín Díaz,David Silva,27062,Millonarios FC
Colombia,1022305,Samuel Martín Díaz,Mateo García,186788,Millonarios FC
Colombia,1022305,Samuel Martín Díaz,Diego Novoa,27278,Millonarios FC
Colombia,1022305,Samuel Martín Díaz,Rodrigo Contreras,26260,Millonarios FC
Colombia,1022305,Samuel Martín Díaz,Edgar Elizalde,35444,Millonarios FC
Colombia,1022305,Samuel Martín Díaz,Carlos Sarabia,445189,Millonarios FC
Colombia,1022305,Samuel Martín Díaz,Guillermo de Amores,45215,Millonarios FC
Chile,23599,Ariel Elías Martínez Arce,Martín Araya,363540,Club Deportivo Palestino
Chile,23599,Ariel Elías Martínez Arce,Albert Gómez,545186,Club Deportivo Palestino
Chile,23599,Ariel Elías Martínez Arce,Marcelo Eggel,427447,Club Deportivo Palestino
Chile,23599,Ariel Elías Martínez Arce,Enzo Roco,16456,Club Deportivo Palestino
Chile,23599,Ariel Elías Martínez Arce,Dylan Glaby,196957,Club Deportivo Palestino
Chile,23599,Ariel Elías Martínez Arce,Nicolás Meza,46470,Club Deportivo Palestino
Chile,23599,Ariel Elías Martínez Arce,Sebastián Pérez,35877,Club Deportivo Palestino
Chile,23599,Ariel Elías Martínez Arce,Ronnie Fernández,54465,Club Deportivo Palestino
Chile,23599,Ariel Elías Martínez Arce,Ian Alegría,479412,Club Deportivo Palestino
Chile,23599,Ariel Elías Martínez Arce,Dilan Salgado,275182,Club Deportivo Palestino
Chile,26582,Junior Gabriel Arias Cácerers,Martín Araya,363540,Club Deportivo Palestino
Chile,26582,Junior Gabriel Arias Cácerers,Albert Gómez,545186,Club Deportivo Palestino
Chile,26582,Junior Gabriel Arias Cácerers,Marcelo Eggel,427447,Club Deportivo Palestino
Chile,26582,Junior Gabriel Arias Cácerers,Enzo Roco,16456,Club Deportivo Palestino
Chile,26582,Junior Gabriel Arias Cácerers,Dylan Glaby,196957,Club Deportivo Palestino
Chile,26582,Junior Gabriel Arias Cácerers,Nicolás Meza,46470,Club Deportivo Palestino
Chile,26582,Junior Gabriel Arias Cácerers,Sebastián Pérez,35877,Club Deportivo Palestino
Chile,26582,Junior Gabriel Arias Cácerers,Ronnie Fernández,54465,Club Deportivo Palestino
Chile,26582,Junior Gabriel Arias Cácerers,Ian Alegría,479412,Club Deportivo Palestino
Chile,26582,Junior Gabriel Arias Cácerers,Dilan Salgado,275182,Club Deportivo Palestino
Chile,43512,Junior Osvaldo Marabel Jara,Martín Araya,363540,Club Deportivo Palestino
Chile,43512,Junior Osvaldo Marabel Jara,Albert Gómez,545186,Club Deportivo Palestino
Chile,43512,Junior Osvaldo Marabel Jara,Marcelo Eggel,427447,Club Deportivo Palestino
Chile,43512,Junior Osvaldo Marabel Jara,Enzo Roco,16456,Club Deportivo Palestino
Chile,43512,Junior Osvaldo Marabel Jara,Dylan Glaby,196957,Club Deportivo Palestino
Chile,43512,Junior Osvaldo Marabel Jara,Nicolás Meza,46470,Club Deportivo Palestino
Chile,43512,Junior Osvaldo Marabel Jara,Sebastián Pérez,35877,Club Deportivo Palestino
Chile,43512,Junior Osvaldo Marabel Jara,Ronnie Fernández,54465,Club Deportivo Palestino
Chile,43512,Junior Osvaldo Marabel Jara,Ian Alegría,479412,Club Deportivo Palestino
Chile,43512,Junior Osvaldo Marabel Jara,Dilan Salgado,275182,Club Deportivo Palestino
Chile,69866,Brayan Andrés Garrido Martínez,Luciano Arriagada,35958,Club Deportivo Huachipato
Chile,69866,Brayan Andrés Garrido Martínez,Nelson Guaiquil,395600,Club Deportivo Huachipato
Chile,69866,Brayan Andrés Garrido Martínez,Alvaro Abarzúa,558147,Club Deportivo Huachipato
Chile,69866,Brayan Andrés Garrido Martínez,Harold Antiñirre,546183,Club Deportivo Huachipato
Chile,69866,Brayan Andrés Garrido Martínez,Claudio Gerardo Torres Gaete,122984,Club Deportivo Huachipato
Chile,69866,Brayan Andrés Garrido Martínez,Carlos Herrera,111317,Club Deportivo Huachipato
Chile,69866,Brayan Andrés Garrido Martínez,Sergio Núñez,44650,Club Deportivo Huachipato
Chile,69866,Brayan Andrés Garrido Martínez,Sebastián Melgarejo,544584,Club Deportivo Huachipato
Chile,69866,Brayan Andrés Garrido Martínez,Freddy Alegría,569539,Club Deportivo Huachipato
Chile,69866,Brayan Andrés Garrido Martínez,N.Cárcamo,426764,Club Deportivo Huachipato
Chile,69866,Brayan Andrés Garrido Martínez,Sebastián Mella,426049,Club Deportivo Huachipato
Chile,69866,Brayan Andrés Garrido Martínez,Benjamín Andres Mellado Aedo,439929,Club Deportivo Huachipato
Chile,69866,Brayan Andrés Garrido Martínez,Jose Ignacio Castro Mena,123870,Club Deportivo Huachipato
Chile,69866,Brayan Andrés Garrido Martínez,Maximiliano Rodríguez,37535,Club Deportivo Huachipato
Chile,69866,Brayan Andrés Garrido Martínez,Christian Bravo,483731,Club Deportivo Huachipato
Chile,69866,Brayan Andrés Garrido Martínez,Kevin Nahuel Altez Moyano,260248,Club Deportivo Huachipato
Chile,69866,Brayan Andrés Garrido Martínez,Rodrigo Odriozola,372269,Club Deportivo Huachipato
Chile,69866,Brayan Andrés Garrido Martínez,Martín Cañete,35676,Club Deportivo Huachipato
Chile,69866,Brayan Andrés Garrido Martínez,Martín Torrejón,550710,Club Deportivo Huachipato
Chile,69866,Brayan Andrés Garrido Martínez,David Larrahondo,571644,Club Deportivo Huachipato
Chile,69866,Brayan Andrés Garrido Martínez,Maximiliano Osorio,558144,Club Deportivo Huachipato
MLS,535,Alexander Hack,Jorge Ruvalcaba,146649,New York Red Bulls
MLS,535,Alexander Hack,Roald Mitchell,116411,New York Red Bulls
MLS,535,Alexander Hack,Julian Hall,395088,New York Red Bulls
MLS,535,Alexander Hack,Cameron Harper,45029,New York Red Bulls
MLS,535,Alexander Hack,Ethan Horvath,21201,New York Red Bulls
MLS,535,Alexander Hack,Joyeux Bungi,378725,New York Red Bulls
MLS,535,Alexander Hack,Nehuén Benedetti,416183,New York Red Bulls
MLS,535,Alexander Hack,Tanner Rosborough,392976,New York Red Bulls
MLS,535,Alexander Hack,Adri Mehmeti,399057,New York Red Bulls
MLS,535,Alexander Hack,M.Jiménez Murillo,475857,New York Red Bulls
MLS,535,Alexander Hack,Julián Bazán,395169,New York Red Bulls
MLS,535,Alexander Hack,Justin Che,108373,New York Red Bulls
MLS,535,Alexander Hack,Matthew Dos Santos,399065,New York Red Bulls
MLS,535,Alexander Hack,Andy Maroto,388549,New York Red Bulls
MLS,535,Alexander Hack,Rafael Mosquera,401998,New York Red Bulls
MLS,535,Alexander Hack,Cade Cowell,35477,New York Red Bulls
MLS,535,Alexander Hack,Juan Mina,249058,New York Red Bulls
MLS,1774,Chidozie Collins Awaziem,Youssef Maziz,29337,Colorado Rapids
MLS,1774,Chidozie Collins Awaziem,Nicolas Hansen,48740,Colorado Rapids
MLS,1774,Chidozie Collins Awaziem,Wayne Frederick,428573,Colorado Rapids
MLS,1774,Chidozie Collins Awaziem,Donavan Phillip,536953,Colorado Rapids
MLS,1774,Chidozie Collins Awaziem,Mamadou Diop,471191,Colorado Rapids
MLS,1774,Chidozie Collins Awaziem,Hamzat Ojediran,404335,Colorado Rapids
MLS,1774,Chidozie Collins Awaziem,Lucas Herrington,448166,Colorado Rapids
MLS,1774,Chidozie Collins Awaziem,Alexis Manyoma,186930,Colorado Rapids
MLS,1774,Chidozie Collins Awaziem,Alex Harris,463159,Colorado Rapids
MLS,1774,Chidozie Collins Awaziem,Kimani Stewart-Baynes,428820,Colorado Rapids
MLS,1774,Chidozie Collins Awaziem,Miguel Navarro,36520,Colorado Rapids
MLS,1774,Chidozie Collins Awaziem,Adam Beaudry,247536,Colorado Rapids
MLS,1774,Chidozie Collins Awaziem,Loic Williams,133638,Colorado Rapids
MLS,1774,Chidozie Collins Awaziem,Zack Steffen,12708,Colorado Rapids
MLS,1818,Christian Benteke Liolo,Keisuke Kurokawa,43005,DC United
MLS,1818,Christian Benteke Liolo,Andre Dozzell,19022,DC United
MLS,1818,Christian Benteke Liolo,Gavin Turner,218711,DC United
MLS,1818,Christian Benteke Liolo,Kimito Nono,426611,DC United
MLS,1818,Christian Benteke Liolo,Nikola Markovic,536952,DC United
MLS,1818,Christian Benteke Liolo,Louis Munteanu,84682,DC United
MLS,1818,Christian Benteke Liolo,Silvan Hefti,29226,DC United
MLS,1818,Christian Benteke Liolo,Sean Johnson,12746,DC United
MLS,3333,Federico Bernardeschi,Jules-Anthony Vilsaint,382388,Toronto FC
MLS,3333,Federico Bernardeschi,Emilio Aristizábal,415612,Toronto FC
MLS,3333,Federico Bernardeschi,Markus Cimermancic,247610,Toronto FC
MLS,3333,Federico Bernardeschi,Jackson Gilman,224810,Toronto FC
MLS,3333,Federico Bernardeschi,Niklas Dorsch,9198,Toronto FC
MLS,3333,Federico Bernardeschi,Luka Gavran,229429,Toronto FC
MLS,3333,Federico Bernardeschi,Fletcher Bank,536934,Toronto FC
MLS,3333,Federico Bernardeschi,Matheus Pereira,126723,Toronto FC
MLS,3333,Federico Bernardeschi,Henry Wingo,16803,Toronto FC
MLS,3333,Federico Bernardeschi,Benjamín Kuscevic,35860,Toronto FC
MLS,3333,Federico Bernardeschi,Micah Chisholm,468347,Toronto FC
MLS,3333,Federico Bernardeschi,Malik Henry,468346,Toronto FC
MLS,3333,Federico Bernardeschi,Lazar Stefanović,247611,Toronto FC
MLS,3333,Federico Bernardeschi,Richard Chukwu,406428,Toronto FC
MLS,3333,Federico Bernardeschi,Antone Bossenberry,468349,Toronto FC
MLS,3333,Federico Bernardeschi,Josh Sargent,22168,Toronto FC
MLS,3778,Gastón Brugman Duarte,Charles-Emile Brunet,537345,Nashville
MLS,3778,Gastón Brugman Duarte,Brian Schwake,44633,Nashville
MLS,3778,Gastón Brugman Duarte,Matthew Corcoran,223734,Nashville
MLS,3778,Gastón Brugman Duarte,Bryan Acosta,23856,Nashville
MLS,3778,Gastón Brugman Duarte,Shak Mohammed,386316,Nashville
MLS,3778,Gastón Brugman Duarte,Elias Saad,390512,Nashville
MLS,3778,Gastón Brugman Duarte,Jordan Knight,225214,Nashville
MLS,3778,Gastón Brugman Duarte,Woobens Pacius,133088,Nashville
MLS,3778,Gastón Brugman Duarte,Maxwell Woledzi,41347,Nashville
MLS,3778,Gastón Brugman Duarte,Warren Madrigal,154895,Nashville
MLS,6286,Lorenzo Insigne,Jules-Anthony Vilsaint,382388,Toronto FC
MLS,6286,Lorenzo Insigne,Emilio Aristizábal,415612,Toronto FC
MLS,6286,Lorenzo Insigne,Markus Cimermancic,247610,Toronto FC
MLS,6286,Lorenzo Insigne,Jackson Gilman,224810,Toronto FC
MLS,6286,Lorenzo Insigne,Niklas Dorsch,9198,Toronto FC
MLS,6286,Lorenzo Insigne,Luka Gavran,229429,Toronto FC
MLS,6286,Lorenzo Insigne,Fletcher Bank,536934,Toronto FC
MLS,6286,Lorenzo Insigne,Matheus Pereira,126723,Toronto FC
MLS,6286,Lorenzo Insigne,Henry Wingo,16803,Toronto FC
MLS,6286,Lorenzo Insigne,Benjamín Kuscevic,35860,Toronto FC
MLS,6286,Lorenzo Insigne,Micah Chisholm,468347,Toronto FC
MLS,6286,Lorenzo Insigne,Malik Henry,468346,Toronto FC
MLS,6286,Lorenzo Insigne,Lazar Stefanović,247611,Toronto FC
MLS,6286,Lorenzo Insigne,Richard Chukwu,406428,Toronto FC
MLS,6286,Lorenzo Insigne,Antone Bossenberry,468349,Toronto FC
MLS,6286,Lorenzo Insigne,Josh Sargent,22168,Toronto FC
MLS,6439,Luis Fernando Muriel Fruto,Iago Teodoro,423306,Orlando City
MLS,6439,Luis Fernando Muriel Fruto,Tiago,423067,Orlando City
MLS,6439,Luis Fernando Muriel Fruto,Ignacio Gómez,468064,Orlando City
MLS,6439,Luis Fernando Muriel Fruto,Justin Ellis,428636,Orlando City
MLS,6439,Luis Fernando Muriel Fruto,Wilder Cartagena,6313,Orlando City
MLS,6439,Luis Fernando Muriel Fruto,Luis Otávio,438499,Orlando City
MLS,6439,Luis Fernando Muriel Fruto,Yutaro Tsukada,428633,Orlando City
MLS,6439,Luis Fernando Muriel Fruto,Daryl Dike,42374,Orlando City
MLS,6439,Luis Fernando Muriel Fruto,Bernardo Rhein,433947,Orlando City
MLS,6439,Luis Fernando Muriel Fruto,Colin Guske,428632,Orlando City
MLS,6439,Luis Fernando Muriel Fruto,Pedro Leão,422765,Orlando City
MLS,6439,Luis Fernando Muriel Fruto,Nolan Miller,225198,Orlando City
MLS,6439,Luis Fernando Muriel Fruto,Javier Otero,224415,Orlando City
MLS,6439,Luis Fernando Muriel Fruto,Zakaria Taifi,304025,Orlando City
MLS,6439,Luis Fernando Muriel Fruto,Harvey Sarajian,538214,Orlando City
MLS,6439,Luis Fernando Muriel Fruto,Antoine Griezmann,5487,Orlando City
MLS,6439,Luis Fernando Muriel Fruto,Adrián Marín,6935,Orlando City
MLS,6439,Luis Fernando Muriel Fruto,Maxime Crépeau,23758,Orlando City
MLS,6439,Luis Fernando Muriel Fruto,Tahir Reid-Brown,279300,Orlando City
MLS,7128,Mateusz Klich,Júnior Alonso,3014,Atlanta United FC
MLS,7128,Mateusz Klich,Cayman Togashi,94004,Atlanta United FC
MLS,7128,Mateusz Klich,Lucas Hoyos,28668,Atlanta United FC
MLS,7128,Mateusz Klich,A.Kovac,467766,Atlanta United FC
MLS,7128,Mateusz Klich,Matías Galarza,126681,Atlanta United FC
MLS,7128,Mateusz Klich,Adrian Gill,498331,Atlanta United FC
MLS,7128,Mateusz Klich,Elías Báez,401204,Atlanta United FC
MLS,7128,Mateusz Klich,Cooper Sanchez,393315,Atlanta United FC
MLS,7128,Mateusz Klich,Paulo Díaz,31012,Atlanta United FC
MLS,7128,Mateusz Klich,Ignacio Suarez-Couri,478653,Atlanta United FC
MLS,7128,Mateusz Klich,Enzo Dovlo,538909,Atlanta United FC
MLS,7128,Mateusz Klich,Tomás Jacob,147298,Atlanta United FC
MLS,7338,Maxime Dominguez,Jules-Anthony Vilsaint,382388,Toronto FC
MLS,7338,Maxime Dominguez,Emilio Aristizábal,415612,Toronto FC
MLS,7338,Maxime Dominguez,Markus Cimermancic,247610,Toronto FC
MLS,7338,Maxime Dominguez,Jackson Gilman,224810,Toronto FC
MLS,7338,Maxime Dominguez,Niklas Dorsch,9198,Toronto FC
MLS,7338,Maxime Dominguez,Luka Gavran,229429,Toronto FC
MLS,7338,Maxime Dominguez,Fletcher Bank,536934,Toronto FC
MLS,7338,Maxime Dominguez,Matheus Pereira,126723,Toronto FC
MLS,7338,Maxime Dominguez,Henry Wingo,16803,Toronto FC
MLS,7338,Maxime Dominguez,Benjamín Kuscevic,35860,Toronto FC
MLS,7338,Maxime Dominguez,Micah Chisholm,468347,Toronto FC
MLS,7338,Maxime Dominguez,Malik Henry,468346,Toronto FC
MLS,7338,Maxime Dominguez,Lazar Stefanović,247611,Toronto FC
MLS,7338,Maxime Dominguez,Richard Chukwu,406428,Toronto FC
MLS,7338,Maxime Dominguez,Antone Bossenberry,468349,Toronto FC
MLS,7338,Maxime Dominguez,Josh Sargent,22168,Toronto FC
MLS,7913,Nemanja Radoja,Emir Karic,8606,Sporting Kansas City
MLS,7913,Nemanja Radoja,Justin Reynolds,224419,Sporting Kansas City
MLS,7913,Nemanja Radoja,Lasse Johnsen,33364,Sporting Kansas City
MLS,7913,Nemanja Radoja,Cielo Tschantret,393143,Sporting Kansas City
MLS,7913,Nemanja Radoja,Capita,48746,Sporting Kansas City
MLS,7913,Nemanja Radoja,Moisés Mosquera,48870,Sporting Kansas City
MLS,7913,Nemanja Radoja,Diego Borges,423848,Sporting Kansas City
MLS,7913,Nemanja Radoja,Stephen Afrifa,395078,Sporting Kansas City
MLS,7913,Nemanja Radoja,Kwaku Agyabeng,537098,Sporting Kansas City
MLS,7913,Nemanja Radoja,Shane Donovan,436792,Sporting Kansas City
MLS,7913,Nemanja Radoja,Or Blorian,38908,Sporting Kansas City
MLS,7913,Nemanja Radoja,André Luiz,145175,Sporting Kansas City
MLS,7913,Nemanja Radoja,Taylor Calheira,426234,Sporting Kansas City
MLS,7913,Nemanja Radoja,John Pulskamp,34329,Sporting Kansas City
MLS,7913,Nemanja Radoja,Stefan Cleveland,12722,Sporting Kansas City
MLS,7913,Nemanja Radoja,Wyatt Meyer,463888,Sporting Kansas City
MLS,8206,Olivier Giroud,Cabral Carter,224204,Los Angeles FC
MLS,8206,Olivier Giroud,Thomas Hasal,42697,Los Angeles FC
MLS,8206,Olivier Giroud,Tommy Mihalić,469520,Los Angeles FC
MLS,8206,Olivier Giroud,Ryan Raposo,36814,Los Angeles FC
MLS,8206,Olivier Giroud,Stephen Eustáquio,11187,Los Angeles FC
MLS,8206,Olivier Giroud,Hugo Lloris,3099,Los Angeles FC
MLS,8206,Olivier Giroud,Tyler Boyd,10335,Los Angeles FC
MLS,8206,Olivier Giroud,Matt Evans,395431,Los Angeles FC
MLS,8206,Olivier Giroud,Kenny Nielsen,436704,Los Angeles FC
MLS,8206,Olivier Giroud,Jude Terry,428781,Los Angeles FC
MLS,8206,Olivier Giroud,Amin Boudri,425997,Los Angeles FC
MLS,8417,Paddy McNair,Anisse Saidi,429255,San Diego FC
MLS,8417,Paddy McNair,Marcus Ingvartsen,16543,San Diego FC
MLS,8417,Paddy McNair,Osvald Søe,404066,San Diego FC
MLS,8417,Paddy McNair,Wilson Eisner,437344,San Diego FC
MLS,8417,Paddy McNair,Pedro Soma,408714,San Diego FC
MLS,8417,Paddy McNair,Dag­ur Dan Þór­halls­son,33600,San Diego FC
MLS,8417,Paddy McNair,Lewis Morgan,16931,San Diego FC
MLS,8417,Paddy McNair,Kieran Sargeant,426064,San Diego FC
MLS,8417,Paddy McNair,Elias Achouri,132461,San Diego FC
MLS,8417,Paddy McNair,Bryan Zamblé,546005,San Diego FC
MLS,8417,Paddy McNair,David Vazquez,277967,San Diego FC
MLS,8417,Paddy McNair,Duran Ferree,247159,San Diego FC
MLS,8417,Paddy McNair,CJ dos Santos,132979,San Diego FC
MLS,8417,Paddy McNair,Pablo Sisniega,26579,San Diego FC
MLS,11223,Marlon Santos da Silva Barbosa,Cabral Carter,224204,Los Angeles FC
MLS,11223,Marlon Santos da Silva Barbosa,Thomas Hasal,42697,Los Angeles FC
MLS,11223,Marlon Santos da Silva Barbosa,Tommy Mihalić,469520,Los Angeles FC
MLS,11223,Marlon Santos da Silva Barbosa,Ryan Raposo,36814,Los Angeles FC
MLS,11223,Marlon Santos da Silva Barbosa,Stephen Eustáquio,11187,Los Angeles FC
MLS,11223,Marlon Santos da Silva Barbosa,Hugo Lloris,3099,Los Angeles FC
MLS,11223,Marlon Santos da Silva Barbosa,Tyler Boyd,10335,Los Angeles FC
MLS,11223,Marlon Santos da Silva Barbosa,Matt Evans,395431,Los Angeles FC
MLS,11223,Marlon Santos da Silva Barbosa,Kenny Nielsen,436704,Los Angeles FC
MLS,11223,Marlon Santos da Silva Barbosa,Jude Terry,428781,Los Angeles FC
MLS,11223,Marlon Santos da Silva Barbosa,Amin Boudri,425997,Los Angeles FC
MLS,11422,Ryan Kent,Edson Carli,430110,Seattle Sounders
MLS,11422,Ryan Kent,Gallatin Sandnes,399474,Seattle Sounders
MLS,11422,Ryan Kent,Osaze De Rosario,150462,Seattle Sounders
MLS,11422,Ryan Kent,Hassani Dotson,23757,Seattle Sounders
MLS,11422,Ryan Kent,Nikola Petković,122998,Seattle Sounders
MLS,11422,Ryan Kent,Stuart Hawkins,252742,Seattle Sounders
MLS,11422,Ryan Kent,Cody Baker,118525,Seattle Sounders
MLS,11422,Ryan Kent,Sebastian Gomez,389767,Seattle Sounders
MLS,11422,Ryan Kent,Antino Lopez,428501,Seattle Sounders
MLS,11422,Ryan Kent,Paul Arriola,13372,Seattle Sounders
MLS,11422,Ryan Kent,Peter Kingston,34016,Seattle Sounders
MLS,11422,Ryan Kent,Ryan Sailor,243182,Seattle Sounders
MLS,11422,Ryan Kent,Charlie Gaffney,467820,Seattle Sounders
MLS,11422,Ryan Kent,Rafael Jauregui,42974,Seattle Sounders
MLS,11422,Ryan Kent,Snyder Brunell,224340,Seattle Sounders
MLS,11422,Ryan Kent,Andrew Thomas,128666,Seattle Sounders
MLS,11532,Diogo António Cupido Gonçalves,Colin Guske,428632,Real Salt Lake
MLS,11532,Diogo António Cupido Gonçalves,Juan Jose Arias,206943,Real Salt Lake
MLS,11532,Diogo António Cupido Gonçalves,Aiden Hezarkhani,428055,Real Salt Lake
MLS,11532,Diogo António Cupido Gonçalves,Zach Booth,201763,Real Salt Lake
MLS,11532,Diogo António Cupido Gonçalves,Rafael Cabral,22601,Real Salt Lake
MLS,11532,Diogo António Cupido Gonçalves,Lineker Santos,521736,Real Salt Lake
MLS,11532,Diogo António Cupido Gonçalves,Griffin Dillon,117076,Real Salt Lake
MLS,11532,Diogo António Cupido Gonçalves,Mason Stajduhar,33787,Real Salt Lake
MLS,11532,Diogo António Cupido Gonçalves,Juan Manuel Sanabria,50461,Real Salt Lake
MLS,11532,Diogo António Cupido Gonçalves,Morgan Guilavogui,47351,Real Salt Lake
MLS,11532,Diogo António Cupido Gonçalves,Stijn Spierings,8343,Real Salt Lake
MLS,11532,Diogo António Cupido Gonçalves,Sergi Solans,537713,Real Salt Lake
MLS,11532,Diogo António Cupido Gonçalves,Jesús Barea,471192,Real Salt Lake
MLS,11532,Diogo António Cupido Gonçalves,Luca Moisa,136541,Real Salt Lake
MLS,11532,Diogo António Cupido Gonçalves,Kobi Henry,44516,Real Salt Lake
MLS,11601,Kevin Long,Jules-Anthony Vilsaint,382388,Toronto FC
MLS,11601,Kevin Long,Emilio Aristizábal,415612,Toronto FC
MLS,11601,Kevin Long,Markus Cimermancic,247610,Toronto FC
MLS,11601,Kevin Long,Jackson Gilman,224810,Toronto FC
MLS,11601,Kevin Long,Niklas Dorsch,9198,Toronto FC
MLS,11601,Kevin Long,Luka Gavran,229429,Toronto FC
MLS,11601,Kevin Long,Fletcher Bank,536934,Toronto FC
MLS,11601,Kevin Long,Matheus Pereira,126723,Toronto FC
MLS,11601,Kevin Long,Henry Wingo,16803,Toronto FC
MLS,11601,Kevin Long,Benjamín Kuscevic,35860,Toronto FC
MLS,11601,Kevin Long,Micah Chisholm,468347,Toronto FC
MLS,11601,Kevin Long,Malik Henry,468346,Toronto FC
MLS,11601,Kevin Long,Lazar Stefanović,247611,Toronto FC
MLS,11601,Kevin Long,Richard Chukwu,406428,Toronto FC
MLS,11601,Kevin Long,Antone Bossenberry,468349,Toronto FC
MLS,11601,Kevin Long,Josh Sargent,22168,Toronto FC
MLS,12028,Sigurd Rosted,Jules-Anthony Vilsaint,382388,Toronto FC
MLS,12028,Sigurd Rosted,Emilio Aristizábal,415612,Toronto FC
MLS,12028,Sigurd Rosted,Markus Cimermancic,247610,Toronto FC
MLS,12028,Sigurd Rosted,Jackson Gilman,224810,Toronto FC
MLS,12028,Sigurd Rosted,Niklas Dorsch,9198,Toronto FC
MLS,12028,Sigurd Rosted,Luka Gavran,229429,Toronto FC
MLS,12028,Sigurd Rosted,Fletcher Bank,536934,Toronto FC
MLS,12028,Sigurd Rosted,Matheus Pereira,126723,Toronto FC
MLS,12028,Sigurd Rosted,Henry Wingo,16803,Toronto FC
MLS,12028,Sigurd Rosted,Benjamín Kuscevic,35860,Toronto FC
MLS,12028,Sigurd Rosted,Micah Chisholm,468347,Toronto FC
MLS,12028,Sigurd Rosted,Malik Henry,468346,Toronto FC
MLS,12028,Sigurd Rosted,Lazar Stefanović,247611,Toronto FC
MLS,12028,Sigurd Rosted,Richard Chukwu,406428,Toronto FC
MLS,12028,Sigurd Rosted,Antone Bossenberry,468349,Toronto FC
MLS,12028,Sigurd Rosted,Josh Sargent,22168,Toronto FC
MLS,12981,Ignatius Kpene Ganago,Keegan Hughes,386776,New England Revolution
MLS,12981,Ignatius Kpene Ganago,Malcolm Fry,226361,New England Revolution
MLS,12981,Ignatius Kpene Ganago,Andrew Farrell,12355,New England Revolution
MLS,12981,Ignatius Kpene Ganago,Judah Siqueira,433463,New England Revolution
MLS,12981,Ignatius Kpene Ganago,Dor Turgeman,268819,New England Revolution
MLS,12981,Ignatius Kpene Ganago,Ethan Kohler,225913,New England Revolution
MLS,12981,Ignatius Kpene Ganago,Cody Baker,118525,New England Revolution
MLS,12981,Ignatius Kpene Ganago,Griffin Yow,24880,New England Revolution
MLS,12981,Ignatius Kpene Ganago,Wilson Harris,33816,New England Revolution
MLS,12981,Ignatius Kpene Ganago,Jack Harrison,9616,New England Revolution
MLS,12981,Ignatius Kpene Ganago,Matt Turner,12352,New England Revolution
MLS,12981,Ignatius Kpene Ganago,Eric Klein,399971,New England Revolution
MLS,12981,Ignatius Kpene Ganago,Jayden Da,428666,New England Revolution
MLS,12981,Ignatius Kpene Ganago,Cristiano Oliveira,399970,New England Revolution
MLS,12981,Ignatius Kpene Ganago,Marcos Zambrano,308569,New England Revolution
MLS,13097,Amine Bassi,Lucas Halter,25158,Houston Dynamo
MLS,13097,Amine Bassi,Agustin Resch,537690,Houston Dynamo
MLS,13097,Amine Bassi,Diadié Samassékou,8759,Houston Dynamo
MLS,13097,Amine Bassi,Guilherme,52165,Houston Dynamo
MLS,13097,Amine Bassi,Héctor Herrera,5575,Houston Dynamo
MLS,13097,Amine Bassi,Agustín Bouzat,28671,Houston Dynamo
MLS,13097,Amine Bassi,Nick Markanich,205823,Houston Dynamo
MLS,13097,Amine Bassi,Marcelo Saracchi,12426,Houston Dynamo
MLS,13097,Amine Bassi,Mateusz Bogusz,42545,Houston Dynamo
MLS,13097,Amine Bassi,Matthew Arana,482491,Houston Dynamo
MLS,13097,Amine Bassi,Jonathan Bond,3706,Houston Dynamo
MLS,13097,Amine Bassi,Jimmy Maurer,12565,Houston Dynamo
MLS,13358,Rominigue Kouamé N''Guessan,Mbekezeli Mbokazi,463765,Chicago Fire
MLS,13358,Rominigue Kouamé N''Guessan,Robert Lewandowski,5668,Chicago Fire
MLS,13358,Rominigue Kouamé N''Guessan,Anton Salétros,26819,Chicago Fire
MLS,13358,Rominigue Kouamé N''Guessan,Viktor Radojević,144225,Chicago Fire
MLS,13358,Rominigue Kouamé N''Guessan,Christopher Brady,114239,Chicago Fire
MLS,13358,Rominigue Kouamé N''Guessan,Dylan Borso,404021,Chicago Fire
MLS,13358,Rominigue Kouamé N''Guessan,Christopher Cupps,429574,Chicago Fire
MLS,13358,Rominigue Kouamé N''Guessan,Puso Dithejane,426208,Chicago Fire
MLS,13358,Rominigue Kouamé N''Guessan,Christopher Mueller,12600,Chicago Fire
MLS,13358,Rominigue Kouamé N''Guessan,David Poreba,201629,Chicago Fire
MLS,13358,Rominigue Kouamé N''Guessan,Samuel Williams,129319,Chicago Fire
MLS,13358,Rominigue Kouamé N''Guessan,Jason Shokalook,428701,Chicago Fire
MLS,13405,Kévin Cabral,Youssef Maziz,29337,Colorado Rapids
MLS,13405,Kévin Cabral,Nicolas Hansen,48740,Colorado Rapids
MLS,13405,Kévin Cabral,Wayne Frederick,428573,Colorado Rapids
MLS,13405,Kévin Cabral,Donavan Phillip,536953,Colorado Rapids
MLS,13405,Kévin Cabral,Mamadou Diop,471191,Colorado Rapids
MLS,13405,Kévin Cabral,Hamzat Ojediran,404335,Colorado Rapids
MLS,13405,Kévin Cabral,Lucas Herrington,448166,Colorado Rapids
MLS,13405,Kévin Cabral,Alexis Manyoma,186930,Colorado Rapids
MLS,13405,Kévin Cabral,Alex Harris,463159,Colorado Rapids
MLS,13405,Kévin Cabral,Kimani Stewart-Baynes,428820,Colorado Rapids
MLS,13405,Kévin Cabral,Miguel Navarro,36520,Colorado Rapids
MLS,13405,Kévin Cabral,Adam Beaudry,247536,Colorado Rapids
MLS,13405,Kévin Cabral,Loic Williams,133638,Colorado Rapids
MLS,13405,Kévin Cabral,Zack Steffen,12708,Colorado Rapids
MLS,13742,Raoul Petretta,Jules-Anthony Vilsaint,382388,Toronto FC
MLS,13742,Raoul Petretta,Emilio Aristizábal,415612,Toronto FC
MLS,13742,Raoul Petretta,Markus Cimermancic,247610,Toronto FC
MLS,13742,Raoul Petretta,Jackson Gilman,224810,Toronto FC
MLS,13742,Raoul Petretta,Niklas Dorsch,9198,Toronto FC
MLS,13742,Raoul Petretta,Luka Gavran,229429,Toronto FC
MLS,13742,Raoul Petretta,Fletcher Bank,536934,Toronto FC
MLS,13742,Raoul Petretta,Matheus Pereira,126723,Toronto FC
MLS,13742,Raoul Petretta,Henry Wingo,16803,Toronto FC
MLS,13742,Raoul Petretta,Benjamín Kuscevic,35860,Toronto FC
MLS,13742,Raoul Petretta,Micah Chisholm,468347,Toronto FC
MLS,13742,Raoul Petretta,Malik Henry,468346,Toronto FC
MLS,13742,Raoul Petretta,Lazar Stefanović,247611,Toronto FC
MLS,13742,Raoul Petretta,Richard Chukwu,406428,Toronto FC
MLS,13742,Raoul Petretta,Antone Bossenberry,468349,Toronto FC
MLS,13742,Raoul Petretta,Josh Sargent,22168,Toronto FC
MLS,13936,Joaquín Fernández Moreno,Emir Karic,8606,Sporting Kansas City
MLS,13936,Joaquín Fernández Moreno,Justin Reynolds,224419,Sporting Kansas City
MLS,13936,Joaquín Fernández Moreno,Lasse Johnsen,33364,Sporting Kansas City
MLS,13936,Joaquín Fernández Moreno,Cielo Tschantret,393143,Sporting Kansas City
MLS,13936,Joaquín Fernández Moreno,Capita,48746,Sporting Kansas City
MLS,13936,Joaquín Fernández Moreno,Moisés Mosquera,48870,Sporting Kansas City
MLS,13936,Joaquín Fernández Moreno,Diego Borges,423848,Sporting Kansas City
MLS,13936,Joaquín Fernández Moreno,Stephen Afrifa,395078,Sporting Kansas City
MLS,13936,Joaquín Fernández Moreno,Kwaku Agyabeng,537098,Sporting Kansas City
MLS,13936,Joaquín Fernández Moreno,Shane Donovan,436792,Sporting Kansas City
MLS,13936,Joaquín Fernández Moreno,Or Blorian,38908,Sporting Kansas City
MLS,13936,Joaquín Fernández Moreno,André Luiz,145175,Sporting Kansas City
MLS,13936,Joaquín Fernández Moreno,Taylor Calheira,426234,Sporting Kansas City
MLS,13936,Joaquín Fernández Moreno,John Pulskamp,34329,Sporting Kansas City
MLS,13936,Joaquín Fernández Moreno,Stefan Cleveland,12722,Sporting Kansas City
MLS,13936,Joaquín Fernández Moreno,Wyatt Meyer,463888,Sporting Kansas City
MLS,14664,Logan Ndenbe,Emir Karic,8606,Sporting Kansas City
MLS,14664,Logan Ndenbe,Justin Reynolds,224419,Sporting Kansas City
MLS,14664,Logan Ndenbe,Lasse Johnsen,33364,Sporting Kansas City
MLS,14664,Logan Ndenbe,Cielo Tschantret,393143,Sporting Kansas City
MLS,14664,Logan Ndenbe,Capita,48746,Sporting Kansas City
MLS,14664,Logan Ndenbe,Moisés Mosquera,48870,Sporting Kansas City
MLS,14664,Logan Ndenbe,Diego Borges,423848,Sporting Kansas City
MLS,14664,Logan Ndenbe,Stephen Afrifa,395078,Sporting Kansas City
MLS,14664,Logan Ndenbe,Kwaku Agyabeng,537098,Sporting Kansas City
MLS,14664,Logan Ndenbe,Shane Donovan,436792,Sporting Kansas City
MLS,14664,Logan Ndenbe,Or Blorian,38908,Sporting Kansas City
MLS,14664,Logan Ndenbe,André Luiz,145175,Sporting Kansas City
MLS,14664,Logan Ndenbe,Taylor Calheira,426234,Sporting Kansas City
MLS,14664,Logan Ndenbe,John Pulskamp,34329,Sporting Kansas City
MLS,14664,Logan Ndenbe,Stefan Cleveland,12722,Sporting Kansas City
MLS,14664,Logan Ndenbe,Wyatt Meyer,463888,Sporting Kansas City
MLS,16268,Andreas Maxsø,Youssef Maziz,29337,Colorado Rapids
MLS,16268,Andreas Maxsø,Nicolas Hansen,48740,Colorado Rapids
MLS,16268,Andreas Maxsø,Wayne Frederick,428573,Colorado Rapids
MLS,16268,Andreas Maxsø,Donavan Phillip,536953,Colorado Rapids
MLS,16268,Andreas Maxsø,Mamadou Diop,471191,Colorado Rapids
MLS,16268,Andreas Maxsø,Hamzat Ojediran,404335,Colorado Rapids
MLS,16268,Andreas Maxsø,Lucas Herrington,448166,Colorado Rapids
MLS,16268,Andreas Maxsø,Alexis Manyoma,186930,Colorado Rapids
MLS,16268,Andreas Maxsø,Alex Harris,463159,Colorado Rapids
MLS,16268,Andreas Maxsø,Kimani Stewart-Baynes,428820,Colorado Rapids
MLS,16268,Andreas Maxsø,Miguel Navarro,36520,Colorado Rapids
MLS,16268,Andreas Maxsø,Adam Beaudry,247536,Colorado Rapids
MLS,16268,Andreas Maxsø,Loic Williams,133638,Colorado Rapids
MLS,16268,Andreas Maxsø,Zack Steffen,12708,Colorado Rapids
MLS,16365,Bjørn Inge Utvik,Cheikh Sabaly,34884,Vancouver Whitecaps FC
MLS,16365,Bjørn Inge Utvik,Yohei Takaoka,37196,Vancouver Whitecaps FC
MLS,16365,Bjørn Inge Utvik,Mihail Gherasimencov,282655,Vancouver Whitecaps FC
MLS,16365,Bjørn Inge Utvik,Nikola Djordjevic,472277,Vancouver Whitecaps FC
MLS,16365,Bjørn Inge Utvik,Rayan Elloumi,434483,Vancouver Whitecaps FC
MLS,16365,Bjørn Inge Utvik,Sam Adekugbe,29758,Vancouver Whitecaps FC
MLS,16365,Bjørn Inge Utvik,Bruno Caicedo,429829,Vancouver Whitecaps FC
MLS,16365,Bjørn Inge Utvik,Sebastian Schonlau,9213,Vancouver Whitecaps FC
MLS,16365,Bjørn Inge Utvik,Isaac Boehmer,46476,Vancouver Whitecaps FC
MLS,16365,Bjørn Inge Utvik,Kenji Cabrera,120091,Vancouver Whitecaps FC
MLS,16365,Bjørn Inge Utvik,Ryan Gauld,23288,Vancouver Whitecaps FC
MLS,16441,Mikael Uhre,Neil Pierre,403391,Philadelphia Union
MLS,16441,Mikael Uhre,Ben Bender,205751,Philadelphia Union
MLS,16441,Mikael Uhre,Philippe Ndinga,386945,Philadelphia Union
MLS,16441,Mikael Uhre,Malik Jakupovic,473064,Philadelphia Union
MLS,16441,Mikael Uhre,Japhet Larsen,49558,Philadelphia Union
MLS,16441,Mikael Uhre,Stas Kornzeniowski,468885,Philadelphia Union
MLS,16441,Mikael Uhre,Jeremy Rafanello,43082,Philadelphia Union
MLS,16441,Mikael Uhre,Geiner Martínez,445297,Philadelphia Union
MLS,16441,Mikael Uhre,Cavan Sullivan,429256,Philadelphia Union
MLS,16441,Mikael Uhre,Giovanny Sequera,396721,Philadelphia Union
MLS,16441,Mikael Uhre,Finn Sundstrom,436707,Philadelphia Union
MLS,16441,Mikael Uhre,Ezekiel Alladoh,467799,Philadelphia Union
MLS,16441,Mikael Uhre,Andre Blake,12346,Philadelphia Union
MLS,16441,Mikael Uhre,Sal Olivas,405989,Philadelphia Union
MLS,16441,Mikael Uhre,Augustin Anello,133427,Philadelphia Union
MLS,16441,Mikael Uhre,Andrew Rick,243586,Philadelphia Union
MLS,16583,Dario Župarić,Omir Guadalupe Fernandez Mosso,23859,Portland Timbers
MLS,16583,Dario Župarić,Ariel Lassiter,19101,Portland Timbers
MLS,16583,Dario Župarić,José Caicedo,29078,Portland Timbers
MLS,16583,Dario Župarić,Alex Bonetig,248820,Portland Timbers
MLS,16583,Dario Župarić,Gage Guerra,462223,Portland Timbers
MLS,16583,Dario Župarić,Eric Izoita,436713,Portland Timbers
MLS,16583,Dario Župarić,Vincent Janssen,3264,Portland Timbers
MLS,16583,Dario Župarić,Alexander Aravena,49632,Portland Timbers
MLS,16583,Dario Župarić,James Pantemis,49259,Portland Timbers
MLS,16834,Osman Bukari,Jorge Alastuey,140587,Austin
MLS,16834,Osman Bukari,Mateja Djordjević,131702,Austin
MLS,16834,Osman Bukari,Brad Stuver,17053,Austin
MLS,16834,Osman Bukari,Jon Bell,110050,Austin
MLS,16834,Osman Bukari,Ervin Torres,400468,Austin
MLS,16834,Osman Bukari,CJ Fodrey,117066,Austin
MLS,16834,Osman Bukari,Robert Taylor,29946,Austin
MLS,16834,Osman Bukari,Damian Las,160236,Austin
MLS,16834,Osman Bukari,Facundo Torres,44649,Austin
MLS,16834,Osman Bukari,Przemyslaw Placheta,27691,Austin
MLS,16834,Osman Bukari,Micah Burton,390908,Austin
MLS,17452,Derrick  Williams,Júnior Alonso,3014,Atlanta United FC
MLS,17452,Derrick  Williams,Cayman Togashi,94004,Atlanta United FC
MLS,17452,Derrick  Williams,Lucas Hoyos,28668,Atlanta United FC
MLS,17452,Derrick  Williams,A.Kovac,467766,Atlanta United FC
MLS,17452,Derrick  Williams,Matías Galarza,126681,Atlanta United FC
MLS,17452,Derrick  Williams,Adrian Gill,498331,Atlanta United FC
MLS,17452,Derrick  Williams,Elías Báez,401204,Atlanta United FC
MLS,17452,Derrick  Williams,Cooper Sanchez,393315,Atlanta United FC
MLS,17452,Derrick  Williams,Paulo Díaz,31012,Atlanta United FC
MLS,17452,Derrick  Williams,Ignacio Suarez-Couri,478653,Atlanta United FC
MLS,17452,Derrick  Williams,Enzo Dovlo,538909,Atlanta United FC
MLS,17452,Derrick  Williams,Tomás Jacob,147298,Atlanta United FC
MLS,17480,Giacomo Vrioni,Frankie Amaya,24727,Montréal
MLS,17480,Giacomo Vrioni,Noah Streit,396219,Montréal
MLS,17480,Giacomo Vrioni,Thomas Gillier,257050,Montréal
MLS,17480,Giacomo Vrioni,Alexis Sánchez,3385,Montréal
MLS,17480,Giacomo Vrioni,Iván Jaime,37028,Montréal
MLS,17480,Giacomo Vrioni,Kwadwo Opoku,50217,Montréal
MLS,17480,Giacomo Vrioni,Dag­ur Dan Þór­halls­son,33600,Montréal
MLS,17480,Giacomo Vrioni,Olger Escobar,392974,Montréal
MLS,17480,Giacomo Vrioni,Sébastian Breza,45510,Montréal
MLS,17480,Giacomo Vrioni,Owen Graham-Roache,399900,Montréal
MLS,17903,Mark-Anthony Kaye,Noel Buck,231018,San Jose Earthquakes
MLS,17903,Mark-Anthony Kaye,Jack Jasinski,42985,San Jose Earthquakes
MLS,17903,Mark-Anthony Kaye,Benji Kikanović,42975,San Jose Earthquakes
MLS,17903,Mark-Anthony Kaye,Jack Skahan,37953,San Jose Earthquakes
MLS,17903,Mark-Anthony Kaye,Timo Werner,5557,San Jose Earthquakes
MLS,17903,Mark-Anthony Kaye,Luka Jovanovic,340668,San Jose Earthquakes
MLS,17903,Mark-Anthony Kaye,Darius Johnson,31450,San Jose Earthquakes
MLS,17903,Mark-Anthony Kaye,Paul Marie,24877,San Jose Earthquakes
MLS,17903,Mark-Anthony Kaye,Jonathan González,28208,San Jose Earthquakes
MLS,17903,Mark-Anthony Kaye,Nick Fernandez,462222,San Jose Earthquakes
MLS,17903,Mark-Anthony Kaye,Angus Gunn,22379,San Jose Earthquakes
MLS,17903,Mark-Anthony Kaye,Nonso Adimabua,470004,San Jose Earthquakes
MLS,17903,Mark-Anthony Kaye,Earl William Edwards Jr.,22428,San Jose Earthquakes
MLS,17903,Mark-Anthony Kaye,Niko Tsakiris,210417,San Jose Earthquakes
MLS,17914,Randall Enrique Leal Arley,Keisuke Kurokawa,43005,DC United
MLS,17914,Randall Enrique Leal Arley,Andre Dozzell,19022,DC United
MLS,17914,Randall Enrique Leal Arley,Gavin Turner,218711,DC United
MLS,17914,Randall Enrique Leal Arley,Kimito Nono,426611,DC United
MLS,17914,Randall Enrique Leal Arley,Nikola Markovic,536952,DC United
MLS,17914,Randall Enrique Leal Arley,Louis Munteanu,84682,DC United
MLS,17914,Randall Enrique Leal Arley,Silvan Hefti,29226,DC United
MLS,17914,Randall Enrique Leal Arley,Sean Johnson,12746,DC United
MLS,18845,Tom Pearce,Frankie Amaya,24727,Montréal
MLS,18845,Tom Pearce,Noah Streit,396219,Montréal
MLS,18845,Tom Pearce,Thomas Gillier,257050,Montréal
MLS,18845,Tom Pearce,Alexis Sánchez,3385,Montréal
MLS,18845,Tom Pearce,Iván Jaime,37028,Montréal
MLS,18845,Tom Pearce,Kwadwo Opoku,50217,Montréal
MLS,18845,Tom Pearce,Dag­ur Dan Þór­halls­son,33600,Montréal
MLS,18845,Tom Pearce,Olger Escobar,392974,Montréal
MLS,18845,Tom Pearce,Sébastian Breza,45510,Montréal
MLS,18845,Tom Pearce,Owen Graham-Roache,399900,Montréal
MLS,19084,Javairo Dilrosun,Cabral Carter,224204,Los Angeles FC
MLS,19084,Javairo Dilrosun,Thomas Hasal,42697,Los Angeles FC
MLS,19084,Javairo Dilrosun,Tommy Mihalić,469520,Los Angeles FC
MLS,19084,Javairo Dilrosun,Ryan Raposo,36814,Los Angeles FC
MLS,19084,Javairo Dilrosun,Stephen Eustáquio,11187,Los Angeles FC
MLS,19084,Javairo Dilrosun,Hugo Lloris,3099,Los Angeles FC
MLS,19084,Javairo Dilrosun,Tyler Boyd,10335,Los Angeles FC
MLS,19084,Javairo Dilrosun,Matt Evans,395431,Los Angeles FC
MLS,19084,Javairo Dilrosun,Kenny Nielsen,436704,Los Angeles FC
MLS,19084,Javairo Dilrosun,Jude Terry,428781,Los Angeles FC
MLS,19084,Javairo Dilrosun,Amin Boudri,425997,Los Angeles FC
MLS,19143,Tim Leibold,Emir Karic,8606,Sporting Kansas City
MLS,19143,Tim Leibold,Justin Reynolds,224419,Sporting Kansas City
MLS,19143,Tim Leibold,Lasse Johnsen,33364,Sporting Kansas City
MLS,19143,Tim Leibold,Cielo Tschantret,393143,Sporting Kansas City
MLS,19143,Tim Leibold,Capita,48746,Sporting Kansas City
MLS,19143,Tim Leibold,Moisés Mosquera,48870,Sporting Kansas City
MLS,19143,Tim Leibold,Diego Borges,423848,Sporting Kansas City
MLS,19143,Tim Leibold,Stephen Afrifa,395078,Sporting Kansas City
MLS,19143,Tim Leibold,Kwaku Agyabeng,537098,Sporting Kansas City
MLS,19143,Tim Leibold,Shane Donovan,436792,Sporting Kansas City
MLS,19143,Tim Leibold,Or Blorian,38908,Sporting Kansas City
MLS,19143,Tim Leibold,André Luiz,145175,Sporting Kansas City
MLS,19143,Tim Leibold,Taylor Calheira,426234,Sporting Kansas City
MLS,19143,Tim Leibold,John Pulskamp,34329,Sporting Kansas City
MLS,19143,Tim Leibold,Stefan Cleveland,12722,Sporting Kansas City
MLS,19143,Tim Leibold,Wyatt Meyer,463888,Sporting Kansas City
MLS,20016,Sebastian Kowalczyk,Lucas Halter,25158,Houston Dynamo
MLS,20016,Sebastian Kowalczyk,Agustin Resch,537690,Houston Dynamo
MLS,20016,Sebastian Kowalczyk,Diadié Samassékou,8759,Houston Dynamo
MLS,20016,Sebastian Kowalczyk,Guilherme,52165,Houston Dynamo
MLS,20016,Sebastian Kowalczyk,Héctor Herrera,5575,Houston Dynamo
MLS,20016,Sebastian Kowalczyk,Agustín Bouzat,28671,Houston Dynamo
MLS,20016,Sebastian Kowalczyk,Nick Markanich,205823,Houston Dynamo
MLS,20016,Sebastian Kowalczyk,Marcelo Saracchi,12426,Houston Dynamo
MLS,20016,Sebastian Kowalczyk,Mateusz Bogusz,42545,Houston Dynamo
MLS,20016,Sebastian Kowalczyk,Matthew Arana,482491,Houston Dynamo
MLS,20016,Sebastian Kowalczyk,Jonathan Bond,3706,Houston Dynamo
MLS,20016,Sebastian Kowalczyk,Jimmy Maurer,12565,Houston Dynamo
MLS,20040,Bartosz Slisz,Júnior Alonso,3014,Atlanta United FC
MLS,20040,Bartosz Slisz,Cayman Togashi,94004,Atlanta United FC
MLS,20040,Bartosz Slisz,Lucas Hoyos,28668,Atlanta United FC
MLS,20040,Bartosz Slisz,A.Kovac,467766,Atlanta United FC
MLS,20040,Bartosz Slisz,Matías Galarza,126681,Atlanta United FC
MLS,20040,Bartosz Slisz,Adrian Gill,498331,Atlanta United FC
MLS,20040,Bartosz Slisz,Elías Báez,401204,Atlanta United FC
MLS,20040,Bartosz Slisz,Cooper Sanchez,393315,Atlanta United FC
MLS,20040,Bartosz Slisz,Paulo Díaz,31012,Atlanta United FC
MLS,20040,Bartosz Slisz,Ignacio Suarez-Couri,478653,Atlanta United FC
MLS,20040,Bartosz Slisz,Enzo Dovlo,538909,Atlanta United FC
MLS,20040,Bartosz Slisz,Tomás Jacob,147298,Atlanta United FC
MLS,22102,Souleyman Keli Doumbia,Aron John,396076,Charlotte FC
MLS,22102,Souleyman Keli Doumbia,Archie Goodwin,98485,Charlotte FC
MLS,22102,Souleyman Keli Doumbia,Kristijan Kahlina,28397,Charlotte FC
MLS,22102,Souleyman Keli Doumbia,Allan Saint-Maximin,3016,Charlotte FC
MLS,22102,Souleyman Keli Doumbia,Morrison Agyemang,439344,Charlotte FC
MLS,22102,Souleyman Keli Doumbia,Tyger Smalls,430622,Charlotte FC
MLS,22102,Souleyman Keli Doumbia,Rodolfo Aloko,522725,Charlotte FC
MLS,22102,Souleyman Keli Doumbia,Will Cleary,536938,Charlotte FC
MLS,22956,Luis Alfonso Abram Ugarelli,Júnior Alonso,3014,Atlanta United FC
MLS,22956,Luis Alfonso Abram Ugarelli,Cayman Togashi,94004,Atlanta United FC
MLS,22956,Luis Alfonso Abram Ugarelli,Lucas Hoyos,28668,Atlanta United FC
MLS,22956,Luis Alfonso Abram Ugarelli,A.Kovac,467766,Atlanta United FC
MLS,22956,Luis Alfonso Abram Ugarelli,Matías Galarza,126681,Atlanta United FC
MLS,22956,Luis Alfonso Abram Ugarelli,Adrian Gill,498331,Atlanta United FC
MLS,22956,Luis Alfonso Abram Ugarelli,Elías Báez,401204,Atlanta United FC
MLS,22956,Luis Alfonso Abram Ugarelli,Cooper Sanchez,393315,Atlanta United FC
MLS,22956,Luis Alfonso Abram Ugarelli,Paulo Díaz,31012,Atlanta United FC
MLS,22956,Luis Alfonso Abram Ugarelli,Ignacio Suarez-Couri,478653,Atlanta United FC
MLS,22956,Luis Alfonso Abram Ugarelli,Enzo Dovlo,538909,Atlanta United FC
MLS,22956,Luis Alfonso Abram Ugarelli,Tomás Jacob,147298,Atlanta United FC
MLS,23299,Omar Alejandro González,Mbekezeli Mbokazi,463765,Chicago Fire
MLS,23299,Omar Alejandro González,Robert Lewandowski,5668,Chicago Fire
MLS,23299,Omar Alejandro González,Anton Salétros,26819,Chicago Fire
MLS,23299,Omar Alejandro González,Viktor Radojević,144225,Chicago Fire
MLS,23299,Omar Alejandro González,Christopher Brady,114239,Chicago Fire
MLS,23299,Omar Alejandro González,Dylan Borso,404021,Chicago Fire
MLS,23299,Omar Alejandro González,Christopher Cupps,429574,Chicago Fire
MLS,23299,Omar Alejandro González,Puso Dithejane,426208,Chicago Fire
MLS,23299,Omar Alejandro González,Christopher Mueller,12600,Chicago Fire
MLS,23299,Omar Alejandro González,David Poreba,201629,Chicago Fire
MLS,23299,Omar Alejandro González,Samuel Williams,129319,Chicago Fire
MLS,23299,Omar Alejandro González,Jason Shokalook,428701,Chicago Fire
MLS,24113,Khiry Shelton,Emir Karic,8606,Sporting Kansas City
MLS,24113,Khiry Shelton,Justin Reynolds,224419,Sporting Kansas City
MLS,24113,Khiry Shelton,Lasse Johnsen,33364,Sporting Kansas City
MLS,24113,Khiry Shelton,Cielo Tschantret,393143,Sporting Kansas City
MLS,24113,Khiry Shelton,Capita,48746,Sporting Kansas City
MLS,24113,Khiry Shelton,Moisés Mosquera,48870,Sporting Kansas City
MLS,24113,Khiry Shelton,Diego Borges,423848,Sporting Kansas City
MLS,24113,Khiry Shelton,Stephen Afrifa,395078,Sporting Kansas City
MLS,24113,Khiry Shelton,Kwaku Agyabeng,537098,Sporting Kansas City
MLS,24113,Khiry Shelton,Shane Donovan,436792,Sporting Kansas City
MLS,24113,Khiry Shelton,Or Blorian,38908,Sporting Kansas City
MLS,24113,Khiry Shelton,André Luiz,145175,Sporting Kansas City
MLS,24113,Khiry Shelton,Taylor Calheira,426234,Sporting Kansas City
MLS,24113,Khiry Shelton,John Pulskamp,34329,Sporting Kansas City
MLS,24113,Khiry Shelton,Stefan Cleveland,12722,Sporting Kansas City
MLS,24113,Khiry Shelton,Wyatt Meyer,463888,Sporting Kansas City
MLS,24263,Nick Lima,Noel Buck,231018,San Jose Earthquakes
MLS,24263,Nick Lima,Jack Jasinski,42985,San Jose Earthquakes
MLS,24263,Nick Lima,Benji Kikanović,42975,San Jose Earthquakes
MLS,24263,Nick Lima,Jack Skahan,37953,San Jose Earthquakes
MLS,24263,Nick Lima,Timo Werner,5557,San Jose Earthquakes
MLS,24263,Nick Lima,Luka Jovanovic,340668,San Jose Earthquakes
MLS,24263,Nick Lima,Darius Johnson,31450,San Jose Earthquakes
MLS,24263,Nick Lima,Paul Marie,24877,San Jose Earthquakes
MLS,24263,Nick Lima,Jonathan González,28208,San Jose Earthquakes
MLS,24263,Nick Lima,Nick Fernandez,462222,San Jose Earthquakes
MLS,24263,Nick Lima,Angus Gunn,22379,San Jose Earthquakes
MLS,24263,Nick Lima,Nonso Adimabua,470004,San Jose Earthquakes
MLS,24263,Nick Lima,Earl William Edwards Jr.,22428,San Jose Earthquakes
MLS,24263,Nick Lima,Niko Tsakiris,210417,San Jose Earthquakes
MLS,24264,Sebastian  Lletget,Herman Johansson,130662,FC Dallas
MLS,24264,Sebastian  Lletget,Ran Binyamin,305810,FC Dallas
MLS,24264,Sebastian  Lletget,Clay Holstad,389783,FC Dallas
MLS,24264,Sebastian  Lletget,Sam Sarver,468475,FC Dallas
MLS,24264,Sebastian  Lletget,Joaquín Valiente,45494,FC Dallas
MLS,24264,Sebastian  Lletget,Ricky Louis,546138,FC Dallas
MLS,24264,Sebastian  Lletget,Michael Collodi,428524,FC Dallas
MLS,24264,Sebastian  Lletget,Caleb Swann,430281,FC Dallas
MLS,24264,Sebastian  Lletget,Nicholas Simmonds,538478,FC Dallas
MLS,24264,Sebastian  Lletget,Jonathan Sirois,42757,FC Dallas
MLS,24264,Sebastian  Lletget,Joshua Torquato,430270,FC Dallas
MLS,24264,Sebastian  Lletget,Louicius Deedson,32628,FC Dallas
MLS,24266,Corey Baird,Anisse Saidi,429255,San Diego FC
MLS,24266,Corey Baird,Marcus Ingvartsen,16543,San Diego FC
MLS,24266,Corey Baird,Osvald Søe,404066,San Diego FC
MLS,24266,Corey Baird,Wilson Eisner,437344,San Diego FC
MLS,24266,Corey Baird,Pedro Soma,408714,San Diego FC
MLS,24266,Corey Baird,Dag­ur Dan Þór­halls­son,33600,San Diego FC
MLS,24266,Corey Baird,Lewis Morgan,16931,San Diego FC
MLS,24266,Corey Baird,Kieran Sargeant,426064,San Diego FC
MLS,24266,Corey Baird,Elias Achouri,132461,San Diego FC
MLS,24266,Corey Baird,Bryan Zamblé,546005,San Diego FC
MLS,24266,Corey Baird,David Vazquez,277967,San Diego FC
MLS,24266,Corey Baird,Duran Ferree,247159,San Diego FC
MLS,24266,Corey Baird,CJ dos Santos,132979,San Diego FC
MLS,24266,Corey Baird,Pablo Sisniega,26579,San Diego FC
MLS,24760,Luciano Federico Acosta,Herman Johansson,130662,FC Dallas
MLS,24760,Luciano Federico Acosta,Ran Binyamin,305810,FC Dallas
MLS,24760,Luciano Federico Acosta,Clay Holstad,389783,FC Dallas
MLS,24760,Luciano Federico Acosta,Sam Sarver,468475,FC Dallas
MLS,24760,Luciano Federico Acosta,Joaquín Valiente,45494,FC Dallas
MLS,24760,Luciano Federico Acosta,Ricky Louis,546138,FC Dallas
MLS,24760,Luciano Federico Acosta,Michael Collodi,428524,FC Dallas
MLS,24760,Luciano Federico Acosta,Caleb Swann,430281,FC Dallas
MLS,24760,Luciano Federico Acosta,Nicholas Simmonds,538478,FC Dallas
MLS,24760,Luciano Federico Acosta,Jonathan Sirois,42757,FC Dallas
MLS,24760,Luciano Federico Acosta,Joshua Torquato,430270,FC Dallas
MLS,24760,Luciano Federico Acosta,Louicius Deedson,32628,FC Dallas
MLS,25143,João Paulo Mior,Edson Carli,430110,Seattle Sounders
MLS,25143,João Paulo Mior,Gallatin Sandnes,399474,Seattle Sounders
MLS,25143,João Paulo Mior,Osaze De Rosario,150462,Seattle Sounders
MLS,25143,João Paulo Mior,Hassani Dotson,23757,Seattle Sounders
MLS,25143,João Paulo Mior,Nikola Petković,122998,Seattle Sounders
MLS,25143,João Paulo Mior,Stuart Hawkins,252742,Seattle Sounders
MLS,25143,João Paulo Mior,Cody Baker,118525,Seattle Sounders
MLS,25143,João Paulo Mior,Sebastian Gomez,389767,Seattle Sounders
MLS,25143,João Paulo Mior,Antino Lopez,428501,Seattle Sounders
MLS,25143,João Paulo Mior,Paul Arriola,13372,Seattle Sounders
MLS,25143,João Paulo Mior,Peter Kingston,34016,Seattle Sounders
MLS,25143,João Paulo Mior,Ryan Sailor,243182,Seattle Sounders
MLS,25143,João Paulo Mior,Charlie Gaffney,467820,Seattle Sounders
MLS,25143,João Paulo Mior,Rafael Jauregui,42974,Seattle Sounders
MLS,25143,João Paulo Mior,Snyder Brunell,224340,Seattle Sounders
MLS,25143,João Paulo Mior,Andrew Thomas,128666,Seattle Sounders
MLS,25951,Carlos Terán Díaz,Mbekezeli Mbokazi,463765,Chicago Fire
MLS,25951,Carlos Terán Díaz,Robert Lewandowski,5668,Chicago Fire
MLS,25951,Carlos Terán Díaz,Anton Salétros,26819,Chicago Fire
MLS,25951,Carlos Terán Díaz,Viktor Radojević,144225,Chicago Fire
MLS,25951,Carlos Terán Díaz,Christopher Brady,114239,Chicago Fire
MLS,25951,Carlos Terán Díaz,Dylan Borso,404021,Chicago Fire
MLS,25951,Carlos Terán Díaz,Christopher Cupps,429574,Chicago Fire
MLS,25951,Carlos Terán Díaz,Puso Dithejane,426208,Chicago Fire
MLS,25951,Carlos Terán Díaz,Christopher Mueller,12600,Chicago Fire
MLS,25951,Carlos Terán Díaz,David Poreba,201629,Chicago Fire
MLS,25951,Carlos Terán Díaz,Samuel Williams,129319,Chicago Fire
MLS,25951,Carlos Terán Díaz,Jason Shokalook,428701,Chicago Fire
MLS,26558,Matías Nicolás Rojas Romero,Omir Guadalupe Fernandez Mosso,23859,Portland Timbers
MLS,26558,Matías Nicolás Rojas Romero,Ariel Lassiter,19101,Portland Timbers
MLS,26558,Matías Nicolás Rojas Romero,José Caicedo,29078,Portland Timbers
MLS,26558,Matías Nicolás Rojas Romero,Alex Bonetig,248820,Portland Timbers
MLS,26558,Matías Nicolás Rojas Romero,Gage Guerra,462223,Portland Timbers
MLS,26558,Matías Nicolás Rojas Romero,Eric Izoita,436713,Portland Timbers
MLS,26558,Matías Nicolás Rojas Romero,Vincent Janssen,3264,Portland Timbers
MLS,26558,Matías Nicolás Rojas Romero,Alexander Aravena,49632,Portland Timbers
MLS,26558,Matías Nicolás Rojas Romero,James Pantemis,49259,Portland Timbers
MLS,27089,George Campbell,Frankie Amaya,24727,Montréal
MLS,27089,George Campbell,Noah Streit,396219,Montréal
MLS,27089,George Campbell,Thomas Gillier,257050,Montréal
MLS,27089,George Campbell,Alexis Sánchez,3385,Montréal
MLS,27089,George Campbell,Iván Jaime,37028,Montréal
MLS,27089,George Campbell,Kwadwo Opoku,50217,Montréal
MLS,27089,George Campbell,Dag­ur Dan Þór­halls­son,33600,Montréal
MLS,27089,George Campbell,Olger Escobar,392974,Montréal
MLS,27089,George Campbell,Sébastian Breza,45510,Montréal
MLS,27089,George Campbell,Owen Graham-Roache,399900,Montréal
MLS,27095,Diego Iván Rubio Kostner,Jorge Alastuey,140587,Austin
MLS,27095,Diego Iván Rubio Kostner,Mateja Djordjević,131702,Austin
MLS,27095,Diego Iván Rubio Kostner,Brad Stuver,17053,Austin
MLS,27095,Diego Iván Rubio Kostner,Jon Bell,110050,Austin
MLS,27095,Diego Iván Rubio Kostner,Ervin Torres,400468,Austin
MLS,27095,Diego Iván Rubio Kostner,CJ Fodrey,117066,Austin
MLS,27095,Diego Iván Rubio Kostner,Robert Taylor,29946,Austin
MLS,27095,Diego Iván Rubio Kostner,Damian Las,160236,Austin
MLS,27095,Diego Iván Rubio Kostner,Facundo Torres,44649,Austin
MLS,27095,Diego Iván Rubio Kostner,Przemyslaw Placheta,27691,Austin
MLS,27095,Diego Iván Rubio Kostner,Micah Burton,390908,Austin
MLS,27130,Daniel Steres,Lucas Halter,25158,Houston Dynamo
MLS,27130,Daniel Steres,Agustin Resch,537690,Houston Dynamo
MLS,27130,Daniel Steres,Diadié Samassékou,8759,Houston Dynamo
MLS,27130,Daniel Steres,Guilherme,52165,Houston Dynamo
MLS,27130,Daniel Steres,Héctor Herrera,5575,Houston Dynamo
MLS,27130,Daniel Steres,Agustín Bouzat,28671,Houston Dynamo
MLS,27130,Daniel Steres,Nick Markanich,205823,Houston Dynamo
MLS,27130,Daniel Steres,Marcelo Saracchi,12426,Houston Dynamo
MLS,27130,Daniel Steres,Mateusz Bogusz,42545,Houston Dynamo
MLS,27130,Daniel Steres,Matthew Arana,482491,Houston Dynamo
MLS,27130,Daniel Steres,Jonathan Bond,3706,Houston Dynamo
MLS,27130,Daniel Steres,Jimmy Maurer,12565,Houston Dynamo
MLS,27150,Maximiliano Nicolás Urruti Mussa,Keegan Hughes,386776,New England Revolution
MLS,27150,Maximiliano Nicolás Urruti Mussa,Malcolm Fry,226361,New England Revolution
MLS,27150,Maximiliano Nicolás Urruti Mussa,Andrew Farrell,12355,New England Revolution
MLS,27150,Maximiliano Nicolás Urruti Mussa,Judah Siqueira,433463,New England Revolution
MLS,27150,Maximiliano Nicolás Urruti Mussa,Dor Turgeman,268819,New England Revolution
MLS,27150,Maximiliano Nicolás Urruti Mussa,Ethan Kohler,225913,New England Revolution
MLS,27150,Maximiliano Nicolás Urruti Mussa,Cody Baker,118525,New England Revolution
MLS,27150,Maximiliano Nicolás Urruti Mussa,Griffin Yow,24880,New England Revolution
MLS,27150,Maximiliano Nicolás Urruti Mussa,Wilson Harris,33816,New England Revolution
MLS,27150,Maximiliano Nicolás Urruti Mussa,Jack Harrison,9616,New England Revolution
MLS,27150,Maximiliano Nicolás Urruti Mussa,Matt Turner,12352,New England Revolution
MLS,27150,Maximiliano Nicolás Urruti Mussa,Eric Klein,399971,New England Revolution
MLS,27150,Maximiliano Nicolás Urruti Mussa,Jayden Da,428666,New England Revolution
MLS,27150,Maximiliano Nicolás Urruti Mussa,Cristiano Oliveira,399970,New England Revolution
MLS,27150,Maximiliano Nicolás Urruti Mussa,Marcos Zambrano,308569,New England Revolution
MLS,27169,Maximiliano Nicolás Moralez,Arnau Farnós,537733,New York City FC
MLS,27169,Maximiliano Nicolás Moralez,Bénie Traoré,107581,New York City FC
MLS,27169,Maximiliano Nicolás Moralez,Seymour Reid,443314,New York City FC
MLS,27169,Maximiliano Nicolás Moralez,Andrew Baiera,398477,New York City FC
MLS,27169,Maximiliano Nicolás Moralez,M.Murray,462443,New York City FC
MLS,27169,Maximiliano Nicolás Moralez,Máximo Carrizo,285800,New York City FC
MLS,27169,Maximiliano Nicolás Moralez,Matthew Freese,24876,New York City FC
MLS,27169,Maximiliano Nicolás Moralez,Luighi,416459,New York City FC
MLS,27169,Maximiliano Nicolás Moralez,Kevin Pierre,547993,New York City FC
MLS,27169,Maximiliano Nicolás Moralez,James Sands,16169,New York City FC
MLS,27169,Maximiliano Nicolás Moralez,Malachi Jones,425028,New York City FC
MLS,27169,Maximiliano Nicolás Moralez,Maxi Moralez,12759,New York City FC
MLS,27169,Maximiliano Nicolás Moralez,Kai Trewin,37175,New York City FC
MLS,27169,Maximiliano Nicolás Moralez,Nico Cavallo,462156,New York City FC
MLS,27169,Maximiliano Nicolás Moralez,Talles Magno,25400,New York City FC
MLS,27189,Julio César Cascante Solórzano,Jorge Alastuey,140587,Austin
MLS,27189,Julio César Cascante Solórzano,Mateja Djordjević,131702,Austin
MLS,27189,Julio César Cascante Solórzano,Brad Stuver,17053,Austin
MLS,27189,Julio César Cascante Solórzano,Jon Bell,110050,Austin
MLS,27189,Julio César Cascante Solórzano,Ervin Torres,400468,Austin
MLS,27189,Julio César Cascante Solórzano,CJ Fodrey,117066,Austin
MLS,27189,Julio César Cascante Solórzano,Robert Taylor,29946,Austin
MLS,27189,Julio César Cascante Solórzano,Damian Las,160236,Austin
MLS,27189,Julio César Cascante Solórzano,Facundo Torres,44649,Austin
MLS,27189,Julio César Cascante Solórzano,Przemyslaw Placheta,27691,Austin
MLS,27189,Julio César Cascante Solórzano,Micah Burton,390908,Austin
MLS,27191,Cristhian Fabián Paredes Maciel,Omir Guadalupe Fernandez Mosso,23859,Portland Timbers
MLS,27191,Cristhian Fabián Paredes Maciel,Ariel Lassiter,19101,Portland Timbers
MLS,27191,Cristhian Fabián Paredes Maciel,José Caicedo,29078,Portland Timbers
MLS,27191,Cristhian Fabián Paredes Maciel,Alex Bonetig,248820,Portland Timbers
MLS,27191,Cristhian Fabián Paredes Maciel,Gage Guerra,462223,Portland Timbers
MLS,27191,Cristhian Fabián Paredes Maciel,Eric Izoita,436713,Portland Timbers
MLS,27191,Cristhian Fabián Paredes Maciel,Vincent Janssen,3264,Portland Timbers
MLS,27191,Cristhian Fabián Paredes Maciel,Alexander Aravena,49632,Portland Timbers
MLS,27191,Cristhian Fabián Paredes Maciel,James Pantemis,49259,Portland Timbers
MLS,27193,Marco Farfán,Herman Johansson,130662,FC Dallas
MLS,27193,Marco Farfán,Ran Binyamin,305810,FC Dallas
MLS,27193,Marco Farfán,Clay Holstad,389783,FC Dallas
MLS,27193,Marco Farfán,Sam Sarver,468475,FC Dallas
MLS,27193,Marco Farfán,Joaquín Valiente,45494,FC Dallas
MLS,27193,Marco Farfán,Ricky Louis,546138,FC Dallas
MLS,27193,Marco Farfán,Michael Collodi,428524,FC Dallas
MLS,27193,Marco Farfán,Caleb Swann,430281,FC Dallas
MLS,27193,Marco Farfán,Nicholas Simmonds,538478,FC Dallas
MLS,27193,Marco Farfán,Jonathan Sirois,42757,FC Dallas
MLS,27193,Marco Farfán,Joshua Torquato,430270,FC Dallas
MLS,27193,Marco Farfán,Louicius Deedson,32628,FC Dallas
MLS,27327,Bruno Ricardo Valdez Wilson,Noel Buck,231018,San Jose Earthquakes
MLS,27327,Bruno Ricardo Valdez Wilson,Jack Jasinski,42985,San Jose Earthquakes
MLS,27327,Bruno Ricardo Valdez Wilson,Benji Kikanović,42975,San Jose Earthquakes
MLS,27327,Bruno Ricardo Valdez Wilson,Jack Skahan,37953,San Jose Earthquakes
MLS,27327,Bruno Ricardo Valdez Wilson,Timo Werner,5557,San Jose Earthquakes
MLS,27327,Bruno Ricardo Valdez Wilson,Luka Jovanovic,340668,San Jose Earthquakes
MLS,27327,Bruno Ricardo Valdez Wilson,Darius Johnson,31450,San Jose Earthquakes
MLS,27327,Bruno Ricardo Valdez Wilson,Paul Marie,24877,San Jose Earthquakes
MLS,27327,Bruno Ricardo Valdez Wilson,Jonathan González,28208,San Jose Earthquakes
MLS,27327,Bruno Ricardo Valdez Wilson,Nick Fernandez,462222,San Jose Earthquakes
MLS,27327,Bruno Ricardo Valdez Wilson,Angus Gunn,22379,San Jose Earthquakes
MLS,27327,Bruno Ricardo Valdez Wilson,Nonso Adimabua,470004,San Jose Earthquakes
MLS,27327,Bruno Ricardo Valdez Wilson,Earl William Edwards Jr.,22428,San Jose Earthquakes
MLS,27327,Bruno Ricardo Valdez Wilson,Niko Tsakiris,210417,San Jose Earthquakes
MLS,28307,Antônio Josenildo Rodrigues de Oliveira,Noel Buck,231018,San Jose Earthquakes
MLS,28307,Antônio Josenildo Rodrigues de Oliveira,Jack Jasinski,42985,San Jose Earthquakes
MLS,28307,Antônio Josenildo Rodrigues de Oliveira,Benji Kikanović,42975,San Jose Earthquakes
MLS,28307,Antônio Josenildo Rodrigues de Oliveira,Jack Skahan,37953,San Jose Earthquakes
MLS,28307,Antônio Josenildo Rodrigues de Oliveira,Timo Werner,5557,San Jose Earthquakes
MLS,28307,Antônio Josenildo Rodrigues de Oliveira,Luka Jovanovic,340668,San Jose Earthquakes
MLS,28307,Antônio Josenildo Rodrigues de Oliveira,Darius Johnson,31450,San Jose Earthquakes
MLS,28307,Antônio Josenildo Rodrigues de Oliveira,Paul Marie,24877,San Jose Earthquakes
MLS,28307,Antônio Josenildo Rodrigues de Oliveira,Jonathan González,28208,San Jose Earthquakes
MLS,28307,Antônio Josenildo Rodrigues de Oliveira,Nick Fernandez,462222,San Jose Earthquakes
MLS,28307,Antônio Josenildo Rodrigues de Oliveira,Angus Gunn,22379,San Jose Earthquakes
MLS,28307,Antônio Josenildo Rodrigues de Oliveira,Nonso Adimabua,470004,San Jose Earthquakes
MLS,28307,Antônio Josenildo Rodrigues de Oliveira,Earl William Edwards Jr.,22428,San Jose Earthquakes
MLS,28307,Antônio Josenildo Rodrigues de Oliveira,Niko Tsakiris,210417,San Jose Earthquakes
MLS,28648,Pedro De la Vega,Edson Carli,430110,Seattle Sounders
MLS,28648,Pedro De la Vega,Gallatin Sandnes,399474,Seattle Sounders
MLS,28648,Pedro De la Vega,Osaze De Rosario,150462,Seattle Sounders
MLS,28648,Pedro De la Vega,Hassani Dotson,23757,Seattle Sounders
MLS,28648,Pedro De la Vega,Nikola Petković,122998,Seattle Sounders
MLS,28648,Pedro De la Vega,Stuart Hawkins,252742,Seattle Sounders
MLS,28648,Pedro De la Vega,Cody Baker,118525,Seattle Sounders
MLS,28648,Pedro De la Vega,Sebastian Gomez,389767,Seattle Sounders
MLS,28648,Pedro De la Vega,Antino Lopez,428501,Seattle Sounders
MLS,28648,Pedro De la Vega,Paul Arriola,13372,Seattle Sounders
MLS,28648,Pedro De la Vega,Peter Kingston,34016,Seattle Sounders
MLS,28648,Pedro De la Vega,Ryan Sailor,243182,Seattle Sounders
MLS,28648,Pedro De la Vega,Charlie Gaffney,467820,Seattle Sounders
MLS,28648,Pedro De la Vega,Rafael Jauregui,42974,Seattle Sounders
MLS,28648,Pedro De la Vega,Snyder Brunell,224340,Seattle Sounders
MLS,28648,Pedro De la Vega,Andrew Thomas,128666,Seattle Sounders
MLS,31142,Dominique Badji,Keisuke Kurokawa,43005,DC United
MLS,31142,Dominique Badji,Andre Dozzell,19022,DC United
MLS,31142,Dominique Badji,Gavin Turner,218711,DC United
MLS,31142,Dominique Badji,Kimito Nono,426611,DC United
MLS,31142,Dominique Badji,Nikola Markovic,536952,DC United
MLS,31142,Dominique Badji,Louis Munteanu,84682,DC United
MLS,31142,Dominique Badji,Silvan Hefti,29226,DC United
MLS,31142,Dominique Badji,Sean Johnson,12746,DC United
MLS,31168,Danny Leyva,Edson Carli,430110,Seattle Sounders
MLS,31168,Danny Leyva,Gallatin Sandnes,399474,Seattle Sounders
MLS,31168,Danny Leyva,Osaze De Rosario,150462,Seattle Sounders
MLS,31168,Danny Leyva,Hassani Dotson,23757,Seattle Sounders
MLS,31168,Danny Leyva,Nikola Petković,122998,Seattle Sounders
MLS,31168,Danny Leyva,Stuart Hawkins,252742,Seattle Sounders
MLS,31168,Danny Leyva,Cody Baker,118525,Seattle Sounders
MLS,31168,Danny Leyva,Sebastian Gomez,389767,Seattle Sounders
MLS,31168,Danny Leyva,Antino Lopez,428501,Seattle Sounders
MLS,31168,Danny Leyva,Paul Arriola,13372,Seattle Sounders
MLS,31168,Danny Leyva,Peter Kingston,34016,Seattle Sounders
MLS,31168,Danny Leyva,Ryan Sailor,243182,Seattle Sounders
MLS,31168,Danny Leyva,Charlie Gaffney,467820,Seattle Sounders
MLS,31168,Danny Leyva,Rafael Jauregui,42974,Seattle Sounders
MLS,31168,Danny Leyva,Snyder Brunell,224340,Seattle Sounders
MLS,31168,Danny Leyva,Andrew Thomas,128666,Seattle Sounders
MLS,34118,Birk Risa,Arnau Farnós,537733,New York City FC
MLS,34118,Birk Risa,Bénie Traoré,107581,New York City FC
MLS,34118,Birk Risa,Seymour Reid,443314,New York City FC
MLS,34118,Birk Risa,Andrew Baiera,398477,New York City FC
MLS,34118,Birk Risa,M.Murray,462443,New York City FC
MLS,34118,Birk Risa,Máximo Carrizo,285800,New York City FC
MLS,34118,Birk Risa,Matthew Freese,24876,New York City FC
MLS,34118,Birk Risa,Luighi,416459,New York City FC
MLS,34118,Birk Risa,Kevin Pierre,547993,New York City FC
MLS,34118,Birk Risa,James Sands,16169,New York City FC
MLS,34118,Birk Risa,Malachi Jones,425028,New York City FC
MLS,34118,Birk Risa,Maxi Moralez,12759,New York City FC
MLS,34118,Birk Risa,Kai Trewin,37175,New York City FC
MLS,34118,Birk Risa,Nico Cavallo,462156,New York City FC
MLS,34118,Birk Risa,Talles Magno,25400,New York City FC
MLS,34121,Ola Brynhildsen,Jules-Anthony Vilsaint,382388,Toronto FC
MLS,34121,Ola Brynhildsen,Emilio Aristizábal,415612,Toronto FC
MLS,34121,Ola Brynhildsen,Markus Cimermancic,247610,Toronto FC
MLS,34121,Ola Brynhildsen,Jackson Gilman,224810,Toronto FC
MLS,34121,Ola Brynhildsen,Niklas Dorsch,9198,Toronto FC
MLS,34121,Ola Brynhildsen,Luka Gavran,229429,Toronto FC
MLS,34121,Ola Brynhildsen,Fletcher Bank,536934,Toronto FC
MLS,34121,Ola Brynhildsen,Matheus Pereira,126723,Toronto FC
MLS,34121,Ola Brynhildsen,Henry Wingo,16803,Toronto FC
MLS,34121,Ola Brynhildsen,Benjamín Kuscevic,35860,Toronto FC
MLS,34121,Ola Brynhildsen,Micah Chisholm,468347,Toronto FC
MLS,34121,Ola Brynhildsen,Malik Henry,468346,Toronto FC
MLS,34121,Ola Brynhildsen,Lazar Stefanović,247611,Toronto FC
MLS,34121,Ola Brynhildsen,Richard Chukwu,406428,Toronto FC
MLS,34121,Ola Brynhildsen,Antone Bossenberry,468349,Toronto FC
MLS,34121,Ola Brynhildsen,Josh Sargent,22168,Toronto FC
MLS,35429,Adilson Malanda,Aron John,396076,Charlotte FC
MLS,35429,Adilson Malanda,Archie Goodwin,98485,Charlotte FC
MLS,35429,Adilson Malanda,Kristijan Kahlina,28397,Charlotte FC
MLS,35429,Adilson Malanda,Allan Saint-Maximin,3016,Charlotte FC
MLS,35429,Adilson Malanda,Morrison Agyemang,439344,Charlotte FC
MLS,35429,Adilson Malanda,Tyger Smalls,430622,Charlotte FC
MLS,35429,Adilson Malanda,Rodolfo Aloko,522725,Charlotte FC
MLS,35429,Adilson Malanda,Will Cleary,536938,Charlotte FC
MLS,35675,Pablo Antonio Ortíz Cabezas,Lucas Halter,25158,Houston Dynamo
MLS,35675,Pablo Antonio Ortíz Cabezas,Agustin Resch,537690,Houston Dynamo
MLS,35675,Pablo Antonio Ortíz Cabezas,Diadié Samassékou,8759,Houston Dynamo
MLS,35675,Pablo Antonio Ortíz Cabezas,Guilherme,52165,Houston Dynamo
MLS,35675,Pablo Antonio Ortíz Cabezas,Héctor Herrera,5575,Houston Dynamo
MLS,35675,Pablo Antonio Ortíz Cabezas,Agustín Bouzat,28671,Houston Dynamo
MLS,35675,Pablo Antonio Ortíz Cabezas,Nick Markanich,205823,Houston Dynamo
MLS,35675,Pablo Antonio Ortíz Cabezas,Marcelo Saracchi,12426,Houston Dynamo
MLS,35675,Pablo Antonio Ortíz Cabezas,Mateusz Bogusz,42545,Houston Dynamo
MLS,35675,Pablo Antonio Ortíz Cabezas,Matthew Arana,482491,Houston Dynamo
MLS,35675,Pablo Antonio Ortíz Cabezas,Jonathan Bond,3706,Houston Dynamo
MLS,35675,Pablo Antonio Ortíz Cabezas,Jimmy Maurer,12565,Houston Dynamo
MLS,36364,Alán Isidro Montes Castro,Emir Karic,8606,Sporting Kansas City
MLS,36364,Alán Isidro Montes Castro,Justin Reynolds,224419,Sporting Kansas City
MLS,36364,Alán Isidro Montes Castro,Lasse Johnsen,33364,Sporting Kansas City
MLS,36364,Alán Isidro Montes Castro,Cielo Tschantret,393143,Sporting Kansas City
MLS,36364,Alán Isidro Montes Castro,Capita,48746,Sporting Kansas City
MLS,36364,Alán Isidro Montes Castro,Moisés Mosquera,48870,Sporting Kansas City
MLS,36364,Alán Isidro Montes Castro,Diego Borges,423848,Sporting Kansas City
MLS,36364,Alán Isidro Montes Castro,Stephen Afrifa,395078,Sporting Kansas City
MLS,36364,Alán Isidro Montes Castro,Kwaku Agyabeng,537098,Sporting Kansas City
MLS,36364,Alán Isidro Montes Castro,Shane Donovan,436792,Sporting Kansas City
MLS,36364,Alán Isidro Montes Castro,Or Blorian,38908,Sporting Kansas City
MLS,36364,Alán Isidro Montes Castro,André Luiz,145175,Sporting Kansas City
MLS,36364,Alán Isidro Montes Castro,Taylor Calheira,426234,Sporting Kansas City
MLS,36364,Alán Isidro Montes Castro,John Pulskamp,34329,Sporting Kansas City
MLS,36364,Alán Isidro Montes Castro,Stefan Cleveland,12722,Sporting Kansas City
MLS,36364,Alán Isidro Montes Castro,Wyatt Meyer,463888,Sporting Kansas City
MLS,36458,Rodrigo Adrián Schlegel,Iago Teodoro,423306,Orlando City
MLS,36458,Rodrigo Adrián Schlegel,Tiago,423067,Orlando City
MLS,36458,Rodrigo Adrián Schlegel,Ignacio Gómez,468064,Orlando City
MLS,36458,Rodrigo Adrián Schlegel,Justin Ellis,428636,Orlando City
MLS,36458,Rodrigo Adrián Schlegel,Wilder Cartagena,6313,Orlando City
MLS,36458,Rodrigo Adrián Schlegel,Luis Otávio,438499,Orlando City
MLS,36458,Rodrigo Adrián Schlegel,Yutaro Tsukada,428633,Orlando City
MLS,36458,Rodrigo Adrián Schlegel,Daryl Dike,42374,Orlando City
MLS,36458,Rodrigo Adrián Schlegel,Bernardo Rhein,433947,Orlando City
MLS,36458,Rodrigo Adrián Schlegel,Colin Guske,428632,Orlando City
MLS,36458,Rodrigo Adrián Schlegel,Pedro Leão,422765,Orlando City
MLS,36458,Rodrigo Adrián Schlegel,Nolan Miller,225198,Orlando City
MLS,36458,Rodrigo Adrián Schlegel,Javier Otero,224415,Orlando City
MLS,36458,Rodrigo Adrián Schlegel,Zakaria Taifi,304025,Orlando City
MLS,36458,Rodrigo Adrián Schlegel,Harvey Sarajian,538214,Orlando City
MLS,36458,Rodrigo Adrián Schlegel,Antoine Griezmann,5487,Orlando City
MLS,36458,Rodrigo Adrián Schlegel,Adrián Marín,6935,Orlando City
MLS,36458,Rodrigo Adrián Schlegel,Maxime Crépeau,23758,Orlando City
MLS,36458,Rodrigo Adrián Schlegel,Tahir Reid-Brown,279300,Orlando City
MLS,36477,Eryk Williamson,Aron John,396076,Charlotte FC
MLS,36477,Eryk Williamson,Archie Goodwin,98485,Charlotte FC
MLS,36477,Eryk Williamson,Kristijan Kahlina,28397,Charlotte FC
MLS,36477,Eryk Williamson,Allan Saint-Maximin,3016,Charlotte FC
MLS,36477,Eryk Williamson,Morrison Agyemang,439344,Charlotte FC
MLS,36477,Eryk Williamson,Tyger Smalls,430622,Charlotte FC
MLS,36477,Eryk Williamson,Rodolfo Aloko,522725,Charlotte FC
MLS,36477,Eryk Williamson,Will Cleary,536938,Charlotte FC
MLS,36482,Bill  Tuiloma,Aron John,396076,Charlotte FC
MLS,36482,Bill  Tuiloma,Archie Goodwin,98485,Charlotte FC
MLS,36482,Bill  Tuiloma,Kristijan Kahlina,28397,Charlotte FC
MLS,36482,Bill  Tuiloma,Allan Saint-Maximin,3016,Charlotte FC
MLS,36482,Bill  Tuiloma,Morrison Agyemang,439344,Charlotte FC
MLS,36482,Bill  Tuiloma,Tyger Smalls,430622,Charlotte FC
MLS,36482,Bill  Tuiloma,Rodolfo Aloko,522725,Charlotte FC
MLS,36482,Bill  Tuiloma,Will Cleary,536938,Charlotte FC
MLS,36544,Brian Gutiérrez,Mbekezeli Mbokazi,463765,Chicago Fire
MLS,36544,Brian Gutiérrez,Robert Lewandowski,5668,Chicago Fire
MLS,36544,Brian Gutiérrez,Anton Salétros,26819,Chicago Fire
MLS,36544,Brian Gutiérrez,Viktor Radojević,144225,Chicago Fire
MLS,36544,Brian Gutiérrez,Christopher Brady,114239,Chicago Fire
MLS,36544,Brian Gutiérrez,Dylan Borso,404021,Chicago Fire
MLS,36544,Brian Gutiérrez,Christopher Cupps,429574,Chicago Fire
MLS,36544,Brian Gutiérrez,Puso Dithejane,426208,Chicago Fire
MLS,36544,Brian Gutiérrez,Christopher Mueller,12600,Chicago Fire
MLS,36544,Brian Gutiérrez,David Poreba,201629,Chicago Fire
MLS,36544,Brian Gutiérrez,Samuel Williams,129319,Chicago Fire
MLS,36544,Brian Gutiérrez,Jason Shokalook,428701,Chicago Fire
MLS,36549,Franco Nicolás Escobar,Lucas Halter,25158,Houston Dynamo
MLS,36549,Franco Nicolás Escobar,Agustin Resch,537690,Houston Dynamo
MLS,36549,Franco Nicolás Escobar,Diadié Samassékou,8759,Houston Dynamo
MLS,36549,Franco Nicolás Escobar,Guilherme,52165,Houston Dynamo
MLS,36549,Franco Nicolás Escobar,Héctor Herrera,5575,Houston Dynamo
MLS,36549,Franco Nicolás Escobar,Agustín Bouzat,28671,Houston Dynamo
MLS,36549,Franco Nicolás Escobar,Nick Markanich,205823,Houston Dynamo
MLS,36549,Franco Nicolás Escobar,Marcelo Saracchi,12426,Houston Dynamo
MLS,36549,Franco Nicolás Escobar,Mateusz Bogusz,42545,Houston Dynamo
MLS,36549,Franco Nicolás Escobar,Matthew Arana,482491,Houston Dynamo
MLS,36549,Franco Nicolás Escobar,Jonathan Bond,3706,Houston Dynamo
MLS,36549,Franco Nicolás Escobar,Jimmy Maurer,12565,Houston Dynamo
MLS,38201,Felipe Ignacio Carballo Ares,Jorge Ruvalcaba,146649,New York Red Bulls
MLS,38201,Felipe Ignacio Carballo Ares,Roald Mitchell,116411,New York Red Bulls
MLS,38201,Felipe Ignacio Carballo Ares,Julian Hall,395088,New York Red Bulls
MLS,38201,Felipe Ignacio Carballo Ares,Cameron Harper,45029,New York Red Bulls
MLS,38201,Felipe Ignacio Carballo Ares,Ethan Horvath,21201,New York Red Bulls
MLS,38201,Felipe Ignacio Carballo Ares,Joyeux Bungi,378725,New York Red Bulls
MLS,38201,Felipe Ignacio Carballo Ares,Nehuén Benedetti,416183,New York Red Bulls
MLS,38201,Felipe Ignacio Carballo Ares,Tanner Rosborough,392976,New York Red Bulls
MLS,38201,Felipe Ignacio Carballo Ares,Adri Mehmeti,399057,New York Red Bulls
MLS,38201,Felipe Ignacio Carballo Ares,M.Jiménez Murillo,475857,New York Red Bulls
MLS,38201,Felipe Ignacio Carballo Ares,Julián Bazán,395169,New York Red Bulls
MLS,38201,Felipe Ignacio Carballo Ares,Justin Che,108373,New York Red Bulls
MLS,38201,Felipe Ignacio Carballo Ares,Matthew Dos Santos,399065,New York Red Bulls
MLS,38201,Felipe Ignacio Carballo Ares,Andy Maroto,388549,New York Red Bulls
MLS,38201,Felipe Ignacio Carballo Ares,Rafael Mosquera,401998,New York Red Bulls
MLS,38201,Felipe Ignacio Carballo Ares,Cade Cowell,35477,New York Red Bulls
MLS,38201,Felipe Ignacio Carballo Ares,Juan Mina,249058,New York Red Bulls
MLS,39455,Willy Agada,Colin Guske,428632,Real Salt Lake
MLS,39455,Willy Agada,Juan Jose Arias,206943,Real Salt Lake
MLS,39455,Willy Agada,Aiden Hezarkhani,428055,Real Salt Lake
MLS,39455,Willy Agada,Zach Booth,201763,Real Salt Lake
MLS,39455,Willy Agada,Rafael Cabral,22601,Real Salt Lake
MLS,39455,Willy Agada,Lineker Santos,521736,Real Salt Lake
MLS,39455,Willy Agada,Griffin Dillon,117076,Real Salt Lake
MLS,39455,Willy Agada,Mason Stajduhar,33787,Real Salt Lake
MLS,39455,Willy Agada,Juan Manuel Sanabria,50461,Real Salt Lake
MLS,39455,Willy Agada,Morgan Guilavogui,47351,Real Salt Lake
MLS,39455,Willy Agada,Stijn Spierings,8343,Real Salt Lake
MLS,39455,Willy Agada,Sergi Solans,537713,Real Salt Lake
MLS,39455,Willy Agada,Jesús Barea,471192,Real Salt Lake
MLS,39455,Willy Agada,Luca Moisa,136541,Real Salt Lake
MLS,39455,Willy Agada,Kobi Henry,44516,Real Salt Lake
MLS,42552,Ramiro Enrique Paz,Iago Teodoro,423306,Orlando City
MLS,42552,Ramiro Enrique Paz,Tiago,423067,Orlando City
MLS,42552,Ramiro Enrique Paz,Ignacio Gómez,468064,Orlando City
MLS,42552,Ramiro Enrique Paz,Justin Ellis,428636,Orlando City
MLS,42552,Ramiro Enrique Paz,Wilder Cartagena,6313,Orlando City
MLS,42552,Ramiro Enrique Paz,Luis Otávio,438499,Orlando City
MLS,42552,Ramiro Enrique Paz,Yutaro Tsukada,428633,Orlando City
MLS,42552,Ramiro Enrique Paz,Daryl Dike,42374,Orlando City
MLS,42552,Ramiro Enrique Paz,Bernardo Rhein,433947,Orlando City
MLS,42552,Ramiro Enrique Paz,Colin Guske,428632,Orlando City
MLS,42552,Ramiro Enrique Paz,Pedro Leão,422765,Orlando City
MLS,42552,Ramiro Enrique Paz,Nolan Miller,225198,Orlando City
MLS,42552,Ramiro Enrique Paz,Javier Otero,224415,Orlando City
MLS,42552,Ramiro Enrique Paz,Zakaria Taifi,304025,Orlando City
MLS,42552,Ramiro Enrique Paz,Harvey Sarajian,538214,Orlando City
MLS,42552,Ramiro Enrique Paz,Antoine Griezmann,5487,Orlando City
MLS,42552,Ramiro Enrique Paz,Adrián Marín,6935,Orlando City
MLS,42552,Ramiro Enrique Paz,Maxime Crépeau,23758,Orlando City
MLS,42552,Ramiro Enrique Paz,Tahir Reid-Brown,279300,Orlando City
MLS,43191,Jonathan Alexander Pérez,Charles-Emile Brunet,537345,Nashville
MLS,43191,Jonathan Alexander Pérez,Brian Schwake,44633,Nashville
MLS,43191,Jonathan Alexander Pérez,Matthew Corcoran,223734,Nashville
MLS,43191,Jonathan Alexander Pérez,Bryan Acosta,23856,Nashville
MLS,43191,Jonathan Alexander Pérez,Shak Mohammed,386316,Nashville
MLS,43191,Jonathan Alexander Pérez,Elias Saad,390512,Nashville
MLS,43191,Jonathan Alexander Pérez,Jordan Knight,225214,Nashville
MLS,43191,Jonathan Alexander Pérez,Woobens Pacius,133088,Nashville
MLS,43191,Jonathan Alexander Pérez,Maxwell Woledzi,41347,Nashville
MLS,43191,Jonathan Alexander Pérez,Warren Madrigal,154895,Nashville
MLS,43201,Jonathan Bell,Edson Carli,430110,Seattle Sounders
MLS,43201,Jonathan Bell,Gallatin Sandnes,399474,Seattle Sounders
MLS,43201,Jonathan Bell,Osaze De Rosario,150462,Seattle Sounders
MLS,43201,Jonathan Bell,Hassani Dotson,23757,Seattle Sounders
MLS,43201,Jonathan Bell,Nikola Petković,122998,Seattle Sounders
MLS,43201,Jonathan Bell,Stuart Hawkins,252742,Seattle Sounders
MLS,43201,Jonathan Bell,Cody Baker,118525,Seattle Sounders
MLS,43201,Jonathan Bell,Sebastian Gomez,389767,Seattle Sounders
MLS,43201,Jonathan Bell,Antino Lopez,428501,Seattle Sounders
MLS,43201,Jonathan Bell,Paul Arriola,13372,Seattle Sounders
MLS,43201,Jonathan Bell,Peter Kingston,34016,Seattle Sounders
MLS,43201,Jonathan Bell,Ryan Sailor,243182,Seattle Sounders
MLS,43201,Jonathan Bell,Charlie Gaffney,467820,Seattle Sounders
MLS,43201,Jonathan Bell,Rafael Jauregui,42974,Seattle Sounders
MLS,43201,Jonathan Bell,Snyder Brunell,224340,Seattle Sounders
MLS,43201,Jonathan Bell,Andrew Thomas,128666,Seattle Sounders
MLS,43215,Jáder Rafael Obrian Arias,Jorge Alastuey,140587,Austin
MLS,43215,Jáder Rafael Obrian Arias,Mateja Djordjević,131702,Austin
MLS,43215,Jáder Rafael Obrian Arias,Brad Stuver,17053,Austin
MLS,43215,Jáder Rafael Obrian Arias,Jon Bell,110050,Austin
MLS,43215,Jáder Rafael Obrian Arias,Ervin Torres,400468,Austin
MLS,43215,Jáder Rafael Obrian Arias,CJ Fodrey,117066,Austin
MLS,43215,Jáder Rafael Obrian Arias,Robert Taylor,29946,Austin
MLS,43215,Jáder Rafael Obrian Arias,Damian Las,160236,Austin
MLS,43215,Jáder Rafael Obrian Arias,Facundo Torres,44649,Austin
MLS,43215,Jáder Rafael Obrian Arias,Przemyslaw Placheta,27691,Austin
MLS,43215,Jáder Rafael Obrian Arias,Micah Burton,390908,Austin
MLS,43233,Miguel Berry,Troy Elgersma,539559,LA Galaxy
MLS,43233,Miguel Berry,Sergi Roberto,6379,LA Galaxy
MLS,43233,Miguel Berry,Novak Mićović,42633,LA Galaxy
MLS,43233,Miguel Berry,Kyogo Furuhashi,37796,LA Galaxy
MLS,43233,Miguel Berry,Robert Taylor,29946,LA Galaxy
MLS,43233,Miguel Berry,JT Marcinkowski,17300,LA Galaxy
MLS,43233,Miguel Berry,Ruben Ramos,389524,LA Galaxy
MLS,43277,Andrew  Brody,Emir Karic,8606,Sporting Kansas City
MLS,43277,Andrew  Brody,Justin Reynolds,224419,Sporting Kansas City
MLS,43277,Andrew  Brody,Lasse Johnsen,33364,Sporting Kansas City
MLS,43277,Andrew  Brody,Cielo Tschantret,393143,Sporting Kansas City
MLS,43277,Andrew  Brody,Capita,48746,Sporting Kansas City
MLS,43277,Andrew  Brody,Moisés Mosquera,48870,Sporting Kansas City
MLS,43277,Andrew  Brody,Diego Borges,423848,Sporting Kansas City
MLS,43277,Andrew  Brody,Stephen Afrifa,395078,Sporting Kansas City
MLS,43277,Andrew  Brody,Kwaku Agyabeng,537098,Sporting Kansas City
MLS,43277,Andrew  Brody,Shane Donovan,436792,Sporting Kansas City
MLS,43277,Andrew  Brody,Or Blorian,38908,Sporting Kansas City
MLS,43277,Andrew  Brody,André Luiz,145175,Sporting Kansas City
MLS,43277,Andrew  Brody,Taylor Calheira,426234,Sporting Kansas City
MLS,43277,Andrew  Brody,John Pulskamp,34329,Sporting Kansas City
MLS,43277,Andrew  Brody,Stefan Cleveland,12722,Sporting Kansas City
MLS,43277,Andrew  Brody,Wyatt Meyer,463888,Sporting Kansas City
MLS,43751,Pedro Jeampierre Vite Uca,Cheikh Sabaly,34884,Vancouver Whitecaps FC
MLS,43751,Pedro Jeampierre Vite Uca,Yohei Takaoka,37196,Vancouver Whitecaps FC
MLS,43751,Pedro Jeampierre Vite Uca,Mihail Gherasimencov,282655,Vancouver Whitecaps FC
MLS,43751,Pedro Jeampierre Vite Uca,Nikola Djordjevic,472277,Vancouver Whitecaps FC
MLS,43751,Pedro Jeampierre Vite Uca,Rayan Elloumi,434483,Vancouver Whitecaps FC
MLS,43751,Pedro Jeampierre Vite Uca,Sam Adekugbe,29758,Vancouver Whitecaps FC
MLS,43751,Pedro Jeampierre Vite Uca,Bruno Caicedo,429829,Vancouver Whitecaps FC
MLS,43751,Pedro Jeampierre Vite Uca,Sebastian Schonlau,9213,Vancouver Whitecaps FC
MLS,43751,Pedro Jeampierre Vite Uca,Isaac Boehmer,46476,Vancouver Whitecaps FC
MLS,43751,Pedro Jeampierre Vite Uca,Kenji Cabrera,120091,Vancouver Whitecaps FC
MLS,43751,Pedro Jeampierre Vite Uca,Ryan Gauld,23288,Vancouver Whitecaps FC
MLS,43830,Tomas Ángel Gutiérrez,Anisse Saidi,429255,San Diego FC
MLS,43830,Tomas Ángel Gutiérrez,Marcus Ingvartsen,16543,San Diego FC
MLS,43830,Tomas Ángel Gutiérrez,Osvald Søe,404066,San Diego FC
MLS,43830,Tomas Ángel Gutiérrez,Wilson Eisner,437344,San Diego FC
MLS,43830,Tomas Ángel Gutiérrez,Pedro Soma,408714,San Diego FC
MLS,43830,Tomas Ángel Gutiérrez,Dag­ur Dan Þór­halls­son,33600,San Diego FC
MLS,43830,Tomas Ángel Gutiérrez,Lewis Morgan,16931,San Diego FC
MLS,43830,Tomas Ángel Gutiérrez,Kieran Sargeant,426064,San Diego FC
MLS,43830,Tomas Ángel Gutiérrez,Elias Achouri,132461,San Diego FC
MLS,43830,Tomas Ángel Gutiérrez,Bryan Zamblé,546005,San Diego FC
MLS,43830,Tomas Ángel Gutiérrez,David Vazquez,277967,San Diego FC
MLS,43830,Tomas Ángel Gutiérrez,Duran Ferree,247159,San Diego FC
MLS,43830,Tomas Ángel Gutiérrez,CJ dos Santos,132979,San Diego FC
MLS,43830,Tomas Ángel Gutiérrez,Pablo Sisniega,26579,San Diego FC
MLS,44445,César Nahuel Araújo Vilches,Iago Teodoro,423306,Orlando City
MLS,44445,César Nahuel Araújo Vilches,Tiago,423067,Orlando City
MLS,44445,César Nahuel Araújo Vilches,Ignacio Gómez,468064,Orlando City
MLS,44445,César Nahuel Araújo Vilches,Justin Ellis,428636,Orlando City
MLS,44445,César Nahuel Araújo Vilches,Wilder Cartagena,6313,Orlando City
MLS,44445,César Nahuel Araújo Vilches,Luis Otávio,438499,Orlando City
MLS,44445,César Nahuel Araújo Vilches,Yutaro Tsukada,428633,Orlando City
MLS,44445,César Nahuel Araújo Vilches,Daryl Dike,42374,Orlando City
MLS,44445,César Nahuel Araújo Vilches,Bernardo Rhein,433947,Orlando City
MLS,44445,César Nahuel Araújo Vilches,Colin Guske,428632,Orlando City
MLS,44445,César Nahuel Araújo Vilches,Pedro Leão,422765,Orlando City
MLS,44445,César Nahuel Araújo Vilches,Nolan Miller,225198,Orlando City
MLS,44445,César Nahuel Araújo Vilches,Javier Otero,224415,Orlando City
MLS,44445,César Nahuel Araújo Vilches,Zakaria Taifi,304025,Orlando City
MLS,44445,César Nahuel Araújo Vilches,Harvey Sarajian,538214,Orlando City
MLS,44445,César Nahuel Araújo Vilches,Antoine Griezmann,5487,Orlando City
MLS,44445,César Nahuel Araújo Vilches,Adrián Marín,6935,Orlando City
MLS,44445,César Nahuel Araújo Vilches,Maxime Crépeau,23758,Orlando City
MLS,44445,César Nahuel Araújo Vilches,Tahir Reid-Brown,279300,Orlando City
MLS,51550,Deybi Aldair Flores,Jules-Anthony Vilsaint,382388,Toronto FC
MLS,51550,Deybi Aldair Flores,Emilio Aristizábal,415612,Toronto FC
MLS,51550,Deybi Aldair Flores,Markus Cimermancic,247610,Toronto FC
MLS,51550,Deybi Aldair Flores,Jackson Gilman,224810,Toronto FC
MLS,51550,Deybi Aldair Flores,Niklas Dorsch,9198,Toronto FC
MLS,51550,Deybi Aldair Flores,Luka Gavran,229429,Toronto FC
MLS,51550,Deybi Aldair Flores,Fletcher Bank,536934,Toronto FC
MLS,51550,Deybi Aldair Flores,Matheus Pereira,126723,Toronto FC
MLS,51550,Deybi Aldair Flores,Henry Wingo,16803,Toronto FC
MLS,51550,Deybi Aldair Flores,Benjamín Kuscevic,35860,Toronto FC
MLS,51550,Deybi Aldair Flores,Micah Chisholm,468347,Toronto FC
MLS,51550,Deybi Aldair Flores,Malik Henry,468346,Toronto FC
MLS,51550,Deybi Aldair Flores,Lazar Stefanović,247611,Toronto FC
MLS,51550,Deybi Aldair Flores,Richard Chukwu,406428,Toronto FC
MLS,51550,Deybi Aldair Flores,Antone Bossenberry,468349,Toronto FC
MLS,51550,Deybi Aldair Flores,Josh Sargent,22168,Toronto FC
MLS,58946,Obed Gómez Vargas,Edson Carli,430110,Seattle Sounders
MLS,58946,Obed Gómez Vargas,Gallatin Sandnes,399474,Seattle Sounders
MLS,58946,Obed Gómez Vargas,Osaze De Rosario,150462,Seattle Sounders
MLS,58946,Obed Gómez Vargas,Hassani Dotson,23757,Seattle Sounders
MLS,58946,Obed Gómez Vargas,Nikola Petković,122998,Seattle Sounders
MLS,58946,Obed Gómez Vargas,Stuart Hawkins,252742,Seattle Sounders
MLS,58946,Obed Gómez Vargas,Cody Baker,118525,Seattle Sounders
MLS,58946,Obed Gómez Vargas,Sebastian Gomez,389767,Seattle Sounders
MLS,58946,Obed Gómez Vargas,Antino Lopez,428501,Seattle Sounders
MLS,58946,Obed Gómez Vargas,Paul Arriola,13372,Seattle Sounders
MLS,58946,Obed Gómez Vargas,Peter Kingston,34016,Seattle Sounders
MLS,58946,Obed Gómez Vargas,Ryan Sailor,243182,Seattle Sounders
MLS,58946,Obed Gómez Vargas,Charlie Gaffney,467820,Seattle Sounders
MLS,58946,Obed Gómez Vargas,Rafael Jauregui,42974,Seattle Sounders
MLS,58946,Obed Gómez Vargas,Snyder Brunell,224340,Seattle Sounders
MLS,58946,Obed Gómez Vargas,Andrew Thomas,128666,Seattle Sounders
MLS,60796,Noah Eile,Jorge Ruvalcaba,146649,New York Red Bulls
MLS,60796,Noah Eile,Roald Mitchell,116411,New York Red Bulls
MLS,60796,Noah Eile,Julian Hall,395088,New York Red Bulls
MLS,60796,Noah Eile,Cameron Harper,45029,New York Red Bulls
MLS,60796,Noah Eile,Ethan Horvath,21201,New York Red Bulls
MLS,60796,Noah Eile,Joyeux Bungi,378725,New York Red Bulls
MLS,60796,Noah Eile,Nehuén Benedetti,416183,New York Red Bulls
MLS,60796,Noah Eile,Tanner Rosborough,392976,New York Red Bulls
MLS,60796,Noah Eile,Adri Mehmeti,399057,New York Red Bulls
MLS,60796,Noah Eile,M.Jiménez Murillo,475857,New York Red Bulls
MLS,60796,Noah Eile,Julián Bazán,395169,New York Red Bulls
MLS,60796,Noah Eile,Justin Che,108373,New York Red Bulls
MLS,60796,Noah Eile,Matthew Dos Santos,399065,New York Red Bulls
MLS,60796,Noah Eile,Andy Maroto,388549,New York Red Bulls
MLS,60796,Noah Eile,Rafael Mosquera,401998,New York Red Bulls
MLS,60796,Noah Eile,Cade Cowell,35477,New York Red Bulls
MLS,60796,Noah Eile,Juan Mina,249058,New York Red Bulls
MLS,61336,André Filipe Russo Franco,Mbekezeli Mbokazi,463765,Chicago Fire
MLS,61336,André Filipe Russo Franco,Robert Lewandowski,5668,Chicago Fire
MLS,61336,André Filipe Russo Franco,Anton Salétros,26819,Chicago Fire
MLS,61336,André Filipe Russo Franco,Viktor Radojević,144225,Chicago Fire
MLS,61336,André Filipe Russo Franco,Christopher Brady,114239,Chicago Fire
MLS,61336,André Filipe Russo Franco,Dylan Borso,404021,Chicago Fire
MLS,61336,André Filipe Russo Franco,Christopher Cupps,429574,Chicago Fire
MLS,61336,André Filipe Russo Franco,Puso Dithejane,426208,Chicago Fire
MLS,61336,André Filipe Russo Franco,Christopher Mueller,12600,Chicago Fire
MLS,61336,André Filipe Russo Franco,David Poreba,201629,Chicago Fire
MLS,61336,André Filipe Russo Franco,Samuel Williams,129319,Chicago Fire
MLS,61336,André Filipe Russo Franco,Jason Shokalook,428701,Chicago Fire
MLS,63280,Fernando Antonio Álvarez Amador,Frankie Amaya,24727,Montréal
MLS,63280,Fernando Antonio Álvarez Amador,Noah Streit,396219,Montréal
MLS,63280,Fernando Antonio Álvarez Amador,Thomas Gillier,257050,Montréal
MLS,63280,Fernando Antonio Álvarez Amador,Alexis Sánchez,3385,Montréal
MLS,63280,Fernando Antonio Álvarez Amador,Iván Jaime,37028,Montréal
MLS,63280,Fernando Antonio Álvarez Amador,Kwadwo Opoku,50217,Montréal
MLS,63280,Fernando Antonio Álvarez Amador,Dag­ur Dan Þór­halls­son,33600,Montréal
MLS,63280,Fernando Antonio Álvarez Amador,Olger Escobar,392974,Montréal
MLS,63280,Fernando Antonio Álvarez Amador,Sébastian Breza,45510,Montréal
MLS,63280,Fernando Antonio Álvarez Amador,Owen Graham-Roache,399900,Montréal
MLS,66350,Nelson Daniel Palacio Ruiz,Colin Guske,428632,Real Salt Lake
MLS,66350,Nelson Daniel Palacio Ruiz,Juan Jose Arias,206943,Real Salt Lake
MLS,66350,Nelson Daniel Palacio Ruiz,Aiden Hezarkhani,428055,Real Salt Lake
MLS,66350,Nelson Daniel Palacio Ruiz,Zach Booth,201763,Real Salt Lake
MLS,66350,Nelson Daniel Palacio Ruiz,Rafael Cabral,22601,Real Salt Lake
MLS,66350,Nelson Daniel Palacio Ruiz,Lineker Santos,521736,Real Salt Lake
MLS,66350,Nelson Daniel Palacio Ruiz,Griffin Dillon,117076,Real Salt Lake
MLS,66350,Nelson Daniel Palacio Ruiz,Mason Stajduhar,33787,Real Salt Lake
MLS,66350,Nelson Daniel Palacio Ruiz,Juan Manuel Sanabria,50461,Real Salt Lake
MLS,66350,Nelson Daniel Palacio Ruiz,Morgan Guilavogui,47351,Real Salt Lake
MLS,66350,Nelson Daniel Palacio Ruiz,Stijn Spierings,8343,Real Salt Lake
MLS,66350,Nelson Daniel Palacio Ruiz,Sergi Solans,537713,Real Salt Lake
MLS,66350,Nelson Daniel Palacio Ruiz,Jesús Barea,471192,Real Salt Lake
MLS,66350,Nelson Daniel Palacio Ruiz,Luca Moisa,136541,Real Salt Lake
MLS,66350,Nelson Daniel Palacio Ruiz,Kobi Henry,44516,Real Salt Lake
MLS,66806,Adrián Alonso Martínez Batista,Arnau Farnós,537733,New York City FC
MLS,66806,Adrián Alonso Martínez Batista,Bénie Traoré,107581,New York City FC
MLS,66806,Adrián Alonso Martínez Batista,Seymour Reid,443314,New York City FC
MLS,66806,Adrián Alonso Martínez Batista,Andrew Baiera,398477,New York City FC
MLS,66806,Adrián Alonso Martínez Batista,M.Murray,462443,New York City FC
MLS,66806,Adrián Alonso Martínez Batista,Máximo Carrizo,285800,New York City FC
MLS,66806,Adrián Alonso Martínez Batista,Matthew Freese,24876,New York City FC
MLS,66806,Adrián Alonso Martínez Batista,Luighi,416459,New York City FC
MLS,66806,Adrián Alonso Martínez Batista,Kevin Pierre,547993,New York City FC
MLS,66806,Adrián Alonso Martínez Batista,James Sands,16169,New York City FC
MLS,66806,Adrián Alonso Martínez Batista,Malachi Jones,425028,New York City FC
MLS,66806,Adrián Alonso Martínez Batista,Maxi Moralez,12759,New York City FC
MLS,66806,Adrián Alonso Martínez Batista,Kai Trewin,37175,New York City FC
MLS,66806,Adrián Alonso Martínez Batista,Nico Cavallo,462156,New York City FC
MLS,66806,Adrián Alonso Martínez Batista,Talles Magno,25400,New York City FC
MLS,110472,Dagur Dan Thórhallsson,Iago Teodoro,423306,Orlando City
MLS,110472,Dagur Dan Thórhallsson,Tiago,423067,Orlando City
MLS,110472,Dagur Dan Thórhallsson,Ignacio Gómez,468064,Orlando City
MLS,110472,Dagur Dan Thórhallsson,Justin Ellis,428636,Orlando City
MLS,110472,Dagur Dan Thórhallsson,Wilder Cartagena,6313,Orlando City
MLS,110472,Dagur Dan Thórhallsson,Luis Otávio,438499,Orlando City
MLS,110472,Dagur Dan Thórhallsson,Yutaro Tsukada,428633,Orlando City
MLS,110472,Dagur Dan Thórhallsson,Daryl Dike,42374,Orlando City
MLS,110472,Dagur Dan Thórhallsson,Bernardo Rhein,433947,Orlando City
MLS,110472,Dagur Dan Thórhallsson,Colin Guske,428632,Orlando City
MLS,110472,Dagur Dan Thórhallsson,Pedro Leão,422765,Orlando City
MLS,110472,Dagur Dan Thórhallsson,Nolan Miller,225198,Orlando City
MLS,110472,Dagur Dan Thórhallsson,Javier Otero,224415,Orlando City
MLS,110472,Dagur Dan Thórhallsson,Zakaria Taifi,304025,Orlando City
MLS,110472,Dagur Dan Thórhallsson,Harvey Sarajian,538214,Orlando City
MLS,110472,Dagur Dan Thórhallsson,Antoine Griezmann,5487,Orlando City
MLS,110472,Dagur Dan Thórhallsson,Adrián Marín,6935,Orlando City
MLS,110472,Dagur Dan Thórhallsson,Maxime Crépeau,23758,Orlando City
MLS,110472,Dagur Dan Thórhallsson,Tahir Reid-Brown,279300,Orlando City
MLS,116527,Julián Fernández,Arnau Farnós,537733,New York City FC
MLS,116527,Julián Fernández,Bénie Traoré,107581,New York City FC
MLS,116527,Julián Fernández,Seymour Reid,443314,New York City FC
MLS,116527,Julián Fernández,Andrew Baiera,398477,New York City FC
MLS,116527,Julián Fernández,M.Murray,462443,New York City FC
MLS,116527,Julián Fernández,Máximo Carrizo,285800,New York City FC
MLS,116527,Julián Fernández,Matthew Freese,24876,New York City FC
MLS,116527,Julián Fernández,Luighi,416459,New York City FC
MLS,116527,Julián Fernández,Kevin Pierre,547993,New York City FC
MLS,116527,Julián Fernández,James Sands,16169,New York City FC
MLS,116527,Julián Fernández,Malachi Jones,425028,New York City FC
MLS,116527,Julián Fernández,Maxi Moralez,12759,New York City FC
MLS,116527,Julián Fernández,Kai Trewin,37175,New York City FC
MLS,116527,Julián Fernández,Nico Cavallo,462156,New York City FC
MLS,116527,Julián Fernández,Talles Magno,25400,New York City FC
MLS,124336,Jasper Löffelsend,Anisse Saidi,429255,San Diego FC
MLS,124336,Jasper Löffelsend,Marcus Ingvartsen,16543,San Diego FC
MLS,124336,Jasper Löffelsend,Osvald Søe,404066,San Diego FC
MLS,124336,Jasper Löffelsend,Wilson Eisner,437344,San Diego FC
MLS,124336,Jasper Löffelsend,Pedro Soma,408714,San Diego FC
MLS,124336,Jasper Löffelsend,Dag­ur Dan Þór­halls­son,33600,San Diego FC
MLS,124336,Jasper Löffelsend,Lewis Morgan,16931,San Diego FC
MLS,124336,Jasper Löffelsend,Kieran Sargeant,426064,San Diego FC
MLS,124336,Jasper Löffelsend,Elias Achouri,132461,San Diego FC
MLS,124336,Jasper Löffelsend,Bryan Zamblé,546005,San Diego FC
MLS,124336,Jasper Löffelsend,David Vazquez,277967,San Diego FC
MLS,124336,Jasper Löffelsend,Duran Ferree,247159,San Diego FC
MLS,124336,Jasper Löffelsend,CJ dos Santos,132979,San Diego FC
MLS,124336,Jasper Löffelsend,Pablo Sisniega,26579,San Diego FC
MLS,153170,Ali Ahmed,Cheikh Sabaly,34884,Vancouver Whitecaps FC
MLS,153170,Ali Ahmed,Yohei Takaoka,37196,Vancouver Whitecaps FC
MLS,153170,Ali Ahmed,Mihail Gherasimencov,282655,Vancouver Whitecaps FC
MLS,153170,Ali Ahmed,Nikola Djordjevic,472277,Vancouver Whitecaps FC
MLS,153170,Ali Ahmed,Rayan Elloumi,434483,Vancouver Whitecaps FC
MLS,153170,Ali Ahmed,Sam Adekugbe,29758,Vancouver Whitecaps FC
MLS,153170,Ali Ahmed,Bruno Caicedo,429829,Vancouver Whitecaps FC
MLS,153170,Ali Ahmed,Sebastian Schonlau,9213,Vancouver Whitecaps FC
MLS,153170,Ali Ahmed,Isaac Boehmer,46476,Vancouver Whitecaps FC
MLS,153170,Ali Ahmed,Kenji Cabrera,120091,Vancouver Whitecaps FC
MLS,153170,Ali Ahmed,Ryan Gauld,23288,Vancouver Whitecaps FC
MLS,160364,Dennis Gjengaar,Jorge Ruvalcaba,146649,New York Red Bulls
MLS,160364,Dennis Gjengaar,Roald Mitchell,116411,New York Red Bulls
MLS,160364,Dennis Gjengaar,Julian Hall,395088,New York Red Bulls
MLS,160364,Dennis Gjengaar,Cameron Harper,45029,New York Red Bulls
MLS,160364,Dennis Gjengaar,Ethan Horvath,21201,New York Red Bulls
MLS,160364,Dennis Gjengaar,Joyeux Bungi,378725,New York Red Bulls
MLS,160364,Dennis Gjengaar,Nehuén Benedetti,416183,New York Red Bulls
MLS,160364,Dennis Gjengaar,Tanner Rosborough,392976,New York Red Bulls
MLS,160364,Dennis Gjengaar,Adri Mehmeti,399057,New York Red Bulls
MLS,160364,Dennis Gjengaar,M.Jiménez Murillo,475857,New York Red Bulls
MLS,160364,Dennis Gjengaar,Julián Bazán,395169,New York Red Bulls
MLS,160364,Dennis Gjengaar,Justin Che,108373,New York Red Bulls
MLS,160364,Dennis Gjengaar,Matthew Dos Santos,399065,New York Red Bulls
MLS,160364,Dennis Gjengaar,Andy Maroto,388549,New York Red Bulls
MLS,160364,Dennis Gjengaar,Rafael Mosquera,401998,New York Red Bulls
MLS,160364,Dennis Gjengaar,Cade Cowell,35477,New York Red Bulls
MLS,160364,Dennis Gjengaar,Juan Mina,249058,New York Red Bulls
MLS,166528,Alex Freeman,Iago Teodoro,423306,Orlando City
MLS,166528,Alex Freeman,Tiago,423067,Orlando City
MLS,166528,Alex Freeman,Ignacio Gómez,468064,Orlando City
MLS,166528,Alex Freeman,Justin Ellis,428636,Orlando City
MLS,166528,Alex Freeman,Wilder Cartagena,6313,Orlando City
MLS,166528,Alex Freeman,Luis Otávio,438499,Orlando City
MLS,166528,Alex Freeman,Yutaro Tsukada,428633,Orlando City
MLS,166528,Alex Freeman,Daryl Dike,42374,Orlando City
MLS,166528,Alex Freeman,Bernardo Rhein,433947,Orlando City
MLS,166528,Alex Freeman,Colin Guske,428632,Orlando City
MLS,166528,Alex Freeman,Pedro Leão,422765,Orlando City
MLS,166528,Alex Freeman,Nolan Miller,225198,Orlando City
MLS,166528,Alex Freeman,Javier Otero,224415,Orlando City
MLS,166528,Alex Freeman,Zakaria Taifi,304025,Orlando City
MLS,166528,Alex Freeman,Harvey Sarajian,538214,Orlando City
MLS,166528,Alex Freeman,Antoine Griezmann,5487,Orlando City
MLS,166528,Alex Freeman,Adrián Marín,6935,Orlando City
MLS,166528,Alex Freeman,Maxime Crépeau,23758,Orlando City
MLS,166528,Alex Freeman,Tahir Reid-Brown,279300,Orlando City
MLS,166529,Chris Donovan,Neil Pierre,403391,Philadelphia Union
MLS,166529,Chris Donovan,Ben Bender,205751,Philadelphia Union
MLS,166529,Chris Donovan,Philippe Ndinga,386945,Philadelphia Union
MLS,166529,Chris Donovan,Malik Jakupovic,473064,Philadelphia Union
MLS,166529,Chris Donovan,Japhet Larsen,49558,Philadelphia Union
MLS,166529,Chris Donovan,Stas Kornzeniowski,468885,Philadelphia Union
MLS,166529,Chris Donovan,Jeremy Rafanello,43082,Philadelphia Union
MLS,166529,Chris Donovan,Geiner Martínez,445297,Philadelphia Union
MLS,166529,Chris Donovan,Cavan Sullivan,429256,Philadelphia Union
MLS,166529,Chris Donovan,Giovanny Sequera,396721,Philadelphia Union
MLS,166529,Chris Donovan,Finn Sundstrom,436707,Philadelphia Union
MLS,166529,Chris Donovan,Ezekiel Alladoh,467799,Philadelphia Union
MLS,166529,Chris Donovan,Andre Blake,12346,Philadelphia Union
MLS,166529,Chris Donovan,Sal Olivas,405989,Philadelphia Union
MLS,166529,Chris Donovan,Augustin Anello,133427,Philadelphia Union
MLS,166529,Chris Donovan,Andrew Rick,243586,Philadelphia Union
MLS,169272,Igor Jesus Lima,Cabral Carter,224204,Los Angeles FC
MLS,169272,Igor Jesus Lima,Thomas Hasal,42697,Los Angeles FC
MLS,169272,Igor Jesus Lima,Tommy Mihalić,469520,Los Angeles FC
MLS,169272,Igor Jesus Lima,Ryan Raposo,36814,Los Angeles FC
MLS,169272,Igor Jesus Lima,Stephen Eustáquio,11187,Los Angeles FC
MLS,169272,Igor Jesus Lima,Hugo Lloris,3099,Los Angeles FC
MLS,169272,Igor Jesus Lima,Tyler Boyd,10335,Los Angeles FC
MLS,169272,Igor Jesus Lima,Matt Evans,395431,Los Angeles FC
MLS,169272,Igor Jesus Lima,Kenny Nielsen,436704,Los Angeles FC
MLS,169272,Igor Jesus Lima,Jude Terry,428781,Los Angeles FC
MLS,169272,Igor Jesus Lima,Amin Boudri,425997,Los Angeles FC
MLS,180007,Belal Halbouni,Cheikh Sabaly,34884,Vancouver Whitecaps FC
MLS,180007,Belal Halbouni,Yohei Takaoka,37196,Vancouver Whitecaps FC
MLS,180007,Belal Halbouni,Mihail Gherasimencov,282655,Vancouver Whitecaps FC
MLS,180007,Belal Halbouni,Nikola Djordjevic,472277,Vancouver Whitecaps FC
MLS,180007,Belal Halbouni,Rayan Elloumi,434483,Vancouver Whitecaps FC
MLS,180007,Belal Halbouni,Sam Adekugbe,29758,Vancouver Whitecaps FC
MLS,180007,Belal Halbouni,Bruno Caicedo,429829,Vancouver Whitecaps FC
MLS,180007,Belal Halbouni,Sebastian Schonlau,9213,Vancouver Whitecaps FC
MLS,180007,Belal Halbouni,Isaac Boehmer,46476,Vancouver Whitecaps FC
MLS,180007,Belal Halbouni,Kenji Cabrera,120091,Vancouver Whitecaps FC
MLS,180007,Belal Halbouni,Ryan Gauld,23288,Vancouver Whitecaps FC
MLS,184975,Boris Enow Takang,Keisuke Kurokawa,43005,DC United
MLS,184975,Boris Enow Takang,Andre Dozzell,19022,DC United
MLS,184975,Boris Enow Takang,Gavin Turner,218711,DC United
MLS,184975,Boris Enow Takang,Kimito Nono,426611,DC United
MLS,184975,Boris Enow Takang,Nikola Markovic,536952,DC United
MLS,184975,Boris Enow Takang,Louis Munteanu,84682,DC United
MLS,184975,Boris Enow Takang,Silvan Hefti,29226,DC United
MLS,184975,Boris Enow Takang,Sean Johnson,12746,DC United
MLS,391120,Derek Dodson,Keisuke Kurokawa,43005,DC United
MLS,391120,Derek Dodson,Andre Dozzell,19022,DC United
MLS,391120,Derek Dodson,Gavin Turner,218711,DC United
MLS,391120,Derek Dodson,Kimito Nono,426611,DC United
MLS,391120,Derek Dodson,Nikola Markovic,536952,DC United
MLS,391120,Derek Dodson,Louis Munteanu,84682,DC United
MLS,391120,Derek Dodson,Silvan Hefti,29226,DC United
MLS,391120,Derek Dodson,Sean Johnson,12746,DC United
MLS,574567,Nathan-Dylan Saliba,Frankie Amaya,24727,Montréal
MLS,574567,Nathan-Dylan Saliba,Noah Streit,396219,Montréal
MLS,574567,Nathan-Dylan Saliba,Thomas Gillier,257050,Montréal
MLS,574567,Nathan-Dylan Saliba,Alexis Sánchez,3385,Montréal
MLS,574567,Nathan-Dylan Saliba,Iván Jaime,37028,Montréal
MLS,574567,Nathan-Dylan Saliba,Kwadwo Opoku,50217,Montréal
MLS,574567,Nathan-Dylan Saliba,Dag­ur Dan Þór­halls­son,33600,Montréal
MLS,574567,Nathan-Dylan Saliba,Olger Escobar,392974,Montréal
MLS,574567,Nathan-Dylan Saliba,Sébastian Breza,45510,Montréal
MLS,574567,Nathan-Dylan Saliba,Owen Graham-Roache,399900,Montréal
MLS,581148,Patrick Agyemang,Aron John,396076,Charlotte FC
MLS,581148,Patrick Agyemang,Archie Goodwin,98485,Charlotte FC
MLS,581148,Patrick Agyemang,Kristijan Kahlina,28397,Charlotte FC
MLS,581148,Patrick Agyemang,Allan Saint-Maximin,3016,Charlotte FC
MLS,581148,Patrick Agyemang,Morrison Agyemang,439344,Charlotte FC
MLS,581148,Patrick Agyemang,Tyger Smalls,430622,Charlotte FC
MLS,581148,Patrick Agyemang,Rodolfo Aloko,522725,Charlotte FC
MLS,581148,Patrick Agyemang,Will Cleary,536938,Charlotte FC
MLS,620927,Emeka Eneli,Colin Guske,428632,Real Salt Lake
MLS,620927,Emeka Eneli,Juan Jose Arias,206943,Real Salt Lake
MLS,620927,Emeka Eneli,Aiden Hezarkhani,428055,Real Salt Lake
MLS,620927,Emeka Eneli,Zach Booth,201763,Real Salt Lake
MLS,620927,Emeka Eneli,Rafael Cabral,22601,Real Salt Lake
MLS,620927,Emeka Eneli,Lineker Santos,521736,Real Salt Lake
MLS,620927,Emeka Eneli,Griffin Dillon,117076,Real Salt Lake
MLS,620927,Emeka Eneli,Mason Stajduhar,33787,Real Salt Lake
MLS,620927,Emeka Eneli,Juan Manuel Sanabria,50461,Real Salt Lake
MLS,620927,Emeka Eneli,Morgan Guilavogui,47351,Real Salt Lake
MLS,620927,Emeka Eneli,Stijn Spierings,8343,Real Salt Lake
MLS,620927,Emeka Eneli,Sergi Solans,537713,Real Salt Lake
MLS,620927,Emeka Eneli,Jesús Barea,471192,Real Salt Lake
MLS,620927,Emeka Eneli,Luca Moisa,136541,Real Salt Lake
MLS,620927,Emeka Eneli,Kobi Henry,44516,Real Salt Lake
MLS,628864,Nick Scardina,Aron John,396076,Charlotte FC
MLS,628864,Nick Scardina,Archie Goodwin,98485,Charlotte FC
MLS,628864,Nick Scardina,Kristijan Kahlina,28397,Charlotte FC
MLS,628864,Nick Scardina,Allan Saint-Maximin,3016,Charlotte FC
MLS,628864,Nick Scardina,Morrison Agyemang,439344,Charlotte FC
MLS,628864,Nick Scardina,Tyger Smalls,430622,Charlotte FC
MLS,628864,Nick Scardina,Rodolfo Aloko,522725,Charlotte FC
MLS,628864,Nick Scardina,Will Cleary,536938,Charlotte FC
MLS,812190,Obafemi Awodesu,Lucas Halter,25158,Houston Dynamo
MLS,812190,Obafemi Awodesu,Agustin Resch,537690,Houston Dynamo
MLS,812190,Obafemi Awodesu,Diadié Samassékou,8759,Houston Dynamo
MLS,812190,Obafemi Awodesu,Guilherme,52165,Houston Dynamo
MLS,812190,Obafemi Awodesu,Héctor Herrera,5575,Houston Dynamo
MLS,812190,Obafemi Awodesu,Agustín Bouzat,28671,Houston Dynamo
MLS,812190,Obafemi Awodesu,Nick Markanich,205823,Houston Dynamo
MLS,812190,Obafemi Awodesu,Marcelo Saracchi,12426,Houston Dynamo
MLS,812190,Obafemi Awodesu,Mateusz Bogusz,42545,Houston Dynamo
MLS,812190,Obafemi Awodesu,Matthew Arana,482491,Houston Dynamo
MLS,812190,Obafemi Awodesu,Jonathan Bond,3706,Houston Dynamo
MLS,812190,Obafemi Awodesu,Jimmy Maurer,12565,Houston Dynamo
MLS,813478,Garrison Tubbs,Keisuke Kurokawa,43005,DC United
MLS,813478,Garrison Tubbs,Andre Dozzell,19022,DC United
MLS,813478,Garrison Tubbs,Gavin Turner,218711,DC United
MLS,813478,Garrison Tubbs,Kimito Nono,426611,DC United
MLS,813478,Garrison Tubbs,Nikola Markovic,536952,DC United
MLS,813478,Garrison Tubbs,Louis Munteanu,84682,DC United
MLS,813478,Garrison Tubbs,Silvan Hefti,29226,DC United
MLS,813478,Garrison Tubbs,Sean Johnson,12746,DC United
LaLiga,810551,Francisco Cortés Gracia,Diego Pampín,49700,Levante UD
LaLiga,810551,Francisco Cortés Gracia,Mat Ryan,3240,Levante UD
LaLiga,810551,Francisco Cortés Gracia,Tay Abed,268825,Levante UD
LaLiga,810551,Francisco Cortés Gracia,José Luis Morales,6668,Levante UD
LaLiga,810551,Francisco Cortés Gracia,Carlos Espí,424912,Levante UD
LaLiga,810551,Francisco Cortés Gracia,Nacho Pérez,452727,Levante UD
LaLiga,810551,Francisco Cortés Gracia,Sergio Lozano,15737,Levante UD
LaLiga,810551,Francisco Cortés Gracia,Pablo Campos,96460,Levante UD
LaLiga,810551,Francisco Cortés Gracia,Paco Cortés,434033,Levante UD
LaLiga,810551,Francisco Cortés Gracia,Goduine Koyalipou,8445,Levante UD
LaLiga,810551,Francisco Cortés Gracia,Marc Santos,574499,Levante UD
LaLiga,810551,Francisco Cortés Gracia,Aïssa Mandi,6648,Levante UD
LaLiga,810551,Francisco Cortés Gracia,Thiago Fernández,391451,Levante UD
LaLiga,810551,Francisco Cortés Gracia,Enzo Bardeli,38773,Levante UD
LaLiga,827021,Cordón Mancha David,Coba da Costa,441938,Getafe CF
LaLiga,827021,Cordón Mancha David,David Soria,6722,Getafe CF
LaLiga,827021,Cordón Mancha David,Javier Muñoz,24078,Getafe CF
LaLiga,827021,Cordón Mancha David,Abu Kamara,163329,Getafe CF
LaLiga,827021,Cordón Mancha David,Juanmi,6695,Getafe CF
LaLiga,827021,Cordón Mancha David,Allan Nyom,3991,Getafe CF
LaLiga,827021,Cordón Mancha David,Joselu Pérez,443835,Getafe CF
LaLiga,827021,Cordón Mancha David,Yvan Neyou,43073,Getafe CF
LaLiga,827021,Cordón Mancha David,Álex Sancris,320846,Getafe CF
LaLiga,827021,Cordón Mancha David,Kiko Femenía,3269,Getafe CF
LaLiga,827021,Cordón Mancha David,Alejandro Mestanza,387693,Getafe CF
LaLiga,827021,Cordón Mancha David,Davinchi,433899,Getafe CF
LaLiga,827021,Cordón Mancha David,Jorge Montes,534114,Getafe CF
LaLiga,827021,Cordón Mancha David,Álex Sola,23481,Getafe CF
LaLiga,827021,Cordón Mancha David,Chrisantus Ugonna,407870,Getafe CF
LaLiga,827021,Cordón Mancha David,Hugo Granados,461848,Getafe CF
LaLiga,827021,Cordón Mancha David,Sebastián Boselli,285532,Getafe CF
LaLiga,827021,Cordón Mancha David,Veljko Birmancevic,28075,Getafe CF
LaLiga,827021,Cordón Mancha David,Damián Cáceres,66773,Getafe CF
LaLiga,827021,Cordón Mancha David,Ismael Bekhoucha,458662,Getafe CF
LaLiga,827021,Cordón Mancha David,Francho Serrano,39069,Getafe CF
LaLiga,827021,Cordón Mancha David,Jean Ives Valou,441454,Getafe CF
LaLiga,827021,Cordón Mancha David,Orel Mangala,8950,Getafe CF
LaLiga,827021,Cordón Mancha David,Enes Ünal,6760,Getafe CF
LaLiga,827021,Cordón Mancha David,Andrés García,358512,Getafe CF
LaLiga,827021,Cordón Mancha David,Alberto Risco Alcántara,430819,Getafe CF
LaLiga,827021,Cordón Mancha David,Saba Sazonov,94222,Getafe CF
LaLiga 2,2083,Francisco José Sánchez Rodríguez,Iván Chapela,133159,Burgos CF
LaLiga 2,2083,Francisco José Sánchez Rodríguez,Víctor Mollejo,23211,Burgos CF
LaLiga 2,2083,Francisco José Sánchez Rodríguez,Saúl del Cerro,299103,Burgos CF
LaLiga 2,2083,Francisco José Sánchez Rodríguez,Mario Cantero,407821,Burgos CF
LaLiga 2,2083,Francisco José Sánchez Rodríguez,Oier Luengo,133642,Burgos CF
LaLiga 2,2083,Francisco José Sánchez Rodríguez,Curro Sánchez,30454,Burgos CF
LaLiga 2,2083,Francisco José Sánchez Rodríguez,Mateo Mejia,245348,Burgos CF
LaLiga 2,2083,Francisco José Sánchez Rodríguez,Fermín García,419608,Burgos CF
LaLiga 2,2083,Francisco José Sánchez Rodríguez,Pablo Galdames,28639,Burgos CF
LaLiga 2,2083,Francisco José Sánchez Rodríguez,Anderson Arroyo,37231,Burgos CF
LaLiga 2,2083,Francisco José Sánchez Rodríguez,Marcelo Expósito,140545,Burgos CF
LaLiga 2,2083,Francisco José Sánchez Rodríguez,Ander Cantero,24510,Burgos CF
LaLiga 2,2083,Francisco José Sánchez Rodríguez,Aitor Buñuel,27563,Burgos CF
LaLiga 2,2083,Francisco José Sánchez Rodríguez,Brais Martínez,172898,Burgos CF
LaLiga 2,2083,Francisco José Sánchez Rodríguez,Álex Forés,337485,Burgos CF
LaLiga 2,2083,Francisco José Sánchez Rodríguez,Javi Llabrés,161585,Burgos CF
LaLiga 2,2083,Francisco José Sánchez Rodríguez,Jon Karrikaburu,133556,Burgos CF
LaLiga 2,2083,Francisco José Sánchez Rodríguez,Santiago Lencinas,439275,Burgos CF
LaLiga 2,10938,Joaquín Navarro Jiménez,Bil Nsongo,532032,RC Deportivo de La Coruña
LaLiga 2,10938,Joaquín Navarro Jiménez,Mohamed Bouldini,132469,RC Deportivo de La Coruña
LaLiga 2,10938,Joaquín Navarro Jiménez,Stoichkov,24071,RC Deportivo de La Coruña
LaLiga 2,10938,Joaquín Navarro Jiménez,Rubén López,198020,RC Deportivo de La Coruña
LaLiga 2,10938,Joaquín Navarro Jiménez,Cristian Herrera,24258,RC Deportivo de La Coruña
LaLiga 2,10938,Joaquín Navarro Jiménez,Germán Parreño,34456,RC Deportivo de La Coruña
LaLiga 2,10938,Joaquín Navarro Jiménez,Noé Carrillo,535710,RC Deportivo de La Coruña
LaLiga 2,10938,Joaquín Navarro Jiménez,Ximo Navarro,6923,RC Deportivo de La Coruña
LaLiga 2,10938,Joaquín Navarro Jiménez,Riki Rodríguez,30487,RC Deportivo de La Coruña
LaLiga 2,10938,Joaquín Navarro Jiménez,Luismi Cruz,159795,RC Deportivo de La Coruña
LaLiga 2,10938,Joaquín Navarro Jiménez,Samu Fernández,449142,RC Deportivo de La Coruña
LaLiga 2,10938,Joaquín Navarro Jiménez,Álvaro Ferllo,25598,RC Deportivo de La Coruña
LaLiga 2,13424,Alberto Rodríguez Baró,Ale Gomes,531512,Real Zaragoza
LaLiga 2,13424,Alberto Rodríguez Baró,Ager Aketxe,6845,Real Zaragoza
LaLiga 2,13424,Alberto Rodríguez Baró,Hugo Pinilla,477824,Real Zaragoza
LaLiga 2,13424,Alberto Rodríguez Baró,Nikola Cumic,27747,Real Zaragoza
LaLiga 2,13424,Alberto Rodríguez Baró,Tachi,30419,Real Zaragoza
LaLiga 2,13424,Alberto Rodríguez Baró,Raúl Guti,24517,Real Zaragoza
LaLiga 2,13424,Alberto Rodríguez Baró,Esteban Andrada,27847,Real Zaragoza
LaLiga 2,13424,Alberto Rodríguez Baró,Jawad El Yamiq,7459,Real Zaragoza
LaLiga 2,13424,Alberto Rodríguez Baró,Pau Sans,374329,Real Zaragoza
LaLiga 2,13424,Alberto Rodríguez Baró,Hugo Barrachina,424241,Real Zaragoza
LaLiga 2,13424,Alberto Rodríguez Baró,Sinan Bakış,8635,Real Zaragoza
LaLiga 2,13424,Alberto Rodríguez Baró,Sebas Moyano,40066,Real Zaragoza
LaLiga 2,13424,Alberto Rodríguez Baró,Samed Bazdar,122701,Real Zaragoza
LaLiga 2,13424,Alberto Rodríguez Baró,Willy Agada,135811,Real Zaragoza
LaLiga 2,13424,Alberto Rodríguez Baró,Jaime Tobajas,554507,Real Zaragoza
LaLiga 2,13424,Alberto Rodríguez Baró,Lucas Terrer,426480,Real Zaragoza
LaLiga 2,13424,Alberto Rodríguez Baró,Adrián Rodríguez,36958,Real Zaragoza
LaLiga 2,13424,Alberto Rodríguez Baró,Manuel Obón,451964,Real Zaragoza
LaLiga 2,23767,José Antonio Rodríguez Díaz,Riki Rodríguez,30487,Albacete Balompie
LaLiga 2,23767,José Antonio Rodríguez Díaz,Diego Mariño,23843,Albacete Balompie
LaLiga 2,23767,José Antonio Rodríguez Díaz,Ale Meléndez,174232,Albacete Balompie
LaLiga 2,23767,José Antonio Rodríguez Díaz,Antonio Puertas,24126,Albacete Balompie
LaLiga 2,23767,José Antonio Rodríguez Díaz,San Bartolomé,42280,Albacete Balompie
LaLiga 2,23767,José Antonio Rodríguez Díaz,Capi,396541,Albacete Balompie
LaLiga 2,23767,José Antonio Rodríguez Díaz,Lluís López,22919,Albacete Balompie
LaLiga 2,23767,José Antonio Rodríguez Díaz,Raúl Lizoáin,7905,Albacete Balompie
LaLiga 2,23767,José Antonio Rodríguez Díaz,Pepe Sánchez,51824,Albacete Balompie
LaLiga 2,23767,José Antonio Rodríguez Díaz,Higinio Marín,24482,Albacete Balompie
LaLiga 2,23767,José Antonio Rodríguez Díaz,Samuel Obeng,30488,Albacete Balompie
LaLiga 2,23767,José Antonio Rodríguez Díaz,Agus Medina,29970,Albacete Balompie
LaLiga 2,23767,José Antonio Rodríguez Díaz,Dani Bernabéu,458787,Albacete Balompie
LaLiga 2,23767,José Antonio Rodríguez Díaz,Joaquín Domingo Ponce,458786,Albacete Balompie
LaLiga 2,23767,José Antonio Rodríguez Díaz,Fabio García,466423,Albacete Balompie
LaLiga 2,23767,José Antonio Rodríguez Díaz,Alberto Morientes Palencia,458798,Albacete Balompie
LaLiga 2,23767,José Antonio Rodríguez Díaz,Agustín Albarracín,395659,Albacete Balompie
LaLiga 2,23767,José Antonio Rodríguez Díaz,Munir El Haddadi,6616,Albacete Balompie
LaLiga 2,23767,José Antonio Rodríguez Díaz,Tomás Inglés Navarro,448313,Albacete Balompie
LaLiga 2,24628,José Sánchez Martínez,Riki Rodríguez,30487,Albacete Balompie
LaLiga 2,24628,José Sánchez Martínez,Diego Mariño,23843,Albacete Balompie
LaLiga 2,24628,José Sánchez Martínez,Ale Meléndez,174232,Albacete Balompie
LaLiga 2,24628,José Sánchez Martínez,Antonio Puertas,24126,Albacete Balompie
LaLiga 2,24628,José Sánchez Martínez,San Bartolomé,42280,Albacete Balompie
LaLiga 2,24628,José Sánchez Martínez,Capi,396541,Albacete Balompie
LaLiga 2,24628,José Sánchez Martínez,Lluís López,22919,Albacete Balompie
LaLiga 2,24628,José Sánchez Martínez,Raúl Lizoáin,7905,Albacete Balompie
LaLiga 2,24628,José Sánchez Martínez,Pepe Sánchez,51824,Albacete Balompie
LaLiga 2,24628,José Sánchez Martínez,Higinio Marín,24482,Albacete Balompie
LaLiga 2,24628,José Sánchez Martínez,Samuel Obeng,30488,Albacete Balompie
LaLiga 2,24628,José Sánchez Martínez,Agus Medina,29970,Albacete Balompie
LaLiga 2,24628,José Sánchez Martínez,Dani Bernabéu,458787,Albacete Balompie
LaLiga 2,24628,José Sánchez Martínez,Joaquín Domingo Ponce,458786,Albacete Balompie
LaLiga 2,24628,José Sánchez Martínez,Fabio García,466423,Albacete Balompie
LaLiga 2,24628,José Sánchez Martínez,Alberto Morientes Palencia,458798,Albacete Balompie
LaLiga 2,24628,José Sánchez Martínez,Agustín Albarracín,395659,Albacete Balompie
LaLiga 2,24628,José Sánchez Martínez,Munir El Haddadi,6616,Albacete Balompie
LaLiga 2,24628,José Sánchez Martínez,Tomás Inglés Navarro,448313,Albacete Balompie
LaLiga 2,25913,Isaac Carcelén Valencia,Isaac Obeng,322756,Cadiz CF
LaLiga 2,25913,Isaac Carcelén Valencia,Juan Díaz,452041,Cadiz CF
LaLiga 2,25913,Isaac Carcelén Valencia,Efe Aghama,487582,Cadiz CF
LaLiga 2,25913,Isaac Carcelén Valencia,Suso,7022,Cadiz CF
LaLiga 2,25913,Isaac Carcelén Valencia,Rominigue Kouamé,4378,Cadiz CF
LaLiga 2,25913,Isaac Carcelén Valencia,Joaquín González,353761,Cadiz CF
LaLiga 2,25913,Isaac Carcelén Valencia,Victor Aznar,192289,Cadiz CF
LaLiga 2,25913,Isaac Carcelén Valencia,Jerónimo Dómina,367347,Cadiz CF
LaLiga 2,25913,Isaac Carcelén Valencia,Iza Carcelén,24322,Cadiz CF
LaLiga 2,25913,Isaac Carcelén Valencia,Pablo Arana,407234,Cadiz CF
LaLiga 2,25913,Isaac Carcelén Valencia,Alfred Caicedo,112383,Cadiz CF
LaLiga 2,25913,Isaac Carcelén Valencia,Lucas Pérez,6732,Cadiz CF
LaLiga 2,25913,Isaac Carcelén Valencia,David Gil,31793,Cadiz CF
LaLiga 2,25913,Isaac Carcelén Valencia,Roberto Marquez,573995,Cadiz CF
LaLiga 2,25913,Isaac Carcelén Valencia,Ibon Sanchez,391186,Cadiz CF
LaLiga 2,25913,Isaac Carcelén Valencia,Jandro Orellana,39583,Cadiz CF
LaLiga 2,25913,Isaac Carcelén Valencia,Dilan Zárate,418924,Cadiz CF
LaLiga 2,25913,Isaac Carcelén Valencia,Cristian Gutiérrez,337248,Cadiz CF
LaLiga 2,25913,Isaac Carcelén Valencia,Borja Vázquez,433607,Cadiz CF
LaLiga 2,25913,Isaac Carcelén Valencia,Giorgi Gocholeishvili,348086,Cadiz CF
LaLiga 2,25913,Isaac Carcelén Valencia,Urko Izeta,324018,Cadiz CF
LaLiga 2,25913,Isaac Carcelén Valencia,Manu Fernández,407243,Cadiz CF
LaLiga 2,25913,Isaac Carcelén Valencia,Vladyslav Kopotun,324052,Cadiz CF
LaLiga 2,25913,Isaac Carcelén Valencia,Rivera,470320,Cadiz CF
LaLiga 2,25913,Isaac Carcelén Valencia,Noah Obioma,425889,Cadiz CF
LaLiga 2,25913,Isaac Carcelén Valencia,Jokin Ezkieta,35404,Cadiz CF
LaLiga 2,26015,Victor Álvarez Rozada,Dinko Horkas,41670,UD Las Palmas
LaLiga 2,26015,Victor Álvarez Rozada,Edward Cedeño,408247,UD Las Palmas
LaLiga 2,26015,Victor Álvarez Rozada,Juanma Herzog,405234,UD Las Palmas
LaLiga 2,26015,Victor Álvarez Rozada,Valentín Pezzolesi,439828,UD Las Palmas
LaLiga 2,26015,Victor Álvarez Rozada,Ale García,134829,UD Las Palmas
LaLiga 2,26015,Victor Álvarez Rozada,Jaime Mata,11550,UD Las Palmas
LaLiga 2,26015,Victor Álvarez Rozada,Iván Ortega,536810,UD Las Palmas
LaLiga 2,26015,Victor Álvarez Rozada,Adam Arvelo,491246,UD Las Palmas
LaLiga 2,26015,Victor Álvarez Rozada,Cristian Gutiérrez,337248,UD Las Palmas
LaLiga 2,26015,Victor Álvarez Rozada,Pejiño,47649,UD Las Palmas
LaLiga 2,26015,Victor Álvarez Rozada,Iker Bravo,149879,UD Las Palmas
LaLiga 2,26015,Victor Álvarez Rozada,Iñaki González,405233,UD Las Palmas
LaLiga 2,26015,Victor Álvarez Rozada,Nicolás Benedetti,27356,UD Las Palmas
LaLiga 2,26015,Victor Álvarez Rozada,José Caro,24920,UD Las Palmas
LaLiga 2,26015,Victor Álvarez Rozada,Estanis Pedrola,140577,UD Las Palmas
LaLiga 2,26015,Victor Álvarez Rozada,Sandro Ramírez,3508,UD Las Palmas
LaLiga 2,26015,Victor Álvarez Rozada,Viti,24077,UD Las Palmas
LaLiga 2,26015,Victor Álvarez Rozada,Jeremía Recoba,426051,UD Las Palmas
LaLiga 2,26015,Victor Álvarez Rozada,Marc Cardona,13108,UD Las Palmas
LaLiga 2,26015,Victor Álvarez Rozada,Andrés Rodríguez,419582,UD Las Palmas
LaLiga 2,26015,Victor Álvarez Rozada,Iván Jaime,37028,UD Las Palmas
LaLiga 2,26015,Victor Álvarez Rozada,Rafael Cruz,553387,UD Las Palmas
LaLiga 2,26015,Victor Álvarez Rozada,Giovanni Bonfanti,91172,UD Las Palmas
LaLiga 2,26015,Victor Álvarez Rozada,Elías Romero Martinez,462148,UD Las Palmas
LaLiga 2,28931,Agustín Medina Delgado,Riki Rodríguez,30487,Albacete Balompie
LaLiga 2,28931,Agustín Medina Delgado,Diego Mariño,23843,Albacete Balompie
LaLiga 2,28931,Agustín Medina Delgado,Ale Meléndez,174232,Albacete Balompie
LaLiga 2,28931,Agustín Medina Delgado,Antonio Puertas,24126,Albacete Balompie
LaLiga 2,28931,Agustín Medina Delgado,San Bartolomé,42280,Albacete Balompie
LaLiga 2,28931,Agustín Medina Delgado,Capi,396541,Albacete Balompie
LaLiga 2,28931,Agustín Medina Delgado,Lluís López,22919,Albacete Balompie
LaLiga 2,28931,Agustín Medina Delgado,Raúl Lizoáin,7905,Albacete Balompie
LaLiga 2,28931,Agustín Medina Delgado,Pepe Sánchez,51824,Albacete Balompie
LaLiga 2,28931,Agustín Medina Delgado,Higinio Marín,24482,Albacete Balompie
LaLiga 2,28931,Agustín Medina Delgado,Samuel Obeng,30488,Albacete Balompie
LaLiga 2,28931,Agustín Medina Delgado,Agus Medina,29970,Albacete Balompie
LaLiga 2,28931,Agustín Medina Delgado,Dani Bernabéu,458787,Albacete Balompie
LaLiga 2,28931,Agustín Medina Delgado,Joaquín Domingo Ponce,458786,Albacete Balompie
LaLiga 2,28931,Agustín Medina Delgado,Fabio García,466423,Albacete Balompie
LaLiga 2,28931,Agustín Medina Delgado,Alberto Morientes Palencia,458798,Albacete Balompie
LaLiga 2,28931,Agustín Medina Delgado,Agustín Albarracín,395659,Albacete Balompie
LaLiga 2,28931,Agustín Medina Delgado,Munir El Haddadi,6616,Albacete Balompie
LaLiga 2,28931,Agustín Medina Delgado,Tomás Inglés Navarro,448313,Albacete Balompie
LaLiga 2,30889,Juan Diego Molina Martínez,Bil Nsongo,532032,RC Deportivo de La Coruña
LaLiga 2,30889,Juan Diego Molina Martínez,Mohamed Bouldini,132469,RC Deportivo de La Coruña
LaLiga 2,30889,Juan Diego Molina Martínez,Stoichkov,24071,RC Deportivo de La Coruña
LaLiga 2,30889,Juan Diego Molina Martínez,Rubén López,198020,RC Deportivo de La Coruña
LaLiga 2,30889,Juan Diego Molina Martínez,Cristian Herrera,24258,RC Deportivo de La Coruña
LaLiga 2,30889,Juan Diego Molina Martínez,Germán Parreño,34456,RC Deportivo de La Coruña
LaLiga 2,30889,Juan Diego Molina Martínez,Noé Carrillo,535710,RC Deportivo de La Coruña
LaLiga 2,30889,Juan Diego Molina Martínez,Ximo Navarro,6923,RC Deportivo de La Coruña
LaLiga 2,30889,Juan Diego Molina Martínez,Riki Rodríguez,30487,RC Deportivo de La Coruña
LaLiga 2,30889,Juan Diego Molina Martínez,Luismi Cruz,159795,RC Deportivo de La Coruña
LaLiga 2,30889,Juan Diego Molina Martínez,Samu Fernández,449142,RC Deportivo de La Coruña
LaLiga 2,30889,Juan Diego Molina Martínez,Álvaro Ferllo,25598,RC Deportivo de La Coruña
LaLiga 2,30900,Ricardo Rodríguez Gil Carcedo,Bil Nsongo,532032,RC Deportivo de La Coruña
LaLiga 2,30900,Ricardo Rodríguez Gil Carcedo,Mohamed Bouldini,132469,RC Deportivo de La Coruña
LaLiga 2,30900,Ricardo Rodríguez Gil Carcedo,Stoichkov,24071,RC Deportivo de La Coruña
LaLiga 2,30900,Ricardo Rodríguez Gil Carcedo,Rubén López,198020,RC Deportivo de La Coruña
LaLiga 2,30900,Ricardo Rodríguez Gil Carcedo,Cristian Herrera,24258,RC Deportivo de La Coruña
LaLiga 2,30900,Ricardo Rodríguez Gil Carcedo,Germán Parreño,34456,RC Deportivo de La Coruña
LaLiga 2,30900,Ricardo Rodríguez Gil Carcedo,Noé Carrillo,535710,RC Deportivo de La Coruña
LaLiga 2,30900,Ricardo Rodríguez Gil Carcedo,Ximo Navarro,6923,RC Deportivo de La Coruña
LaLiga 2,30900,Ricardo Rodríguez Gil Carcedo,Riki Rodríguez,30487,RC Deportivo de La Coruña
LaLiga 2,30900,Ricardo Rodríguez Gil Carcedo,Luismi Cruz,159795,RC Deportivo de La Coruña
LaLiga 2,30900,Ricardo Rodríguez Gil Carcedo,Samu Fernández,449142,RC Deportivo de La Coruña
LaLiga 2,30900,Ricardo Rodríguez Gil Carcedo,Álvaro Ferllo,25598,RC Deportivo de La Coruña
LaLiga 2,30900,Ricardo Rodríguez Gil Carcedo,Riki Rodríguez,30487,Albacete Balompie
LaLiga 2,30900,Ricardo Rodríguez Gil Carcedo,Diego Mariño,23843,Albacete Balompie
LaLiga 2,30900,Ricardo Rodríguez Gil Carcedo,Ale Meléndez,174232,Albacete Balompie
LaLiga 2,30900,Ricardo Rodríguez Gil Carcedo,Antonio Puertas,24126,Albacete Balompie
LaLiga 2,30900,Ricardo Rodríguez Gil Carcedo,San Bartolomé,42280,Albacete Balompie
LaLiga 2,30900,Ricardo Rodríguez Gil Carcedo,Capi,396541,Albacete Balompie
LaLiga 2,30900,Ricardo Rodríguez Gil Carcedo,Lluís López,22919,Albacete Balompie
LaLiga 2,30900,Ricardo Rodríguez Gil Carcedo,Raúl Lizoáin,7905,Albacete Balompie
LaLiga 2,30900,Ricardo Rodríguez Gil Carcedo,Pepe Sánchez,51824,Albacete Balompie
LaLiga 2,30900,Ricardo Rodríguez Gil Carcedo,Higinio Marín,24482,Albacete Balompie
LaLiga 2,30900,Ricardo Rodríguez Gil Carcedo,Samuel Obeng,30488,Albacete Balompie
LaLiga 2,30900,Ricardo Rodríguez Gil Carcedo,Agus Medina,29970,Albacete Balompie
LaLiga 2,30900,Ricardo Rodríguez Gil Carcedo,Dani Bernabéu,458787,Albacete Balompie
LaLiga 2,30900,Ricardo Rodríguez Gil Carcedo,Joaquín Domingo Ponce,458786,Albacete Balompie
LaLiga 2,30900,Ricardo Rodríguez Gil Carcedo,Fabio García,466423,Albacete Balompie
LaLiga 2,30900,Ricardo Rodríguez Gil Carcedo,Alberto Morientes Palencia,458798,Albacete Balompie
LaLiga 2,30900,Ricardo Rodríguez Gil Carcedo,Agustín Albarracín,395659,Albacete Balompie
LaLiga 2,30900,Ricardo Rodríguez Gil Carcedo,Munir El Haddadi,6616,Albacete Balompie
LaLiga 2,30900,Ricardo Rodríguez Gil Carcedo,Tomás Inglés Navarro,448313,Albacete Balompie
LaLiga 2,30901,José Raúl Gutiérrez Parejo,Ale Gomes,531512,Real Zaragoza
LaLiga 2,30901,José Raúl Gutiérrez Parejo,Ager Aketxe,6845,Real Zaragoza
LaLiga 2,30901,José Raúl Gutiérrez Parejo,Hugo Pinilla,477824,Real Zaragoza
LaLiga 2,30901,José Raúl Gutiérrez Parejo,Nikola Cumic,27747,Real Zaragoza
LaLiga 2,30901,José Raúl Gutiérrez Parejo,Tachi,30419,Real Zaragoza
LaLiga 2,30901,José Raúl Gutiérrez Parejo,Raúl Guti,24517,Real Zaragoza
LaLiga 2,30901,José Raúl Gutiérrez Parejo,Esteban Andrada,27847,Real Zaragoza
LaLiga 2,30901,José Raúl Gutiérrez Parejo,Jawad El Yamiq,7459,Real Zaragoza
LaLiga 2,30901,José Raúl Gutiérrez Parejo,Pau Sans,374329,Real Zaragoza
LaLiga 2,30901,José Raúl Gutiérrez Parejo,Hugo Barrachina,424241,Real Zaragoza
LaLiga 2,30901,José Raúl Gutiérrez Parejo,Sinan Bakış,8635,Real Zaragoza
LaLiga 2,30901,José Raúl Gutiérrez Parejo,Sebas Moyano,40066,Real Zaragoza
LaLiga 2,30901,José Raúl Gutiérrez Parejo,Samed Bazdar,122701,Real Zaragoza
LaLiga 2,30901,José Raúl Gutiérrez Parejo,Willy Agada,135811,Real Zaragoza
LaLiga 2,30901,José Raúl Gutiérrez Parejo,Jaime Tobajas,554507,Real Zaragoza
LaLiga 2,30901,José Raúl Gutiérrez Parejo,Lucas Terrer,426480,Real Zaragoza
LaLiga 2,30901,José Raúl Gutiérrez Parejo,Adrián Rodríguez,36958,Real Zaragoza
LaLiga 2,30901,José Raúl Gutiérrez Parejo,Manuel Obón,451964,Real Zaragoza
LaLiga 2,31991,José Luis Zalazar Martínez,Samuel Obeng,30488,Agrupación Deportiva Ceuta FC
LaLiga 2,31991,José Luis Zalazar Martínez,Andy Escudero,174242,Agrupación Deportiva Ceuta FC
LaLiga 2,31991,José Luis Zalazar Martínez,Manu Vallejo,23978,Agrupación Deportiva Ceuta FC
LaLiga 2,31991,José Luis Zalazar Martínez,Salvi Sánchez,23973,Agrupación Deportiva Ceuta FC
LaLiga 2,31991,José Luis Zalazar Martínez,Marc Domenech,440348,Agrupación Deportiva Ceuta FC
LaLiga 2,31991,José Luis Zalazar Martínez,Ignacio Schor,91995,Agrupación Deportiva Ceuta FC
LaLiga 2,31991,José Luis Zalazar Martínez,Juanto Ortuño,47463,Agrupación Deportiva Ceuta FC
LaLiga 2,31991,José Luis Zalazar Martínez,Sergio González,547958,Agrupación Deportiva Ceuta FC
LaLiga 2,31991,José Luis Zalazar Martínez,Aboubacar Bassinga,440068,Agrupación Deportiva Ceuta FC
LaLiga 2,31991,José Luis Zalazar Martínez,Pedro López,8567,Agrupación Deportiva Ceuta FC
LaLiga 2,31991,José Luis Zalazar Martínez,Manu Sánchez,312258,Agrupación Deportiva Ceuta FC
LaLiga 2,31991,José Luis Zalazar Martínez,Guillermo Vallejo,315461,Agrupación Deportiva Ceuta FC
LaLiga 2,31991,José Luis Zalazar Martínez,Arick Betancourt,548403,Agrupación Deportiva Ceuta FC
LaLiga 2,31991,José Luis Zalazar Martínez,Yago Cantero,141360,Agrupación Deportiva Ceuta FC
LaLiga 2,31991,José Luis Zalazar Martínez,José Campaña,6688,Agrupación Deportiva Ceuta FC
LaLiga 2,31991,José Luis Zalazar Martínez,Efe Aghama,487582,Agrupación Deportiva Ceuta FC
LaLiga 2,31991,José Luis Zalazar Martínez,Adrián Colunga,520773,Agrupación Deportiva Ceuta FC
LaLiga 2,31991,José Luis Zalazar Martínez,Kuki Zalazar,47373,Agrupación Deportiva Ceuta FC
LaLiga 2,31991,José Luis Zalazar Martínez,Josema López,487579,Agrupación Deportiva Ceuta FC
LaLiga 2,31991,José Luis Zalazar Martínez,Alejandro Camacho,77032,Agrupación Deportiva Ceuta FC
LaLiga 2,31991,José Luis Zalazar Martínez,Omar Sadik,415094,Agrupación Deportiva Ceuta FC
LaLiga 2,31991,José Luis Zalazar Martínez,Chidiebere Okoro,547955,Agrupación Deportiva Ceuta FC
LaLiga 2,31991,José Luis Zalazar Martínez,Dani Mas,451232,Agrupación Deportiva Ceuta FC
LaLiga 2,31991,José Luis Zalazar Martínez,Ale Meléndez,174232,Agrupación Deportiva Ceuta FC
LaLiga 2,31991,José Luis Zalazar Martínez,Álex Petxarroman,132413,Agrupación Deportiva Ceuta FC
LaLiga 2,31991,José Luis Zalazar Martínez,Cedric Teguia,39004,Agrupación Deportiva Ceuta FC
LaLiga 2,31991,José Luis Zalazar Martínez,Adrián Lapeña,28784,Agrupación Deportiva Ceuta FC
LaLiga 2,31991,José Luis Zalazar Martínez,Adrián Romero,520982,Agrupación Deportiva Ceuta FC
LaLiga 2,31991,José Luis Zalazar Martínez,Kenneth Mamah,298676,Agrupación Deportiva Ceuta FC
LaLiga 2,34485,Francisco Jesús Crespo García,Dinko Horkas,41670,UD Las Palmas
LaLiga 2,34485,Francisco Jesús Crespo García,Edward Cedeño,408247,UD Las Palmas
LaLiga 2,34485,Francisco Jesús Crespo García,Juanma Herzog,405234,UD Las Palmas
LaLiga 2,34485,Francisco Jesús Crespo García,Valentín Pezzolesi,439828,UD Las Palmas
LaLiga 2,34485,Francisco Jesús Crespo García,Ale García,134829,UD Las Palmas
LaLiga 2,34485,Francisco Jesús Crespo García,Jaime Mata,11550,UD Las Palmas
LaLiga 2,34485,Francisco Jesús Crespo García,Iván Ortega,536810,UD Las Palmas
LaLiga 2,34485,Francisco Jesús Crespo García,Adam Arvelo,491246,UD Las Palmas
LaLiga 2,34485,Francisco Jesús Crespo García,Cristian Gutiérrez,337248,UD Las Palmas
LaLiga 2,34485,Francisco Jesús Crespo García,Pejiño,47649,UD Las Palmas
LaLiga 2,34485,Francisco Jesús Crespo García,Iker Bravo,149879,UD Las Palmas
LaLiga 2,34485,Francisco Jesús Crespo García,Iñaki González,405233,UD Las Palmas
LaLiga 2,34485,Francisco Jesús Crespo García,Nicolás Benedetti,27356,UD Las Palmas
LaLiga 2,34485,Francisco Jesús Crespo García,José Caro,24920,UD Las Palmas
LaLiga 2,34485,Francisco Jesús Crespo García,Estanis Pedrola,140577,UD Las Palmas
LaLiga 2,34485,Francisco Jesús Crespo García,Sandro Ramírez,3508,UD Las Palmas
LaLiga 2,34485,Francisco Jesús Crespo García,Viti,24077,UD Las Palmas
LaLiga 2,34485,Francisco Jesús Crespo García,Jeremía Recoba,426051,UD Las Palmas
LaLiga 2,34485,Francisco Jesús Crespo García,Marc Cardona,13108,UD Las Palmas
LaLiga 2,34485,Francisco Jesús Crespo García,Andrés Rodríguez,419582,UD Las Palmas
LaLiga 2,34485,Francisco Jesús Crespo García,Iván Jaime,37028,UD Las Palmas
LaLiga 2,34485,Francisco Jesús Crespo García,Rafael Cruz,553387,UD Las Palmas
LaLiga 2,34485,Francisco Jesús Crespo García,Giovanni Bonfanti,91172,UD Las Palmas
LaLiga 2,34485,Francisco Jesús Crespo García,Elías Romero Martinez,462148,UD Las Palmas
LaLiga 2,61683,Guilherme Borges Guedes,André Horta,12540,UD Almería
LaLiga 2,61683,Guilherme Borges Guedes,Lucas Robertone,28666,UD Almería
LaLiga 2,61683,Guilherme Borges Guedes,Rodrigo Ely,6636,UD Almería
LaLiga 2,61683,Guilherme Borges Guedes,Marko Perovic,448846,UD Almería
LaLiga 2,61683,Guilherme Borges Guedes,Aridane Hernández,24212,UD Almería
LaLiga 2,61683,Guilherme Borges Guedes,Pedro Segura,464269,UD Almería
LaLiga 2,61683,Guilherme Borges Guedes,Patrick Soko,296257,UD Almería
LaLiga 2,61683,Guilherme Borges Guedes,Andrés Fernández,8697,UD Almería
LaLiga 2,61683,Guilherme Borges Guedes,Gui Guedes,132476,UD Almería
LaLiga 2,61683,Guilherme Borges Guedes,Houssam Kounia Ait Tamlihat,534653,UD Almería
LaLiga 2,61683,Guilherme Borges Guedes,Lázaro,49392,UD Almería
LaLiga 2,61683,Guilherme Borges Guedes,Chumi,41407,UD Almería
LaLiga 2,61683,Guilherme Borges Guedes,Mikel Vesga,6667,UD Almería
LaLiga 2,61683,Guilherme Borges Guedes,Quim Junyent,416367,UD Almería
LaLiga 2,63346,Pedro Alejandro García Mejías,Dinko Horkas,41670,UD Las Palmas
LaLiga 2,63346,Pedro Alejandro García Mejías,Edward Cedeño,408247,UD Las Palmas
LaLiga 2,63346,Pedro Alejandro García Mejías,Juanma Herzog,405234,UD Las Palmas
LaLiga 2,63346,Pedro Alejandro García Mejías,Valentín Pezzolesi,439828,UD Las Palmas
LaLiga 2,63346,Pedro Alejandro García Mejías,Ale García,134829,UD Las Palmas
LaLiga 2,63346,Pedro Alejandro García Mejías,Jaime Mata,11550,UD Las Palmas
LaLiga 2,63346,Pedro Alejandro García Mejías,Iván Ortega,536810,UD Las Palmas
LaLiga 2,63346,Pedro Alejandro García Mejías,Adam Arvelo,491246,UD Las Palmas
LaLiga 2,63346,Pedro Alejandro García Mejías,Cristian Gutiérrez,337248,UD Las Palmas
LaLiga 2,63346,Pedro Alejandro García Mejías,Pejiño,47649,UD Las Palmas
LaLiga 2,63346,Pedro Alejandro García Mejías,Iker Bravo,149879,UD Las Palmas
LaLiga 2,63346,Pedro Alejandro García Mejías,Iñaki González,405233,UD Las Palmas
LaLiga 2,63346,Pedro Alejandro García Mejías,Nicolás Benedetti,27356,UD Las Palmas
LaLiga 2,63346,Pedro Alejandro García Mejías,José Caro,24920,UD Las Palmas
LaLiga 2,63346,Pedro Alejandro García Mejías,Estanis Pedrola,140577,UD Las Palmas
LaLiga 2,63346,Pedro Alejandro García Mejías,Sandro Ramírez,3508,UD Las Palmas
LaLiga 2,63346,Pedro Alejandro García Mejías,Viti,24077,UD Las Palmas
LaLiga 2,63346,Pedro Alejandro García Mejías,Jeremía Recoba,426051,UD Las Palmas
LaLiga 2,63346,Pedro Alejandro García Mejías,Marc Cardona,13108,UD Las Palmas
LaLiga 2,63346,Pedro Alejandro García Mejías,Andrés Rodríguez,419582,UD Las Palmas
LaLiga 2,63346,Pedro Alejandro García Mejías,Iván Jaime,37028,UD Las Palmas
LaLiga 2,63346,Pedro Alejandro García Mejías,Rafael Cruz,553387,UD Las Palmas
LaLiga 2,63346,Pedro Alejandro García Mejías,Giovanni Bonfanti,91172,UD Las Palmas
LaLiga 2,63346,Pedro Alejandro García Mejías,Elías Romero Martinez,462148,UD Las Palmas
LaLiga 2,63383,Alexander Petxarroman Eizaguirre,Víctor Chumachenko,557986,FC Andorra
LaLiga 2,63383,Alexander Petxarroman Eizaguirre,Jesús Owono,105765,FC Andorra
LaLiga 2,63383,Alexander Petxarroman Eizaguirre,Alejandro Calvo,386181,FC Andorra
LaLiga 2,63383,Alexander Petxarroman Eizaguirre,Álex Petxarroman,132413,FC Andorra
LaLiga 2,63383,Alexander Petxarroman Eizaguirre,Antal Yaakobishvili,417452,FC Andorra
LaLiga 2,63383,Alexander Petxarroman Eizaguirre,Áron Yaakobishvili,328395,FC Andorra
LaLiga 2,63383,Alexander Petxarroman Eizaguirre,Edgar González,33079,FC Andorra
LaLiga 2,63383,Alexander Petxarroman Eizaguirre,Yeray Cabanzón,344404,FC Andorra
LaLiga 2,63383,Alexander Petxarroman Eizaguirre,Aitor Uzkudun,488917,FC Andorra
LaLiga 2,63383,Alexander Petxarroman Eizaguirre,Marc Cardona,13108,FC Andorra
LaLiga 2,63383,Alexander Petxarroman Eizaguirre,Martín Merquelanz,23212,FC Andorra
LaLiga 2,63383,Alexander Petxarroman Eizaguirre,Nico Ratti,173385,FC Andorra
LaLiga 2,63383,Alexander Petxarroman Eizaguirre,Nacho Quintana,39042,FC Andorra
LaLiga 2,63383,Alexander Petxarroman Eizaguirre,Julian Rijkhoff,152055,FC Andorra
LaLiga 2,63383,Alexander Petxarroman Eizaguirre,Hugo Granados,461848,FC Andorra
LaLiga 2,63383,Alexander Petxarroman Eizaguirre,Stefan Golubovic,409619,FC Andorra
LaLiga 2,63383,Alexander Petxarroman Eizaguirre,Jordi Cano,419517,FC Andorra
LaLiga 2,63383,Alexander Petxarroman Eizaguirre,Hugo Cortés,464359,FC Andorra
LaLiga 2,63383,Alexander Petxarroman Eizaguirre,Randy Schneider,48416,FC Andorra
LaLiga 2,63383,Alexander Petxarroman Eizaguirre,Moro Sidibe,563701,FC Andorra
LaLiga 2,63383,Alexander Petxarroman Eizaguirre,Andoni López,7911,FC Andorra
LaLiga 2,63383,Alexander Petxarroman Eizaguirre,Pau López,6792,FC Andorra
LaLiga 2,63383,Alexander Petxarroman Eizaguirre,Lautaro Marco Spatz,346430,FC Andorra
LaLiga 2,69290,Javier Fernández Abruñedo,Daniel Paraschiv,130994,Cultural y Deportiva Leonesa
LaLiga 2,69290,Javier Fernández Abruñedo,Yayo González,175050,Cultural y Deportiva Leonesa
LaLiga 2,69290,Javier Fernández Abruñedo,Nicolás Toca,395860,Cultural y Deportiva Leonesa
LaLiga 2,69290,Javier Fernández Abruñedo,Víctor Moreno,255817,Cultural y Deportiva Leonesa
LaLiga 2,69290,Javier Fernández Abruñedo,Bicho,320251,Cultural y Deportiva Leonesa
LaLiga 2,69290,Javier Fernández Abruñedo,Quique Fornos,344892,Cultural y Deportiva Leonesa
LaLiga 2,69290,Javier Fernández Abruñedo,Guzmán Ortega,421551,Cultural y Deportiva Leonesa
LaLiga 2,69290,Javier Fernández Abruñedo,Edgar Badía,24165,Cultural y Deportiva Leonesa
LaLiga 2,69290,Javier Fernández Abruñedo,Alejandro Morante,551613,Cultural y Deportiva Leonesa
LaLiga 2,69290,Javier Fernández Abruñedo,Nemanja Radoja,6796,Cultural y Deportiva Leonesa
LaLiga 2,69290,Javier Fernández Abruñedo,Jordi Mboula,4778,Cultural y Deportiva Leonesa
LaLiga 2,69290,Javier Fernández Abruñedo,Eneko Satrústegui,47461,Cultural y Deportiva Leonesa
LaLiga 2,69290,Javier Fernández Abruñedo,Miguel Bañuz,326046,Cultural y Deportiva Leonesa
LaLiga 2,69290,Javier Fernández Abruñedo,Homam Al Amin,124900,Cultural y Deportiva Leonesa
LaLiga 2,69290,Javier Fernández Abruñedo,Paco Cortés,434033,Cultural y Deportiva Leonesa
LaLiga 2,69310,Luis Miguel Cruz Hernández,Bil Nsongo,532032,RC Deportivo de La Coruña
LaLiga 2,69310,Luis Miguel Cruz Hernández,Mohamed Bouldini,132469,RC Deportivo de La Coruña
LaLiga 2,69310,Luis Miguel Cruz Hernández,Stoichkov,24071,RC Deportivo de La Coruña
LaLiga 2,69310,Luis Miguel Cruz Hernández,Rubén López,198020,RC Deportivo de La Coruña
LaLiga 2,69310,Luis Miguel Cruz Hernández,Cristian Herrera,24258,RC Deportivo de La Coruña
LaLiga 2,69310,Luis Miguel Cruz Hernández,Germán Parreño,34456,RC Deportivo de La Coruña
LaLiga 2,69310,Luis Miguel Cruz Hernández,Noé Carrillo,535710,RC Deportivo de La Coruña
LaLiga 2,69310,Luis Miguel Cruz Hernández,Ximo Navarro,6923,RC Deportivo de La Coruña
LaLiga 2,69310,Luis Miguel Cruz Hernández,Riki Rodríguez,30487,RC Deportivo de La Coruña
LaLiga 2,69310,Luis Miguel Cruz Hernández,Luismi Cruz,159795,RC Deportivo de La Coruña
LaLiga 2,69310,Luis Miguel Cruz Hernández,Samu Fernández,449142,RC Deportivo de La Coruña
LaLiga 2,69310,Luis Miguel Cruz Hernández,Álvaro Ferllo,25598,RC Deportivo de La Coruña
LaLiga 2,70838,Francisco Sebastián Moyano Jiménez,Ale Gomes,531512,Real Zaragoza
LaLiga 2,70838,Francisco Sebastián Moyano Jiménez,Ager Aketxe,6845,Real Zaragoza
LaLiga 2,70838,Francisco Sebastián Moyano Jiménez,Hugo Pinilla,477824,Real Zaragoza
LaLiga 2,70838,Francisco Sebastián Moyano Jiménez,Nikola Cumic,27747,Real Zaragoza
LaLiga 2,70838,Francisco Sebastián Moyano Jiménez,Tachi,30419,Real Zaragoza
LaLiga 2,70838,Francisco Sebastián Moyano Jiménez,Raúl Guti,24517,Real Zaragoza
LaLiga 2,70838,Francisco Sebastián Moyano Jiménez,Esteban Andrada,27847,Real Zaragoza
LaLiga 2,70838,Francisco Sebastián Moyano Jiménez,Jawad El Yamiq,7459,Real Zaragoza
LaLiga 2,70838,Francisco Sebastián Moyano Jiménez,Pau Sans,374329,Real Zaragoza
LaLiga 2,70838,Francisco Sebastián Moyano Jiménez,Hugo Barrachina,424241,Real Zaragoza
LaLiga 2,70838,Francisco Sebastián Moyano Jiménez,Sinan Bakış,8635,Real Zaragoza
LaLiga 2,70838,Francisco Sebastián Moyano Jiménez,Sebas Moyano,40066,Real Zaragoza
LaLiga 2,70838,Francisco Sebastián Moyano Jiménez,Samed Bazdar,122701,Real Zaragoza
LaLiga 2,70838,Francisco Sebastián Moyano Jiménez,Willy Agada,135811,Real Zaragoza
LaLiga 2,70838,Francisco Sebastián Moyano Jiménez,Jaime Tobajas,554507,Real Zaragoza
LaLiga 2,70838,Francisco Sebastián Moyano Jiménez,Lucas Terrer,426480,Real Zaragoza
LaLiga 2,70838,Francisco Sebastián Moyano Jiménez,Adrián Rodríguez,36958,Real Zaragoza
LaLiga 2,70838,Francisco Sebastián Moyano Jiménez,Manuel Obón,451964,Real Zaragoza
LaLiga 2,183562,Gonzalo Aguilar López,Juan Soriano,23921,CD Leganés
LaLiga 2,183562,Gonzalo Aguilar López,Duk,39482,CD Leganés
LaLiga 2,183562,Gonzalo Aguilar López,Andrés Campos,407929,CD Leganés
LaLiga 2,183562,Gonzalo Aguilar López,Lalo Aguilar,298749,CD Leganés
LaLiga 2,183562,Gonzalo Aguilar López,Saïd Imigene,471440,CD Leganés
LaLiga 2,183562,Gonzalo Aguilar López,Rubén Pulido,47536,CD Leganés
LaLiga 2,183562,Gonzalo Aguilar López,Benjamin Pauwels,405626,CD Leganés
LaLiga 2,183562,Gonzalo Aguilar López,Carlos Guirao,440180,CD Leganés
LaLiga 2,183562,Gonzalo Aguilar López,Djibril Gueye,531298,CD Leganés
LaLiga 2,183562,Gonzalo Aguilar López,Roberto López,22801,CD Leganés
LaLiga 2,183562,Gonzalo Aguilar López,Unax del Cura,450622,CD Leganés
LaLiga 2,183562,Gonzalo Aguilar López,Patrick Soko,296257,CD Leganés
LaLiga 2,183562,Gonzalo Aguilar López,Raúl Fernández,6781,CD Leganés
LaLiga 2,183562,Gonzalo Aguilar López,Suleiman El Haddadi,532002,CD Leganés
LaLiga 2,183562,Gonzalo Aguilar López,Zico Buurmeester,50886,CD Leganés
LaLiga 2,183562,Gonzalo Aguilar López,Ismaël Gharbi,105848,CD Leganés
LaLiga 2,183562,Gonzalo Aguilar López,Yassine Kechta,118367,CD Leganés
LaLiga 2,183562,Gonzalo Aguilar López,Álvaro Tejero,23981,CD Leganés
LaLiga 2,183562,Gonzalo Aguilar López,Álex Sancris,320846,CD Leganés
LaLiga 2,183562,Gonzalo Aguilar López,Luca Zidane,8788,CD Leganés
LaLiga 2,184356,Malcom Abdulai Ares Djaló,Oier Llorente,488335,SD Eibar
LaLiga 2,184356,Malcom Abdulai Ares Djaló,Hodei Arrillaga,378601,SD Eibar
LaLiga 2,184356,Malcom Abdulai Ares Djaló,Javi Martínez,40114,SD Eibar
LaLiga 2,184356,Malcom Abdulai Ares Djaló,Hugo García,488336,SD Eibar
LaLiga 2,184356,Malcom Abdulai Ares Djaló,Juan Bernat,15651,SD Eibar
LaLiga 2,184356,Malcom Abdulai Ares Djaló,Adu Ares,298831,SD Eibar
LaLiga 2,184356,Malcom Abdulai Ares Djaló,Jonmi Magunagoitia,92137,SD Eibar
LaLiga 2,184356,Malcom Abdulai Ares Djaló,Aritz Aranbarri,41806,SD Eibar
LaLiga 2,184356,Malcom Abdulai Ares Djaló,Toni Villa,11291,SD Eibar
LaLiga 2,184356,Malcom Abdulai Ares Djaló,Eric Pérez,434181,SD Eibar
LaLiga 2,184356,Malcom Abdulai Ares Djaló,Markel Arana,375241,SD Eibar
LaLiga 2,184356,Malcom Abdulai Ares Djaló,Pejiño,47649,SD Eibar
LaLiga 2,184356,Malcom Abdulai Ares Djaló,Lucas Núñez,443841,SD Eibar
LaLiga 2,184356,Malcom Abdulai Ares Djaló,Unai Elgezabal,23801,SD Eibar
LaLiga 2,531584,Álvaro Pérez Campo,Carlos Marín,37892,Cordoba CF
LaLiga 2,531584,Álvaro Pérez Campo,Álex Sala,152790,Cordoba CF
LaLiga 2,531584,Álvaro Pérez Campo,Diego Percan,325777,Cordoba CF
LaLiga 2,531584,Álvaro Pérez Campo,Adilson,325772,Cordoba CF
LaLiga 2,531584,Álvaro Pérez Campo,Theo Zidane,38751,Cordoba CF
LaLiga 2,531584,Álvaro Pérez Campo,Alberto del Moral,75582,Cordoba CF
LaLiga 2,531584,Álvaro Pérez Campo,Jan Salas,440917,Cordoba CF
LaLiga 2,531584,Álvaro Pérez Campo,Nikolay Obolskiy,325785,Cordoba CF
LaLiga 2,531584,Álvaro Pérez Campo,Juan María Alcedo,167448,Cordoba CF
LaLiga 2,531584,Álvaro Pérez Campo,Iker Álvarez,46529,Cordoba CF
LaLiga 2,531584,Álvaro Pérez Campo,Javier Santos,557840,Cordoba CF
LaLiga 2,531584,Álvaro Pérez Campo,Marcelo Stephano Timorán Paz,525976,Cordoba CF
LaLiga 2,531584,Álvaro Pérez Campo,Trilli,172514,Cordoba CF
LaLiga 2,531584,Álvaro Pérez Campo,Egoitz Muñoz,420298,Cordoba CF
LaLiga 2,531584,Álvaro Pérez Campo,A.Ghailan Benktib,451524,Cordoba CF
LaLiga 2,531584,Álvaro Pérez Campo,Damián Cáceres,66773,Cordoba CF
LaLiga 2,531584,Álvaro Pérez Campo,Eder García,337351,Cordoba CF
LaLiga 2,531584,Álvaro Pérez Campo,Victor Sánchez,545451,Cordoba CF
LaLiga 2,531584,Álvaro Pérez Campo,Daniel Budesca,426983,Cordoba CF
LaLiga 2,531718,Iñigo Sebastián Magaña,Dani Martín,362793,Sociedad Deportiva Huesca
LaLiga 2,531718,Iñigo Sebastián Magaña,Willy Chatiliez,447951,Sociedad Deportiva Huesca
LaLiga 2,531718,Iñigo Sebastián Magaña,Álex Cantero,114272,Sociedad Deportiva Huesca
LaLiga 2,531718,Iñigo Sebastián Magaña,Michael Agbekpornu,402583,Sociedad Deportiva Huesca
LaLiga 2,531718,Iñigo Sebastián Magaña,Piña,76345,Sociedad Deportiva Huesca
LaLiga 2,531718,Iñigo Sebastián Magaña,Hugo Pérez,114273,Sociedad Deportiva Huesca
LaLiga 2,531718,Iñigo Sebastián Magaña,Manu Rico,145047,Sociedad Deportiva Huesca
LaLiga 2,531718,Iñigo Sebastián Magaña,Pablo Osán,559337,Sociedad Deportiva Huesca
LaLiga 2,531718,Iñigo Sebastián Magaña,Efe Aghama,487582,Sociedad Deportiva Huesca
LaLiga 2,531718,Iñigo Sebastián Magaña,Dani Jiménez,23795,Sociedad Deportiva Huesca
LaLiga 2,531718,Iñigo Sebastián Magaña,Diego Aznar,393389,Sociedad Deportiva Huesca
LaLiga 2,531718,Iñigo Sebastián Magaña,Javi Mier,33671,Sociedad Deportiva Huesca
LaLiga 2,531718,Iñigo Sebastián Magaña,Marc Aznar,443774,Sociedad Deportiva Huesca
LaLiga 2,531718,Iñigo Sebastián Magaña,Samuel Ntamack,364821,Sociedad Deportiva Huesca
LaLiga 2,531718,Iñigo Sebastián Magaña,Jordi Martín,39290,Sociedad Deportiva Huesca
LaLiga 2,759034,Iván San José Cantalejo,Javier Sánchez,21225,Real Valladolid
LaLiga 2,759034,Iván San José Cantalejo,Noah Ohio,80624,Real Valladolid
LaLiga 2,759034,Iván San José Cantalejo,Ibrahim Alani,476247,Real Valladolid
LaLiga 2,759034,Iván San José Cantalejo,Jorge Delgado,487580,Real Valladolid
LaLiga 2,759034,Iván San José Cantalejo,Adrián Arnuncio,420312,Real Valladolid
LaLiga 2,759034,Iván San José Cantalejo,Xavi Moreno,318159,Real Valladolid
LaLiga 2,759034,Iván San José Cantalejo,Tamás Nikitscher,431940,Real Valladolid
LaLiga 2,759034,Iván San José Cantalejo,Guilherme Fernandes,347958,Real Valladolid
LaLiga 2,759034,Iván San José Cantalejo,Mohamed Jaouab,404556,Real Valladolid
LaLiga 2,759034,Iván San José Cantalejo,Brain Uwalakaji,520709,Real Valladolid
LaLiga 2,759034,Iván San José Cantalejo,Mario Maroto,395586,Real Valladolid
LaLiga 2,759034,Iván San José Cantalejo,Trilli,172514,Real Valladolid
LaLiga 2,759034,Iván San José Cantalejo,Alejandro Carrión,557908,Real Valladolid
LaLiga 2,759034,Iván San José Cantalejo,Ángel Carvajal,415022,Real Valladolid
LaLiga 2,759034,Iván San José Cantalejo,Chuki,409104,Real Valladolid
LaLiga 2,759034,Iván San José Cantalejo,Álvaro Aceves,296955,Real Valladolid
LaLiga 2,759034,Iván San José Cantalejo,Mario Dominguez Carriles,532716,Real Valladolid
LaLiga 2,759034,Iván San José Cantalejo,Carlos Clerc,23948,Real Valladolid
LaLiga 2,759034,Iván San José Cantalejo,Vegard Erlien,32000,Real Valladolid
LaLiga 2,759034,Iván San José Cantalejo,Lucas Sanseviero,428406,Real Valladolid
LaLiga 2,759034,Iván San José Cantalejo,Clément Michelin,4415,Real Valladolid
LaLiga 2,759034,Iván San José Cantalejo,Víctor Fernández,440251,Real Valladolid
LaLiga 2,759034,Iván San José Cantalejo,Alex Balboa,136417,Real Valladolid
LaLiga 2,759034,Iván San José Cantalejo,Yeray Cabanzón,344404,Real Valladolid
LaLiga 2,759034,Iván San José Cantalejo,Marcos Parriego,443901,Real Valladolid
LaLiga 2,759034,Iván San José Cantalejo,Kaj de Rooij,22055,Real Valladolid
LaLiga 2,759034,Iván San José Cantalejo,Miguel Rubio,8651,Real Valladolid
LaLiga 2,759034,Iván San José Cantalejo,Robin van Duiven,396455,Real Valladolid
LaLiga 2,759034,Iván San José Cantalejo,Dani Pérez,255815,Real Valladolid
LaLiga 2,860346,Adrián Hernández Hernández,Adrián Pica,440051,CD Mirandes
LaLiga 2,860346,Adrián Hernández Hernández,Siren Diao,312416,CD Mirandes
LaLiga 2,860346,Adrián Hernández Hernández,Pablo López,416368,CD Mirandes
LaLiga 2,860346,Adrián Hernández Hernández,Mickaël Malsa,23966,CD Mirandes
LaLiga 2,860346,Adrián Hernández Hernández,Diego Sia,344709,CD Mirandes
LaLiga 2,860346,Adrián Hernández Hernández,Etienne Eto'o,420489,CD Mirandes
LaLiga 2,860346,Adrián Hernández Hernández,Igor Nikić,434250,CD Mirandes
LaLiga 2,860346,Adrián Hernández Hernández,Juanpa Palomares,171574,CD Mirandes
LaLiga 2,860346,Adrián Hernández Hernández,Julen Martínez,553191,CD Mirandes
LaLiga 2,860346,Adrián Hernández Hernández,Unax del Cura,450622,CD Mirandes
LaLiga 2,861974,Carlos Ruiz Rubio,Chupe,440429,Málaga CF
LaLiga 2,861974,Carlos Ruiz Rubio,Josué Dorrio,41406,Málaga CF
LaLiga 2,861974,Carlos Ruiz Rubio,Álex  Pastor,173382,Málaga CF
LaLiga 2,861974,Carlos Ruiz Rubio,Alfonso Herrero,25058,Málaga CF
LaLiga 2,861974,Carlos Ruiz Rubio,Ramón Enríquez,30402,Málaga CF
LaLiga 2,861974,Carlos Ruiz Rubio,Aarón Ochoa,419845,Málaga CF
LaLiga 2,861974,Carlos Ruiz Rubio,Luismi Sánchez,34323,Málaga CF
LaLiga 2,861974,Carlos Ruiz Rubio,Darko Brasanac,6604,Málaga CF
LaLiga 2,861974,Carlos Ruiz Rubio,Jokin Gabilondo,139371,Málaga CF
LaLiga 2,861974,Carlos Ruiz Rubio,Haitam Abaida,72913,Málaga CF
LaLiga 2,1019368,Sergio Martínez,S.Martínez Montero,487752,Racing Santander
LaLiga 2,1019368,Sergio Martínez,Santi Franco,487753,Racing Santander
LaLiga 2,1019368,Sergio Martínez,Juan Carlos Arana,185955,Racing Santander
LaLiga 2,1019368,Sergio Martínez,Manex Lozano,524614,Racing Santander
LaLiga 2,1019368,Sergio Martínez,Suleiman Camara,53365,Racing Santander
LaLiga 2,1019368,Sergio Martínez,Diego Díaz,449180,Racing Santander
LaLiga 2,1019368,Sergio Martínez,Simon Eriksson,382729,Racing Santander
LaLiga 2,1019368,Sergio Martínez,Jokin Ezkieta,35404,Racing Santander
LaLiga 2,1019368,Sergio Martínez,Jaime Mata,11550,Racing Santander
LaLiga 2,1019368,Sergio Martínez,Yeray Cabanzón,344404,Racing Santander
LaLiga 2,1019368,Sergio Martínez,Laro Gómez Rodríguez,523062,Racing Santander
LaLiga 2,1019368,Sergio Martínez,Diego Fuentes,534843,Racing Santander
LaLiga 2,1019368,Sergio Martínez,Plamen Andreev,398940,Racing Santander
LaLiga 2,1019368,Sergio Martínez,Clément Michelin,4415,Racing Santander
LaLiga 2,1019726,Alejandro Gomes  Furtado,Ale Gomes,531512,Real Zaragoza
LaLiga 2,1019726,Alejandro Gomes  Furtado,Ager Aketxe,6845,Real Zaragoza
LaLiga 2,1019726,Alejandro Gomes  Furtado,Hugo Pinilla,477824,Real Zaragoza
LaLiga 2,1019726,Alejandro Gomes  Furtado,Nikola Cumic,27747,Real Zaragoza
LaLiga 2,1019726,Alejandro Gomes  Furtado,Tachi,30419,Real Zaragoza
LaLiga 2,1019726,Alejandro Gomes  Furtado,Raúl Guti,24517,Real Zaragoza
LaLiga 2,1019726,Alejandro Gomes  Furtado,Esteban Andrada,27847,Real Zaragoza
LaLiga 2,1019726,Alejandro Gomes  Furtado,Jawad El Yamiq,7459,Real Zaragoza
LaLiga 2,1019726,Alejandro Gomes  Furtado,Pau Sans,374329,Real Zaragoza
LaLiga 2,1019726,Alejandro Gomes  Furtado,Hugo Barrachina,424241,Real Zaragoza
LaLiga 2,1019726,Alejandro Gomes  Furtado,Sinan Bakış,8635,Real Zaragoza
LaLiga 2,1019726,Alejandro Gomes  Furtado,Sebas Moyano,40066,Real Zaragoza
LaLiga 2,1019726,Alejandro Gomes  Furtado,Samed Bazdar,122701,Real Zaragoza
LaLiga 2,1019726,Alejandro Gomes  Furtado,Willy Agada,135811,Real Zaragoza
LaLiga 2,1019726,Alejandro Gomes  Furtado,Jaime Tobajas,554507,Real Zaragoza
LaLiga 2,1019726,Alejandro Gomes  Furtado,Lucas Terrer,426480,Real Zaragoza
LaLiga 2,1019726,Alejandro Gomes  Furtado,Adrián Rodríguez,36958,Real Zaragoza
LaLiga 2,1019726,Alejandro Gomes  Furtado,Manuel Obón,451964,Real Zaragoza
